# time	x_num	v_num	x_ana	v_ana
0.0000000000	12.1794871795	0.0692724354	12.1794871795	0.0692724354
0.0192307692	12.1808149947	0.0692724354	12.1808193093	0.0692673785
0.0384615385	12.1821426150	0.0692623703	12.1821512446	0.0692522088
0.0576923077	12.1834698475	0.0692422382	12.1834827910	0.0692269283
0.0769230769	12.1847964991	0.0692120384	12.1848137540	0.0691915409
0.0961538462	12.1861223769	0.0691717720	12.1861439393	0.0691460515
0.1153846154	12.1874472879	0.0691214413	12.1874731528	0.0690904670
0.1346153846	12.1887710392	0.0690610502	12.1888012003	0.0690247954
0.1538461538	12.1900934382	0.0689906041	12.1901278880	0.0689490463
0.1730769231	12.1914142921	0.0689101097	12.1914530222	0.0688632308
0.1923076923	12.1927334086	0.0688195755	12.1927764094	0.0687673613
0.2115384615	12.1940505954	0.0687190112	12.1940978563	0.0686614519
0.2307692308	12.1953656603	0.0686084282	12.1954171702	0.0685455181
0.2500000000	12.1966784116	0.0684878391	12.1967341583	0.0684195767
0.2692307692	12.1979886579	0.0683572585	12.1980486283	0.0682836462
0.2884615385	12.1992962077	0.0682167019	12.1993603884	0.0681377464
0.3076923077	12.2006008704	0.0680661869	12.2006692471	0.0679818986
0.3269230769	12.2019024553	0.0679057321	12.2019750132	0.0678161256
0.3461538462	12.2032007724	0.0677353579	12.2032774962	0.0676404515
0.3653846154	12.2044956319	0.0675550861	12.2045765058	0.0674549020
0.3846153846	12.2057868446	0.0673649402	12.2058718523	0.0672595043
0.4038461538	12.2070742219	0.0671649451	12.2071633468	0.0670542867
0.4230769231	12.2083575753	0.0669551272	12.2084508006	0.0668392794
0.4423076923	12.2096367174	0.0667355145	12.2097340258	0.0666145136
0.4615384615	12.2109114608	0.0665061366	12.2110128350	0.0663800222
0.4807692308	12.2121816193	0.0662670246	12.2122870414	0.0661358395
0.5000000000	12.2134470069	0.0660182112	12.2135564592	0.0658820010
0.5192307692	12.2147074384	0.0657597306	12.2148209029	0.0656185439
0.5384615385	12.2159627293	0.0654916187	12.2160801879	0.0653455066
0.5576923077	12.2172126960	0.0652139129	12.2173341304	0.0650629289
0.5769230769	12.2184571553	0.0649266524	12.2185825474	0.0647708522
0.5961538462	12.2196959252	0.0646298776	12.2198252565	0.0644693191
0.6153846154	12.2209288241	0.0643236309	12.2210620762	0.0641583735
0.6346153846	12.2221556717	0.0640079561	12.2222928262	0.0638380609
0.6538461538	12.2233762882	0.0636828988	12.2235173265	0.0635084281
0.6730769231	12.2245904949	0.0633485060	12.2247353986	0.0631695231
0.6923076923	12.2257981140	0.0630048264	12.2259468645	0.0628213955
0.7115384615	12.2269989686	0.0626519105	12.2271515473	0.0624640961
0.7307692308	12.2281928830	0.0622898100	12.2283492712	0.0620976771
0.7500000000	12.2293796823	0.0619185787	12.2295398614	0.0617221918
0.7692307692	12.2305591928	0.0615382717	12.2307231439	0.0613376953
0.7884615385	12.2317312417	0.0611489456	12.2318989461	0.0609442435
0.8076923077	12.2328956575	0.0607506589	12.2330670962	0.0605418940
0.8269230769	12.2340522697	0.0603434714	12.2342274238	0.0601307055
0.8461538462	12.2352009090	0.0599274445	12.2353797594	0.0597107380
0.8653846154	12.2363414073	0.0595026410	12.2365239348	0.0592820529
0.8846153846	12.2374735977	0.0590691255	12.2376597829	0.0588447126
0.9038461538	12.2385973145	0.0586269636	12.2387871379	0.0583987811
0.9230769231	12.2397123932	0.0581762227	12.2399058352	0.0579443236
0.9423076923	12.2408186708	0.0577169713	12.2410157115	0.0574814062
0.9615384615	12.2419159852	0.0572492795	12.2421166047	0.0570100966
0.9807692308	12.2430041761	0.0567732184	12.2432083542	0.0565304637
1.0000000000	12.2440830841	0.0562888606	12.2442908004	0.0560425774
1.0192307692	12.2451525514	0.0557962798	12.2453637855	0.0555465090
1.0384615385	12.2462124215	0.0552955507	12.2464271526	0.0550423309
1.0576923077	12.2472625394	0.0547867495	12.2474807467	0.0545301168
1.0769230769	12.2483027514	0.0542699529	12.2485244138	0.0540099413
1.0961538462	12.2493329053	0.0537452391	12.2495580016	0.0534818804
1.1153846154	12.2503528503	0.0532126868	12.2505813591	0.0529460113
1.1346153846	12.2513624372	0.0526723760	12.2515943371	0.0524024122
1.1538461538	12.2523615181	0.0521243872	12.2525967875	0.0518511624
1.1730769231	12.2533499468	0.0515688019	12.2535885640	0.0512923424
1.1923076923	12.2543275784	0.0510057021	12.2545695219	0.0507260339
1.2115384615	12.2552942699	0.0504351708	12.2555395178	0.0501523194
1.2307692308	12.2562498795	0.0498572913	12.2564984103	0.0495712827
1.2500000000	12.2571942671	0.0492721477	12.2574460592	0.0489830088
1.2692307692	12.2581272945	0.0486798247	12.2583823263	0.0483875834
1.2884615385	12.2590488246	0.0480804075	12.2593070749	0.0477850935
1.3076923077	12.2599587223	0.0474739816	12.2602201698	0.0471756271
1.3269230769	12.2608568540	0.0468606334	12.2611214779	0.0465592730
1.3461538462	12.2617430879	0.0462404494	12.2620108675	0.0459361215
1.3653846154	12.2626172937	0.0456135168	12.2628882088	0.0453062633
1.3846153846	12.2634793431	0.0449799233	12.2637533737	0.0446697905
1.4038461538	12.2643291093	0.0443397570	12.2646062359	0.0440267960
1.4230769231	12.2651664674	0.0436931065	12.2654466708	0.0433773736
1.4423076923	12.2659912941	0.0430400609	12.2662745558	0.0427216182
1.4615384615	12.2668034680	0.0423807101	12.2670897700	0.0420596256
1.4807692308	12.2676028696	0.0417151445	12.2678921943	0.0413914923
1.5000000000	12.2683893813	0.0410434550	12.2686817117	0.0407173159
1.5192307692	12.2691628870	0.0403657334	12.2694582068	0.0400371948
1.5384615385	12.2699232730	0.0396820723	12.2702215664	0.0393512284
1.5576923077	12.2706704271	0.0389925651	12.2709716788	0.0386595168
1.5769230769	12.2714042393	0.0382973060	12.2717084347	0.0379621610
1.5961538462	12.2721246014	0.0375963906	12.2724317264	0.0372592627
1.6153846154	12.2728314074	0.0368899152	12.2731414484	0.0365509247
1.6346153846	12.2735245532	0.0361779775	12.2738374970	0.0358372503
1.6538461538	12.2742039368	0.0354606764	12.2745197706	0.0351183437
1.6730769231	12.2748694582	0.0347381123	12.2751881696	0.0343943099
1.6923076923	12.2755210195	0.0340103869	12.2758425965	0.0336652546
1.7115384615	12.2761585252	0.0332776036	12.2764829556	0.0329312842
1.7307692308	12.2767818816	0.0325398673	12.2771091535	0.0321925059
1.7500000000	12.2773909974	0.0317972849	12.2777210988	0.0314490275
1.7692307692	12.2779857835	0.0310499650	12.2783187021	0.0307009577
1.7884615385	12.2785661531	0.0302980179	12.2789018761	0.0299484056
1.8076923077	12.2791320215	0.0295415561	12.2794705358	0.0291914810
1.8269230769	12.2796833065	0.0287806942	12.2800245981	0.0284302945
1.8461538462	12.2802199280	0.0280155487	12.2805639821	0.0276649573
1.8653846154	12.2807418086	0.0272462382	12.2810886090	0.0268955810
1.8846153846	12.2812488729	0.0264728837	12.2815984023	0.0261222780
1.9038461538	12.2817410481	0.0256956081	12.2820932876	0.0253451613
1.9230769231	12.2822182637	0.0249145365	12.2825731925	0.0245643441
1.9423076923	12.2826804519	0.0241297963	12.2830380470	0.0237799406
1.9615384615	12.2831275471	0.0233415168	12.2834877833	0.0229920653
1.9807692308	12.2835594861	0.0225498296	12.2839223357	0.0222008332
2.0000000000	12.2839762085	0.0217548681	12.2843416408	0.0214063598
2.0192307692	12.2843776562	0.0209567676	12.2847456372	0.0206087611
2.0384615385	12.2847637735	0.0201556653	12.2851342661	0.0198081535
2.0576923077	12.2851345075	0.0193517001	12.2855074707	0.0190046540
2.0769230769	12.2854898076	0.0185450124	12.2858651966	0.0181983799
2.0961538462	12.2858296258	0.0177357439	12.2862073914	0.0173894488
2.1153846154	12.2861539166	0.0169240378	12.2865340052	0.0165779789
2.1346153846	12.2864626371	0.0161100379	12.2868449904	0.0157640886
2.1538461538	12.2867557469	0.0152938894	12.2871403016	0.0149478968
2.1730769231	12.2870332081	0.0144757375	12.2874198956	0.0141295227
2.1923076923	12.2872949852	0.0136557283	12.2876837315	0.0133090856
2.2115384615	12.2875410453	0.0128340078	12.2879317710	0.0124867055
2.2307692308	12.2877713581	0.0120107219	12.2881639778	0.0116625023
2.2500000000	12.2879858957	0.0111860164	12.2883803179	0.0108365964
2.2692307692	12.2881846324	0.0103600361	12.2885807598	0.0100091083
2.2884615385	12.2883675453	0.0095329254	12.2887652742	0.0091801590
2.3076923077	12.2885346138	0.0087048272	12.2889338342	0.0083498694
2.3269230769	12.2886858196	0.0078758832	12.2890864152	0.0075183607
2.3461538462	12.2888211468	0.0070462336	12.2892229949	0.0066857543
2.3653846154	12.2889405819	0.0062160165	12.2893435534	0.0058521719
2.3846153846	12.2890441137	0.0053853680	12.2894480730	0.0050177350
2.4038461538	12.2891317332	0.0045544218	12.2895365385	0.0041825656
2.4230769231	12.2892034338	0.0037233092	12.2896089370	0.0033467855
2.4423076923	12.2892592110	0.0028921587	12.2896652579	0.0025105167
2.4615384615	12.2892990626	0.0020610959	12.2897054930	0.0016738815
2.4807692308	12.2893229886	0.0012302432	12.2897296364	0.0008370018
2.5000000000	12.2893309909	0.0003997200	12.2897376845	0.0000000000
2.5192307692	12.2893230737	-0.0004303578	12.2897296364	-0.0008370018
2.5384615385	12.2892992434	-0.0012598773	12.2897054930	-0.0016738815
2.5576923077	12.2892595081	-0.0020887296	12.2896652579	-0.0025105167
2.5769230769	12.2892038782	-0.0029168087	12.2896089370	-0.0033467855
2.5961538462	12.2891323662	-0.0037440123	12.2895365385	-0.0041825656
2.6153846154	12.2890449861	-0.0045702416	12.2894480730	-0.0050177350
2.6346153846	12.2889417544	-0.0053954011	12.2893435534	-0.0058521719
2.6538461538	12.2888226891	-0.0062193983	12.2892229949	-0.0066857543
2.6730769231	12.2886878105	-0.0070421440	12.2890864152	-0.0075183607
2.6923076923	12.2885371404	-0.0078635521	12.2889338342	-0.0083498694
2.7115384615	12.2883707028	-0.0086835390	12.2887652742	-0.0091801590
2.7307692308	12.2881885234	-0.0095020238	12.2885807598	-0.0100091083
2.7500000000	12.2879906298	-0.0103189278	12.2883803179	-0.0108365964
2.7692307692	12.2877770515	-0.0111341744	12.2881639778	-0.0116625023
2.7884615385	12.2875478199	-0.0119476888	12.2879317710	-0.0124867055
2.8076923077	12.2873029680	-0.0127593976	12.2876837315	-0.0133090856
2.8269230769	12.2870425310	-0.0135692284	12.2874198956	-0.0141295227
2.8461538462	12.2867665457	-0.0143771096	12.2871403016	-0.0149478968
2.8653846154	12.2864750510	-0.0151829701	12.2868449904	-0.0157640886
2.8846153846	12.2861680874	-0.0159867388	12.2865340052	-0.0165779789
2.9038461538	12.2858456975	-0.0167883443	12.2862073914	-0.0173894488
2.9230769231	12.2855079258	-0.0175877143	12.2858651966	-0.0181983799
2.9423076923	12.2851548187	-0.0183847757	12.2855074707	-0.0190046540
2.9615384615	12.2847864246	-0.0191794539	12.2851342661	-0.0198081535
2.9807692308	12.2844027936	-0.0199716723	12.2847456372	-0.0206087611
3.0000000000	12.2840039782	-0.0207613524	12.2843416408	-0.0214063598
3.0192307692	12.2835900327	-0.0215484131	12.2839223357	-0.0222008332
3.0384615385	12.2831610134	-0.0223327708	12.2834877833	-0.0229920653
3.0576923077	12.2827169788	-0.0231143384	12.2830380470	-0.0237799406
3.0769230769	12.2822579896	-0.0238930259	12.2825731925	-0.0245643441
3.0961538462	12.2817841083	-0.0246687396	12.2820932876	-0.0253451613
3.1153846154	12.2812953998	-0.0254413821	12.2815984023	-0.0261222780
3.1346153846	12.2807919312	-0.0262108519	12.2810886090	-0.0268955810
3.1538461538	12.2802737716	-0.0269770440	12.2805639821	-0.0276649573
3.1730769231	12.2797409927	-0.0277398487	12.2800245981	-0.0284302945
3.1923076923	12.2791936681	-0.0284991526	12.2794705358	-0.0291914810
3.2115384615	12.2786318739	-0.0292548379	12.2789018761	-0.0299484056
3.2307692308	12.2780556885	-0.0300067829	12.2783187021	-0.0307009577
3.2500000000	12.2774651924	-0.0307548618	12.2777210988	-0.0314490275
3.2692307692	12.2768604686	-0.0314989447	12.2771091535	-0.0321925059
3.2884615385	12.2762416027	-0.0322388982	12.2764829556	-0.0329312842
3.3076923077	12.2756086821	-0.0329745854	12.2758425965	-0.0336652546
3.3269230769	12.2749617971	-0.0337058660	12.2751881696	-0.0343943099
3.3461538462	12.2743010401	-0.0344325967	12.2745197706	-0.0351183437
3.3653846154	12.2736265058	-0.0351546317	12.2738374970	-0.0358372503
3.3846153846	12.2729382915	-0.0358718227	12.2731414484	-0.0365509247
3.4038461538	12.2722364966	-0.0365840197	12.2724317264	-0.0372592627
3.4230769231	12.2715212231	-0.0372910710	12.2717084347	-0.0379621610
3.4423076923	12.2707925752	-0.0379928239	12.2709716788	-0.0386595168
3.4615384615	12.2700506592	-0.0386891252	12.2702215664	-0.0393512284
3.4807692308	12.2692955840	-0.0393798217	12.2694582068	-0.0400371948
3.5000000000	12.2685274606	-0.0400647602	12.2686817117	-0.0407173159
3.5192307692	12.2677464022	-0.0407437888	12.2678921943	-0.0413914923
3.5384615385	12.2669525242	-0.0414167568	12.2670897700	-0.0420596256
3.5576923077	12.2661459441	-0.0420835154	12.2662745558	-0.0427216182
3.5769230769	12.2653267817	-0.0427439184	12.2654466708	-0.0433773736
3.5961538462	12.2644951584	-0.0433978223	12.2646062359	-0.0440267960
3.6153846154	12.2636511981	-0.0440450871	12.2637533737	-0.0446697905
3.6346153846	12.2627950263	-0.0446855767	12.2628882088	-0.0453062633
3.6538461538	12.2619267705	-0.0453191591	12.2620108675	-0.0459361215
3.6730769231	12.2610465602	-0.0459457073	12.2611214779	-0.0465592730
3.6923076923	12.2601545263	-0.0465650991	12.2602201698	-0.0471756271
3.7115384615	12.2592508019	-0.0471772179	12.2593070749	-0.0477850935
3.7307692308	12.2583355212	-0.0477819529	12.2583823263	-0.0483875834
3.7500000000	12.2574088206	-0.0483791990	12.2574460592	-0.0489830088
3.7692307692	12.2564708376	-0.0489688579	12.2564984103	-0.0495712827
3.7884615385	12.2555217113	-0.0495508372	12.2555395178	-0.0501523194
3.8076923077	12.2545615822	-0.0501250512	12.2545695219	-0.0507260339
3.8269230769	12.2535905924	-0.0506914211	12.2535885640	-0.0512923424
3.8461538462	12.2526088850	-0.0512498745	12.2525967875	-0.0518511624
3.8653846154	12.2516166045	-0.0518003456	12.2515943371	-0.0524024122
3.8846153846	12.2506138965	-0.0523427754	12.2505813591	-0.0529460113
3.9038461538	12.2496009079	-0.0528771114	12.2495580016	-0.0534818804
3.9230769231	12.2485777867	-0.0534033071	12.2485244138	-0.0540099413
3.9423076923	12.2475446816	-0.0539213223	12.2474807467	-0.0545301168
3.9615384615	12.2465017429	-0.0544311227	12.2464271526	-0.0550423309
3.9807692308	12.2454491214	-0.0549326793	12.2453637855	-0.0555465090
4.0000000000	12.2443869691	-0.0554259684	12.2442908004	-0.0560425774
4.0192307692	12.2433154387	-0.0559109711	12.2432083542	-0.0565304637
4.0384615385	12.2422346841	-0.0563876728	12.2421166047	-0.0570100966
4.0576923077	12.2411448598	-0.0568560628	12.2410157115	-0.0574814062
4.0769230769	12.2400461212	-0.0573161338	12.2399058352	-0.0579443236
4.0961538462	12.2389386246	-0.0577678816	12.2387871379	-0.0583987811
4.1153846154	12.2378225270	-0.0582113042	12.2376597829	-0.0588447126
4.1346153846	12.2366979863	-0.0586464016	12.2365239348	-0.0592820529
4.1538461538	12.2355651612	-0.0590731751	12.2353797594	-0.0597107380
4.1730769231	12.2344242112	-0.0594916267	12.2342274238	-0.0601307055
4.1923076923	12.2332752965	-0.0599017587	12.2330670962	-0.0605418940
4.2115384615	12.2321185782	-0.0603035733	12.2318989461	-0.0609442435
4.2307692308	12.2309542183	-0.0606970716	12.2307231439	-0.0613376953
4.2500000000	12.2297823794	-0.0610822534	12.2295398614	-0.0617221918
4.2692307692	12.2286032252	-0.0614591168	12.2283492712	-0.0620976771
4.2884615385	12.2274169200	-0.0618276577	12.2271515473	-0.0624640961
4.3076923077	12.2262236292	-0.0621878690	12.2259468645	-0.0628213955
4.3269230769	12.2250235188	-0.0625397408	12.2247353986	-0.0631695231
4.3461538462	12.2238167561	-0.0628832595	12.2235173265	-0.0635084281
4.3653846154	12.2226035089	-0.0632184077	12.2222928262	-0.0638380609
4.3846153846	12.2213839462	-0.0635451642	12.2210620762	-0.0641583735
4.4038461538	12.2201582378	-0.0638635032	12.2198252565	-0.0644693191
4.4230769231	12.2189265547	-0.0641733946	12.2185825474	-0.0647708522
4.4423076923	12.2176890687	-0.0644748036	12.2173341304	-0.0650629289
4.4615384615	12.2164459525	-0.0647676909	12.2160801879	-0.0653455066
4.4807692308	12.2151973801	-0.0650520122	12.2148209029	-0.0656185439
4.5000000000	12.2139435263	-0.0653277187	12.2135564592	-0.0658820010
4.5192307692	12.2126845669	-0.0655947571	12.2122870414	-0.0661358395
4.5384615385	12.2114206790	-0.0658530694	12.2110128350	-0.0663800222
4.5576923077	12.2101520405	-0.0661025934	12.2097340258	-0.0666145136
4.5769230769	12.2088788304	-0.0663432629	12.2084508006	-0.0668392794
4.5961538462	12.2076012287	-0.0665750080	12.2071633468	-0.0670542867
4.6153846154	12.2063194164	-0.0667977550	12.2058718523	-0.0672595043
4.6346153846	12.2050335757	-0.0670114275	12.2045765058	-0.0674549020
4.6538461538	12.2037438895	-0.0672159461	12.2032774962	-0.0676404515
4.6730769231	12.2024505419	-0.0674112294	12.2019750132	-0.0678161256
4.6923076923	12.2011537179	-0.0675971939	12.2006692471	-0.0679818986
4.7115384615	12.1998536034	-0.0677737552	12.1993603884	-0.0681377464
4.7307692308	12.1985503852	-0.0679408276	12.1980486283	-0.0682836462
4.7500000000	12.1972442509	-0.0680983256	12.1967341583	-0.0684195767
4.7692307692	12.1959353889	-0.0682461636	12.1954171702	-0.0685455181
4.7884615385	12.1946239887	-0.0683842570	12.1940978563	-0.0686614519
4.8076923077	12.1933102401	-0.0685125225	12.1927764094	-0.0687673613
4.8269230769	12.1919943338	-0.0686308788	12.1914530222	-0.0688632308
4.8461538462	12.1906764611	-0.0687392469	12.1901278880	-0.0689490463
4.8653846154	12.1893568140	-0.0688375507	12.1888012003	-0.0690247954
4.8846153846	12.1880355849	-0.0689257177	12.1874731528	-0.0690904670
4.9038461538	12.1867129666	-0.0690036793	12.1861439393	-0.0691460515
4.9230769231	12.1853891525	-0.0690713713	12.1848137540	-0.0691915409
4.9423076923	12.1840643363	-0.0691287341	12.1834827910	-0.0692269283
4.9615384615	12.1827387119	-0.0691757136	12.1821512446	-0.0692522088
4.9807692308	12.1814124736	-0.0692122611	12.1808193093	-0.0692673785
5.0000000000	12.1800858157	-0.0692383336	12.1794871795	-0.0692724354
5.0192307692	12.1787589328	-0.0692538945	12.1781550497	-0.0692673785
5.0384615385	12.1774320194	-0.0692589132	12.1768231144	-0.0692522088
5.0576923077	12.1761052701	-0.0692533659	12.1754915680	-0.0692269283
5.0769230769	12.1747788794	-0.0692372351	12.1741606050	-0.0691915409
5.0961538462	12.1734530416	-0.0692105104	12.1728304197	-0.0691460515
5.1153846154	12.1721279510	-0.0691731876	12.1715012062	-0.0690904670
5.1346153846	12.1708038017	-0.0691252695	12.1701731587	-0.0690247954
5.1538461538	12.1694807872	-0.0690667654	12.1688464710	-0.0689490463
5.1730769231	12.1681591012	-0.0689976910	12.1675213368	-0.0688632308
5.1923076923	12.1668389365	-0.0689180684	12.1661979496	-0.0687673613
5.2115384615	12.1655204860	-0.0688279257	12.1648765026	-0.0686614519
5.2307692308	12.1642039419	-0.0687272967	12.1635571888	-0.0685455181
5.2500000000	12.1628894958	-0.0686162209	12.1622402007	-0.0684195767
5.2692307692	12.1615773392	-0.0684947426	12.1609257306	-0.0682836462
5.2884615385	12.1602676628	-0.0683629114	12.1596139705	-0.0681377464
5.3076923077	12.1589606567	-0.0682207808	12.1583051119	-0.0679818986
5.3269230769	12.1576565107	-0.0680684085	12.1569993457	-0.0678161256
5.3461538462	12.1563554138	-0.0679058556	12.1556968628	-0.0676404515
5.3653846154	12.1550575544	-0.0677331864	12.1543978532	-0.0674549020
5.3846153846	12.1537631204	-0.0675504677	12.1531025066	-0.0672595043
5.4038461538	12.1524722991	-0.0673577682	12.1518110122	-0.0670542867
5.4230769231	12.1511852771	-0.0671551584	12.1505235584	-0.0668392794
5.4423076923	12.1499022403	-0.0669427101	12.1492403332	-0.0666145136
5.4615384615	12.1486233743	-0.0667204955	12.1479615240	-0.0663800222
5.4807692308	12.1473488636	-0.0664885869	12.1466873175	-0.0661358395
5.5000000000	12.1460788925	-0.0662470569	12.1454178998	-0.0658820010
5.5192307692	12.1448136444	-0.0659959768	12.1441534561	-0.0656185439
5.5384615385	12.1435533023	-0.0657354173	12.1428941710	-0.0653455066
5.5576923077	12.1422980485	-0.0654654475	12.1416402285	-0.0650629289
5.5769230769	12.1410480646	-0.0651861349	12.1403918116	-0.0647708522
5.5961538462	12.1398035319	-0.0648975448	12.1391491025	-0.0644693191
5.6153846154	12.1385646307	-0.0645997403	12.1379122827	-0.0641583735
5.6346153846	12.1373315410	-0.0642927819	12.1366815328	-0.0638380609
5.6538461538	12.1361044422	-0.0639767276	12.1354570324	-0.0635084281
5.6730769231	12.1348835130	-0.0636516323	12.1342389604	-0.0631695231
5.6923076923	12.1336689315	-0.0633175484	12.1330274945	-0.0628213955
5.7115384615	12.1324608754	-0.0629745249	12.1318228117	-0.0624640961
5.7307692308	12.1312595216	-0.0626226083	12.1306250877	-0.0620976771
5.7500000000	12.1300650465	-0.0622618419	12.1294344976	-0.0617221918
5.7692307692	12.1288776258	-0.0618922664	12.1282512151	-0.0613376953
5.7884615385	12.1276974348	-0.0615139198	12.1270754129	-0.0609442435
5.8076923077	12.1265246477	-0.0611268377	12.1259072627	-0.0605418940
5.8269230769	12.1253594386	-0.0607310534	12.1247469352	-0.0601307055
5.8461538462	12.1242019804	-0.0603265984	12.1235945996	-0.0597107380
5.8653846154	12.1230524455	-0.0599135022	12.1224504242	-0.0592820529
5.8846153846	12.1219110056	-0.0594917933	12.1213145761	-0.0588447126
5.9038461538	12.1207778315	-0.0590614990	12.1201872211	-0.0583987811
5.9230769231	12.1196530932	-0.0586226459	12.1190685238	-0.0579443236
5.9423076923	12.1185369598	-0.0581752607	12.1179586475	-0.0574814062
5.9615384615	12.1174295995	-0.0577193699	12.1168577543	-0.0570100966
5.9807692308	12.1163311794	-0.0572550008	12.1157660048	-0.0565304637
6.0000000000	12.1152418659	-0.0567821816	12.1146835586	-0.0560425774
6.0192307692	12.1141618239	-0.0563009420	12.1136105735	-0.0555465090
6.0384615385	12.1130912175	-0.0558113136	12.1125472063	-0.0550423309
6.0576923077	12.1120302094	-0.0553133301	12.1114936123	-0.0545301168
6.0769230769	12.1109789611	-0.0548070281	12.1104499452	-0.0540099413
6.0961538462	12.1099376328	-0.0542924470	12.1094163574	-0.0534818804
6.1153846154	12.1089063833	-0.0537696297	12.1083929998	-0.0529460113
6.1346153846	12.1078853699	-0.0532386230	12.1073800219	-0.0524024122
6.1538461538	12.1068747485	-0.0526994775	12.1063775715	-0.0518511624
6.1730769231	12.1058746733	-0.0521522481	12.1053857950	-0.0512923424
6.1923076923	12.1048852968	-0.0515969945	12.1044048371	-0.0507260339
6.2115384615	12.1039067699	-0.0510337811	12.1034348411	-0.0501523194
6.2307692308	12.1029392418	-0.0504626769	12.1024759487	-0.0495712827
6.2500000000	12.1019828597	-0.0498837562	12.1015282997	-0.0489830088
6.2692307692	12.1010377690	-0.0492970985	12.1005920326	-0.0483875834
6.2884615385	12.1001041130	-0.0487027881	12.0996672841	-0.0477850935
6.3076923077	12.0991820333	-0.0481009148	12.0987541892	-0.0471756271
6.3269230769	12.0982716691	-0.0474915731	12.0978528811	-0.0465592730
6.3461538462	12.0973731579	-0.0468748627	12.0969634915	-0.0459361215
6.3653846154	12.0964866346	-0.0462508881	12.0960861502	-0.0453062633
6.3846153846	12.0956122323	-0.0456197583	12.0952209853	-0.0446697905
6.4038461538	12.0947500816	-0.0449815868	12.0943681231	-0.0440267960
6.4230769231	12.0939003112	-0.0443364911	12.0935276882	-0.0433773736
6.4423076923	12.0930630472	-0.0436845928	12.0926998032	-0.0427216182
6.4615384615	12.0922384135	-0.0430260167	12.0918845890	-0.0420596256
6.4807692308	12.0914265318	-0.0423608911	12.0910821646	-0.0413914923
6.5000000000	12.0906275214	-0.0416893467	12.0902926473	-0.0407173159
6.5192307692	12.0898414993	-0.0410115168	12.0895161521	-0.0400371948
6.5384615385	12.0890685801	-0.0403275368	12.0887527926	-0.0393512284
6.5576923077	12.0883088762	-0.0396375433	12.0880026802	-0.0386595168
6.5769230769	12.0875624975	-0.0389416741	12.0872659243	-0.0379621610
6.5961538462	12.0868295517	-0.0382400679	12.0865426326	-0.0372592627
6.6153846154	12.0861101443	-0.0375328634	12.0858329106	-0.0365509247
6.6346153846	12.0854043783	-0.0368201992	12.0851368620	-0.0358372503
6.6538461538	12.0847123545	-0.0361022133	12.0844545884	-0.0351183437
6.6730769231	12.0840341716	-0.0353790426	12.0837861893	-0.0343943099
6.6923076923	12.0833699259	-0.0346508228	12.0831317625	-0.0336652546
6.7115384615	12.0827197116	-0.0339176877	12.0824914034	-0.0329312842
6.7307692308	12.0820836207	-0.0331797692	12.0818652054	-0.0321925059
6.7500000000	12.0814617431	-0.0324371968	12.0812532602	-0.0314490275
6.7692307692	12.0808541665	-0.0316900975	12.0806556569	-0.0307009577
6.7884615385	12.0802609766	-0.0309385953	12.0800724829	-0.0299484056
6.8076923077	12.0796822571	-0.0301828114	12.0795038232	-0.0291914810
6.8269230769	12.0791180896	-0.0294228638	12.0789497609	-0.0284302945
6.8461538462	12.0785685537	-0.0286588672	12.0784103769	-0.0276649573
6.8653846154	12.0780337270	-0.0278909333	12.0778857500	-0.0268955810
6.8846153846	12.0775136853	-0.0271191703	12.0773759567	-0.0261222780
6.9038461538	12.0770085023	-0.0263436833	12.0768810714	-0.0253451613
6.9230769231	12.0765182500	-0.0255645742	12.0764011665	-0.0245643441
6.9423076923	12.0760429983	-0.0247819419	12.0759363119	-0.0237799406
6.9615384615	12.0755828153	-0.0239958825	12.0754865756	-0.0229920653
6.9807692308	12.0751377674	-0.0232064896	12.0750520233	-0.0222008332
7.0000000000	12.0747079189	-0.0224138541	12.0746327182	-0.0214063598
7.0192307692	12.0742933323	-0.0216180653	12.0742287218	-0.0206087611
7.0384615385	12.0738940683	-0.0208192103	12.0738400929	-0.0198081535
7.0576923077	12.0735101857	-0.0200173751	12.0734668882	-0.0190046540
7.0769230769	12.0731417415	-0.0192126443	12.0731091624	-0.0181983799
7.0961538462	12.0727887905	-0.0184051022	12.0727669676	-0.0173894488
7.1153846154	12.0724513859	-0.0175948326	12.0724403537	-0.0165779789
7.1346153846	12.0721295789	-0.0167819196	12.0721293685	-0.0157640886
7.1538461538	12.0718234187	-0.0159664479	12.0718340574	-0.0149478968
7.1730769231	12.0715329523	-0.0151485029	12.0715544634	-0.0141295227
7.1923076923	12.0712582250	-0.0143281718	12.0712906274	-0.0133090856
7.2115384615	12.0709992798	-0.0135055435	12.0710425880	-0.0124867055
7.2307692308	12.0707561576	-0.0126807091	12.0708103812	-0.0116625023
7.2500000000	12.0705288972	-0.0118537622	12.0705940411	-0.0108365964
7.2692307692	12.0703175351	-0.0110247997	12.0703935992	-0.0100091083
7.2884615385	12.0701221057	-0.0101939214	12.0702090848	-0.0091801590
7.3076923077	12.0699426409	-0.0093612311	12.0700405247	-0.0083498694
7.3269230769	12.0697791703	-0.0085268362	12.0698879437	-0.0075183607
7.3461538462	12.0696317213	-0.0076908484	12.0697513641	-0.0066857543
7.3653846154	12.0695003185	-0.0068533835	12.0696308056	-0.0058521719
7.3846153846	12.0693849842	-0.0060145619	12.0695262860	-0.0050177350
7.4038461538	12.0692857381	-0.0051745085	12.0694378205	-0.0041825656
7.4230769231	12.0692025973	-0.0043333529	12.0693654220	-0.0033467855
7.4423076923	12.0691355761	-0.0034912291	12.0693091011	-0.0025105167
7.4615384615	12.0690846864	-0.0026482760	12.0692688660	-0.0016738815
7.4807692308	12.0690499372	-0.0018046367	12.0692447226	-0.0008370018
7.5000000000	12.0690313346	-0.0009604588	12.0692366744	-0.0000000000
7.5192307692	12.0690288821	-0.0001158942	12.0692447226	0.0008370018
7.5384615385	12.0690425804	0.0007289015	12.0692688660	0.0016738815
7.5576923077	12.0690724270	0.0015737689	12.0693091011	0.0025105167
7.5769230769	12.0691184170	0.0024185451	12.0693654220	0.0033467855
7.5961538462	12.0691805422	0.0032630644	12.0694378205	0.0041825656
7.6153846154	12.0692587918	0.0041071583	12.0695262860	0.0050177350
7.6346153846	12.0693531519	0.0049506561	12.0696308056	0.0058521719
7.6538461538	12.0694636057	0.0057933855	12.0697513641	0.0066857543
7.6730769231	12.0695901338	0.0066351726	12.0698879437	0.0075183607
7.6923076923	12.0697327134	0.0074758429	12.0700405247	0.0083498694
7.7115384615	12.0698913193	0.0083152215	12.0702090848	0.0091801590
7.7307692308	12.0700659233	0.0091531338	12.0703935992	0.0100091083
7.7500000000	12.0702564943	0.0099894057	12.0705940411	0.0108365964
7.7692307692	12.0704629985	0.0108238645	12.0708103812	0.0116625023
7.7884615385	12.0706853994	0.0116563393	12.0710425880	0.0124867055
7.8076923077	12.0709236577	0.0124866613	12.0712906274	0.0133090856
7.8269230769	12.0711777315	0.0133146644	12.0715544634	0.0141295227
7.8461538462	12.0714475764	0.0141401859	12.0718340574	0.0149478968
7.8653846154	12.0717331453	0.0149630665	12.0721293685	0.0157640886
7.8846153846	12.0720343886	0.0157831512	12.0724403537	0.0165779789
7.9038461538	12.0723512545	0.0166002893	12.0727669676	0.0173894488
7.9230769231	12.0726836885	0.0174143348	12.0731091624	0.0181983799
7.9423076923	12.0730316340	0.0182251469	12.0734668882	0.0190046540
7.9615384615	12.0733950322	0.0190325902	12.0738400929	0.0198081535
7.9807692308	12.0737738220	0.0198365348	12.0742287218	0.0206087611
8.0000000000	12.0741679401	0.0206368565	12.0746327182	0.0214063598
8.0192307692	12.0745773215	0.0214334371	12.0750520233	0.0222008332
8.0384615385	12.0750018989	0.0222261642	12.0754865756	0.0229920653
8.0576923077	12.0754416032	0.0230149314	12.0759363119	0.0237799406
8.0769230769	12.0758963632	0.0237996384	12.0764011665	0.0245643441
8.0961538462	12.0763661063	0.0245801906	12.0768810714	0.0253451613
8.1153846154	12.0768507579	0.0253564992	12.0773759567	0.0261222780
8.1346153846	12.0773502416	0.0261284810	12.0778857500	0.0268955810
8.1538461538	12.0778644796	0.0268960580	12.0784103769	0.0276649573
8.1730769231	12.0783933922	0.0276591576	12.0789497609	0.0284302945
8.1923076923	12.0789368984	0.0284177119	12.0795038232	0.0291914810
8.2115384615	12.0794949153	0.0291716572	12.0800724829	0.0299484056
8.2307692308	12.0800673589	0.0299209343	12.0806556569	0.0307009577
8.2500000000	12.0806541434	0.0306654873	12.0812532602	0.0314490275
8.2692307692	12.0812551817	0.0314052640	12.0818652054	0.0321925059
8.2884615385	12.0818703851	0.0321402146	12.0824914034	0.0329312842
8.3076923077	12.0824996635	0.0328702919	12.0831317625	0.0336652546
8.3269230769	12.0831429255	0.0335954504	12.0837861893	0.0343943099
8.3461538462	12.0838000780	0.0343156462	12.0844545884	0.0351183437
8.3653846154	12.0844710266	0.0350308360	12.0851368620	0.0358372503
8.3846153846	12.0851556754	0.0357409772	12.0858329106	0.0365509247
8.4038461538	12.0858539272	0.0364460267	12.0865426326	0.0372592627
8.4230769231	12.0865656830	0.0371459412	12.0872659243	0.0379621610
8.4423076923	12.0872908426	0.0378406762	12.0880026802	0.0386595168
8.4615384615	12.0880293040	0.0385301856	12.0887527926	0.0393512284
8.4807692308	12.0887809639	0.0392144216	12.0895161521	0.0400371948
8.5000000000	12.0895457171	0.0398933339	12.0902926473	0.0407173159
8.5192307692	12.0903234571	0.0405668696	12.0910821646	0.0413914923
8.5384615385	12.0911140755	0.0412349729	12.0918845890	0.0420596256
8.5576923077	12.0919174625	0.0418975845	12.0926998032	0.0427216182
8.5769230769	12.0927335062	0.0425546415	12.0935276882	0.0433773736
8.5961538462	12.0935620932	0.0432060775	12.0943681231	0.0440267960
8.6153846154	12.0944031083	0.0438518218	12.0952209853	0.0446697905
8.6346153846	12.0952564344	0.0444917998	12.0960861502	0.0453062633
8.6538461538	12.0961219526	0.0451259327	12.0969634915	0.0459361215
8.6730769231	12.0969995421	0.0457541372	12.0978528811	0.0465592730
8.6923076923	12.0978890801	0.0463763260	12.0987541892	0.0471756271
8.7115384615	12.0987904420	0.0469924076	12.0996672841	0.0477850935
8.7307692308	12.0997035011	0.0476022863	12.1005920326	0.0483875834
8.7500000000	12.1006281289	0.0482058622	12.1015282997	0.0489830088
8.7692307692	12.1015641947	0.0488030321	12.1024759487	0.0495712827
8.7884615385	12.1025115659	0.0493936885	12.1034348411	0.0501523194
8.8076923077	12.1034701078	0.0499777210	12.1044048371	0.0507260339
8.8269230769	12.1044396838	0.0505550159	12.1053857950	0.0512923424
8.8461538462	12.1054201551	0.0511254566	12.1063775715	0.0518511624
8.8653846154	12.1064113810	0.0516889243	12.1073800219	0.0524024122
8.8846153846	12.1074132188	0.0522452977	12.1083929998	0.0529460113
8.9038461538	12.1084255237	0.0527944539	12.1094163574	0.0534818804
8.9230769231	12.1094481490	0.0533362688	12.1104499452	0.0540099413
8.9423076923	12.1104809459	0.0538706171	12.1114936123	0.0545301168
8.9615384615	12.1115237639	0.0543973731	12.1125472063	0.0550423309
8.9807692308	12.1125764504	0.0549164109	12.1136105735	0.0555465090
9.0000000000	12.1136388511	0.0554276050	12.1146835586	0.0560425774
9.0192307692	12.1147108096	0.0559308305	12.1157660048	0.0565304637
9.0384615385	12.1157921680	0.0564259637	12.1168577543	0.0570100966
9.0576923077	12.1168827665	0.0569128826	12.1179586475	0.0574814062
9.0769230769	12.1179824438	0.0573914670	12.1190685238	0.0579443236
9.0961538462	12.1190910367	0.0578615991	12.1201872211	0.0583987811
9.1153846154	12.1202083805	0.0583231639	12.1213145761	0.0588447126
9.1346153846	12.1213343092	0.0587760492	12.1224504242	0.0592820529
9.1538461538	12.1224686551	0.0592201466	12.1235945996	0.0597107380
9.1730769231	12.1236112492	0.0596553512	12.1247469352	0.0601307055
9.1923076923	12.1247619210	0.0600815620	12.1259072627	0.0605418940
9.2115384615	12.1259204991	0.0604986823	12.1270754129	0.0609442435
9.2307692308	12.1270868104	0.0609066199	12.1282512151	0.0613376953
9.2500000000	12.1282606811	0.0613052873	12.1294344976	0.0617221918
9.2692307692	12.1294419360	0.0616946015	12.1306250877	0.0620976771
9.2884615385	12.1306303992	0.0620744849	12.1318228117	0.0624640961
9.3076923077	12.1318258934	0.0624448644	12.1330274945	0.0628213955
9.3269230769	12.1330282409	0.0628056725	12.1342389604	0.0631695231
9.3461538462	12.1342372628	0.0631568466	12.1354570324	0.0635084281
9.3653846154	12.1354527796	0.0634983291	12.1366815328	0.0638380609
9.3846153846	12.1366746109	0.0638300679	12.1379122827	0.0641583735
9.4038461538	12.1379025759	0.0641520156	12.1391491025	0.0644693191
9.4230769231	12.1391364931	0.0644641300	12.1403918116	0.0647708522
9.4423076923	12.1403761802	0.0647663738	12.1416402285	0.0650629289
9.4615384615	12.1416214546	0.0650587144	12.1428941710	0.0653455066
9.4807692308	12.1428721332	0.0653411239	12.1441534561	0.0656185439
9.5000000000	12.1441280324	0.0656135788	12.1454178998	0.0658820010
9.5192307692	12.1453889683	0.0658760601	12.1466873175	0.0661358395
9.5384615385	12.1466547565	0.0661285526	12.1479615240	0.0663800222
9.5576923077	12.1479252123	0.0663710451	12.1492403332	0.0666145136
9.5769230769	12.1492001508	0.0666035303	12.1505235584	0.0668392794
9.5961538462	12.1504793866	0.0668260039	12.1518110122	0.0670542867
9.6153846154	12.1517627343	0.0670384652	12.1531025066	0.0672595043
9.6346153846	12.1530500081	0.0672409163	12.1543978532	0.0674549020
9.6538461538	12.1543410220	0.0674333621	12.1556968628	0.0676404515
9.6730769231	12.1556355898	0.0676158099	12.1569993457	0.0678161256
9.6923076923	12.1569335251	0.0677882692	12.1583051119	0.0679818986
9.7115384615	12.1582346414	0.0679507518	12.1596139705	0.0681377464
9.7307692308	12.1595387518	0.0681032711	12.1609257306	0.0682836462
9.7500000000	12.1608456697	0.0682458419	12.1622402007	0.0684195767
9.7692307692	12.1621552078	0.0683784805	12.1635571888	0.0685455181
9.7884615385	12.1634671790	0.0685012045	12.1648765026	0.0686614519
9.8076923077	12.1647813960	0.0686140320	12.1661979496	0.0687673613
9.8269230769	12.1660976712	0.0687169823	12.1675213368	0.0688632308
9.8461538462	12.1674158172	0.0688100750	12.1688464710	0.0689490463
9.8653846154	12.1687356461	0.0688933300	12.1701731587	0.0690247954
9.8846153846	12.1700569701	0.0689667678	12.1715012062	0.0690904670
9.9038461538	12.1713796012	0.0690304086	12.1728304197	0.0691460515
9.9230769231	12.1727033514	0.0690842727	12.1741606050	0.0691915409
9.9423076923	12.1740280324	0.0691283805	12.1754915680	0.0692269283
9.9615384615	12.1753534559	0.0691627518	12.1768231144	0.0692522088
9.9807692308	12.1766794335	0.0691874061	12.1781550497	0.0692673785
10.0000000000	12.1780057768	0.0692023627	12.1794871795	0.0692724354
10.0192307692	12.1793322971	0.0692076401	12.1808193093	0.0692673785
10.0384615385	12.1806588058	0.0692032565	12.1821512446	0.0692522088
10.0576923077	12.1819851142	0.0691892293	12.1834827910	0.0692269283
10.0769230769	12.1833110336	0.0691655754	12.1848137540	0.0691915409
10.0961538462	12.1846363751	0.0691323110	12.1861439393	0.0691460515
10.1153846154	12.1859609500	0.0690894514	12.1874731528	0.0690904670
10.1346153846	12.1872845694	0.0690370115	12.1888012003	0.0690247954
10.1538461538	12.1886070445	0.0689750053	12.1901278880	0.0689490463
10.1730769231	12.1899281866	0.0689034462	12.1914530222	0.0688632308
10.1923076923	12.1912478069	0.0688223468	12.1927764094	0.0687673613
10.2115384615	12.1925657168	0.0687317191	12.1940978563	0.0686614519
10.2307692308	12.1938817277	0.0686315745	12.1954171702	0.0685455181
10.2500000000	12.1951956512	0.0685219236	12.1967341583	0.0684195767
10.2692307692	12.1965072991	0.0684027766	12.1980486283	0.0682836462
10.2884615385	12.1978164831	0.0682741430	12.1993603884	0.0681377464
10.3076923077	12.1991230153	0.0681360319	12.2006692471	0.0679818986
10.3269230769	12.2004267081	0.0679884518	12.2019750132	0.0678161256
10.3461538462	12.2017273740	0.0678314109	12.2032774962	0.0676404515
10.3653846154	12.2030248257	0.0676649171	12.2045765058	0.0674549020
10.3846153846	12.2043188763	0.0674889778	12.2058718523	0.0672595043
10.4038461538	12.2056093394	0.0673036003	12.2071633468	0.0670542867
10.4230769231	12.2068960286	0.0671087917	12.2084508006	0.0668392794
10.4423076923	12.2081787581	0.0669045590	12.2097340258	0.0666145136
10.4615384615	12.2094573426	0.0666909092	12.2110128350	0.0663800222
10.4807692308	12.2107315970	0.0664678493	12.2122870414	0.0661358395
10.5000000000	12.2120013368	0.0662353865	12.2135564592	0.0658820010
10.5192307692	12.2132663781	0.0659935282	12.2148209029	0.0656185439
10.5384615385	12.2145265373	0.0657422822	12.2160801879	0.0653455066
10.5576923077	12.2157816314	0.0654816567	12.2173341304	0.0650629289
10.5769230769	12.2170314783	0.0652116604	12.2185825474	0.0647708522
10.5961538462	12.2182758960	0.0649323026	12.2198252565	0.0644693191
10.6153846154	12.2195147036	0.0646435936	12.2210620762	0.0641583735
10.6346153846	12.2207477205	0.0643455442	12.2222928262	0.0638380609
10.6538461538	12.2219747669	0.0640381667	12.2235173265	0.0635084281
10.6730769231	12.2231956639	0.0637214742	12.2247353986	0.0631695231
10.6923076923	12.2244102331	0.0633954810	12.2259468645	0.0628213955
10.7115384615	12.2256182971	0.0630602033	12.2271515473	0.0624640961
10.7307692308	12.2268196789	0.0627156583	12.2283492712	0.0620976771
10.7500000000	12.2280142028	0.0623618653	12.2295398614	0.0617221918
10.7692307692	12.2292016935	0.0619988452	12.2307231439	0.0613376953
10.7884615385	12.2303819770	0.0616266212	12.2318989461	0.0609442435
10.8076923077	12.2315548799	0.0612452184	12.2330670962	0.0605418940
10.8269230769	12.2327202299	0.0608546642	12.2342274238	0.0601307055
10.8461538462	12.2338778554	0.0604549888	12.2353797594	0.0597107380
10.8653846154	12.2350275861	0.0600462245	12.2365239348	0.0592820529
10.8846153846	12.2361692525	0.0596284069	12.2376597829	0.0588447126
10.9038461538	12.2373026862	0.0592015739	12.2387871379	0.0583987811
10.9230769231	12.2384277199	0.0587657670	12.2399058352	0.0579443236
10.9423076923	12.2395441873	0.0583210304	12.2410157115	0.0574814062
10.9615384615	12.2406519233	0.0578674119	12.2421166047	0.0570100966
10.9807692308	12.2417507641	0.0574049625	12.2432083542	0.0565304637
11.0000000000	12.2428405468	0.0569337367	12.2442908004	0.0560425774
11.0192307692	12.2439211100	0.0564537926	12.2453637855	0.0555465090
11.0384615385	12.2449922933	0.0559651920	12.2464271526	0.0550423309
11.0576923077	12.2460539378	0.0554680004	12.2474807467	0.0545301168
11.0769230769	12.2471058859	0.0549622869	12.2485244138	0.0540099413
11.0961538462	12.2481479812	0.0544481246	12.2495580016	0.0534818804
11.1153846154	12.2491800689	0.0539255903	12.2505813591	0.0529460113
11.1346153846	12.2502019956	0.0533947646	12.2515943371	0.0524024122
11.1538461538	12.2512136092	0.0528557319	12.2525967875	0.0518511624
11.1730769231	12.2522147594	0.0523085805	12.2535885640	0.0512923424
11.1923076923	12.2532052971	0.0517534021	12.2545695219	0.0507260339
11.2115384615	12.2541850751	0.0511902922	12.2555395178	0.0501523194
11.2307692308	12.2551539477	0.0506193498	12.2564984103	0.0495712827
11.2500000000	12.2561117707	0.0500406773	12.2574460592	0.0489830088
11.2692307692	12.2570584019	0.0494543805	12.2583823263	0.0483875834
11.2884615385	12.2579937006	0.0488605681	12.2593070749	0.0477850935
11.3076923077	12.2589175279	0.0482593519	12.2602201698	0.0471756271
11.3269230769	12.2598297467	0.0476508466	12.2611214779	0.0465592730
11.3461538462	12.2607302219	0.0470351694	12.2620108675	0.0459361215
11.3653846154	12.2616188200	0.0464124397	12.2628882088	0.0453062633
11.3846153846	12.2624954097	0.0457827796	12.2637533737	0.0446697905
11.4038461538	12.2633598613	0.0451463125	12.2646062359	0.0440267960
11.4230769231	12.2642120473	0.0445031641	12.2654466708	0.0433773736
11.4423076923	12.2650518421	0.0438534611	12.2662745558	0.0427216182
11.4615384615	12.2658791222	0.0431973317	12.2670897700	0.0420596256
11.4807692308	12.2666937660	0.0425349049	12.2678921943	0.0413914923
11.5000000000	12.2674956540	0.0418663104	12.2686817117	0.0407173159
11.5192307692	12.2682846689	0.0411916785	12.2694582068	0.0400371948
11.5384615385	12.2690606954	0.0405111396	12.2702215664	0.0393512284
11.5576923077	12.2698236203	0.0398248239	12.2709716788	0.0386595168
11.5769230769	12.2705733327	0.0391328615	12.2717084347	0.0379621610
11.5961538462	12.2713097235	0.0384353818	12.2724317264	0.0372592627
11.6153846154	12.2720326862	0.0377325136	12.2731414484	0.0365509247
11.6346153846	12.2727421163	0.0370243847	12.2738374970	0.0358372503
11.6538461538	12.2734379113	0.0363111215	12.2745197706	0.0351183437
11.6730769231	12.2741199711	0.0355928495	12.2751881696	0.0343943099
11.6923076923	12.2747881977	0.0348696922	12.2758425965	0.0336652546
11.7115384615	12.2754424954	0.0341417718	12.2764829556	0.0329312842
11.7307692308	12.2760827707	0.0334092087	12.2771091535	0.0321925059
11.7500000000	12.2767089320	0.0326721213	12.2777210988	0.0314490275
11.7692307692	12.2773208904	0.0319306261	12.2783187021	0.0307009577
11.7884615385	12.2779185588	0.0311848376	12.2789018761	0.0299484056
11.8076923077	12.2785018524	0.0304348683	12.2794705358	0.0291914810
11.8269230769	12.2790706887	0.0296808287	12.2800245981	0.0284302945
11.8461538462	12.2796249872	0.0289228270	12.2805639821	0.0276649573
11.8653846154	12.2801646698	0.0281609698	12.2810886090	0.0268955810
11.8846153846	12.2806896603	0.0273953615	12.2815984023	0.0261222780
11.9038461538	12.2811998850	0.0266261047	12.2820932876	0.0253451613
11.9230769231	12.2816952722	0.0258533003	12.2825731925	0.0245643441
11.9423076923	12.2821757522	0.0250770476	12.2830380470	0.0237799406
11.9615384615	12.2826412577	0.0242974444	12.2834877833	0.0229920653
11.9807692308	12.2830917234	0.0235145872	12.2839223357	0.0222008332
12.0000000000	12.2835270863	0.0227285712	12.2843416408	0.0214063598
12.0192307692	12.2839472854	0.0219394908	12.2847456372	0.0206087611
12.0384615385	12.2843522618	0.0211474398	12.2851342661	0.0198081535
12.0576923077	12.2847419590	0.0203525111	12.2855074707	0.0190046540
12.0769230769	12.2851163223	0.0195547976	12.2858651966	0.0181983799
12.0961538462	12.2854752993	0.0187543920	12.2862073914	0.0173894488
12.1153846154	12.2858188398	0.0179513870	12.2865340052	0.0165779789
12.1346153846	12.2861468956	0.0171458759	12.2868449904	0.0157640886
12.1538461538	12.2864594207	0.0163379523	12.2871403016	0.0149478968
12.1730769231	12.2867563713	0.0155277109	12.2874198956	0.0141295227
12.1923076923	12.2870377057	0.0147152472	12.2876837315	0.0133090856
12.2115384615	12.2873033843	0.0139006579	12.2879317710	0.0124867055
12.2307692308	12.2875533698	0.0130840414	12.2881639778	0.0116625023
12.2500000000	12.2877876270	0.0122654973	12.2883803179	0.0108365964
12.2692307692	12.2880061229	0.0114451272	12.2885807598	0.0100091083
12.2884615385	12.2882088268	0.0106230345	12.2887652742	0.0091801590
12.3076923077	12.2883957099	0.0097993248	12.2889338342	0.0083498694
12.3269230769	12.2885667461	0.0089741056	12.2890864152	0.0075183607
12.3461538462	12.2887219111	0.0081474868	12.2892229949	0.0066857543
12.3653846154	12.2888611832	0.0073195804	12.2893435534	0.0058521719
12.3846153846	12.2889845427	0.0064905010	12.2894480730	0.0050177350
12.4038461538	12.2890919723	0.0056603653	12.2895365385	0.0041825656
12.4230769231	12.2891834571	0.0048292925	12.2896089370	0.0033467855
12.4423076923	12.2892589843	0.0039974040	12.2896652579	0.0025105167
12.4615384615	12.2893185437	0.0031648235	12.2897054930	0.0016738815
12.4807692308	12.2893621272	0.0023316769	12.2897296364	0.0008370018
12.5000000000	12.2893897291	0.0014980921	12.2897376845	0.0000000000
12.5192307692	12.2894013463	0.0006641991	12.2897296364	-0.0008370018
12.5384615385	12.2893969779	-0.0001698705	12.2897054930	-0.0016738815
12.5576923077	12.2893766252	-0.0010039832	12.2896652579	-0.0025105167
12.5769230769	12.2893402924	-0.0018380042	12.2896089370	-0.0033467855
12.5961538462	12.2892879856	-0.0026717975	12.2895365385	-0.0041825656
12.6153846154	12.2892197137	-0.0035052257	12.2894480730	-0.0050177350
12.6346153846	12.2891354878	-0.0043381509	12.2893435534	-0.0058521719
12.6538461538	12.2890353216	-0.0051704345	12.2892229949	-0.0066857543
12.6730769231	12.2889192312	-0.0060019372	12.2890864152	-0.0075183607
12.6923076923	12.2887872349	-0.0068325201	12.2889338342	-0.0083498694
12.7115384615	12.2886393537	-0.0076620439	12.2887652742	-0.0091801590
12.7307692308	12.2884756109	-0.0084903700	12.2885807598	-0.0100091083
12.7500000000	12.2882960324	-0.0093173600	12.2883803179	-0.0108365964
12.7692307692	12.2881006463	-0.0101428768	12.2881639778	-0.0116625023
12.7884615385	12.2878894832	-0.0109667838	12.2879317710	-0.0124867055
12.8076923077	12.2876625761	-0.0117889462	12.2876837315	-0.0133090856
12.8269230769	12.2874199604	-0.0126092302	12.2874198956	-0.0141295227
12.8461538462	12.2871616737	-0.0134275038	12.2871403016	-0.0149478968
12.8653846154	12.2868877562	-0.0142436369	12.2868449904	-0.0157640886
12.8846153846	12.2865982504	-0.0150575014	12.2865340052	-0.0165779789
12.9038461538	12.2862932009	-0.0158689711	12.2862073914	-0.0173894488
12.9230769231	12.2859726548	-0.0166779222	12.2858651966	-0.0181983799
12.9423076923	12.2856366614	-0.0174842332	12.2855074707	-0.0190046540
12.9615384615	12.2852852723	-0.0182877849	12.2851342661	-0.0198081535
12.9807692308	12.2849185413	-0.0190884606	12.2847456372	-0.0206087611
13.0000000000	12.2845365243	-0.0198861461	12.2843416408	-0.0214063598
13.0192307692	12.2841392795	-0.0206807295	12.2839223357	-0.0222008332
13.0384615385	12.2837268674	-0.0214721015	12.2834877833	-0.0229920653
13.0576923077	12.2832993502	-0.0222601550	12.2830380470	-0.0237799406
13.0769230769	12.2828567927	-0.0230447855	12.2825731925	-0.0245643441
13.0961538462	12.2823992614	-0.0238258904	12.2820932876	-0.0253451613
13.1153846154	12.2819268250	-0.0246033694	12.2815984023	-0.0261222780
13.1346153846	12.2814395543	-0.0253771241	12.2810886090	-0.0268955810
13.1538461538	12.2809375221	-0.0261470579	12.2805639821	-0.0276649573
13.1730769231	12.2804208029	-0.0269130760	12.2800245981	-0.0284302945
13.1923076923	12.2798894736	-0.0276750848	12.2794705358	-0.0291914810
13.2115384615	12.2793436127	-0.0284329923	12.2789018761	-0.0299484056
13.2307692308	12.2787833009	-0.0291867074	12.2783187021	-0.0307009577
13.2500000000	12.2782086206	-0.0299361399	12.2777210988	-0.0314490275
13.2692307692	12.2776196560	-0.0306812004	12.2771091535	-0.0321925059
13.2884615385	12.2770164936	-0.0314217999	12.2764829556	-0.0329312842
13.3076923077	12.2763992214	-0.0321578496	12.2758425965	-0.0336652546
13.3269230769	12.2757679292	-0.0328892607	12.2751881696	-0.0343943099
13.3461538462	12.2751227089	-0.0336159445	12.2745197706	-0.0351183437
13.3653846154	12.2744636541	-0.0343378117	12.2738374970	-0.0358372503
13.3846153846	12.2737908602	-0.0350547727	12.2731414484	-0.0365509247
13.4038461538	12.2731044244	-0.0357667369	12.2724317264	-0.0372592627
13.4230769231	12.2724044458	-0.0364736133	12.2717084347	-0.0379621610
13.4423076923	12.2716910252	-0.0371753096	12.2709716788	-0.0386595168
13.4615384615	12.2709642653	-0.0378717325	12.2702215664	-0.0393512284
13.4807692308	12.2702242704	-0.0385627876	12.2694582068	-0.0400371948
13.5000000000	12.2694711468	-0.0392483793	12.2686817117	-0.0407173159
13.5192307692	12.2687050024	-0.0399284105	12.2678921943	-0.0413914923
13.5384615385	12.2679259471	-0.0406027831	12.2670897700	-0.0420596256
13.5576923077	12.2671340925	-0.0412713976	12.2662745558	-0.0427216182
13.5769230769	12.2663295519	-0.0419341531	12.2654466708	-0.0433773736
13.5961538462	12.2655124404	-0.0425909477	12.2646062359	-0.0440267960
13.6153846154	12.2646828751	-0.0432416783	12.2637533737	-0.0446697905
13.6346153846	12.2638409745	-0.0438862408	12.2628882088	-0.0453062633
13.6538461538	12.2629868591	-0.0445245303	12.2620108675	-0.0459361215
13.6730769231	12.2621206513	-0.0451564412	12.2611214779	-0.0465592730
13.6923076923	12.2612424751	-0.0457818672	12.2602201698	-0.0471756271
13.7115384615	12.2603524562	-0.0464007019	12.2593070749	-0.0477850935
13.7307692308	12.2594507223	-0.0470128387	12.2583823263	-0.0483875834
13.7500000000	12.2585374025	-0.0476181712	12.2574460592	-0.0489830088
13.7692307692	12.2576126280	-0.0482165933	12.2564984103	-0.0495712827
13.7884615385	12.2566765315	-0.0488079996	12.2555395178	-0.0501523194
13.8076923077	12.2557292474	-0.0493922855	12.2545695219	-0.0507260339
13.8269230769	12.2547709121	-0.0499693479	12.2535885640	-0.0512923424
13.8461538462	12.2538016633	-0.0505390848	12.2525967875	-0.0518511624
13.8653846154	12.2528216405	-0.0511013963	12.2515943371	-0.0524024122
13.8846153846	12.2518309850	-0.0516561843	12.2505813591	-0.0529460113
13.9038461538	12.2508298395	-0.0522033532	12.2495580016	-0.0534818804
13.9230769231	12.2498183484	-0.0527428099	12.2485244138	-0.0540099413
13.9423076923	12.2487966576	-0.0532744640	12.2474807467	-0.0545301168
13.9615384615	12.2477649147	-0.0537982284	12.2464271526	-0.0550423309
13.9807692308	12.2467232685	-0.0543140192	12.2453637855	-0.0555465090
14.0000000000	12.2456718697	-0.0548217559	12.2442908004	-0.0560425774
14.0192307692	12.2446108700	-0.0553213620	12.2432083542	-0.0565304637
14.0384615385	12.2435404228	-0.0558127643	12.2421166047	-0.0570100966
14.0576923077	12.2424606828	-0.0562958940	12.2410157115	-0.0574814062
14.0769230769	12.2413718060	-0.0567706863	12.2399058352	-0.0579443236
14.0961538462	12.2402739497	-0.0572370802	12.2387871379	-0.0583987811
14.1153846154	12.2391672725	-0.0576950193	12.2376597829	-0.0588447126
14.1346153846	12.2380519341	-0.0581444509	12.2365239348	-0.0592820529
14.1538461538	12.2369280955	-0.0585853270	12.2353797594	-0.0597107380
14.1730769231	12.2357959187	-0.0590176030	12.2342274238	-0.0601307055
14.1923076923	12.2346555670	-0.0594412389	12.2330670962	-0.0605418940
14.2115384615	12.2335072046	-0.0598561982	12.2318989461	-0.0609442435
14.2307692308	12.2323509968	-0.0602624481	12.2307231439	-0.0613376953
14.2500000000	12.2311871097	-0.0606599594	12.2295398614	-0.0617221918
14.2692307692	12.2300157106	-0.0610487062	12.2283492712	-0.0620976771
14.2884615385	12.2288369675	-0.0614286655	12.2271515473	-0.0624640961
14.3076923077	12.2276510494	-0.0617998171	12.2259468645	-0.0628213955
14.3269230769	12.2264581260	-0.0621621434	12.2247353986	-0.0631695231
14.3461538462	12.2252583681	-0.0625156289	12.2235173265	-0.0635084281
14.3653846154	12.2240519468	-0.0628602597	12.2222928262	-0.0638380609
14.3846153846	12.2228390345	-0.0631960236	12.2210620762	-0.0641583735
14.4038461538	12.2216198039	-0.0635229093	12.2198252565	-0.0644693191
14.4230769231	12.2203944286	-0.0638409066	12.2185825474	-0.0647708522
14.4423076923	12.2191630829	-0.0641500052	12.2173341304	-0.0650629289
14.4615384615	12.2179259417	-0.0644501951	12.2160801879	-0.0653455066
14.4807692308	12.2166831805	-0.0647414658	12.2148209029	-0.0656185439
14.5000000000	12.2154349756	-0.0650238062	12.2135564592	-0.0658820010
14.5192307692	12.2141815038	-0.0652972039	12.2122870414	-0.0661358395
14.5384615385	12.2129229425	-0.0655616452	12.2110128350	-0.0663800222
14.5576923077	12.2116594698	-0.0658171146	12.2097340258	-0.0666145136
14.5769230769	12.2103912645	-0.0660635947	12.2084508006	-0.0668392794
14.5961538462	12.2091185056	-0.0663010656	12.2071633468	-0.0670542867
14.6153846154	12.2078413732	-0.0665295050	12.2058718523	-0.0672595043
14.6346153846	12.2065600478	-0.0667488878	12.2045765058	-0.0674549020
14.6538461538	12.2052747103	-0.0669591860	12.2032774962	-0.0676404515
14.6730769231	12.2039855424	-0.0671603683	12.2019750132	-0.0678161256
14.6923076923	12.2026927266	-0.0673524006	12.2006692471	-0.0679818986
14.7115384615	12.2013964456	-0.0675352454	12.1993603884	-0.0681377464
14.7307692308	12.2000968830	-0.0677088617	12.1980486283	-0.0682836462
14.7500000000	12.1987942229	-0.0678732057	12.1967341583	-0.0684195767
14.7692307692	12.1974886501	-0.0680282301	12.1954171702	-0.0685455181
14.7884615385	12.1961803499	-0.0681738848	12.1940978563	-0.0686614519
14.8076923077	12.1948695084	-0.0683101166	12.1927764094	-0.0687673613
14.8269230769	12.1935563122	-0.0684368697	12.1914530222	-0.0688632308
14.8461538462	12.1922409486	-0.0685540859	12.1901278880	-0.0689490463
14.8653846154	12.1909236053	-0.0686617045	12.1888012003	-0.0690247954
14.8846153846	12.1896044710	-0.0687596633	12.1874731528	-0.0690904670
14.9038461538	12.1882837346	-0.0688478984	12.1861439393	-0.0691460515
14.9230769231	12.1869615860	-0.0689263447	12.1848137540	-0.0691915409
14.9423076923	12.1856382154	-0.0689949364	12.1834827910	-0.0692269283
14.9615384615	12.1843138136	-0.0690536074	12.1821512446	-0.0692522088
14.9807692308	12.1829885720	-0.0691022918	12.1808193093	-0.0692673785
15.0000000000	12.1816626827	-0.0691409243	12.1794871795	-0.0692724354
15.0192307692	12.1803363380	-0.0691694406	12.1781550497	-0.0692673785
15.0384615385	12.1790097308	-0.0691877782	12.1768231144	-0.0692522088
15.0576923077	12.1776830546	-0.0691958767	12.1754915680	-0.0692269283
15.0769230769	12.1763565031	-0.0691936782	12.1741606050	-0.0691915409
15.0961538462	12.1750302705	-0.0691811281	12.1728304197	-0.0691460515
15.1153846154	12.1737045511	-0.0691581753	12.1715012062	-0.0690904670
15.1346153846	12.1723795399	-0.0691247730	12.1701731587	-0.0690247954
15.1538461538	12.1710554317	-0.0690808786	12.1688464710	-0.0689490463
15.1730769231	12.1697324218	-0.0690264550	12.1675213368	-0.0688632308
15.1923076923	12.1684107054	-0.0689614702	12.1661979496	-0.0687673613
15.2115384615	12.1670904780	-0.0688858980	12.1648765026	-0.0686614519
15.2307692308	12.1657719349	-0.0687997186	12.1635571888	-0.0685455181
15.2500000000	12.1644552714	-0.0687029184	12.1622402007	-0.0684195767
15.2692307692	12.1631406828	-0.0685954906	12.1609257306	-0.0682836462
15.2884615385	12.1618283642	-0.0684774355	12.1596139705	-0.0681377464
15.3076923077	12.1605185102	-0.0683487603	12.1583051119	-0.0679818986
15.3269230769	12.1592113155	-0.0682094795	12.1569993457	-0.0678161256
15.3461538462	12.1579069740	-0.0680596151	12.1556968628	-0.0676404515
15.3653846154	12.1566056795	-0.0678991962	12.1543978532	-0.0674549020
15.3846153846	12.1553076252	-0.0677282592	12.1531025066	-0.0672595043
15.4038461538	12.1540130034	-0.0675468479	12.1518110122	-0.0670542867
15.4230769231	12.1527220063	-0.0673550130	12.1505235584	-0.0668392794
15.4423076923	12.1514348249	-0.0671528121	12.1492403332	-0.0666145136
15.4615384615	12.1501516498	-0.0669403096	12.1479615240	-0.0663800222
15.4807692308	12.1488726704	-0.0667175760	12.1466873175	-0.0661358395
15.5000000000	12.1475980755	-0.0664846878	12.1454178998	-0.0658820010
15.5192307692	12.1463280528	-0.0662417273	12.1441534561	-0.0656185439
15.5384615385	12.1450627892	-0.0659887818	12.1428941710	-0.0653455066
15.5576923077	12.1438024702	-0.0657259433	12.1416402285	-0.0650629289
15.5769230769	12.1425472805	-0.0654533081	12.1403918116	-0.0647708522
15.5961538462	12.1412974036	-0.0651709762	12.1391491025	-0.0644693191
15.6153846154	12.1400530218	-0.0648790506	12.1379122827	-0.0641583735
15.6346153846	12.1388143161	-0.0645776369	12.1366815328	-0.0638380609
15.6538461538	12.1375814666	-0.0642668425	12.1354570324	-0.0635084281
15.6730769231	12.1363546516	-0.0639467765	12.1342389604	-0.0631695231
15.6923076923	12.1351340487	-0.0636175483	12.1330274945	-0.0628213955
15.7115384615	12.1339198338	-0.0632792677	12.1318228117	-0.0624640961
15.7307692308	12.1327121818	-0.0629320439	12.1306250877	-0.0620976771
15.7500000000	12.1315112659	-0.0625759853	12.1294344976	-0.0617221918
15.7692307692	12.1303172584	-0.0622111984	12.1282512151	-0.0613376953
15.7884615385	12.1291303301	-0.0618377875	12.1270754129	-0.0609442435
15.8076923077	12.1279506504	-0.0614558545	12.1259072627	-0.0605418940
15.8269230769	12.1267783877	-0.0610654979	12.1247469352	-0.0601307055
15.8461538462	12.1256137088	-0.0606668126	12.1235945996	-0.0597107380
15.8653846154	12.1244567795	-0.0602598895	12.1224504242	-0.0592820529
15.8846153846	12.1233077640	-0.0598448151	12.1213145761	-0.0588447126
15.9038461538	12.1221668258	-0.0594216714	12.1201872211	-0.0583987811
15.9230769231	12.1210341266	-0.0589905350	12.1190685238	-0.0579443236
15.9423076923	12.1199098274	-0.0585514778	12.1179586475	-0.0574814062
15.9615384615	12.1187940878	-0.0581045662	12.1168577543	-0.0570100966
15.9807692308	12.1176870663	-0.0576498611	12.1157660048	-0.0565304637
16.0000000000	12.1165889204	-0.0571874181	12.1146835586	-0.0560425774
16.0192307692	12.1154998063	-0.0567172874	12.1136105735	-0.0555465090
16.0384615385	12.1144198793	-0.0562395140	12.1125472063	-0.0550423309
16.0576923077	12.1133492937	-0.0557541376	12.1114936123	-0.0545301168
16.0769230769	12.1122882027	-0.0552611930	12.1104499452	-0.0540099413
16.0961538462	12.1112367586	-0.0547607105	12.1094163574	-0.0534818804
16.1153846154	12.1101951126	-0.0542527157	12.1083929998	-0.0529460113
16.1346153846	12.1091634151	-0.0537372306	12.1073800219	-0.0524024122
16.1538461538	12.1081418153	-0.0532142736	12.1063775715	-0.0518511624
16.1730769231	12.1071304617	-0.0526838597	12.1053857950	-0.0512923424
16.1923076923	12.1061295019	-0.0521460017	12.1044048371	-0.0507260339
16.2115384615	12.1051390823	-0.0516007102	12.1034348411	-0.0501523194
16.2307692308	12.1041593485	-0.0510479942	12.1024759487	-0.0495712827
16.2500000000	12.1031904453	-0.0504878620	12.1015282997	-0.0489830088
16.2692307692	12.1022325164	-0.0499203217	12.1005920326	-0.0483875834
16.2884615385	12.1012857044	-0.0493453816	12.0996672841	-0.0477850935
16.3076923077	12.1003501510	-0.0487630510	12.0987541892	-0.0471756271
16.3269230769	12.0994259971	-0.0481733409	12.0978528811	-0.0465592730
16.3461538462	12.0985133821	-0.0475762646	12.0969634915	-0.0459361215
16.3653846154	12.0976124447	-0.0469718382	12.0960861502	-0.0453062633
16.3846153846	12.0967233222	-0.0463600816	12.0952209853	-0.0446697905
16.4038461538	12.0958461508	-0.0457410183	12.0943681231	-0.0440267960
16.4230769231	12.0949810655	-0.0451146768	12.0935276882	-0.0433773736
16.4423076923	12.0941281999	-0.0444810908	12.0926998032	-0.0427216182
16.4615384615	12.0932876864	-0.0438402995	12.0918845890	-0.0420596256
16.4807692308	12.0924596558	-0.0431923482	12.0910821646	-0.0413914923
16.5000000000	12.0916442377	-0.0425372889	12.0902926473	-0.0407173159
16.5192307692	12.0908415597	-0.0418751803	12.0895161521	-0.0400371948
16.5384615385	12.0900517483	-0.0412060884	12.0887527926	-0.0393512284
16.5576923077	12.0892749280	-0.0405300864	12.0880026802	-0.0386595168
16.5769230769	12.0885112216	-0.0398472554	12.0872659243	-0.0379621610
16.5961538462	12.0877607500	-0.0391576839	12.0865426326	-0.0372592627
16.6153846154	12.0870236324	-0.0384614684	12.0858329106	-0.0365509247
16.6346153846	12.0862999857	-0.0377587130	12.0851368620	-0.0358372503
16.6538461538	12.0855899251	-0.0370495298	12.0844545884	-0.0351183437
16.6730769231	12.0848935634	-0.0363340381	12.0837861893	-0.0343943099
16.6923076923	12.0842110113	-0.0356123649	12.0831317625	-0.0336652546
16.7115384615	12.0835423773	-0.0348846443	12.0824914034	-0.0329312842
16.7307692308	12.0828877673	-0.0341510173	12.0818652054	-0.0321925059
16.7500000000	12.0822472850	-0.0334116313	12.0812532602	-0.0314490275
16.7692307692	12.0816210317	-0.0326666400	12.0806556569	-0.0307009577
16.7884615385	12.0810091060	-0.0319162028	12.0800724829	-0.0299484056
16.8076923077	12.0804116041	-0.0311604840	12.0795038232	-0.0291914810
16.8269230769	12.0798286193	-0.0303996530	12.0789497609	-0.0284302945
16.8461538462	12.0792602425	-0.0296338830	12.0784103769	-0.0276649573
16.8653846154	12.0787065617	-0.0288633509	12.0778857500	-0.0268955810
16.8846153846	12.0781676623	-0.0280882366	12.0773759567	-0.0261222780
16.9038461538	12.0776436268	-0.0273087221	12.0768810714	-0.0253451613
16.9230769231	12.0771345350	-0.0265249913	12.0764011665	-0.0245643441
16.9423076923	12.0766404638	-0.0257372292	12.0759363119	-0.0237799406
16.9615384615	12.0761614872	-0.0249456209	12.0754865756	-0.0229920653
16.9807692308	12.0756976765	-0.0241503518	12.0750520233	-0.0222008332
17.0000000000	12.0752491000	-0.0233516062	12.0746327182	-0.0214063598
17.0192307692	12.0748158233	-0.0225495670	12.0742287218	-0.0206087611
17.0384615385	12.0743979089	-0.0217444153	12.0738400929	-0.0198081535
17.0576923077	12.0739954168	-0.0209363296	12.0734668882	-0.0190046540
17.0769230769	12.0736084040	-0.0201254855	12.0731091624	-0.0181983799
17.0961538462	12.0732369245	-0.0193120550	12.0727669676	-0.0173894488
17.1153846154	12.0728810299	-0.0184962064	12.0724403537	-0.0165779789
17.1346153846	12.0725407687	-0.0176781036	12.0721293685	-0.0157640886
17.1538461538	12.0722161869	-0.0168579059	12.0718340574	-0.0149478968
17.1730769231	12.0719073277	-0.0160357677	12.0715544634	-0.0141295227
17.1923076923	12.0716142317	-0.0152118385	12.0712906274	-0.0133090856
17.2115384615	12.0713369369	-0.0143862623	12.0710425880	-0.0124867055
17.2307692308	12.0710754785	-0.0135591777	12.0708103812	-0.0116625023
17.2500000000	12.0708298895	-0.0127307179	12.0705940411	-0.0108365964
17.2692307692	12.0706002001	-0.0119010107	12.0703935992	-0.0100091083
17.2884615385	12.0703864382	-0.0110701783	12.0702090848	-0.0091801590
17.3076923077	12.0701886292	-0.0102383376	12.0700405247	-0.0083498694
17.3269230769	12.0700067962	-0.0094056004	12.0698879437	-0.0075183607
17.3461538462	12.0698409600	-0.0085720735	12.0697513641	-0.0066857543
17.3653846154	12.0696911390	-0.0077378587	12.0696308056	-0.0058521719
17.3846153846	12.0695573493	-0.0069030536	12.0695262860	-0.0050177350
17.4038461538	12.0694396049	-0.0060677517	12.0694378205	-0.0041825656
17.4230769231	12.0693379177	-0.0052320424	12.0693654220	-0.0033467855
17.4423076923	12.0692522971	-0.0043960121	12.0693091011	-0.0025105167
17.4615384615	12.0691827507	-0.0035597438	12.0692688660	-0.0016738815
17.4807692308	12.0691292839	-0.0027233184	12.0692447226	-0.0008370018
17.5000000000	12.0690919001	-0.0018868144	12.0692366744	-0.0000000000
17.5192307692	12.0690706003	-0.0010503089	12.0692447226	0.0008370018
17.5384615385	12.0690653840	-0.0002138778	12.0692688660	0.0016738815
17.5576923077	12.0690762483	0.0006224038	12.0693091011	0.0025105167
17.5769230769	12.0691031884	0.0014584606	12.0693654220	0.0033467855
17.5961538462	12.0691461975	0.0022942173	12.0694378205	0.0041825656
17.6153846154	12.0692052667	0.0031295978	12.0695262860	0.0050177350
17.6346153846	12.0692803853	0.0039645246	12.0696308056	0.0058521719
17.6538461538	12.0693715404	0.0047989188	12.0697513641	0.0066857543
17.6730769231	12.0694787173	0.0056326994	12.0698879437	0.0075183607
17.6923076923	12.0696018990	0.0064657829	12.0700405247	0.0083498694
17.7115384615	12.0697410667	0.0072980832	12.0702090848	0.0091801590
17.7307692308	12.0698961994	0.0081295111	12.0703935992	0.0100091083
17.7500000000	12.0700672743	0.0089599741	12.0705940411	0.0108365964
17.7692307692	12.0702542662	0.0097893763	12.0708103812	0.0116625023
17.7884615385	12.0704571481	0.0106176179	12.0710425880	0.0124867055
17.8076923077	12.0706758906	0.0114445954	12.0712906274	0.0133090856
17.8269230769	12.0709104624	0.0122702014	12.0715544634	0.0141295227
17.8461538462	12.0711608300	0.0130943245	12.0718340574	0.0149478968
17.8653846154	12.0714269575	0.0139168491	12.0721293685	0.0157640886
17.8846153846	12.0717088071	0.0147376558	12.0724403537	0.0165779789
17.9038461538	12.0720063386	0.0155566215	12.0727669676	0.0173894488
17.9230769231	12.0723195095	0.0163736189	12.0731091624	0.0181983799
17.9423076923	12.0726482752	0.0171885177	12.0734668882	0.0190046540
17.9615384615	12.0729925886	0.0180011836	12.0738400929	0.0198081535
17.9807692308	12.0733524005	0.0188114795	12.0742287218	0.0206087611
18.0000000000	12.0737276591	0.0196192653	12.0746327182	0.0214063598
18.0192307692	12.0741183105	0.0204243982	12.0750520233	0.0222008332
18.0384615385	12.0745242983	0.0212267334	12.0754865756	0.0229920653
18.0576923077	12.0749455637	0.0220261237	12.0759363119	0.0237799406
18.0769230769	12.0753820457	0.0228224208	12.0764011665	0.0245643441
18.0961538462	12.0758336805	0.0236154748	12.0768810714	0.0253451613
18.1153846154	12.0763004023	0.0244051353	12.0773759567	0.0261222780
18.1346153846	12.0767821426	0.0251912511	12.0778857500	0.0268955810
18.1538461538	12.0772788308	0.0259736713	12.0784103769	0.0276649573
18.1730769231	12.0777903935	0.0267522453	12.0789497609	0.0284302945
18.1923076923	12.0783167552	0.0275268231	12.0795038232	0.0291914810
18.2115384615	12.0788578379	0.0282972560	12.0800724829	0.0299484056
18.2307692308	12.0794135612	0.0290633969	12.0806556569	0.0307009577
18.2500000000	12.0799838424	0.0298251003	12.0812532602	0.0314490275
18.2692307692	12.0805685963	0.0305822232	12.0818652054	0.0321925059
18.2884615385	12.0811677355	0.0313346250	12.0824914034	0.0329312842
18.3076923077	12.0817811702	0.0320821680	12.0831317625	0.0336652546
18.3269230769	12.0824088084	0.0328247175	12.0837861893	0.0343943099
18.3461538462	12.0830505558	0.0335621424	12.0844545884	0.0351183437
18.3653846154	12.0837063158	0.0342943149	12.0851368620	0.0358372503
18.3846153846	12.0843759897	0.0350211111	12.0858329106	0.0365509247
18.4038461538	12.0850594764	0.0357424111	12.0865426326	0.0372592627
18.4230769231	12.0857566731	0.0364580987	12.0872659243	0.0379621610
18.4423076923	12.0864674744	0.0371680622	12.0880026802	0.0386595168
18.4615384615	12.0871917732	0.0378721939	12.0887527926	0.0393512284
18.4807692308	12.0879294601	0.0385703901	12.0895161521	0.0400371948
18.5000000000	12.0886804240	0.0392625517	12.0902926473	0.0407173159
18.5192307692	12.0894445515	0.0399485833	12.0910821646	0.0413914923
18.5384615385	12.0902217275	0.0406283938	12.0918845890	0.0420596256
18.5576923077	12.0910118351	0.0413018960	12.0926998032	0.0427216182
18.5769230769	12.0918147553	0.0419690067	12.0935276882	0.0433773736
18.5961538462	12.0926303675	0.0426296459	12.0943681231	0.0440267960
18.6153846154	12.0934585494	0.0432837377	12.0952209853	0.0446697905
18.6346153846	12.0942991767	0.0439312092	12.0960861502	0.0453062633
18.6538461538	12.0951521237	0.0445719904	12.0969634915	0.0459361215
18.6730769231	12.0960172628	0.0452060145	12.0978528811	0.0465592730
18.6923076923	12.0968944651	0.0458332173	12.0987541892	0.0471756271
18.7115384615	12.0977835998	0.0464535366	12.0996672841	0.0477850935
18.7307692308	12.0986845348	0.0470669127	12.1005920326	0.0483875834
18.7500000000	12.0995971363	0.0476732875	12.1015282997	0.0489830088
18.7692307692	12.1005212691	0.0482726046	12.1024759487	0.0495712827
18.7884615385	12.1014567967	0.0488648088	12.1034348411	0.0501523194
18.8076923077	12.1024035809	0.0494498459	12.1044048371	0.0507260339
18.8269230769	12.1033614822	0.0500276626	12.1053857950	0.0512923424
18.8461538462	12.1043303598	0.0505982060	12.1063775715	0.0518511624
18.8653846154	12.1053100716	0.0511614236	12.1073800219	0.0524024122
18.8846153846	12.1063004739	0.0517172628	12.1083929998	0.0529460113
18.9038461538	12.1073014219	0.0522656710	12.1094163574	0.0534818804
18.9230769231	12.1083127696	0.0528065950	12.1104499452	0.0540099413
18.9423076923	12.1093343695	0.0533399812	12.1114936123	0.0545301168
18.9615384615	12.1103660730	0.0538657754	12.1125472063	0.0550423309
18.9807692308	12.1114077301	0.0543839224	12.1136105735	0.0555465090
19.0000000000	12.1124591897	0.0548943660	12.1146835586	0.0560425774
19.0192307692	12.1135202996	0.0553970489	12.1157660048	0.0565304637
19.0384615385	12.1145909061	0.0558919128	12.1168577543	0.0570100966
19.0576923077	12.1156708544	0.0563788981	12.1179586475	0.0574814062
19.0769230769	12.1167599888	0.0568579440	12.1190685238	0.0579443236
19.0961538462	12.1178581520	0.0573289882	12.1201872211	0.0583987811
19.1153846154	12.1189651858	0.0577919674	12.1213145761	0.0588447126
19.1346153846	12.1200809308	0.0582468170	12.1224504242	0.0592820529
19.1538461538	12.1212052264	0.0586934713	12.1235945996	0.0597107380
19.1730769231	12.1223379109	0.0591318633	12.1247469352	0.0601307055
19.1923076923	12.1234788214	0.0595619251	12.1259072627	0.0605418940
19.2115384615	12.1246277940	0.0599835878	12.1270754129	0.0609442435
19.2307692308	12.1257846634	0.0603967819	12.1282512151	0.0613376953
19.2500000000	12.1269492636	0.0608014370	12.1294344976	0.0617221918
19.2692307692	12.1281214273	0.0611974824	12.1306250877	0.0620976771
19.2884615385	12.1293009859	0.0615848468	12.1318228117	0.0624640961
19.3076923077	12.1304877700	0.0619634589	12.1330274945	0.0628213955
19.3269230769	12.1316816090	0.0623332474	12.1342389604	0.0631695231
19.3461538462	12.1328823314	0.0626941410	12.1354570324	0.0635084281
19.3653846154	12.1340897644	0.0630460691	12.1366815328	0.0638380609
19.3846153846	12.1353037342	0.0633889612	12.1379122827	0.0641583735
19.4038461538	12.1365240663	0.0637227480	12.1391491025	0.0644693191
19.4230769231	12.1377505847	0.0640473609	12.1403918116	0.0647708522
19.4423076923	12.1389831129	0.0643627325	12.1416402285	0.0650629289
19.4615384615	12.1402214730	0.0646687968	12.1428941710	0.0653455066
19.4807692308	12.1414654864	0.0649654892	12.1441534561	0.0656185439
19.5000000000	12.1427149734	0.0652527471	12.1454178998	0.0658820010
19.5192307692	12.1439697537	0.0655305093	12.1466873175	0.0661358395
19.5384615385	12.1452296457	0.0657987172	12.1479615240	0.0663800222
19.5576923077	12.1464944673	0.0660573140	12.1492403332	0.0666145136
19.5769230769	12.1477640352	0.0663062454	12.1505235584	0.0668392794
19.5961538462	12.1490381657	0.0665454598	12.1518110122	0.0670542867
19.6153846154	12.1503166739	0.0667749079	12.1531025066	0.0672595043
19.6346153846	12.1515993744	0.0669945433	12.1543978532	0.0674549020
19.6538461538	12.1528860812	0.0672043226	12.1556968628	0.0676404515
19.6730769231	12.1541766072	0.0674042051	12.1569993457	0.0678161256
19.6923076923	12.1554707650	0.0675941531	12.1583051119	0.0679818986
19.7115384615	12.1567683664	0.0677741324	12.1596139705	0.0681377464
19.7307692308	12.1580692227	0.0679441113	12.1609257306	0.0682836462
19.7500000000	12.1593731446	0.0681040618	12.1622402007	0.0684195767
19.7692307692	12.1606799424	0.0682539587	12.1635571888	0.0685455181
19.7884615385	12.1619894257	0.0683937804	12.1648765026	0.0686614519
19.8076923077	12.1633014039	0.0685235081	12.1661979496	0.0687673613
19.8269230769	12.1646156858	0.0686431264	12.1675213368	0.0688632308
19.8461538462	12.1659320801	0.0687526230	12.1688464710	0.0689490463
19.8653846154	12.1672503949	0.0688519886	12.1701731587	0.0690247954
19.8846153846	12.1685704381	0.0689412170	12.1715012062	0.0690904670
19.9038461538	12.1698920176	0.0690203052	12.1728304197	0.0691460515
19.9230769231	12.1712149409	0.0690892527	12.1741606050	0.0691915409
19.9423076923	12.1725390152	0.0691480621	12.1754915680	0.0692269283
19.9615384615	12.1738640480	0.0691967386	12.1768231144	0.0692522088
19.9807692308	12.1751898462	0.0692352900	12.1781550497	0.0692673785
20.0000000000	12.1765162173	0.0692637267	12.1794871795	0.0692724354
20.0192307692	12.1778429682	0.0692820615	12.1808193093	0.0692673785
20.0384615385	12.1791699062	0.0692903091	12.1821512446	0.0692522088
20.0576923077	12.1804968385	0.0692884868	12.1834827910	0.0692269283
20.0769230769	12.1818235727	0.0692766136	12.1848137540	0.0691915409
20.0961538462	12.1831499162	0.0692547102	12.1861439393	0.0691460515
20.1153846154	12.1844756769	0.0692227994	12.1874731528	0.0690904670
20.1346153846	12.1858006626	0.0691809052	12.1888012003	0.0690247954
20.1538461538	12.1871246817	0.0691290531	12.1901278880	0.0689490463
20.1730769231	12.1884475426	0.0690672699	12.1914530222	0.0688632308
20.1923076923	12.1897690542	0.0689955833	12.1927764094	0.0687673613
20.2115384615	12.1910890257	0.0689140221	12.1940978563	0.0686614519
20.2307692308	12.1924072667	0.0688226159	12.1954171702	0.0685455181
20.2500000000	12.1937235871	0.0687213949	12.1967341583	0.0684195767
20.2692307692	12.1950377972	0.0686103899	12.1980486283	0.0682836462
20.2884615385	12.1963497080	0.0684896319	12.1993603884	0.0681377464
20.3076923077	12.1976591308	0.0683591523	12.2006692471	0.0679818986
20.3269230769	12.1989658772	0.0682189826	12.2019750132	0.0678161256
20.3461538462	12.2002697597	0.0680691543	12.2032774962	0.0676404515
20.3653846154	12.2015705910	0.0679096988	12.2045765058	0.0674549020
20.3846153846	12.2028681844	0.0677406474	12.2058718523	0.0672595043
20.4038461538	12.2041623540	0.0675620310	12.2071633468	0.0670542867
20.4230769231	12.2054529141	0.0673738802	12.2084508006	0.0668392794
20.4423076923	12.2067396799	0.0671762251	12.2097340258	0.0666145136
20.4615384615	12.2080224669	0.0669690956	12.2110128350	0.0663800222
20.4807692308	12.2093010915	0.0667525208	12.2122870414	0.0661358395
20.5000000000	12.2105753705	0.0665265293	12.2135564592	0.0658820010
20.5192307692	12.2118451213	0.0662911494	12.2148209029	0.0656185439
20.5384615385	12.2131101622	0.0660464084	12.2160801879	0.0653455066
20.5576923077	12.2143703118	0.0657923336	12.2173341304	0.0650629289
20.5769230769	12.2156253896	0.0655289512	12.2185825474	0.0647708522
20.5961538462	12.2168752157	0.0652562874	12.2198252565	0.0644693191
20.6153846154	12.2181196107	0.0649743678	12.2210620762	0.0641583735
20.6346153846	12.2193583961	0.0646832176	12.2222928262	0.0638380609
20.6538461538	12.2205913940	0.0643828619	12.2235173265	0.0635084281
20.6730769231	12.2218184272	0.0640733254	12.2247353986	0.0631695231
20.6923076923	12.2230393191	0.0637546330	12.2259468645	0.0628213955
20.7115384615	12.2242538941	0.0634268095	12.2271515473	0.0624640961
20.7307692308	12.2254619770	0.0630898800	12.2283492712	0.0620976771
20.7500000000	12.2266633935	0.0627438699	12.2295398614	0.0617221918
20.7692307692	12.2278579700	0.0623888053	12.2307231439	0.0613376953
20.7884615385	12.2290455340	0.0620247128	12.2318989461	0.0609442435
20.8076923077	12.2302259132	0.0616516198	12.2330670962	0.0605418940
20.8269230769	12.2313989367	0.0612695551	12.2342274238	0.0601307055
20.8461538462	12.2325644341	0.0608785483	12.2353797594	0.0597107380
20.8653846154	12.2337222359	0.0604786309	12.2365239348	0.0592820529
20.8846153846	12.2348721736	0.0600698358	12.2376597829	0.0588447126
20.9038461538	12.2360140796	0.0596521977	12.2387871379	0.0583987811
20.9230769231	12.2371477871	0.0592257534	12.2399058352	0.0579443236
20.9423076923	12.2382731304	0.0587905421	12.2410157115	0.0574814062
20.9615384615	12.2393899449	0.0583466053	12.2421166047	0.0570100966
20.9807692308	12.2404980667	0.0578939871	12.2432083542	0.0565304637
21.0000000000	12.2415973334	0.0574327345	12.2442908004	0.0560425774
21.0192307692	12.2426875835	0.0569628975	12.2453637855	0.0555465090
21.0384615385	12.2437686566	0.0564845293	12.2464271526	0.0550423309
21.0576923077	12.2448403937	0.0559976862	12.2474807467	0.0545301168
21.0769230769	12.2459026367	0.0555024283	12.2485244138	0.0540099413
21.0961538462	12.2469552292	0.0549988190	12.2495580016	0.0534818804
21.1153846154	12.2479980158	0.0544869254	12.2505813591	0.0529460113
21.1346153846	12.2490308426	0.0539668185	12.2515943371	0.0524024122
21.1538461538	12.2500535571	0.0534385730	12.2525967875	0.0518511624
21.1730769231	12.2510660082	0.0529022676	12.2535885640	0.0512923424
21.1923076923	12.2520680465	0.0523579847	12.2545695219	0.0507260339
21.2115384615	12.2530595239	0.0518058107	12.2555395178	0.0501523194
21.2307692308	12.2540402940	0.0512458360	12.2564984103	0.0495712827
21.2500000000	12.2550102120	0.0506781546	12.2574460592	0.0489830088
21.2692307692	12.2559691349	0.0501028644	12.2583823263	0.0483875834
21.2884615385	12.2569169212	0.0495200667	12.2593070749	0.0477850935
21.3076923077	12.2578534315	0.0489298665	12.2602201698	0.0471756271
21.3269230769	12.2587785279	0.0483323723	12.2611214779	0.0465592730
21.3461538462	12.2596920744	0.0477276954	12.2620108675	0.0459361215
21.3653846154	12.2605939369	0.0471159505	12.2628882088	0.0453062633
21.3846153846	12.2614839834	0.0464972547	12.2637533737	0.0446697905
21.4038461538	12.2623620835	0.0458717278	12.2646062359	0.0440267960
21.4230769231	12.2632281090	0.0452394920	12.2654466708	0.0433773736
21.4423076923	12.2640819337	0.0446006712	12.2662745558	0.0427216182
21.4615384615	12.2649234333	0.0439553912	12.2670897700	0.0420596256
21.4807692308	12.2657524856	0.0433037792	12.2678921943	0.0413914923
21.5000000000	12.2665689705	0.0426459634	12.2686817117	0.0407173159
21.5192307692	12.2673727698	0.0419820727	12.2694582068	0.0400371948
21.5384615385	12.2681637678	0.0413122364	12.2702215664	0.0393512284
21.5576923077	12.2689418504	0.0406365842	12.2709716788	0.0386595168
21.5769230769	12.2697069058	0.0399552451	12.2717084347	0.0379621610
21.5961538462	12.2704588245	0.0392683479	12.2724317264	0.0372592627
21.6153846154	12.2711974988	0.0385760202	12.2731414484	0.0365509247
21.6346153846	12.2719228233	0.0378783885	12.2738374970	0.0358372503
21.6538461538	12.2726346946	0.0371755779	12.2745197706	0.0351183437
21.6730769231	12.2733330114	0.0364677114	12.2751881696	0.0343943099
21.6923076923	12.2740176746	0.0357549101	12.2758425965	0.0336652546
21.7115384615	12.2746885870	0.0350372928	12.2764829556	0.0329312842
21.7307692308	12.2753456535	0.0343149757	12.2771091535	0.0321925059
21.7500000000	12.2759887812	0.0335880721	12.2777210988	0.0314490275
21.7692307692	12.2766178790	0.0328566924	12.2783187021	0.0307009577
21.7884615385	12.2772328579	0.0321209442	12.2789018761	0.0299484056
21.8076923077	12.2778336310	0.0313809316	12.2794705358	0.0291914810
21.8269230769	12.2784201133	0.0306367555	12.2800245981	0.0284302945
21.8461538462	12.2789922216	0.0298885136	12.2805639821	0.0276649573
21.8653846154	12.2795498749	0.0291363002	12.2810886090	0.0268955810
21.8846153846	12.2800929940	0.0283802064	12.2815984023	0.0261222780
21.9038461538	12.2806215015	0.0276203200	12.2820932876	0.0253451613
21.9230769231	12.2811353220	0.0268567259	12.2825731925	0.0245643441
21.9423076923	12.2816343821	0.0260895058	12.2830380470	0.0237799406
21.9615384615	12.2821186100	0.0253187389	12.2834877833	0.0229920653
21.9807692308	12.2825879360	0.0245445017	12.2839223357	0.0222008332
22.0000000000	12.2830422920	0.0237668684	12.2843416408	0.0214063598
22.0192307692	12.2834816121	0.0229859114	12.2847456372	0.0206087611
22.0384615385	12.2839058318	0.0222017011	12.2851342661	0.0198081535
22.0576923077	12.2843148887	0.0214143068	12.2855074707	0.0190046540
22.0769230769	12.2847087224	0.0206237968	12.2858651966	0.0181983799
22.0961538462	12.2850872739	0.0198302386	12.2862073914	0.0173894488
22.1153846154	12.2854504865	0.0190336997	12.2865340052	0.0165779789
22.1346153846	12.2857983051	0.0182342479	12.2868449904	0.0157640886
22.1538461538	12.2861306767	0.0174319514	12.2871403016	0.0149478968
22.1730769231	12.2864475501	0.0166268798	12.2874198956	0.0141295227
22.1923076923	12.2867488760	0.0158191041	12.2876837315	0.0133090856
22.2115384615	12.2870346071	0.0150086972	12.2879317710	0.0124867055
22.2307692308	12.2873046981	0.0141957345	12.2881639778	0.0116625023
22.2500000000	12.2875591059	0.0133802942	12.2883803179	0.0108365964
22.2692307692	12.2877977891	0.0125624579	12.2885807598	0.0100091083
22.2884615385	12.2880207088	0.0117423106	12.2887652742	0.0091801590
22.3076923077	12.2882278279	0.0109199414	12.2889338342	0.0083498694
22.3269230769	12.2884191118	0.0100954438	12.2890864152	0.0075183607
22.3461538462	12.2885945279	0.0092689158	12.2892229949	0.0066857543
22.3653846154	12.2887540461	0.0084404604	12.2893435534	0.0058521719
22.3846153846	12.2888976383	0.0076101857	12.2894480730	0.0050177350
22.4038461538	12.2890252791	0.0067782052	12.2895365385	0.0041825656
22.4230769231	12.2891369453	0.0059446379	12.2896089370	0.0033467855
22.4423076923	12.2892326164	0.0051096083	12.2896652579	0.0025105167
22.4615384615	12.2893122742	0.0042732465	12.2897054930	0.0016738815
22.4807692308	12.2893759032	0.0034356886	12.2897296364	0.0008370018
22.5000000000	12.2894234904	0.0025970759	12.2897376845	0.0000000000
22.5192307692	12.2894550255	0.0017575555	12.2897296364	-0.0008370018
22.5384615385	12.2894705009	0.0009172797	12.2897054930	-0.0016738815
22.5576923077	12.2894699119	0.0000764062	12.2896652579	-0.0025105167
22.5769230769	12.2894532562	-0.0007649024	12.2896089370	-0.0033467855
22.5961538462	12.2894205345	-0.0016064791	12.2895365385	-0.0041825656
22.6153846154	12.2893717505	-0.0024481521	12.2894480730	-0.0050177350
22.6346153846	12.2893069105	-0.0032897461	12.2893435534	-0.0058521719
22.6538461538	12.2892260236	-0.0041310820	12.2892229949	-0.0066857543
22.6730769231	12.2891291021	-0.0049719776	12.2890864152	-0.0075183607
22.6923076923	12.2890161610	-0.0058122484	12.2889338342	-0.0083498694
22.7115384615	12.2888872181	-0.0066517075	12.2887652742	-0.0091801590
22.7307692308	12.2887422944	-0.0074901667	12.2885807598	-0.0100091083
22.7500000000	12.2885814134	-0.0083274368	12.2883803179	-0.0108365964
22.7692307692	12.2884046019	-0.0091633281	12.2881639778	-0.0116625023
22.7884615385	12.2882118893	-0.0099976513	12.2879317710	-0.0124867055
22.8076923077	12.2880033080	-0.0108302179	12.2876837315	-0.0133090856
22.8269230769	12.2877788930	-0.0116608407	12.2874198956	-0.0141295227
22.8461538462	12.2875386823	-0.0124893348	12.2871403016	-0.0149478968
22.8653846154	12.2872827167	-0.0133155175	12.2868449904	-0.0157640886
22.8846153846	12.2870110396	-0.0141392097	12.2865340052	-0.0165779789
22.9038461538	12.2867236971	-0.0149602358	12.2862073914	-0.0173894488
22.9230769231	12.2864207379	-0.0157784245	12.2858651966	-0.0181983799
22.9423076923	12.2861022134	-0.0165936093	12.2855074707	-0.0190046540
22.9615384615	12.2857681774	-0.0174056291	12.2851342661	-0.0198081535
22.9807692308	12.2854186863	-0.0182143281	12.2847456372	-0.0206087611
23.0000000000	12.2850537987	-0.0190195567	12.2843416408	-0.0214063598
23.0192307692	12.2846735759	-0.0198211717	12.2839223357	-0.0222008332
23.0384615385	12.2842780812	-0.0206190365	12.2834877833	-0.0229920653
23.0576923077	12.2838673801	-0.0214130215	12.2830380470	-0.0237799406
23.0769230769	12.2834415405	-0.0222030039	12.2825731925	-0.0245643441
23.0961538462	12.2830006322	-0.0229888682	12.2820932876	-0.0253451613
23.1153846154	12.2825447271	-0.0237705063	12.2815984023	-0.0261222780
23.1346153846	12.2820738990	-0.0245478170	12.2810886090	-0.0268955810
23.1538461538	12.2815882239	-0.0253207067	12.2805639821	-0.0276649573
23.1730769231	12.2810877792	-0.0260890884	12.2800245981	-0.0284302945
23.1923076923	12.2805726444	-0.0268528823	12.2794705358	-0.0291914810
23.2115384615	12.2800429006	-0.0276120153	12.2789018761	-0.0299484056
23.2307692308	12.2794986306	-0.0283664205	12.2783187021	-0.0307009577
23.2500000000	12.2789399189	-0.0291160372	12.2777210988	-0.0314490275
23.2692307692	12.2783668516	-0.0298608104	12.2771091535	-0.0321925059
23.2884615385	12.2777795163	-0.0306006902	12.2764829556	-0.0329312842
23.3076923077	12.2771780019	-0.0313356316	12.2758425965	-0.0336652546
23.3269230769	12.2765623991	-0.0320655940	12.2751881696	-0.0343943099
23.3461538462	12.2759328000	-0.0327905403	12.2745197706	-0.0351183437
23.3653846154	12.2752892979	-0.0335104368	12.2738374970	-0.0358372503
23.3846153846	12.2746319876	-0.0342252524	12.2731414484	-0.0365509247
23.4038461538	12.2739609655	-0.0349349580	12.2724317264	-0.0372592627
23.4230769231	12.2732763291	-0.0356395257	12.2717084347	-0.0379621610
23.4423076923	12.2725781773	-0.0363389288	12.2709716788	-0.0386595168
23.4615384615	12.2718666106	-0.0370331404	12.2702215664	-0.0393512284
23.4807692308	12.2711417305	-0.0377221334	12.2694582068	-0.0400371948
23.5000000000	12.2704036403	-0.0384058796	12.2686817117	-0.0407173159
23.5192307692	12.2696524444	-0.0390843492	12.2678921943	-0.0413914923
23.5384615385	12.2688882486	-0.0397575103	12.2670897700	-0.0420596256
23.5576923077	12.2681111604	-0.0404253282	12.2662745558	-0.0427216182
23.5769230769	12.2673212884	-0.0410877651	12.2654466708	-0.0433773736
23.5961538462	12.2665187429	-0.0417447796	12.2646062359	-0.0440267960
23.6153846154	12.2657036357	-0.0423963261	12.2637533737	-0.0446697905
23.6346153846	12.2648760799	-0.0430423546	12.2628882088	-0.0453062633
23.6538461538	12.2640361904	-0.0436828106	12.2620108675	-0.0459361215
23.6730769231	12.2631840835	-0.0443176342	12.2611214779	-0.0465592730
23.6923076923	12.2623198773	-0.0449467605	12.2602201698	-0.0471756271
23.7115384615	12.2614436914	-0.0455701191	12.2593070749	-0.0477850935
23.7307692308	12.2605556471	-0.0461876341	12.2583823263	-0.0483875834
23.7500000000	12.2596558675	-0.0467992241	12.2574460592	-0.0489830088
23.7692307692	12.2587444772	-0.0474048021	12.2564984103	-0.0495712827
23.7884615385	12.2578216029	-0.0480042755	12.2555395178	-0.0501523194
23.8076923077	12.2568873727	-0.0485975466	12.2545695219	-0.0507260339
23.8269230769	12.2559419169	-0.0491845123	12.2535885640	-0.0512923424
23.8461538462	12.2549853673	-0.0497650646	12.2525967875	-0.0518511624
23.8653846154	12.2540178577	-0.0503390909	12.2515943371	-0.0524024122
23.8846153846	12.2530395237	-0.0509064742	12.2505813591	-0.0529460113
23.9038461538	12.2520505029	-0.0514670936	12.2495580016	-0.0534818804
23.9230769231	12.2510509346	-0.0520208246	12.2485244138	-0.0540099413
23.9423076923	12.2500409599	-0.0525675396	12.2474807467	-0.0545301168
23.9615384615	12.2490207221	-0.0531071087	12.2464271526	-0.0550423309
23.9807692308	12.2479903661	-0.0536393994	12.2453637855	-0.0555465090
24.0000000000	12.2469500386	-0.0541642782	12.2442908004	-0.0560425774
24.0192307692	12.2458998884	-0.0546816104	12.2432083542	-0.0565304637
24.0384615385	12.2448400659	-0.0551912607	12.2421166047	-0.0570100966
24.0576923077	12.2437707233	-0.0556930944	12.2410157115	-0.0574814062
24.0769230769	12.2426920147	-0.0561869773	12.2399058352	-0.0579443236
24.0961538462	12.2416040957	-0.0566727766	12.2387871379	-0.0583987811
24.1153846154	12.2405071239	-0.0571503613	12.2376597829	-0.0588447126
24.1346153846	12.2394012584	-0.0576196032	12.2365239348	-0.0592820529
24.1538461538	12.2382866597	-0.0580803766	12.2353797594	-0.0597107380
24.1730769231	12.2371634902	-0.0585325599	12.2342274238	-0.0601307055
24.1923076923	12.2360319136	-0.0589760351	12.2330670962	-0.0605418940
24.2115384615	12.2348920952	-0.0594106888	12.2318989461	-0.0609442435
24.2307692308	12.2337442016	-0.0598364124	12.2307231439	-0.0613376953
24.2500000000	12.2325884007	-0.0602531028	12.2295398614	-0.0617221918
24.2692307692	12.2314248619	-0.0606606623	12.2283492712	-0.0620976771
24.2884615385	12.2302537557	-0.0610589991	12.2271515473	-0.0624640961
24.3076923077	12.2290752537	-0.0614480276	12.2259468645	-0.0628213955
24.3269230769	12.2278895287	-0.0618276685	12.2247353986	-0.0631695231
24.3461538462	12.2266967547	-0.0621978491	12.2235173265	-0.0635084281
24.3653846154	12.2254971063	-0.0625585030	12.2222928262	-0.0638380609
24.3846153846	12.2242907595	-0.0629095707	12.2210620762	-0.0641583735
24.4038461538	12.2230778908	-0.0632509991	12.2198252565	-0.0644693191
24.4230769231	12.2218586778	-0.0635827419	12.2185825474	-0.0647708522
24.4423076923	12.2206332987	-0.0639047588	12.2173341304	-0.0650629289
24.4615384615	12.2194019325	-0.0642170162	12.2160801879	-0.0653455066
24.4807692308	12.2181647588	-0.0645194865	12.2148209029	-0.0656185439
24.5000000000	12.2169219578	-0.0648121477	12.2135564592	-0.0658820010
24.5192307692	12.2156737103	-0.0650949836	12.2122870414	-0.0661358395
24.5384615385	12.2144201978	-0.0653679832	12.2110128350	-0.0663800222
24.5576923077	12.2131616020	-0.0656311402	12.2097340258	-0.0666145136
24.5769230769	12.2118981053	-0.0658844530	12.2084508006	-0.0668392794
24.5961538462	12.2106298903	-0.0661279241	12.2071633468	-0.0670542867
24.6153846154	12.2093571402	-0.0663615594	12.2058718523	-0.0672595043
24.6346153846	12.2080800385	-0.0665853683	12.2045765058	-0.0674549020
24.6538461538	12.2067987689	-0.0667993629	12.2032774962	-0.0676404515
24.6730769231	12.2055135157	-0.0670035577	12.2019750132	-0.0678161256
24.6923076923	12.2042244633	-0.0671979687	12.2006692471	-0.0679818986
24.7115384615	12.2029317964	-0.0673826137	12.1993603884	-0.0681377464
24.7307692308	12.2016357001	-0.0675575113	12.1980486283	-0.0682836462
24.7500000000	12.2003363596	-0.0677226805	12.1967341583	-0.0684195767
24.7692307692	12.1990339606	-0.0678781405	12.1954171702	-0.0685455181
24.7884615385	12.1977286888	-0.0680239102	12.1940978563	-0.0686614519
24.8076923077	12.1964207303	-0.0681600077	12.1927764094	-0.0687673613
24.8269230769	12.1951102716	-0.0682864502	12.1914530222	-0.0688632308
24.8461538462	12.1937974991	-0.0684032533	12.1901278880	-0.0689490463
24.8653846154	12.1924825997	-0.0685104314	12.1888012003	-0.0690247954
24.8846153846	12.1911657606	-0.0686079965	12.1874731528	-0.0690904670
24.9038461538	12.1898471691	-0.0686959588	12.1861439393	-0.0691460515
24.9230769231	12.1885270129	-0.0687743262	12.1848137540	-0.0691915409
24.9423076923	12.1872054798	-0.0688431041	12.1834827910	-0.0692269283
24.9615384615	12.1858827580	-0.0689022955	12.1821512446	-0.0692522088
24.9807692308	12.1845590359	-0.0689519009	12.1808193093	-0.0692673785
25.0000000000	12.1832345022	-0.0689919183	12.1794871795	-0.0692724354
25.0192307692	12.1819093458	-0.0690223430	12.1781550497	-0.0692673785
25.0384615385	12.1805837560	-0.0690431683	12.1768231144	-0.0692522088
25.0576923077	12.1792579221	-0.0690543848	12.1754915680	-0.0692269283
25.0769230769	12.1779320339	-0.0690559813	12.1741606050	-0.0691915409
25.0961538462	12.1766062811	-0.0690479444	12.1728304197	-0.0691460515
25.1153846154	12.1752808540	-0.0690302593	12.1715012062	-0.0690904670
25.1346153846	12.1739559429	-0.0690029095	12.1701731587	-0.0690247954
25.1538461538	12.1726317381	-0.0689658775	12.1688464710	-0.0689490463
25.1730769231	12.1713084304	-0.0689191449	12.1675213368	-0.0688632308
25.1923076923	12.1699862106	-0.0688626928	12.1661979496	-0.0687673613
25.2115384615	12.1686652694	-0.0687965019	12.1648765026	-0.0686614519
25.2307692308	12.1673457978	-0.0687205534	12.1635571888	-0.0685455181
25.2500000000	12.1660279868	-0.0686348287	12.1622402007	-0.0684195767
25.2692307692	12.1647120274	-0.0685393104	12.1609257306	-0.0682836462
25.2884615385	12.1633981105	-0.0684339820	12.1596139705	-0.0681377464
25.3076923077	12.1620864270	-0.0683188288	12.1583051119	-0.0679818986
25.3269230769	12.1607771676	-0.0681938380	12.1569993457	-0.0678161256
25.3461538462	12.1594705231	-0.0680589989	12.1556968628	-0.0676404515
25.3653846154	12.1581666836	-0.0679143037	12.1543978532	-0.0674549020
25.3846153846	12.1568658395	-0.0677597472	12.1531025066	-0.0672595043
25.4038461538	12.1555681804	-0.0675953274	12.1518110122	-0.0670542867
25.4230769231	12.1542738960	-0.0674210458	12.1505235584	-0.0668392794
25.4423076923	12.1529831754	-0.0672369073	12.1492403332	-0.0666145136
25.4615384615	12.1516962070	-0.0670429206	12.1479615240	-0.0663800222
25.4807692308	12.1504131792	-0.0668390986	12.1466873175	-0.0661358395
25.5000000000	12.1491342795	-0.0666254578	12.1454178998	-0.0658820010
25.5192307692	12.1478596949	-0.0664020191	12.1441534561	-0.0656185439
25.5384615385	12.1465896118	-0.0661688074	12.1428941710	-0.0653455066
25.5576923077	12.1453242158	-0.0659258518	12.1416402285	-0.0650629289
25.5769230769	12.1440636918	-0.0656731856	12.1403918116	-0.0647708522
25.5961538462	12.1428082241	-0.0654108458	12.1391491025	-0.0644693191
25.6153846154	12.1415579959	-0.0651388735	12.1379122827	-0.0641583735
25.6346153846	12.1403131896	-0.0648573137	12.1366815328	-0.0638380609
25.6538461538	12.1390739869	-0.0645662147	12.1354570324	-0.0635084281
25.6730769231	12.1378405684	-0.0642656283	12.1342389604	-0.0631695231
25.6923076923	12.1366131137	-0.0639556096	12.1330274945	-0.0628213955
25.7115384615	12.1353918015	-0.0636362161	12.1318228117	-0.0624640961
25.7307692308	12.1341768095	-0.0633075084	12.1306250877	-0.0620976771
25.7500000000	12.1329683142	-0.0629695490	12.1294344976	-0.0617221918
25.7692307692	12.1317664912	-0.0626224025	12.1282512151	-0.0613376953
25.7884615385	12.1305715149	-0.0622661351	12.1270754129	-0.0609442435
25.8076923077	12.1293835586	-0.0619008144	12.1259072627	-0.0605418940
25.8269230769	12.1282027946	-0.0615265088	12.1247469352	-0.0601307055
25.8461538462	12.1270293940	-0.0611432874	12.1235945996	-0.0597107380
25.8653846154	12.1258635268	-0.0607512194	12.1224504242	-0.0592820529
25.8846153846	12.1247053617	-0.0603503742	12.1213145761	-0.0588447126
25.9038461538	12.1235550666	-0.0599408207	12.1201872211	-0.0583987811
25.9230769231	12.1224128079	-0.0595226272	12.1190685238	-0.0579443236
25.9423076923	12.1212787510	-0.0590958612	12.1179586475	-0.0574814062
25.9615384615	12.1201530602	-0.0586605888	12.1168577543	-0.0570100966
25.9807692308	12.1190358987	-0.0582168750	12.1157660048	-0.0565304637
26.0000000000	12.1179274284	-0.0577647831	12.1146835586	-0.0560425774
26.0192307692	12.1168278102	-0.0573043747	12.1136105735	-0.0555465090
26.0384615385	12.1157372038	-0.0568357096	12.1125472063	-0.0550423309
26.0576923077	12.1146557678	-0.0563588458	12.1114936123	-0.0545301168
26.0769230769	12.1135836597	-0.0558738393	12.1104499452	-0.0540099413
26.0961538462	12.1125210359	-0.0553807443	12.1094163574	-0.0534818804
26.1153846154	12.1114680514	-0.0548796129	12.1083929998	-0.0529460113
26.1346153846	12.1104248605	-0.0543704956	12.1073800219	-0.0524024122
26.1538461538	12.1093916161	-0.0538534414	12.1063775715	-0.0518511624
26.1730769231	12.1083684699	-0.0533284974	12.1053857950	-0.0512923424
26.1923076923	12.1073555728	-0.0527957098	12.1044048371	-0.0507260339
26.2115384615	12.1063530741	-0.0522551237	12.1034348411	-0.0501523194
26.2307692308	12.1053611222	-0.0517067834	12.1024759487	-0.0495712827
26.2500000000	12.1043798643	-0.0511507327	12.1015282997	-0.0489830088
26.2692307692	12.1034094463	-0.0505870153	12.1005920326	-0.0483875834
26.2884615385	12.1024500128	-0.0500156754	12.0996672841	-0.0477850935
26.3076923077	12.1015017075	-0.0494367576	12.0987541892	-0.0471756271
26.3269230769	12.1005646723	-0.0488503077	12.0978528811	-0.0465592730
26.3461538462	12.0996390482	-0.0482563727	12.0969634915	-0.0459361215
26.3653846154	12.0987249746	-0.0476550019	12.0960861502	-0.0453062633
26.3846153846	12.0978225896	-0.0470462465	12.0952209853	-0.0446697905
26.4038461538	12.0969320298	-0.0464301607	12.0943681231	-0.0440267960
26.4230769231	12.0960534304	-0.0458068017	12.0935276882	-0.0433773736
26.4423076923	12.0951869250	-0.0451762304	12.0926998032	-0.0427216182
26.4615384615	12.0943326455	-0.0445385115	12.0918845890	-0.0420596256
26.4807692308	12.0934907224	-0.0438937141	12.0910821646	-0.0413914923
26.5000000000	12.0926612844	-0.0432419119	12.0902926473	-0.0407173159
26.5192307692	12.0918444584	-0.0425831836	12.0895161521	-0.0400371948
26.5384615385	12.0910403695	-0.0419176131	12.0887527926	-0.0393512284
26.5576923077	12.0902491410	-0.0412452898	12.0880026802	-0.0386595168
26.5769230769	12.0894708943	-0.0405663088	12.0872659243	-0.0379621610
26.5961538462	12.0887057487	-0.0398807710	12.0865426326	-0.0372592627
26.6153846154	12.0879538215	-0.0391887832	12.0858329106	-0.0365509247
26.6346153846	12.0872152280	-0.0384904584	12.0851368620	-0.0358372503
26.6538461538	12.0864900812	-0.0377859152	12.0844545884	-0.0351183437
26.6730769231	12.0857784920	-0.0370752786	12.0837861893	-0.0343943099
26.6923076923	12.0850805690	-0.0363586791	12.0831317625	-0.0336652546
26.7115384615	12.0843964186	-0.0356362531	12.0824914034	-0.0329312842
26.7307692308	12.0837261446	-0.0349081424	12.0818652054	-0.0321925059
26.7500000000	12.0830698487	-0.0341744940	12.0812532602	-0.0314490275
26.7692307692	12.0824276300	-0.0334354600	12.0806556569	-0.0307009577
26.7884615385	12.0817995852	-0.0326911969	12.0800724829	-0.0299484056
26.8076923077	12.0811858083	-0.0319418655	12.0795038232	-0.0291914810
26.8269230769	12.0805863911	-0.0311876301	12.0789497609	-0.0284302945
26.8461538462	12.0800014226	-0.0304286586	12.0784103769	-0.0276649573
26.8653846154	12.0794309893	-0.0296651213	12.0778857500	-0.0268955810
26.8846153846	12.0788751753	-0.0288971910	12.0773759567	-0.0261222780
26.9038461538	12.0783340618	-0.0281250418	12.0768810714	-0.0253451613
26.9230769231	12.0778077275	-0.0273488493	12.0764011665	-0.0245643441
26.9423076923	12.0772962488	-0.0265687891	12.0759363119	-0.0237799406
26.9615384615	12.0767996991	-0.0257850369	12.0754865756	-0.0229920653
26.9807692308	12.0763181495	-0.0249977675	12.0750520233	-0.0222008332
27.0000000000	12.0758516685	-0.0242071545	12.0746327182	-0.0214063598
27.0192307692	12.0754003219	-0.0234133694	12.0742287218	-0.0206087611
27.0384615385	12.0749641733	-0.0226165813	12.0738400929	-0.0198081535
27.0576923077	12.0745432836	-0.0218169559	12.0734668882	-0.0190046540
27.0769230769	12.0741377112	-0.0210146557	12.0731091624	-0.0181983799
27.0961538462	12.0737475123	-0.0202098388	12.0727669676	-0.0173894488
27.1153846154	12.0733727404	-0.0194026586	12.0724403537	-0.0165779789
27.1346153846	12.0730134471	-0.0185932640	12.0721293685	-0.0157640886
27.1538461538	12.0726696813	-0.0177817980	12.0718340574	-0.0149478968
27.1730769231	12.0723414898	-0.0169683982	12.0715544634	-0.0141295227
27.1923076923	12.0720289171	-0.0161531962	12.0712906274	-0.0133090856
27.2115384615	12.0717320056	-0.0153363176	12.0710425880	-0.0124867055
27.2307692308	12.0714507956	-0.0145178814	12.0708103812	-0.0116625023
27.2500000000	12.0711853252	-0.0136980005	12.0705940411	-0.0108365964
27.2692307692	12.0709356305	-0.0128767814	12.0703935992	-0.0100091083
27.2884615385	12.0707017455	-0.0120543241	12.0702090848	-0.0091801590
27.3076923077	12.0704837022	-0.0112307225	12.0700405247	-0.0083498694
27.3269230769	12.0702815307	-0.0104060645	12.0698879437	-0.0075183607
27.3461538462	12.0700952593	-0.0095804320	12.0697513641	-0.0066857543
27.3653846154	12.0699249141	-0.0087539015	12.0696308056	-0.0058521719
27.3846153846	12.0697705195	-0.0079265443	12.0695262860	-0.0050177350
27.4038461538	12.0696320980	-0.0070984271	12.0694378205	-0.0041825656
27.4230769231	12.0695096701	-0.0062696120	12.0693654220	-0.0033467855
27.4423076923	12.0694032548	-0.0054401575	12.0693091011	-0.0025105167
27.4615384615	12.0693128687	-0.0046101188	12.0692688660	-0.0016738815
27.4807692308	12.0692385271	-0.0037795484	12.0692447226	-0.0008370018
27.5000000000	12.0691802431	-0.0029484968	12.0692366744	-0.0000000000
27.5192307692	12.0691380279	-0.0021170130	12.0692447226	0.0008370018
27.5384615385	12.0691118910	-0.0012851453	12.0692688660	0.0016738815
27.5576923077	12.0691018398	-0.0004529419	12.0693091011	0.0025105167
27.5769230769	12.0691078799	0.0003795486	12.0693654220	0.0033467855
27.5961538462	12.0691300147	0.0012122761	12.0694378205	0.0041825656
27.6153846154	12.0691682459	0.0020451888	12.0695262860	0.0050177350
27.6346153846	12.0692225728	0.0028782322	12.0696308056	0.0058521719
27.6538461538	12.0692929927	0.0037113487	12.0697513641	0.0066857543
27.6730769231	12.0693795009	0.0045444771	12.0698879437	0.0075183607
27.6923076923	12.0694820904	0.0053775514	12.0700405247	0.0083498694
27.7115384615	12.0696007518	0.0062105012	12.0702090848	0.0091801590
27.7307692308	12.0697354735	0.0070432505	12.0703935992	0.0100091083
27.7500000000	12.0698862416	0.0078757174	12.0705940411	0.0108365964
27.7692307692	12.0700530397	0.0087078142	12.0708103812	0.0116625023
27.7884615385	12.0702358490	0.0095394462	12.0710425880	0.0124867055
27.8076923077	12.0704346480	0.0103705124	12.0712906274	0.0133090856
27.8269230769	12.0706494127	0.0112009046	12.0715544634	0.0141295227
27.8461538462	12.0708801166	0.0120305075	12.0718340574	0.0149478968
27.8653846154	12.0711267303	0.0128591986	12.0721293685	0.0157640886
27.8846153846	12.0713892218	0.0136868484	12.0724403537	0.0165779789
27.9038461538	12.0716675562	0.0145133203	12.0727669676	0.0173894488
27.9230769231	12.0719616960	0.0153384704	12.0731091624	0.0181983799
27.9423076923	12.0722716005	0.0161621485	12.0734668882	0.0190046540
27.9615384615	12.0725972265	0.0169841976	12.0738400929	0.0198081535
27.9807692308	12.0729385277	0.0178044546	12.0742287218	0.0206087611
28.0000000000	12.0732954548	0.0186227508	12.0746327182	0.0214063598
28.0192307692	12.0736679556	0.0194389118	12.0750520233	0.0222008332
28.0384615385	12.0740559752	0.0202527587	12.0754865756	0.0229920653
28.0576923077	12.0744594554	0.0210641082	12.0759363119	0.0237799406
28.0769230769	12.0748783352	0.0218727731	12.0764011665	0.0245643441
28.0961538462	12.0753125507	0.0226785633	12.0768810714	0.0253451613
28.1153846154	12.0757620351	0.0234812861	12.0773759567	0.0261222780
28.1346153846	12.0762267185	0.0242807471	12.0778857500	0.0268955810
28.1538461538	12.0767065284	0.0250767507	12.0784103769	0.0276649573
28.1730769231	12.0772013894	0.0258691009	12.0789497609	0.0284302945
28.1923076923	12.0777112232	0.0266576020	12.0795038232	0.0291914810
28.2115384615	12.0782359488	0.0274420593	12.0800724829	0.0299484056
28.2307692308	12.0787754826	0.0282222796	12.0806556569	0.0307009577
28.2500000000	12.0793297383	0.0289980723	12.0812532602	0.0314490275
28.2692307692	12.0798986270	0.0297692496	12.0818652054	0.0321925059
28.2884615385	12.0804820574	0.0305356273	12.0824914034	0.0329312842
28.3076923077	12.0810799357	0.0312970257	12.0831317625	0.0336652546
28.3269230769	12.0816921657	0.0320532696	12.0837861893	0.0343943099
28.3461538462	12.0823186489	0.0328041891	12.0844545884	0.0351183437
28.3653846154	12.0829592846	0.0335496201	12.0851368620	0.0358372503
28.3846153846	12.0836139701	0.0342894048	12.0858329106	0.0365509247
28.4038461538	12.0842826004	0.0350233918	12.0865426326	0.0372592627
28.4230769231	12.0849650687	0.0357514365	12.0872659243	0.0379621610
28.4423076923	12.0856612662	0.0364734015	12.0880026802	0.0386595168
28.4615384615	12.0863710822	0.0371891566	12.0887527926	0.0393512284
28.4807692308	12.0870944043	0.0378985793	12.0895161521	0.0400371948
28.5000000000	12.0878311186	0.0386015542	12.0902926473	0.0407173159
28.5192307692	12.0885811091	0.0392979735	12.0910821646	0.0413914923
28.5384615385	12.0893442588	0.0399877371	12.0918845890	0.0420596256
28.5576923077	12.0901204488	0.0406707519	12.0926998032	0.0427216182
28.5769230769	12.0909095588	0.0413469322	12.0935276882	0.0433773736
28.5961538462	12.0917114674	0.0420161991	12.0943681231	0.0440267960
28.6153846154	12.0925260515	0.0426784805	12.0952209853	0.0446697905
28.6346153846	12.0933531869	0.0433337108	12.0960861502	0.0453062633
28.6538461538	12.0941927481	0.0439818300	12.0969634915	0.0459361215
28.6730769231	12.0950446084	0.0446227842	12.0978528811	0.0465592730
28.6923076923	12.0959086398	0.0452565244	12.0987541892	0.0471756271
28.7115384615	12.0967847133	0.0458830065	12.0996672841	0.0477850935
28.7307692308	12.0976726986	0.0465021905	12.1005920326	0.0483875834
28.7500000000	12.0985724643	0.0471140404	12.1015282997	0.0489830088
28.7692307692	12.0994838779	0.0477185232	12.1024759487	0.0495712827
28.7884615385	12.1004068056	0.0483156089	12.1034348411	0.0501523194
28.8076923077	12.1013411128	0.0489052695	12.1044048371	0.0507260339
28.8269230769	12.1022866635	0.0494874789	12.1053857950	0.0512923424
28.8461538462	12.1032433206	0.0500622121	12.1063775715	0.0518511624
28.8653846154	12.1042109458	0.0506294448	12.1073800219	0.0524024122
28.8846153846	12.1051893998	0.0511891529	12.1083929998	0.0529460113
28.9038461538	12.1061785419	0.0517413124	12.1094163574	0.0534818804
28.9230769231	12.1071782303	0.0522858982	12.1104499452	0.0540099413
28.9423076923	12.1081883219	0.0528228847	12.1114936123	0.0545301168
28.9615384615	12.1092086725	0.0533522444	12.1125472063	0.0550423309
28.9807692308	12.1102391364	0.0538739485	12.1136105735	0.0555465090
29.0000000000	12.1112795667	0.0543879660	12.1146835586	0.0560425774
29.0192307692	12.1123298151	0.0548942638	12.1157660048	0.0565304637
29.0384615385	12.1133897322	0.0553928064	12.1168577543	0.0570100966
29.0576923077	12.1144591669	0.0558835556	12.1179586475	0.0574814062
29.0769230769	12.1155379668	0.0563664706	12.1190685238	0.0579443236
29.0961538462	12.1166259782	0.0568415080	12.1201872211	0.0583987811
29.1153846154	12.1177230459	0.0573086214	12.1213145761	0.0588447126
29.1346153846	12.1188290133	0.0577677619	12.1224504242	0.0592820529
29.1538461538	12.1199437222	0.0582188777	12.1235945996	0.0597107380
29.1730769231	12.1210670131	0.0586619146	12.1247469352	0.0601307055
29.1923076923	12.1221987251	0.0590968160	12.1259072627	0.0605418940
29.2115384615	12.1233386956	0.0595235229	12.1270754129	0.0609442435
29.2307692308	12.1244867609	0.0599419743	12.1282512151	0.0613376953
29.2500000000	12.1256427555	0.0603521074	12.1294344976	0.0617221918
29.2692307692	12.1268065128	0.0607538579	12.1306250877	0.0620976771
29.2884615385	12.1279778646	0.0611471602	12.1318228117	0.0624640961
29.3076923077	12.1291566414	0.0615319476	12.1330274945	0.0628213955
29.3269230769	12.1303426723	0.0619081528	12.1342389604	0.0631695231
29.3461538462	12.1315357852	0.0622757082	12.1354570324	0.0635084281
29.3653846154	12.1327358066	0.0626345460	12.1366815328	0.0638380609
29.3846153846	12.1339425619	0.0629845988	12.1379122827	0.0641583735
29.4038461538	12.1351558751	0.0633257997	12.1391491025	0.0644693191
29.4230769231	12.1363755693	0.0636580827	12.1403918116	0.0647708522
29.4423076923	12.1376014663	0.0639813830	12.1416402285	0.0650629289
29.4615384615	12.1388333869	0.0642956374	12.1428941710	0.0653455066
29.4807692308	12.1400711511	0.0646007841	12.1441534561	0.0656185439
29.5000000000	12.1413145777	0.0648967635	12.1454178998	0.0658820010
29.5192307692	12.1425634848	0.0651835181	12.1466873175	0.0661358395
29.5384615385	12.1438176896	0.0654609930	12.1479615240	0.0663800222
29.5576923077	12.1450770085	0.0657291354	12.1492403332	0.0666145136
29.5769230769	12.1463412574	0.0659878956	12.1505235584	0.0668392794
29.5961538462	12.1476102512	0.0662372263	12.1518110122	0.0670542867
29.6153846154	12.1488838047	0.0664770834	12.1531025066	0.0672595043
29.6346153846	12.1501617316	0.0667074254	12.1543978532	0.0674549020
29.6538461538	12.1514438457	0.0669282139	12.1556968628	0.0676404515
29.6730769231	12.1527299599	0.0671394132	12.1569993457	0.0678161256
29.6923076923	12.1540198870	0.0673409905	12.1583051119	0.0679818986
29.7115384615	12.1553134394	0.0675329158	12.1596139705	0.0681377464
29.7307692308	12.1566104293	0.0677151616	12.1609257306	0.0682836462
29.7500000000	12.1579106685	0.0678877031	12.1622402007	0.0684195767
29.7692307692	12.1592139687	0.0680505177	12.1635571888	0.0685455181
29.7884615385	12.1605201415	0.0682035850	12.1648765026	0.0686614519
29.8076923077	12.1618289981	0.0683468868	12.1661979496	0.0687673613
29.8269230769	12.1631403500	0.0684804064	12.1675213368	0.0688632308
29.8461538462	12.1644540082	0.0686041288	12.1688464710	0.0689490463
29.8653846154	12.1657697841	0.0687180405	12.1701731587	0.0690247954
29.8846153846	12.1670874885	0.0688221290	12.1715012062	0.0690904670
29.9038461538	12.1684069326	0.0689163828	12.1728304197	0.0691460515
29.9230769231	12.1697279275	0.0690007910	12.1741606050	0.0691915409
29.9423076923	12.1710502842	0.0690753434	12.1754915680	0.0692269283
29.9615384615	12.1723738136	0.0691400299	12.1768231144	0.0692522088
29.9807692308	12.1736983268	0.0691948406	12.1781550497	0.0692673785
30.0000000000	12.1750236348	0.0692397655	12.1794871795	0.0692724354
30.0192307692	12.1763495486	0.0692747945	12.1808193093	0.0692673785
30.0384615385	12.1776758790	0.0692999171	12.1821512446	0.0692522088
30.0576923077	12.1790024372	0.0693151223	12.1834827910	0.0692269283
30.0769230769	12.1803290339	0.0693203986	12.1848137540	0.0691915409
30.0961538462	12.1816554800	0.0693157342	12.1861439393	0.0691460515
30.1153846154	12.1829815864	0.0693011162	12.1874731528	0.0690904670
30.1346153846	12.1843071638	0.0692765316	12.1888012003	0.0690247954
30.1538461538	12.1856320230	0.0692419666	12.1901278880	0.0689490463
30.1730769231	12.1869559745	0.0691974071	12.1914530222	0.0688632308
30.1923076923	12.1882788289	0.0691428384	12.1927764094	0.0687673613
30.2115384615	12.1896003968	0.0690782460	12.1940978563	0.0686614519
30.2307692308	12.1909204885	0.0690036148	12.1954171702	0.0685455181
30.2500000000	12.1922389145	0.0689189302	12.1967341583	0.0684195767
30.2692307692	12.1935554850	0.0688241779	12.1980486283	0.0682836462
30.2884615385	12.1948700102	0.0687193441	12.1993603884	0.0681377464
30.3076923077	12.1961823004	0.0686044158	12.2006692471	0.0679818986
30.3269230769	12.1974921657	0.0684793812	12.2019750132	0.0678161256
30.3461538462	12.1987994163	0.0683442298	12.2032774962	0.0676404515
30.3653846154	12.2001038624	0.0681989531	12.2045765058	0.0674549020
30.3846153846	12.2014053143	0.0680435443	12.2058718523	0.0672595043
30.4038461538	12.2027035822	0.0678779991	12.2071633468	0.0670542867
30.4230769231	12.2039984765	0.0677023159	12.2084508006	0.0668392794
30.4423076923	12.2052898079	0.0675164961	12.2097340258	0.0666145136
30.4615384615	12.2065773871	0.0673205443	12.2110128350	0.0663800222
30.4807692308	12.2078610251	0.0671144688	12.2122870414	0.0661358395
30.5000000000	12.2091405332	0.0668982818	12.2135564592	0.0658820010
30.5192307692	12.2104157232	0.0666719997	12.2148209029	0.0656185439
30.5384615385	12.2116864071	0.0664356432	12.2160801879	0.0653455066
30.5576923077	12.2129523974	0.0661892379	12.2173341304	0.0650629289
30.5769230769	12.2142135072	0.0659328139	12.2185825474	0.0647708522
30.5961538462	12.2154695502	0.0656664066	12.2198252565	0.0644693191
30.6153846154	12.2167203406	0.0653900565	12.2210620762	0.0641583735
30.6346153846	12.2179656936	0.0651038093	12.2222928262	0.0638380609
30.6538461538	12.2192054251	0.0648077161	12.2235173265	0.0635084281
30.6730769231	12.2204393517	0.0645018332	12.2247353986	0.0631695231
30.6923076923	12.2216672910	0.0641862224	12.2259468645	0.0628213955
30.7115384615	12.2228890619	0.0638609507	12.2271515473	0.0624640961
30.7307692308	12.2241044839	0.0635260903	12.2283492712	0.0620976771
30.7500000000	12.2253133780	0.0631817185	12.2295398614	0.0617221918
30.7692307692	12.2265155663	0.0628279174	12.2307231439	0.0613376953
30.7884615385	12.2277108721	0.0624647738	12.2318989461	0.0609442435
30.8076923077	12.2288991200	0.0620923789	12.2330670962	0.0605418940
30.8269230769	12.2300801362	0.0617108281	12.2342274238	0.0601307055
30.8461538462	12.2312537480	0.0613202205	12.2353797594	0.0597107380
30.8653846154	12.2324197845	0.0609206587	12.2365239348	0.0592820529
30.8846153846	12.2335780762	0.0605122484	12.2376597829	0.0588447126
30.9038461538	12.2347284550	0.0600950980	12.2387871379	0.0583987811
30.9230769231	12.2358707547	0.0596693181	12.2399058352	0.0579443236
30.9423076923	12.2370048106	0.0592350210	12.2410157115	0.0574814062
30.9615384615	12.2381304595	0.0587923207	12.2421166047	0.0570100966
30.9807692308	12.2392475402	0.0583413317	12.2432083542	0.0565304637
31.0000000000	12.2403558930	0.0578821693	12.2442908004	0.0560425774
31.0192307692	12.2414553599	0.0574149485	12.2453637855	0.0555465090
31.0384615385	12.2425457847	0.0569397839	12.2464271526	0.0550423309
31.0576923077	12.2436270129	0.0564567892	12.2474807467	0.0545301168
31.0769230769	12.2446988916	0.0559660768	12.2485244138	0.0540099413
31.0961538462	12.2457612699	0.0554677569	12.2495580016	0.0534818804
31.1153846154	12.2468139984	0.0549619381	12.2505813591	0.0529460113
31.1346153846	12.2478569293	0.0544487260	12.2515943371	0.0524024122
31.1538461538	12.2488899166	0.0539282234	12.2525967875	0.0518511624
31.1730769231	12.2499128160	0.0534005299	12.2535885640	0.0512923424
31.1923076923	12.2509254847	0.0528657417	12.2545695219	0.0507260339
31.2115384615	12.2519277815	0.0523239511	12.2555395178	0.0501523194
31.2307692308	12.2529195670	0.0517752466	12.2564984103	0.0495712827
31.2500000000	12.2539007030	0.0512197127	12.2574460592	0.0489830088
31.2692307692	12.2548710530	0.0506574295	12.2583823263	0.0483875834
31.2884615385	12.2558304819	0.0500884733	12.2593070749	0.0477850935
31.3076923077	12.2567788562	0.0495129158	12.2602201698	0.0471756271
31.3269230769	12.2577160437	0.0489308246	12.2611214779	0.0465592730
31.3461538462	12.2586419135	0.0483422634	12.2620108675	0.0459361215
31.3653846154	12.2595563363	0.0477472917	12.2628882088	0.0453062633
31.3846153846	12.2604591840	0.0471459654	12.2637533737	0.0446697905
31.4038461538	12.2613503297	0.0465383367	12.2646062359	0.0440267960
31.4230769231	12.2622296479	0.0459244546	12.2654466708	0.0433773736
31.4423076923	12.2630970145	0.0453043652	12.2662745558	0.0427216182
31.4615384615	12.2639523065	0.0446781116	12.2670897700	0.0420596256
31.4807692308	12.2647954021	0.0440457352	12.2678921943	0.0413914923
31.5000000000	12.2656261809	0.0434072749	12.2686817117	0.0407173159
31.5192307692	12.2664445236	0.0427627686	12.2694582068	0.0400371948
31.5384615385	12.2672503124	0.0421122531	12.2702215664	0.0393512284
31.5576923077	12.2680434304	0.0414557646	12.2709716788	0.0386595168
31.5769230769	12.2688237621	0.0407933392	12.2717084347	0.0379621610
31.5961538462	12.2695911935	0.0401250135	12.2724317264	0.0372592627
31.6153846154	12.2703456115	0.0394508252	12.2731414484	0.0365509247
31.6346153846	12.2710869048	0.0387708132	12.2738374970	0.0358372503
31.6538461538	12.2718149630	0.0380850183	12.2745197706	0.0351183437
31.6730769231	12.2725296774	0.0373934836	12.2751881696	0.0343943099
31.6923076923	12.2732309407	0.0366962553	12.2758425965	0.0336652546
31.7115384615	12.2739186470	0.0359933826	12.2764829556	0.0329312842
31.7307692308	12.2745926919	0.0352849184	12.2771091535	0.0321925059
31.7500000000	12.2752529727	0.0345709196	12.2777210988	0.0314490275
31.7692307692	12.2758993883	0.0338514476	12.2783187021	0.0307009577
31.7884615385	12.2765318393	0.0331265683	12.2789018761	0.0299484056
31.8076923077	12.2771502280	0.0323963529	12.2794705358	0.0291914810
31.8269230769	12.2777544586	0.0316608775	12.2800245981	0.0284302945
31.8461538462	12.2783444372	0.0309202237	12.2805639821	0.0276649573
31.8653846154	12.2789200716	0.0301744786	12.2810886090	0.0268955810
31.8846153846	12.2794812719	0.0294237350	12.2815984023	0.0261222780
31.9038461538	12.2800279502	0.0286680915	12.2820932876	0.0253451613
31.9230769231	12.2805600206	0.0279076520	12.2825731925	0.0245643441
31.9423076923	12.2810773996	0.0271425266	12.2830380470	0.0237799406
31.9615384615	12.2815800059	0.0263728306	12.2834877833	0.0229920653
31.9807692308	12.2820677603	0.0255986850	12.2839223357	0.0222008332
32.0000000000	12.2825405864	0.0248202157	12.2843416408	0.0214063598
32.0192307692	12.2829984098	0.0240375542	12.2847456372	0.0206087611
32.0384615385	12.2834411588	0.0232508363	12.2851342661	0.0198081535
32.0576923077	12.2838687643	0.0224602027	12.2855074707	0.0190046540
32.0769230769	12.2842811596	0.0216657980	12.2858651966	0.0181983799
32.0961538462	12.2846782807	0.0208677710	12.2862073914	0.0173894488
32.1153846154	12.2850600662	0.0200662736	12.2865340052	0.0165779789
32.1346153846	12.2854264575	0.0192614610	12.2868449904	0.0157640886
32.1538461538	12.2857773986	0.0184534910	12.2871403016	0.0149478968
32.1730769231	12.2861128362	0.0176425236	12.2874198956	0.0141295227
32.1923076923	12.2864327198	0.0168287208	12.2876837315	0.0133090856
32.2115384615	12.2867370016	0.0160122456	12.2879317710	0.0124867055
32.2307692308	12.2870256366	0.0151932623	12.2881639778	0.0116625023
32.2500000000	12.2872985826	0.0143719352	12.2883803179	0.0108365964
32.2692307692	12.2875557999	0.0135484292	12.2885807598	0.0100091083
32.2884615385	12.2877972520	0.0127229084	12.2887652742	0.0091801590
32.3076923077	12.2880229046	0.0118955362	12.2889338342	0.0083498694
32.3269230769	12.2882327266	0.0110664751	12.2890864152	0.0075183607
32.3461538462	12.2884266893	0.0102358858	12.2892229949	0.0066857543
32.3653846154	12.2886047666	0.0094039273	12.2893435534	0.0058521719
32.3846153846	12.2887669353	0.0085707565	12.2894480730	0.0050177350
32.4038461538	12.2889131747	0.0077365278	12.2895365385	0.0041825656
32.4230769231	12.2890434667	0.0069013929	12.2896089370	0.0033467855
32.4423076923	12.2891577956	0.0060655009	12.2896652579	0.0025105167
32.4615384615	12.2892561483	0.0052289977	12.2897054930	0.0016738815
32.4807692308	12.2893385143	0.0043920261	12.2897296364	0.0008370018
32.5000000000	12.2894048854	0.0035547258	12.2897376845	-0.0000000000
32.5192307692	12.2894552557	0.0027172331	12.2897296364	-0.0008370018
32.5384615385	12.2894896219	0.0018796811	12.2897054930	-0.0016738815
32.5576923077	12.2895079827	0.0010421996	12.2896652579	-0.0025105167
32.5769230769	12.2895103394	0.0002049154	12.2896089370	-0.0033467855
32.5961538462	12.2894966953	-0.0006320480	12.2895365385	-0.0041825656
32.6153846154	12.2894670560	-0.0014685701	12.2894480730	-0.0050177350
32.6346153846	12.2894214294	-0.0023045330	12.2893435534	-0.0058521719
32.6538461538	12.2893598252	-0.0031398217	12.2892229949	-0.0066857543
32.6730769231	12.2892822556	-0.0039743234	12.2890864152	-0.0075183607
32.6923076923	12.2891887347	-0.0048079277	12.2889338342	-0.0083498694
32.7115384615	12.2890792787	-0.0056405261	12.2887652742	-0.0091801590
32.7307692308	12.2889539057	-0.0064720120	12.2885807598	-0.0100091083
32.7500000000	12.2888126362	-0.0073022799	12.2883803179	-0.0108365964
32.7692307692	12.2886554924	-0.0081312260	12.2881639778	-0.0116625023
32.7884615385	12.2884824985	-0.0089587472	12.2879317710	-0.0124867055
32.8076923077	12.2882936810	-0.0097847410	12.2876837315	-0.0133090856
32.8269230769	12.2880890682	-0.0106091055	12.2874198956	-0.0141295227
32.8461538462	12.2878686903	-0.0114317389	12.2871403016	-0.0149478968
32.8653846154	12.2876325797	-0.0122525394	12.2868449904	-0.0157640886
32.8846153846	12.2873807707	-0.0130714049	12.2865340052	-0.0165779789
32.9038461538	12.2871132998	-0.0138882329	12.2862073914	-0.0173894488
32.9230769231	12.2868302052	-0.0147029201	12.2858651966	-0.0181983799
32.9423076923	12.2865315276	-0.0155153626	12.2855074707	-0.0190046540
32.9615384615	12.2862173093	-0.0163254552	12.2851342661	-0.0198081535
32.9807692308	12.2858875949	-0.0171330919	12.2847456372	-0.0206087611
33.0000000000	12.2855424312	-0.0179381656	12.2843416408	-0.0214063598
33.0192307692	12.2851818669	-0.0187405679	12.2839223357	-0.0222008332
33.0384615385	12.2848059529	-0.0195401892	12.2834877833	-0.0229920653
33.0576923077	12.2844147424	-0.0203369187	12.2830380470	-0.0237799406
33.0769230769	12.2840082906	-0.0211306445	12.2825731925	-0.0245643441
33.0961538462	12.2835866550	-0.0219212533	12.2820932876	-0.0253451613
33.1153846154	12.2831498952	-0.0227086313	12.2815984023	-0.0261222780
33.1346153846	12.2826980731	-0.0234926633	12.2810886090	-0.0268955810
33.1538461538	12.2822312529	-0.0242732335	12.2805639821	-0.0276649573
33.1730769231	12.2817495010	-0.0250502257	12.2800245981	-0.0284302945
33.1923076923	12.2812528861	-0.0258235229	12.2794705358	-0.0291914810
33.2115384615	12.2807414792	-0.0265930082	12.2789018761	-0.0299484056
33.2307692308	12.2802153536	-0.0273585644	12.2783187021	-0.0307009577
33.2500000000	12.2796745847	-0.0281200746	12.2777210988	-0.0314490275
33.2692307692	12.2791192506	-0.0288774224	12.2771091535	-0.0321925059
33.2884615385	12.2785494314	-0.0296304920	12.2764829556	-0.0329312842
33.3076923077	12.2779652096	-0.0303791685	12.2758425965	-0.0336652546
33.3269230769	12.2773666700	-0.0311233379	12.2751881696	-0.0343943099
33.3461538462	12.2767538996	-0.0318628879	12.2745197706	-0.0351183437
33.3653846154	12.2761269879	-0.0325977074	12.2738374970	-0.0358372503
33.3846153846	12.2754860265	-0.0333276873	12.2731414484	-0.0365509247
33.4038461538	12.2748311091	-0.0340527203	12.2724317264	-0.0372592627
33.4230769231	12.2741623321	-0.0347727012	12.2717084347	-0.0379621610
33.4423076923	12.2734797935	-0.0354875272	12.2709716788	-0.0386595168
33.4615384615	12.2727835940	-0.0361970977	12.2702215664	-0.0393512284
33.4807692308	12.2720738361	-0.0369013147	12.2694582068	-0.0400371948
33.5000000000	12.2713506246	-0.0376000828	12.2686817117	-0.0407173159
33.5192307692	12.2706140663	-0.0382933090	12.2678921943	-0.0413914923
33.5384615385	12.2698642702	-0.0389809031	12.2670897700	-0.0420596256
33.5576923077	12.2691013471	-0.0396627775	12.2662745558	-0.0427216182
33.5769230769	12.2683254099	-0.0403388471	12.2654466708	-0.0433773736
33.5961538462	12.2675365734	-0.0410090295	12.2646062359	-0.0440267960
33.6153846154	12.2667349545	-0.0416732443	12.2637533737	-0.0446697905
33.6346153846	12.2659206717	-0.0423314139	12.2628882088	-0.0453062633
33.6538461538	12.2650938455	-0.0429834624	12.2620108675	-0.0459361215
33.6730769231	12.2642545981	-0.0436293161	12.2611214779	-0.0465592730
33.6923076923	12.2634030534	-0.0442689030	12.2602201698	-0.0471756271
33.7115384615	12.2625393373	-0.0449021525	12.2593070749	-0.0477850935
33.7307692308	12.2616635771	-0.0455289955	12.2583823263	-0.0483875834
33.7500000000	12.2607759019	-0.0461493638	12.2574460592	-0.0489830088
33.7692307692	12.2598764423	-0.0467631900	12.2564984103	-0.0495712827
33.7884615385	12.2589653305	-0.0473704073	12.2555395178	-0.0501523194
33.8076923077	12.2580427003	-0.0479709488	12.2545695219	-0.0507260339
33.8269230769	12.2571086871	-0.0485647480	12.2535885640	-0.0512923424
33.8461538462	12.2561634276	-0.0491517378	12.2525967875	-0.0518511624
33.8653846154	12.2552070601	-0.0497318503	12.2515943371	-0.0524024122
33.8846153846	12.2542397244	-0.0503050172	12.2505813591	-0.0529460113
33.9038461538	12.2532615615	-0.0508711686	12.2495580016	-0.0534818804
33.9230769231	12.2522727140	-0.0514302336	12.2485244138	-0.0540099413
33.9423076923	12.2512733259	-0.0519821394	12.2474807467	-0.0545301168
33.9615384615	12.2502635425	-0.0525268117	12.2464271526	-0.0550423309
33.9807692308	12.2492435104	-0.0530641742	12.2453637855	-0.0555465090
34.0000000000	12.2482133776	-0.0535941484	12.2442908004	-0.0560425774
34.0192307692	12.2471732936	-0.0541166538	12.2432083542	-0.0565304637
34.0384615385	12.2461234089	-0.0546316075	12.2421166047	-0.0570100966
34.0576923077	12.2450638756	-0.0551389246	12.2410157115	-0.0574814062
34.0769230769	12.2439948470	-0.0556385176	12.2399058352	-0.0579443236
34.0961538462	12.2429164776	-0.0561302969	12.2387871379	-0.0583987811
34.1153846154	12.2418289233	-0.0566141709	12.2376597829	-0.0588447126
34.1346153846	12.2407323415	-0.0570900456	12.2365239348	-0.0592820529
34.1538461538	12.2396268904	-0.0575578256	12.2353797594	-0.0597107380
34.1730769231	12.2385127298	-0.0580174133	12.2342274238	-0.0601307055
34.1923076923	12.2373900207	-0.0584687099	12.2330670962	-0.0605418940
34.2115384615	12.2362589254	-0.0589116155	12.2318989461	-0.0609442435
34.2307692308	12.2351196074	-0.0593460290	12.2307231439	-0.0613376953
34.2500000000	12.2339722314	-0.0597718488	12.2295398614	-0.0617221918
34.2692307692	12.2328169633	-0.0601889734	12.2283492712	-0.0620976771
34.2884615385	12.2316539703	-0.0605973008	12.2271515473	-0.0624640961
34.3076923077	12.2304834208	-0.0609967302	12.2259468645	-0.0628213955
34.3269230769	12.2293054843	-0.0613871612	12.2247353986	-0.0631695231
34.3461538462	12.2281203314	-0.0617684951	12.2235173265	-0.0635084281
34.3653846154	12.2269281340	-0.0621406350	12.2222928262	-0.0638380609
34.3846153846	12.2257290649	-0.0625034860	12.2210620762	-0.0641583735
34.4038461538	12.2245232982	-0.0628569562	12.2198252565	-0.0644693191
34.4230769231	12.2233110089	-0.0632009567	12.2185825474	-0.0647708522
34.4423076923	12.2220923731	-0.0635354022	12.2173341304	-0.0650629289
34.4615384615	12.2208675677	-0.0638602111	12.2160801879	-0.0653455066
34.4807692308	12.2196367708	-0.0641753066	12.2148209029	-0.0656185439
34.5000000000	12.2184001612	-0.0644806165	12.2135564592	-0.0658820010
34.5192307692	12.2171579188	-0.0647760734	12.2122870414	-0.0661358395
34.5384615385	12.2159102241	-0.0650616158	12.2110128350	-0.0663800222
34.5576923077	12.2146572585	-0.0653371875	12.2097340258	-0.0666145136
34.5769230769	12.2133992041	-0.0656027384	12.2084508006	-0.0668392794
34.5961538462	12.2121362437	-0.0658582248	12.2071633468	-0.0670542867
34.6153846154	12.2108685607	-0.0661036088	12.2058718523	-0.0672595043
34.6346153846	12.2095963392	-0.0663388595	12.2045765058	-0.0674549020
34.6538461538	12.2083197638	-0.0665639521	12.2032774962	-0.0676404515
34.6730769231	12.2070390196	-0.0667788687	12.2019750132	-0.0678161256
34.6923076923	12.2057542921	-0.0669835976	12.2006692471	-0.0679818986
34.7115384615	12.2044657673	-0.0671781338	12.1993603884	-0.0681377464
34.7307692308	12.2031736314	-0.0673624786	12.1980486283	-0.0682836462
34.7500000000	12.2018780712	-0.0675366394	12.1967341583	-0.0684195767
34.7692307692	12.2005792734	-0.0677006296	12.1954171702	-0.0685455181
34.7884615385	12.1992774252	-0.0678544682	12.1940978563	-0.0686614519
34.8076923077	12.1979727139	-0.0679981798	12.1927764094	-0.0687673613
34.8269230769	12.1966653268	-0.0681317939	12.1914530222	-0.0688632308
34.8461538462	12.1953554516	-0.0682553445	12.1901278880	-0.0689490463
34.8653846154	12.1940432758	-0.0683688701	12.1888012003	-0.0690247954
34.8846153846	12.1927289870	-0.0684724128	12.1874731528	-0.0690904670
34.9038461538	12.1914127730	-0.0685660180	12.1861439393	-0.0691460515
34.9230769231	12.1900948213	-0.0686497339	12.1848137540	-0.0691915409
34.9423076923	12.1887753195	-0.0687236110	12.1834827910	-0.0692269283
34.9615384615	12.1874544551	-0.0687877014	12.1821512446	-0.0692522088
34.9807692308	12.1861324156	-0.0688420584	12.1808193093	-0.0692673785
35.0000000000	12.1848093883	-0.0688867359	12.1794871795	-0.0692724354
35.0192307692	12.1834855605	-0.0689217880	12.1781550497	-0.0692673785
35.0384615385	12.1821611192	-0.0689472681	12.1768231144	-0.0692522088
35.0576923077	12.1808362516	-0.0689632286	12.1754915680	-0.0692269283
35.0769230769	12.1795111445	-0.0689697206	12.1741606050	-0.0691915409
35.0961538462	12.1781859846	-0.0689667928	12.1728304197	-0.0691460515
35.1153846154	12.1768609587	-0.0689544917	12.1715012062	-0.0690904670
35.1346153846	12.1755362533	-0.0689328607	12.1701731587	-0.0690247954
35.1538461538	12.1742120547	-0.0689019400	12.1688464710	-0.0689490463
35.1730769231	12.1728885494	-0.0688617658	12.1675213368	-0.0688632308
35.1923076923	12.1715659236	-0.0688123706	12.1661979496	-0.0687673613
35.2115384615	12.1702443635	-0.0687537824	12.1648765026	-0.0686614519
35.2307692308	12.1689240553	-0.0686860248	12.1635571888	-0.0685455181
35.2500000000	12.1676051848	-0.0686091166	12.1622402007	-0.0684195767
35.2692307692	12.1662879383	-0.0685230718	12.1609257306	-0.0682836462
35.2884615385	12.1649725016	-0.0684278997	12.1596139705	-0.0681377464
35.3076923077	12.1636590608	-0.0683236044	12.1583051119	-0.0679818986
35.3269230769	12.1623478018	-0.0682101854	12.1569993457	-0.0678161256
35.3461538462	12.1610389105	-0.0680876374	12.1556968628	-0.0676404515
35.3653846154	12.1597325730	-0.0679559504	12.1543978532	-0.0674549020
35.3846153846	12.1584289752	-0.0678151102	12.1531025066	-0.0672595043
35.4038461538	12.1571283030	-0.0676650983	12.1518110122	-0.0670542867
35.4230769231	12.1558307426	-0.0675058926	12.1505235584	-0.0668392794
35.4423076923	12.1545364799	-0.0673374674	12.1492403332	-0.0666145136
35.4615384615	12.1532457009	-0.0671597940	12.1479615240	-0.0663800222
35.4807692308	12.1519585916	-0.0669728410	12.1466873175	-0.0661358395
35.5000000000	12.1506753380	-0.0667765751	12.1454178998	-0.0658820010
35.5192307692	12.1493961259	-0.0665709611	12.1441534561	-0.0656185439
35.5384615385	12.1481211414	-0.0663559628	12.1428941710	-0.0653455066
35.5576923077	12.1468505700	-0.0661315435	12.1416402285	-0.0650629289
35.5769230769	12.1455845976	-0.0658976663	12.1403918116	-0.0647708522
35.5961538462	12.1443234096	-0.0656542952	12.1391491025	-0.0644693191
35.6153846154	12.1430671912	-0.0654013952	12.1379122827	-0.0641583735
35.6346153846	12.1418161277	-0.0651389330	12.1366815328	-0.0638380609
35.6538461538	12.1405704037	-0.0648668777	12.1354570324	-0.0635084281
35.6730769231	12.1393302037	-0.0645852012	12.1342389604	-0.0631695231
35.6923076923	12.1380957118	-0.0642938791	12.1330274945	-0.0628213955
35.7115384615	12.1368671117	-0.0639928907	12.1318228117	-0.0624640961
35.7307692308	12.1356445865	-0.0636822198	12.1306250877	-0.0620976771
35.7500000000	12.1344283189	-0.0633618551	12.1294344976	-0.0617221918
35.7692307692	12.1332184906	-0.0630317909	12.1282512151	-0.0613376953
35.7884615385	12.1320152831	-0.0626920269	12.1270754129	-0.0609442435
35.8076923077	12.1308188769	-0.0623425691	12.1259072627	-0.0605418940
35.8269230769	12.1296294516	-0.0619834300	12.1247469352	-0.0601307055
35.8461538462	12.1284471861	-0.0616146284	12.1235945996	-0.0597107380
35.8653846154	12.1272722582	-0.0612361902	12.1224504242	-0.0592820529
35.8846153846	12.1261048447	-0.0608481483	12.1213145761	-0.0588447126
35.9038461538	12.1249451212	-0.0604505426	12.1201872211	-0.0583987811
35.9230769231	12.1237932624	-0.0600434202	12.1190685238	-0.0579443236
35.9423076923	12.1226494413	-0.0596268351	12.1179586475	-0.0574814062
35.9615384615	12.1215138301	-0.0592008485	12.1168577543	-0.0570100966
35.9807692308	12.1203865993	-0.0587655286	12.1157660048	-0.0565304637
36.0000000000	12.1192679180	-0.0583209501	12.1146835586	-0.0560425774
36.0192307692	12.1181579538	-0.0578671943	12.1136105735	-0.0555465090
36.0384615385	12.1170568729	-0.0574043488	12.1125472063	-0.0550423309
36.0576923077	12.1159648397	-0.0569325070	12.1114936123	-0.0545301168
36.0769230769	12.1148820171	-0.0564517679	12.1104499452	-0.0540099413
36.0961538462	12.1138085661	-0.0559622356	12.1094163574	-0.0534818804
36.1153846154	12.1127446460	-0.0554640190	12.1083929998	-0.0529460113
36.1346153846	12.1116904146	-0.0549572313	12.1073800219	-0.0524024122
36.1538461538	12.1106460275	-0.0544419893	12.1063775715	-0.0518511624
36.1730769231	12.1096116386	-0.0539184132	12.1053857950	-0.0512923424
36.1923076923	12.1085874001	-0.0533866261	12.1044048371	-0.0507260339
36.2115384615	12.1075734620	-0.0528467532	12.1034348411	-0.0501523194
36.2307692308	12.1065699726	-0.0522989214	12.1024759487	-0.0495712827
36.2500000000	12.1055770782	-0.0517432590	12.1015282997	-0.0489830088
36.2692307692	12.1045949233	-0.0511798949	12.1005920326	-0.0483875834
36.2884615385	12.1036236503	-0.0506089582	12.0996672841	-0.0477850935
36.3076923077	12.1026633998	-0.0500305777	12.0987541892	-0.0471756271
36.3269230769	12.1017143103	-0.0494448816	12.0978528811	-0.0465592730
36.3461538462	12.1007765187	-0.0488519970	12.0969634915	-0.0459361215
36.3653846154	12.0998501597	-0.0482520491	12.0960861502	-0.0453062633
36.3846153846	12.0989353663	-0.0476451616	12.0952209853	-0.0446697905
36.4038461538	12.0980322695	-0.0470314556	12.0943681231	-0.0440267960
36.4230769231	12.0971409985	-0.0464110501	12.0935276882	-0.0433773736
36.4423076923	12.0962616808	-0.0457840608	12.0926998032	-0.0427216182
36.4615384615	12.0953944418	-0.0451506010	12.0918845890	-0.0420596256
36.4807692308	12.0945394053	-0.0445107804	12.0910821646	-0.0413914923
36.5000000000	12.0936966933	-0.0438647058	12.0902926473	-0.0407173159
36.5192307692	12.0928664261	-0.0432124808	12.0895161521	-0.0400371948
36.5384615385	12.0920487222	-0.0425542054	12.0887527926	-0.0393512284
36.5576923077	12.0912436985	-0.0418899767	12.0880026802	-0.0386595168
36.5769230769	12.0904514699	-0.0412198885	12.0872659243	-0.0379621610
36.5961538462	12.0896721502	-0.0405440317	12.0865426326	-0.0372592627
36.6153846154	12.0889058509	-0.0398624944	12.0858329106	-0.0365509247
36.6346153846	12.0881526824	-0.0391753620	12.0851368620	-0.0358372503
36.6538461538	12.0874127532	-0.0384827176	12.0844545884	-0.0351183437
36.6730769231	12.0866861702	-0.0377846422	12.0837861893	-0.0343943099
36.6923076923	12.0859730388	-0.0370812153	12.0831317625	-0.0336652546
36.7115384615	12.0852734627	-0.0363725146	12.0824914034	-0.0329312842
36.7307692308	12.0845875439	-0.0356586171	12.0818652054	-0.0321925059
36.7500000000	12.0839153831	-0.0349395988	12.0812532602	-0.0314490275
36.7692307692	12.0832570790	-0.0342155358	12.0806556569	-0.0307009577
36.7884615385	12.0826127289	-0.0334865040	12.0800724829	-0.0299484056
36.8076923077	12.0819824284	-0.0327525799	12.0795038232	-0.0291914810
36.8269230769	12.0813662713	-0.0320138410	12.0789497609	-0.0284302945
36.8461538462	12.0807643500	-0.0312703660	12.0784103769	-0.0276649573
36.8653846154	12.0801767548	-0.0305222351	12.0778857500	-0.0268955810
36.8846153846	12.0796035746	-0.0297695309	12.0773759567	-0.0261222780
36.9038461538	12.0790448962	-0.0290123379	12.0768810714	-0.0253451613
36.9230769231	12.0785008048	-0.0282507435	12.0764011665	-0.0245643441
36.9423076923	12.0779713838	-0.0274848380	12.0759363119	-0.0237799406
36.9615384615	12.0774567144	-0.0267147148	12.0754865756	-0.0229920653
36.9807692308	12.0769568761	-0.0259404707	12.0750520233	-0.0222008332
37.0000000000	12.0764719464	-0.0251622060	12.0746327182	-0.0214063598
37.0192307692	12.0760020008	-0.0243800247	12.0742287218	-0.0206087611
37.0384615385	12.0755471124	-0.0235940346	12.0738400929	-0.0198081535
37.0576923077	12.0751073527	-0.0228043472	12.0734668882	-0.0190046540
37.0769230769	12.0746827906	-0.0220110779	12.0731091624	-0.0181983799
37.0961538462	12.0742734931	-0.0212143458	12.0727669676	-0.0173894488
37.1153846154	12.0738795247	-0.0204142737	12.0724403537	-0.0165779789
37.1346153846	12.0735009477	-0.0196109878	12.0721293685	-0.0157640886
37.1538461538	12.0731378221	-0.0188046180	12.0718340574	-0.0149478968
37.1730769231	12.0727902054	-0.0179952970	12.0715544634	-0.0141295227
37.1923076923	12.0724581528	-0.0171831606	12.0712906274	-0.0133090856
37.2115384615	12.0721417170	-0.0163683473	12.0710425880	-0.0124867055
37.2307692308	12.0718409482	-0.0155509979	12.0708103812	-0.0116625023
37.2500000000	12.0715558940	-0.0147312550	12.0705940411	-0.0108365964
37.2692307692	12.0712865997	-0.0139092632	12.0703935992	-0.0100091083
37.2884615385	12.0710331076	-0.0130851681	12.0702090848	-0.0091801590
37.3076923077	12.0707954578	-0.0122591163	12.0700405247	-0.0083498694
37.3269230769	12.0705736877	-0.0114312548	12.0698879437	-0.0075183607
37.3461538462	12.0703678319	-0.0106017308	12.0697513641	-0.0066857543
37.3653846154	12.0701779226	-0.0097706911	12.0696308056	-0.0058521719
37.3846153846	12.0700039891	-0.0089382819	12.0695262860	-0.0050177350
37.4038461538	12.0698460584	-0.0081046480	12.0694378205	-0.0041825656
37.4230769231	12.0697041546	-0.0072699331	12.0693654220	-0.0033467855
37.4423076923	12.0695782992	-0.0064342788	12.0693091011	-0.0025105167
37.4615384615	12.0694685113	-0.0055978245	12.0692688660	-0.0016738815
37.4807692308	12.0693748070	-0.0047607075	12.0692447226	-0.0008370018
37.5000000000	12.0692972002	-0.0039230618	12.0692366744	-0.0000000000
37.5192307692	12.0692357019	-0.0030850188	12.0692447226	0.0008370018
37.5384615385	12.0691903208	-0.0022467067	12.0692688660	0.0016738815
37.5576923077	12.0691610630	-0.0014082500	12.0693091011	0.0025105167
37.5769230769	12.0691479321	-0.0005697702	12.0693654220	0.0033467855
37.5961538462	12.0691509289	0.0002686153	12.0694378205	0.0041825656
37.6153846154	12.0691700524	0.0011067922	12.0695262860	0.0050177350
37.6346153846	12.0692052985	0.0019446502	12.0696308056	0.0058521719
37.6538461538	12.0692566611	0.0027820823	12.0697513641	0.0066857543
37.6730769231	12.0693241317	0.0036189850	12.0698879437	0.0075183607
37.6923076923	12.0694076993	0.0044552581	12.0700405247	0.0083498694
37.7115384615	12.0695073507	0.0052908046	12.0702090848	0.0091801590
37.7307692308	12.0696230704	0.0061255303	12.0703935992	0.0100091083
37.7500000000	12.0697548406	0.0069593436	12.0705940411	0.0108365964
37.7692307692	12.0699026414	0.0077921555	12.0708103812	0.0116625023
37.7884615385	12.0700664503	0.0086238786	12.0710425880	0.0124867055
37.8076923077	12.0702462431	0.0094544274	12.0712906274	0.0133090856
37.8269230769	12.0704419932	0.0102837177	12.0715544634	0.0141295227
37.8461538462	12.0706536717	0.0111116660	12.0718340574	0.0149478968
37.8653846154	12.0708812478	0.0119381895	12.0721293685	0.0157640886
37.8846153846	12.0711246883	0.0127632051	12.0724403537	0.0165779789
37.9038461538	12.0713839582	0.0135866295	12.0727669676	0.0173894488
37.9230769231	12.0716590200	0.0144083785	12.0731091624	0.0181983799
37.9423076923	12.0719498343	0.0152283667	12.0734668882	0.0190046540
37.9615384615	12.0722563595	0.0160465069	12.0738400929	0.0198081535
37.9807692308	12.0725785519	0.0168627097	12.0742287218	0.0206087611
38.0000000000	12.0729163657	0.0176768836	12.0746327182	0.0214063598
38.0192307692	12.0732697528	0.0184889336	12.0750520233	0.0222008332
38.0384615385	12.0736386631	0.0192987621	12.0754865756	0.0229920653
38.0576923077	12.0740230442	0.0201062677	12.0759363119	0.0237799406
38.0769230769	12.0744228416	0.0209113452	12.0764011665	0.0245643441
38.0961538462	12.0748379985	0.0217138853	12.0768810714	0.0253451613
38.1153846154	12.0752684560	0.0225137748	12.0773759567	0.0261222780
38.1346153846	12.0757141527	0.0233108958	12.0778857500	0.0268955810
38.1538461538	12.0761750253	0.0241051260	12.0784103769	0.0276649573
38.1730769231	12.0766510079	0.0248963388	12.0789497609	0.0284302945
38.1923076923	12.0771420325	0.0256844027	12.0795038232	0.0291914810
38.2115384615	12.0776480286	0.0264691821	12.0800724829	0.0299484056
38.2307692308	12.0781689234	0.0272505365	12.0806556569	0.0307009577
38.2500000000	12.0787046417	0.0280283218	12.0812532602	0.0314490275
38.2692307692	12.0792551062	0.0288023891	12.0818652054	0.0321925059
38.2884615385	12.0798202367	0.0295725864	12.0824914034	0.0329312842
38.3076923077	12.0803999509	0.0303387575	12.0831317625	0.0336652546
38.3269230769	12.0809941640	0.0311007435	12.0837861893	0.0343943099
38.3461538462	12.0816027889	0.0318583823	12.0844545884	0.0351183437
38.3653846154	12.0822257357	0.0326115095	12.0851368620	0.0358372503
38.3846153846	12.0828629124	0.0333599588	12.0858329106	0.0365509247
38.4038461538	12.0835142243	0.0341035620	12.0865426326	0.0372592627
38.4230769231	12.0841795745	0.0348421503	12.0872659243	0.0379621610
38.4423076923	12.0848588634	0.0355755541	12.0880026802	0.0386595168
38.4615384615	12.0855519892	0.0363036037	12.0887527926	0.0393512284
38.4807692308	12.0862588475	0.0370261302	12.0895161521	0.0400371948
38.5000000000	12.0869793316	0.0377429657	12.0902926473	0.0407173159
38.5192307692	12.0877133324	0.0384539437	12.0910821646	0.0413914923
38.5384615385	12.0884607384	0.0391589002	12.0918845890	0.0420596256
38.5576923077	12.0892214359	0.0398576738	12.0926998032	0.0427216182
38.5769230769	12.0899953089	0.0405501062	12.0935276882	0.0433773736
38.5961538462	12.0907822389	0.0412360431	12.0943681231	0.0440267960
38.6153846154	12.0915821056	0.0419153342	12.0952209853	0.0446697905
38.6346153846	12.0923947862	0.0425878340	12.0960861502	0.0453062633
38.6538461538	12.0932201559	0.0432534020	12.0969634915	0.0459361215
38.6730769231	12.0940580878	0.0439119035	12.0978528811	0.0465592730
38.6923076923	12.0949084531	0.0445632094	12.0987541892	0.0471756271
38.7115384615	12.0957711210	0.0452071967	12.0996672841	0.0477850935
38.7307692308	12.0966459586	0.0458437490	12.1005920326	0.0483875834
38.7500000000	12.0975328314	0.0464727567	12.1015282997	0.0489830088
38.7692307692	12.0984316029	0.0470941166	12.1024759487	0.0495712827
38.7884615385	12.0993421350	0.0477077329	12.1034348411	0.0501523194
38.8076923077	12.1002642879	0.0483135166	12.1044048371	0.0507260339
38.8269230769	12.1011979202	0.0489113858	12.1053857950	0.0512923424
38.8461538462	12.1021428890	0.0495012657	12.1063775715	0.0518511624
38.8653846154	12.1030990497	0.0500830883	12.1073800219	0.0524024122
38.8846153846	12.1040662564	0.0506567927	12.1083929998	0.0529460113
38.9038461538	12.1050443620	0.0512223243	12.1094163574	0.0534818804
38.9230769231	12.1060332177	0.0517796353	12.1104499452	0.0540099413
38.9423076923	12.1070326737	0.0523286839	12.1114936123	0.0545301168
38.9615384615	12.1080425790	0.0528694342	12.1125472063	0.0550423309
38.9807692308	12.1090627812	0.0534018558	12.1136105735	0.0555465090
39.0000000000	12.1100931271	0.0539259236	12.1146835586	0.0560425774
39.0192307692	12.1111334622	0.0544416172	12.1157660048	0.0565304637
39.0384615385	12.1121836309	0.0549489204	12.1168577543	0.0570100966
39.0576923077	12.1132434770	0.0554478212	12.1179586475	0.0574814062
39.0769230769	12.1143128429	0.0559383106	12.1190685238	0.0579443236
39.0961538462	12.1153915702	0.0564203828	12.1201872211	0.0583987811
39.1153846154	12.1164794998	0.0568940343	12.1213145761	0.0588447126
39.1346153846	12.1175764715	0.0573592636	12.1224504242	0.0592820529
39.1538461538	12.1186823244	0.0578160706	12.1235945996	0.0597107380
39.1730769231	12.1197968966	0.0582644558	12.1247469352	0.0601307055
39.1923076923	12.1209200255	0.0587044206	12.1259072627	0.0605418940
39.2115384615	12.1220515476	0.0591359660	12.1270754129	0.0609442435
39.2307692308	12.1231912989	0.0595590925	12.1282512151	0.0613376953
39.2500000000	12.1243391141	0.0599737996	12.1294344976	0.0617221918
39.2692307692	12.1254948277	0.0603800854	12.1306250877	0.0620976771
39.2884615385	12.1266582728	0.0607779461	12.1318228117	0.0624640961
39.3076923077	12.1278292823	0.0611673760	12.1330274945	0.0628213955
39.3269230769	12.1290076879	0.0615483664	12.1342389604	0.0631695231
39.3461538462	12.1301933208	0.0619209060	12.1354570324	0.0635084281
39.3653846154	12.1313860110	0.0622849805	12.1366815328	0.0638380609
39.3846153846	12.1325855881	0.0626405719	12.1379122827	0.0641583735
39.4038461538	12.1337918808	0.0629876591	12.1391491025	0.0644693191
39.4230769231	12.1350047167	0.0633262170	12.1403918116	0.0647708522
39.4423076923	12.1362239230	0.0636562169	12.1416402285	0.0650629289
39.4615384615	12.1374493256	0.0639776260	12.1428941710	0.0653455066
39.4807692308	12.1386807500	0.0642904078	12.1441534561	0.0656185439
39.5000000000	12.1399180205	0.0645945220	12.1454178998	0.0658820010
39.5192307692	12.1411609607	0.0648899244	12.1466873175	0.0661358395
39.5384615385	12.1424093932	0.0651765669	12.1479615240	0.0663800222
39.5576923077	12.1436631399	0.0654543982	12.1492403332	0.0666145136
39.5769230769	12.1449220217	0.0657233632	12.1505235584	0.0668392794
39.5961538462	12.1461858586	0.0659834040	12.1518110122	0.0670542867
39.6153846154	12.1474544698	0.0662344595	12.1531025066	0.0672595043
39.6346153846	12.1487276736	0.0664764658	12.1543978532	0.0674549020
39.6538461538	12.1500052874	0.0667093569	12.1556968628	0.0676404515
39.6730769231	12.1512871277	0.0669330645	12.1569993457	0.0678161256
39.6923076923	12.1525730102	0.0671475186	12.1583051119	0.0679818986
39.7115384615	12.1538627498	0.0673526480	12.1596139705	0.0681377464
39.7307692308	12.1551561604	0.0675483802	12.1609257306	0.0682836462
39.7500000000	12.1564530554	0.0677346423	12.1622402007	0.0684195767
39.7692307692	12.1577532472	0.0679113611	12.1635571888	0.0685455181
39.7884615385	12.1590565474	0.0680784636	12.1648765026	0.0686614519
39.8076923077	12.1603627670	0.0682358773	12.1661979496	0.0687673613
39.8269230769	12.1616717163	0.0683835309	12.1675213368	0.0688632308
39.8461538462	12.1629832048	0.0685213541	12.1688464710	0.0689490463
39.8653846154	12.1642970416	0.0686492788	12.1701731587	0.0690247954
39.8846153846	12.1656130350	0.0687672386	12.1715012062	0.0690904670
39.9038461538	12.1669309930	0.0688751701	12.1728304197	0.0691460515
39.9230769231	12.1682507227	0.0689730124	12.1741606050	0.0691915409
39.9423076923	12.1695720312	0.0690607080	12.1754915680	0.0692269283
39.9615384615	12.1708947249	0.0691382027	12.1768231144	0.0692522088
39.9807692308	12.1722186100	0.0692054464	12.1781550497	0.0692673785
40.0000000000	12.1735434923	0.0692623928	12.1794871795	0.0692724354
40.0192307692	12.1748691775	0.0693090003	12.1808193093	0.0692673785
40.0384615385	12.1761954708	0.0693452314	12.1821512446	0.0692522088
40.0576923077	12.1775221777	0.0693710536	12.1834827910	0.0692269283
40.0769230769	12.1788491033	0.0693864393	12.1848137540	0.0691915409
40.0961538462	12.1801760528	0.0693913660	12.1861439393	0.0691460515
40.1153846154	12.1815028314	0.0693858162	12.1874731528	0.0690904670
40.1346153846	12.1828292443	0.0693697776	12.1888012003	0.0690247954
40.1538461538	12.1841550971	0.0693432433	12.1901278880	0.0689490463
40.1730769231	12.1854801953	0.0693062117	12.1914530222	0.0688632308
40.1923076923	12.1868043449	0.0692586865	12.1927764094	0.0687673613
40.2115384615	12.1881273521	0.0692006765	12.1940978563	0.0686614519
40.2307692308	12.1894490234	0.0691321957	12.1954171702	0.0685455181
40.2500000000	12.1907691660	0.0690532635	12.1967341583	0.0684195767
40.2692307692	12.1920875872	0.0689639039	12.1980486283	0.0682836462
40.2884615385	12.1934040949	0.0688641460	12.1993603884	0.0681377464
40.3076923077	12.1947184979	0.0687540235	12.2006692471	0.0679818986
40.3269230769	12.1960306051	0.0686335746	12.2019750132	0.0678161256
40.3461538462	12.1973402263	0.0685028418	12.2032774962	0.0676404515
40.3653846154	12.1986471721	0.0683618718	12.2045765058	0.0674549020
40.3846153846	12.1999512537	0.0682107151	12.2058718523	0.0672595043
40.4038461538	12.2012522828	0.0680494259	12.2071633468	0.0670542867
40.4230769231	12.2025500724	0.0678780616	12.2084508006	0.0668392794
40.4423076923	12.2038444358	0.0676966829	12.2097340258	0.0666145136
40.4615384615	12.2051351875	0.0675053533	12.2110128350	0.0663800222
40.4807692308	12.2064221428	0.0673041388	12.2122870414	0.0661358395
40.5000000000	12.2077051177	0.0670931078	12.2135564592	0.0658820010
40.5192307692	12.2089839292	0.0668723304	12.2148209029	0.0656185439
40.5384615385	12.2102583953	0.0666418788	12.2160801879	0.0653455066
40.5576923077	12.2115283348	0.0664018264	12.2173341304	0.0650629289
40.5769230769	12.2127935676	0.0661522478	12.2185825474	0.0647708522
40.5961538462	12.2140539144	0.0658932184	12.2198252565	0.0644693191
40.6153846154	12.2153091969	0.0656248144	12.2210620762	0.0641583735
40.6346153846	12.2165592377	0.0653471122	12.2222928262	0.0638380609
40.6538461538	12.2178038605	0.0650601882	12.2235173265	0.0635084281
40.6730769231	12.2190428898	0.0647641188	12.2247353986	0.0631695231
40.6923076923	12.2202761511	0.0644589801	12.2259468645	0.0628213955
40.7115384615	12.2215034710	0.0641448472	12.2271515473	0.0624640961
40.7307692308	12.2227246768	0.0638217949	12.2283492712	0.0620976771
40.7500000000	12.2239395969	0.0634898967	12.2295398614	0.0617221918
40.7692307692	12.2251480606	0.0631492251	12.2307231439	0.0613376953
40.7884615385	12.2263498982	0.0627998510	12.2318989461	0.0609442435
40.8076923077	12.2275449407	0.0624418442	12.2330670962	0.0605418940
40.8269230769	12.2287330203	0.0620752727	12.2342274238	0.0601307055
40.8461538462	12.2299139700	0.0617002029	12.2353797594	0.0597107380
40.8653846154	12.2310876236	0.0613166993	12.2365239348	0.0592820529
40.8846153846	12.2322538159	0.0609248248	12.2376597829	0.0588447126
40.9038461538	12.2334123825	0.0605246402	12.2387871379	0.0583987811
40.9230769231	12.2345631601	0.0601162046	12.2399058352	0.0579443236
40.9423076923	12.2357059860	0.0596995749	12.2410157115	0.0574814062
40.9615384615	12.2368406985	0.0592748065	12.2421166047	0.0570100966
40.9807692308	12.2379671368	0.0588419525	12.2432083542	0.0565304637
41.0000000000	12.2390851410	0.0584010645	12.2442908004	0.0560425774
41.0192307692	12.2401945521	0.0579521922	12.2453637855	0.0555465090
41.0384615385	12.2412952117	0.0574953837	12.2464271526	0.0550423309
41.0576923077	12.2423869627	0.0570306856	12.2474807467	0.0545301168
41.0769230769	12.2434696487	0.0565581427	12.2485244138	0.0540099413
41.0961538462	12.2445431141	0.0560777991	12.2495580016	0.0534818804
41.1153846154	12.2456072045	0.0555896972	12.2505813591	0.0529460113
41.1346153846	12.2466617662	0.0550938786	12.2515943371	0.0524024122
41.1538461538	12.2477066466	0.0545903843	12.2525967875	0.0518511624
41.1730769231	12.2487416939	0.0540792545	12.2535885640	0.0512923424
41.1923076923	12.2497667577	0.0535605288	12.2545695219	0.0507260339
41.2115384615	12.2507816881	0.0530342471	12.2555395178	0.0501523194
41.2307692308	12.2517863367	0.0525004488	12.2564984103	0.0495712827
41.2500000000	12.2527805560	0.0519591739	12.2574460592	0.0489830088
41.2692307692	12.2537641997	0.0514104627	12.2583823263	0.0483875834
41.2884615385	12.2547371225	0.0508543565	12.2593070749	0.0477850935
41.3076923077	12.2556991805	0.0502908973	12.2602201698	0.0471756271
41.3269230769	12.2566502310	0.0497201284	12.2611214779	0.0465592730
41.3461538462	12.2575901326	0.0491420946	12.2620108675	0.0459361215
41.3653846154	12.2585187451	0.0485568424	12.2628882088	0.0453062633
41.3846153846	12.2594359299	0.0479644203	12.2637533737	0.0446697905
41.4038461538	12.2603415497	0.0473648790	12.2646062359	0.0440267960
41.4230769231	12.2612354687	0.0467582714	12.2654466708	0.0433773736
41.4423076923	12.2621175526	0.0461446534	12.2662745558	0.0427216182
41.4615384615	12.2629876688	0.0455240834	12.2670897700	0.0420596256
41.4807692308	12.2638456863	0.0448966232	12.2678921943	0.0413914923
41.5000000000	12.2646914758	0.0442623374	12.2686817117	0.0407173159
41.5192307692	12.2655249097	0.0436212944	12.2694582068	0.0400371948
41.5384615385	12.2663458621	0.0429735659	12.2702215664	0.0393512284
41.5576923077	12.2671542093	0.0423192276	12.2709716788	0.0386595168
41.5769230769	12.2679498293	0.0416583586	12.2717084347	0.0379621610
41.5961538462	12.2687326019	0.0409910422	12.2724317264	0.0372592627
41.6153846154	12.2695024092	0.0403173657	12.2731414484	0.0365509247
41.6346153846	12.2702591353	0.0396374203	12.2738374970	0.0358372503
41.6538461538	12.2710026663	0.0389513014	12.2745197706	0.0351183437
41.6730769231	12.2717328906	0.0382591085	12.2751881696	0.0343943099
41.6923076923	12.2724496987	0.0375609451	12.2758425965	0.0336652546
41.7115384615	12.2731529834	0.0368569189	12.2764829556	0.0329312842
41.7307692308	12.2738426398	0.0361471413	12.2771091535	0.0321925059
41.7500000000	12.2745185652	0.0354317278	12.2777210988	0.0314490275
41.7692307692	12.2751806595	0.0347107977	12.2783187021	0.0307009577
41.7884615385	12.2758288247	0.0339844740	12.2789018761	0.0299484056
41.8076923077	12.2764629654	0.0332528829	12.2794705358	0.0291914810
41.8269230769	12.2770829887	0.0325161542	12.2800245981	0.0284302945
41.8461538462	12.2776888040	0.0317744208	12.2805639821	0.0276649573
41.8653846154	12.2782803231	0.0310278183	12.2810886090	0.0268955810
41.8846153846	12.2788574606	0.0302764852	12.2815984023	0.0261222780
41.9038461538	12.2794201332	0.0295205622	12.2820932876	0.0253451613
41.9230769231	12.2799682606	0.0287601922	12.2825731925	0.0245643441
41.9423076923	12.2805017645	0.0279955200	12.2830380470	0.0237799406
41.9615384615	12.2810205693	0.0272266919	12.2834877833	0.0229920653
41.9807692308	12.2815246021	0.0264538554	12.2839223357	0.0222008332
42.0000000000	12.2820137921	0.0256771590	12.2843416408	0.0214063598
42.0192307692	12.2824880714	0.0248967519	12.2847456372	0.0206087611
42.0384615385	12.2829473741	0.0241127832	12.2851342661	0.0198081535
42.0576923077	12.2833916371	0.0233254025	12.2855074707	0.0190046540
42.0769230769	12.2838207996	0.0225347587	12.2858651966	0.0181983799
42.0961538462	12.2842348031	0.0217410002	12.2862073914	0.0173894488
42.1153846154	12.2846335917	0.0209442742	12.2865340052	0.0165779789
42.1346153846	12.2850171117	0.0201447271	12.2868449904	0.0157640886
42.1538461538	12.2853853116	0.0193425032	12.2871403016	0.0149478968
42.1730769231	12.2857381424	0.0185377454	12.2874198956	0.0141295227
42.1923076923	12.2860755572	0.0177305945	12.2876837315	0.0133090856
42.2115384615	12.2863975115	0.0169211889	12.2879317710	0.0124867055
42.2307692308	12.2867039627	0.0161096645	12.2881639778	0.0116625023
42.2500000000	12.2869948706	0.0152961546	12.2883803179	0.0108365964
42.2692307692	12.2872701970	0.0144807897	12.2885807598	0.0100091083
42.2884615385	12.2875299058	0.0136636972	12.2887652742	0.0091801590
42.3076923077	12.2877739630	0.0128450016	12.2889338342	0.0083498694
42.3269230769	12.2880023367	0.0120248242	12.2890864152	0.0075183607
42.3461538462	12.2882149967	0.0112032831	12.2892229949	0.0066857543
42.3653846154	12.2884119150	0.0103804931	12.2893435534	0.0058521719
42.3846153846	12.2885930656	0.0095565659	12.2894480730	0.0050177350
42.4038461538	12.2887584243	0.0087316102	12.2895365385	0.0041825656
42.4230769231	12.2889079687	0.0079057314	12.2896089370	0.0033467855
42.4423076923	12.2890416786	0.0070790320	12.2896652579	0.0025105167
42.4615384615	12.2891595353	0.0062516117	12.2897054930	0.0016738815
42.4807692308	12.2892615223	0.0054235676	12.2897296364	0.0008370018
42.5000000000	12.2893476247	0.0045949943	12.2897376845	-0.0000000000
42.5192307692	12.2894178296	0.0037659840	12.2897296364	-0.0008370018
42.5384615385	12.2894721258	0.0029366270	12.2897054930	-0.0016738815
42.5576923077	12.2895105040	0.0021070118	12.2896652579	-0.0025105167
42.5769230769	12.2895329570	0.0012772254	12.2896089370	-0.0033467855
42.5961538462	12.2895394791	0.0004473536	12.2895365385	-0.0041825656
42.6153846154	12.2895300668	-0.0003825188	12.2894480730	-0.0050177350
42.6346153846	12.2895047181	-0.0012123076	12.2893435534	-0.0058521719
42.6538461538	12.2894634334	-0.0020419287	12.2892229949	-0.0066857543
42.6730769231	12.2894062147	-0.0028712982	12.2890864152	-0.0075183607
42.6923076923	12.2893330661	-0.0037003317	12.2889338342	-0.0083498694
42.7115384615	12.2892439937	-0.0045289441	12.2887652742	-0.0091801590
42.7307692308	12.2891390056	-0.0053570494	12.2885807598	-0.0100091083
42.7500000000	12.2890181120	-0.0061845604	12.2883803179	-0.0108365964
42.7692307692	12.2888813252	-0.0070113880	12.2881639778	-0.0116625023
42.7884615385	12.2887286595	-0.0078374416	12.2879317710	-0.0124867055
42.8076923077	12.2885601316	-0.0086626280	12.2876837315	-0.0133090856
42.8269230769	12.2883757602	-0.0094868522	12.2874198956	-0.0141295227
42.8461538462	12.2881755665	-0.0103100162	12.2871403016	-0.0149478968
42.8653846154	12.2879595738	-0.0111320193	12.2868449904	-0.0157640886
42.8846153846	12.2877278078	-0.0119527579	12.2865340052	-0.0165779789
42.9038461538	12.2874802965	-0.0127721254	12.2862073914	-0.0173894488
42.9230769231	12.2872170706	-0.0135900119	12.2858651966	-0.0181983799
42.9423076923	12.2869381628	-0.0144063042	12.2855074707	-0.0190046540
42.9615384615	12.2866436087	-0.0152208859	12.2851342661	-0.0198081535
42.9807692308	12.2863334462	-0.0160336373	12.2847456372	-0.0206087611
43.0000000000	12.2860077157	-0.0168444353	12.2843416408	-0.0214063598
43.0192307692	12.2856664604	-0.0176531537	12.2839223357	-0.0222008332
43.0384615385	12.2853097260	-0.0184596633	12.2834877833	-0.0229920653
43.0576923077	12.2849375607	-0.0192638315	12.2830380470	-0.0237799406
43.0769230769	12.2845500155	-0.0200655234	12.2825731925	-0.0245643441
43.0961538462	12.2841471440	-0.0208646009	12.2820932876	-0.0253451613
43.1153846154	12.2837290024	-0.0216609240	12.2815984023	-0.0261222780
43.1346153846	12.2832956498	-0.0224543503	12.2810886090	-0.0268955810
43.1538461538	12.2828471478	-0.0232447354	12.2805639821	-0.0276649573
43.1730769231	12.2823835606	-0.0240319334	12.2800245981	-0.0284302945
43.1923076923	12.2819049553	-0.0248157973	12.2794705358	-0.0291914810
43.2115384615	12.2814114014	-0.0255961788	12.2789018761	-0.0299484056
43.2307692308	12.2809029713	-0.0263729292	12.2783187021	-0.0307009577
43.2500000000	12.2803797397	-0.0271458995	12.2777210988	-0.0314490275
43.2692307692	12.2798417843	-0.0279149409	12.2771091535	-0.0321925059
43.2884615385	12.2792891850	-0.0286799049	12.2764829556	-0.0329312842
43.3076923077	12.2787220245	-0.0294406441	12.2758425965	-0.0336652546
43.3269230769	12.2781403878	-0.0301970121	12.2751881696	-0.0343943099
43.3461538462	12.2775443626	-0.0309488642	12.2745197706	-0.0351183437
43.3653846154	12.2769340388	-0.0316960576	12.2738374970	-0.0358372503
43.3846153846	12.2763095087	-0.0324384516	12.2731414484	-0.0365509247
43.4038461538	12.2756708671	-0.0331759084	12.2724317264	-0.0372592627
43.4230769231	12.2750182110	-0.0339082928	12.2717084347	-0.0379621610
43.4423076923	12.2743516395	-0.0346354729	12.2709716788	-0.0386595168
43.4615384615	12.2736712540	-0.0353573202	12.2702215664	-0.0393512284
43.4807692308	12.2729771580	-0.0360737098	12.2694582068	-0.0400371948
43.5000000000	12.2722694572	-0.0367845205	12.2686817117	-0.0407173159
43.5192307692	12.2715482590	-0.0374896355	12.2678921943	-0.0413914923
43.5384615385	12.2708136730	-0.0381889416	12.2670897700	-0.0420596256
43.5576923077	12.2700658107	-0.0388823302	12.2662745558	-0.0427216182
43.5769230769	12.2693047854	-0.0395696969	12.2654466708	-0.0433773736
43.5961538462	12.2685307120	-0.0402509414	12.2646062359	-0.0440267960
43.6153846154	12.2677437075	-0.0409259681	12.2637533737	-0.0446697905
43.6346153846	12.2669438903	-0.0415946853	12.2628882088	-0.0453062633
43.6538461538	12.2661313807	-0.0422570057	12.2620108675	-0.0459361215
43.6730769231	12.2653063004	-0.0429128458	12.2611214779	-0.0465592730
43.6923076923	12.2644687726	-0.0435621264	12.2602201698	-0.0471756271
43.7115384615	12.2636189223	-0.0442047717	12.2593070749	-0.0477850935
43.7307692308	12.2627568758	-0.0448407096	12.2583823263	-0.0483875834
43.7500000000	12.2618827608	-0.0454698713	12.2574460592	-0.0489830088
43.7692307692	12.2609967065	-0.0460921911	12.2564984103	-0.0495712827
43.7884615385	12.2600988434	-0.0467076058	12.2555395178	-0.0501523194
43.8076923077	12.2591893036	-0.0473160551	12.2545695219	-0.0507260339
43.8269230769	12.2582682204	-0.0479174805	12.2535885640	-0.0512923424
43.8461538462	12.2573357282	-0.0485118254	12.2525967875	-0.0518511624
43.8653846154	12.2563919631	-0.0490990350	12.2515943371	-0.0524024122
43.8846153846	12.2554370623	-0.0496790554	12.2505813591	-0.0529460113
43.9038461538	12.2544711643	-0.0502518334	12.2495580016	-0.0534818804
43.9230769231	12.2534944090	-0.0508173168	12.2485244138	-0.0540099413
43.9423076923	12.2525069375	-0.0513754531	12.2474807467	-0.0545301168
43.9615384615	12.2515088922	-0.0519261898	12.2464271526	-0.0550423309
43.9807692308	12.2505004169	-0.0524694740	12.2453637855	-0.0555465090
44.0000000000	12.2494816565	-0.0530052521	12.2442908004	-0.0560425774
44.0192307692	12.2484527575	-0.0535334694	12.2432083542	-0.0565304637
44.0384615385	12.2474138674	-0.0540540699	12.2421166047	-0.0570100966
44.0576923077	12.2463651353	-0.0545669963	12.2410157115	-0.0574814062
44.0769230769	12.2453067114	-0.0550721895	12.2399058352	-0.0579443236
44.0961538462	12.2442387476	-0.0555695886	12.2387871379	-0.0583987811
44.1153846154	12.2431613968	-0.0560591308	12.2376597829	-0.0588447126
44.1346153846	12.2420748134	-0.0565407511	12.2365239348	-0.0592820529
44.1538461538	12.2409791533	-0.0570143825	12.2353797594	-0.0597107380
44.1730769231	12.2398745736	-0.0574799559	12.2342274238	-0.0601307055
44.1923076923	12.2387612329	-0.0579374000	12.2330670962	-0.0605418940
44.2115384615	12.2376392913	-0.0583866415	12.2318989461	-0.0609442435
44.2307692308	12.2365089100	-0.0588276051	12.2307231439	-0.0613376953
44.2500000000	12.2353702519	-0.0592602134	12.2295398614	-0.0617221918
44.2692307692	12.2342234812	-0.0596843878	12.2283492712	-0.0620976771
44.2884615385	12.2330687635	-0.0601000476	12.2271515473	-0.0624640961
44.3076923077	12.2319062657	-0.0605071113	12.2259468645	-0.0628213955
44.3269230769	12.2307361563	-0.0609054960	12.2247353986	-0.0631695231
44.3461538462	12.2295586049	-0.0612951183	12.2235173265	-0.0635084281
44.3653846154	12.2283737827	-0.0616758941	12.2222928262	-0.0638380609
44.3846153846	12.2271818620	-0.0620477393	12.2210620762	-0.0641583735
44.4038461538	12.2259830166	-0.0624105701	12.2198252565	-0.0644693191
44.4230769231	12.2247774213	-0.0627643030	12.2185825474	-0.0647708522
44.4423076923	12.2235652524	-0.0631088556	12.2173341304	-0.0650629289
44.4615384615	12.2223466872	-0.0634441468	12.2160801879	-0.0653455066
44.4807692308	12.2211219043	-0.0637700972	12.2148209029	-0.0656185439
44.5000000000	12.2198910835	-0.0640866294	12.2135564592	-0.0658820010
44.5192307692	12.2186544053	-0.0643936686	12.2122870414	-0.0661358395
44.5384615385	12.2174120515	-0.0646911426	12.2110128350	-0.0663800222
44.5576923077	12.2161642049	-0.0649789825	12.2097340258	-0.0666145136
44.5769230769	12.2149110490	-0.0652571229	12.2084508006	-0.0668392794
44.5961538462	12.2136527683	-0.0655255022	12.2071633468	-0.0670542867
44.6153846154	12.2123895482	-0.0657840629	12.2058718523	-0.0672595043
44.6346153846	12.2111215745	-0.0660327520	12.2045765058	-0.0674549020
44.6538461538	12.2098490340	-0.0662715210	12.2032774962	-0.0676404515
44.6730769231	12.2085721139	-0.0665003264	12.2019750132	-0.0678161256
44.6923076923	12.2072910020	-0.0667191297	12.2006692471	-0.0679818986
44.7115384615	12.2060058867	-0.0669278974	12.1993603884	-0.0681377464
44.7307692308	12.2047169567	-0.0671266015	12.1980486283	-0.0682836462
44.7500000000	12.2034244010	-0.0673152191	12.1967341583	-0.0684195767
44.7692307692	12.2021284091	-0.0674937330	12.1954171702	-0.0685455181
44.7884615385	12.2008291706	-0.0676621309	12.1940978563	-0.0686614519
44.8076923077	12.1995268753	-0.0678204060	12.1927764094	-0.0687673613
44.8269230769	12.1982217132	-0.0679685569	12.1914530222	-0.0688632308
44.8461538462	12.1969138742	-0.0681065867	12.1901278880	-0.0689490463
44.8653846154	12.1956035484	-0.0682345038	12.1888012003	-0.0690247954
44.8846153846	12.1942909259	-0.0683523210	12.1874731528	-0.0690904670
44.9038461538	12.1929761966	-0.0684600556	12.1861439393	-0.0691460515
44.9230769231	12.1916595504	-0.0685577288	12.1848137540	-0.0691915409
44.9423076923	12.1903411769	-0.0686453659	12.1834827910	-0.0692269283
44.9615384615	12.1890212659	-0.0687229952	12.1821512446	-0.0692522088
44.9807692308	12.1877000065	-0.0687906484	12.1808193093	-0.0692673785
45.0000000000	12.1863775880	-0.0688483596	12.1794871795	-0.0692724354
45.0192307692	12.1850541992	-0.0688961652	12.1781550497	-0.0692673785
45.0384615385	12.1837300288	-0.0689341036	12.1768231144	-0.0692522088
45.0576923077	12.1824052652	-0.0689622143	12.1754915680	-0.0692269283
45.0769230769	12.1810800963	-0.0689805379	12.1741606050	-0.0691915409
45.0961538462	12.1797547101	-0.0689891155	12.1728304197	-0.0691460515
45.1153846154	12.1784292940	-0.0689879882	12.1715012062	-0.0690904670
45.1346153846	12.1771040352	-0.0689771967	12.1701731587	-0.0690247954
45.1538461538	12.1757791208	-0.0689567810	12.1688464710	-0.0689490463
45.1730769231	12.1744547373	-0.0689267798	12.1675213368	-0.0688632308
45.1923076923	12.1731310711	-0.0688872304	12.1661979496	-0.0687673613
45.2115384615	12.1718083086	-0.0688381680	12.1648765026	-0.0686614519
45.2307692308	12.1704866354	-0.0687796256	12.1635571888	-0.0685455181
45.2500000000	12.1691662375	-0.0687116337	12.1622402007	-0.0684195767
45.2692307692	12.1678473003	-0.0686342199	12.1609257306	-0.0682836462
45.2884615385	12.1665300090	-0.0685474089	12.1596139705	-0.0681377464
45.3076923077	12.1652145490	-0.0684512221	12.1583051119	-0.0679818986
45.3269230769	12.1639011051	-0.0683456775	12.1569993457	-0.0678161256
45.3461538462	12.1625898622	-0.0682307897	12.1556968628	-0.0676404515
45.3653846154	12.1612810051	-0.0681065699	12.1543978532	-0.0674549020
45.3846153846	12.1599747184	-0.0679730255	12.1531025066	-0.0672595043
45.4038461538	12.1586711867	-0.0678301609	12.1518110122	-0.0670542867
45.4230769231	12.1573705944	-0.0676779767	12.1505235584	-0.0668392794
45.4423076923	12.1560731260	-0.0675164704	12.1492403332	-0.0666145136
45.4615384615	12.1547789657	-0.0673456366	12.1479615240	-0.0663800222
45.4807692308	12.1534882978	-0.0671654668	12.1466873175	-0.0661358395
45.5000000000	12.1522013065	-0.0669759503	12.1454178998	-0.0658820010
45.5192307692	12.1509181759	-0.0667770737	12.1441534561	-0.0656185439
45.5384615385	12.1496390900	-0.0665688221	12.1428941710	-0.0653455066
45.5576923077	12.1483642327	-0.0663511788	12.1416402285	-0.0650629289
45.5769230769	12.1470937879	-0.0661241260	12.1403918116	-0.0647708522
45.5961538462	12.1458279391	-0.0658876454	12.1391491025	-0.0644693191
45.6153846154	12.1445668698	-0.0656417182	12.1379122827	-0.0641583735
45.6346153846	12.1433107635	-0.0653863261	12.1366815328	-0.0638380609
45.6538461538	12.1420598030	-0.0651214512	12.1354570324	-0.0635084281
45.6730769231	12.1408141712	-0.0648470772	12.1342389604	-0.0631695231
45.6923076923	12.1395740505	-0.0645631892	12.1330274945	-0.0628213955
45.7115384615	12.1383396230	-0.0642697746	12.1318228117	-0.0624640961
45.7307692308	12.1371110705	-0.0639668236	12.1306250877	-0.0620976771
45.7500000000	12.1358885740	-0.0636543296	12.1294344976	-0.0617221918
45.7692307692	12.1346723143	-0.0633322895	12.1282512151	-0.0613376953
45.7884615385	12.1334624715	-0.0630007044	12.1270754129	-0.0609442435
45.8076923077	12.1322592249	-0.0626595799	12.1259072627	-0.0605418940
45.8269230769	12.1310627533	-0.0623089265	12.1247469352	-0.0601307055
45.8461538462	12.1298732346	-0.0619487601	12.1235945996	-0.0597107380
45.8653846154	12.1286908458	-0.0615791020	12.1224504242	-0.0592820529
45.8846153846	12.1275157631	-0.0611999795	12.1213145761	-0.0588447126
45.9038461538	12.1263481615	-0.0608114259	12.1201872211	-0.0583987811
45.9230769231	12.1251882152	-0.0604134809	12.1190685238	-0.0579443236
45.9423076923	12.1240360971	-0.0600061906	12.1179586475	-0.0574814062
45.9615384615	12.1228919789	-0.0595896076	12.1168577543	-0.0570100966
45.9807692308	12.1217560310	-0.0591637910	12.1157660048	-0.0565304637
46.0000000000	12.1206284226	-0.0587288068	12.1146835586	-0.0560425774
46.0192307692	12.1195093213	-0.0582847270	12.1136105735	-0.0555465090
46.0384615385	12.1183988934	-0.0578316303	12.1125472063	-0.0550423309
46.0576923077	12.1172973036	-0.0573696016	12.1114936123	-0.0545301168
46.0769230769	12.1162047151	-0.0568987317	12.1104499452	-0.0540099413
46.0961538462	12.1151212894	-0.0564191171	12.1094163574	-0.0534818804
46.1153846154	12.1140471863	-0.0559308599	12.1083929998	-0.0529460113
46.1346153846	12.1129825640	-0.0554340670	12.1073800219	-0.0524024122
46.1538461538	12.1119275789	-0.0549288504	12.1063775715	-0.0518511624
46.1730769231	12.1108823855	-0.0544153258	12.1053857950	-0.0512923424
46.1923076923	12.1098471367	-0.0538936132	12.1044048371	-0.0507260339
46.2115384615	12.1088219834	-0.0533638356	12.1034348411	-0.0501523194
46.2307692308	12.1078070748	-0.0528261189	12.1024759487	-0.0495712827
46.2500000000	12.1068025580	-0.0522805913	12.1015282997	-0.0489830088
46.2692307692	12.1058085785	-0.0517273826	12.1005920326	-0.0483875834
46.2884615385	12.1048252797	-0.0511666240	12.0996672841	-0.0477850935
46.3076923077	12.1038528032	-0.0505984472	12.0987541892	-0.0471756271
46.3269230769	12.1028912888	-0.0500229839	12.0978528811	-0.0465592730
46.3461538462	12.1019408742	-0.0494403656	12.0969634915	-0.0459361215
46.3653846154	12.1010016956	-0.0488507226	12.0960861502	-0.0453062633
46.3846153846	12.1000738870	-0.0482541839	12.0952209853	-0.0446697905
46.4038461538	12.0991575809	-0.0476508764	12.0943681231	-0.0440267960
46.4230769231	12.0982529077	-0.0470409247	12.0935276882	-0.0433773736
46.4423076923	12.0973599962	-0.0464244505	12.0926998032	-0.0427216182
46.4615384615	12.0964789736	-0.0458015725	12.0918845890	-0.0420596256
46.4807692308	12.0956099650	-0.0451724056	12.0910821646	-0.0413914923
46.5000000000	12.0947530941	-0.0445370610	12.0902926473	-0.0407173159
46.5192307692	12.0939084829	-0.0438956459	12.0895161521	-0.0400371948
46.5384615385	12.0930762517	-0.0432482631	12.0887527926	-0.0393512284
46.5576923077	12.0922565191	-0.0425950110	12.0880026802	-0.0386595168
46.5769230769	12.0914494023	-0.0419359836	12.0872659243	-0.0379621610
46.5961538462	12.0906550170	-0.0412712704	12.0865426326	-0.0372592627
46.6153846154	12.0898734770	-0.0406009563	12.0858329106	-0.0365509247
46.6346153846	12.0891048951	-0.0399251217	12.0851368620	-0.0358372503
46.6538461538	12.0883493821	-0.0392438429	12.0844545884	-0.0351183437
46.6730769231	12.0876070477	-0.0385571920	12.0837861893	-0.0343943099
46.6923076923	12.0868779999	-0.0378652371	12.0831317625	-0.0336652546
46.7115384615	12.0861623454	-0.0371680429	12.0824914034	-0.0329312842
46.7307692308	12.0854601894	-0.0364656707	12.0818652054	-0.0321925059
46.7500000000	12.0847716356	-0.0357581790	12.0812532602	-0.0314490275
46.7692307692	12.0840967862	-0.0350456238	12.0806556569	-0.0307009577
46.7884615385	12.0834357421	-0.0343280589	12.0800724829	-0.0299484056
46.8076923077	12.0827886025	-0.0336055368	12.0795038232	-0.0291914810
46.8269230769	12.0821554653	-0.0328781087	12.0789497609	-0.0284302945
46.8461538462	12.0815364266	-0.0321458253	12.0784103769	-0.0276649573
46.8653846154	12.0809315811	-0.0314087374	12.0778857500	-0.0268955810
46.8846153846	12.0803410221	-0.0306668962	12.0773759567	-0.0261222780
46.9038461538	12.0797648408	-0.0299203539	12.0768810714	-0.0253451613
46.9230769231	12.0792031272	-0.0291691644	12.0764011665	-0.0245643441
46.9423076923	12.0786559692	-0.0284133838	12.0759363119	-0.0237799406
46.9615384615	12.0781234531	-0.0276530707	12.0754865756	-0.0229920653
46.9807692308	12.0776056634	-0.0268882870	12.0750520233	-0.0222008332
47.0000000000	12.0771026827	-0.0261190979	12.0746327182	-0.0214063598
47.0192307692	12.0766145916	-0.0253455730	12.0742287218	-0.0206087611
47.0384615385	12.0761414686	-0.0245677863	12.0738400929	-0.0198081535
47.0576923077	12.0756833903	-0.0237858166	12.0734668882	-0.0190046540
47.0769230769	12.0752404312	-0.0229997477	12.0731091624	-0.0181983799
47.0961538462	12.0748126634	-0.0222096692	12.0727669676	-0.0173894488
47.1153846154	12.0744001570	-0.0214156761	12.0724403537	-0.0165779789
47.1346153846	12.0740029795	-0.0206178693	12.0721293685	-0.0157640886
47.1538461538	12.0736211962	-0.0198163559	12.0718340574	-0.0149478968
47.1730769231	12.0732548698	-0.0190112488	12.0715544634	-0.0141295227
47.1923076923	12.0729040608	-0.0182026671	12.0712906274	-0.0133090856
47.2115384615	12.0725688268	-0.0173907360	12.0710425880	-0.0124867055
47.2307692308	12.0722492229	-0.0165755866	12.0708103812	-0.0116625023
47.2500000000	12.0719453017	-0.0157573557	12.0705940411	-0.0108365964
47.2692307692	12.0716571127	-0.0149361859	12.0703935992	-0.0100091083
47.2884615385	12.0713847031	-0.0141122249	12.0702090848	-0.0091801590
47.3076923077	12.0711281171	-0.0132856257	12.0700405247	-0.0083498694
47.3269230769	12.0708873959	-0.0124565457	12.0698879437	-0.0075183607
47.3461538462	12.0706625782	-0.0116251469	12.0697513641	-0.0066857543
47.3653846154	12.0704536997	-0.0107915950	12.0696308056	-0.0058521719
47.3846153846	12.0702607930	-0.0099560591	12.0695262860	-0.0050177350
47.4038461538	12.0700838881	-0.0091187113	12.0694378205	-0.0041825656
47.4230769231	12.0699230120	-0.0082797260	12.0693654220	-0.0033467855
47.4423076923	12.0697781887	-0.0074392797	12.0693091011	-0.0025105167
47.4615384615	12.0696494395	-0.0065975499	12.0692688660	-0.0016738815
47.4807692308	12.0695367826	-0.0057547152	12.0692447226	-0.0008370018
47.5000000000	12.0694402335	-0.0049109542	12.0692366744	-0.0000000000
47.5192307692	12.0693598049	-0.0040664451	12.0692447226	0.0008370018
47.5384615385	12.0692955063	-0.0032213655	12.0692688660	0.0016738815
47.5576923077	12.0692473450	-0.0023758914	12.0693091011	0.0025105167
47.5769230769	12.0692153250	-0.0015301968	12.0693654220	0.0033467855
47.5961538462	12.0691994480	-0.0006844536	12.0694378205	0.0041825656
47.6153846154	12.0691997128	0.0001611696	12.0695262860	0.0050177350
47.6346153846	12.0692161156	0.0010065072	12.0696308056	0.0058521719
47.6538461538	12.0692486501	0.0018513972	12.0697513641	0.0066857543
47.6730769231	12.0692973074	0.0026956818	12.0698879437	0.0075183607
47.6923076923	12.0693620761	0.0035392075	12.0700405247	0.0083498694
47.7115384615	12.0694429424	0.0043818252	12.0702090848	0.0091801590
47.7307692308	12.0695398902	0.0052233909	12.0703935992	0.0100091083
47.7500000000	12.0696529010	0.0060637652	12.0705940411	0.0108365964
47.7692307692	12.0697819539	0.0069028138	12.0708103812	0.0116625023
47.7884615385	12.0699270259	0.0077404075	12.0710425880	0.0124867055
47.8076923077	12.0700880919	0.0085764223	12.0712906274	0.0133090856
47.8269230769	12.0702651245	0.0094107389	12.0715544634	0.0141295227
47.8461538462	12.0704580943	0.0102432433	12.0718340574	0.0149478968
47.8653846154	12.0706669698	0.0110738260	12.0721293685	0.0157640886
47.8846153846	12.0708917175	0.0119023822	12.0724403537	0.0165779789
47.9038461538	12.0711323018	0.0127288112	12.0727669676	0.0173894488
47.9230769231	12.0713886853	0.0135530165	12.0731091624	0.0181983799
47.9423076923	12.0716608286	0.0143749055	12.0734668882	0.0190046540
47.9615384615	12.0719486904	0.0151943887	12.0738400929	0.0198081535
47.9807692308	12.0722522276	0.0160113796	12.0742287218	0.0206087611
48.0000000000	12.0725713949	0.0168257946	12.0746327182	0.0214063598
48.0192307692	12.0729061454	0.0176375519	12.0750520233	0.0222008332
48.0384615385	12.0732564303	0.0184465718	12.0754865756	0.0229920653
48.0576923077	12.0736221989	0.0192527756	12.0759363119	0.0237799406
48.0769230769	12.0740033985	0.0200560856	12.0764011665	0.0245643441
48.0961538462	12.0743999747	0.0208564247	12.0768810714	0.0253451613
48.1153846154	12.0748118711	0.0216537155	12.0773759567	0.0261222780
48.1346153846	12.0752390293	0.0224478804	12.0778857500	0.0268955810
48.1538461538	12.0756813890	0.0232388407	12.0784103769	0.0276649573
48.1730769231	12.0761388882	0.0240265169	12.0789497609	0.0284302945
48.1923076923	12.0766114625	0.0248108275	12.0795038232	0.0291914810
48.2115384615	12.0770990458	0.0255916892	12.0800724829	0.0299484056
48.2307692308	12.0776015698	0.0263690168	12.0806556569	0.0307009577
48.2500000000	12.0781189643	0.0271427221	12.0812532602	0.0314490275
48.2692307692	12.0786511567	0.0279127147	12.0818652054	0.0321925059
48.2884615385	12.0791980726	0.0286789009	12.0824914034	0.0329312842
48.3076923077	12.0797596352	0.0294411844	12.0831317625	0.0336652546
48.3269230769	12.0803357658	0.0301994655	12.0837861893	0.0343943099
48.3461538462	12.0809263831	0.0309536413	12.0844545884	0.0351183437
48.3653846154	12.0815314039	0.0317036059	12.0851368620	0.0358372503
48.3846153846	12.0821507426	0.0324492501	12.0858329106	0.0365509247
48.4038461538	12.0827843113	0.0331904618	12.0865426326	0.0372592627
48.4230769231	12.0834320197	0.0339271259	12.0872659243	0.0379621610
48.4423076923	12.0840937754	0.0346591243	12.0880026802	0.0386595168
48.4615384615	12.0847694835	0.0353863366	12.0887527926	0.0393512284
48.4807692308	12.0854590469	0.0361086399	12.0895161521	0.0400371948
48.5000000000	12.0861623660	0.0368259092	12.0902926473	0.0407173159
48.5192307692	12.0868793388	0.0375380177	12.0910821646	0.0413914923
48.5384615385	12.0876098612	0.0382448373	12.0918845890	0.0420596256
48.5576923077	12.0883538266	0.0389462385	12.0926998032	0.0427216182
48.5769230769	12.0891111259	0.0396420911	12.0935276882	0.0433773736
48.5961538462	12.0898816481	0.0403322645	12.0943681231	0.0440267960
48.6153846154	12.0906652794	0.0410166282	12.0952209853	0.0446697905
48.6346153846	12.0914619042	0.0416950517	12.0960861502	0.0453062633
48.6538461538	12.0922714042	0.0423674056	12.0969634915	0.0459361215
48.6730769231	12.0930936592	0.0430335614	12.0978528811	0.0465592730
48.6923076923	12.0939285468	0.0436933919	12.0987541892	0.0471756271
48.7115384615	12.0947759422	0.0443467721	12.0996672841	0.0477850935
48.7307692308	12.0956357187	0.0449935789	12.1005920326	0.0483875834
48.7500000000	12.0965077475	0.0456336916	12.1015282997	0.0489830088
48.7692307692	12.0973918977	0.0462669923	12.1024759487	0.0495712827
48.7884615385	12.0982880364	0.0468933663	12.1034348411	0.0501523194
48.8076923077	12.0991960290	0.0475127019	12.1044048371	0.0507260339
48.8269230769	12.1001157388	0.0481248909	12.1053857950	0.0512923424
48.8461538462	12.1010470273	0.0487298287	12.1063775715	0.0518511624
48.8653846154	12.1019897542	0.0493274144	12.1073800219	0.0524024122
48.8846153846	12.1029437776	0.0499175510	12.1083929998	0.0529460113
48.9038461538	12.1039089539	0.0505001453	12.1094163574	0.0534818804
48.9230769231	12.1048851376	0.0510751080	12.1104499452	0.0540099413
48.9423076923	12.1058721820	0.0516423536	12.1114936123	0.0545301168
48.9615384615	12.1068699386	0.0522018006	12.1125472063	0.0550423309
48.9807692308	12.1078782577	0.0527533709	12.1136105735	0.0555465090
49.0000000000	12.1088969878	0.0532969903	12.1146835586	0.0560425774
49.0192307692	12.1099259762	0.0538325878	12.1157660048	0.0565304637
49.0384615385	12.1109650688	0.0543600959	12.1168577543	0.0570100966
49.0576923077	12.1120141103	0.0548794499	12.1179586475	0.0574814062
49.0769230769	12.1130729440	0.0553905880	12.1190685238	0.0579443236
49.0961538462	12.1141414118	0.0558934511	12.1201872211	0.0583987811
49.1153846154	12.1152193547	0.0563879822	12.1213145761	0.0588447126
49.1346153846	12.1163066123	0.0568741264	12.1224504242	0.0592820529
49.1538461538	12.1174030230	0.0573518307	12.1235945996	0.0597107380
49.1730769231	12.1185084242	0.0578210432	12.1247469352	0.0601307055
49.1923076923	12.1196226520	0.0582817135	12.1259072627	0.0605418940
49.2115384615	12.1207455414	0.0587337919	12.1270754129	0.0609442435
49.2307692308	12.1218769265	0.0591772295	12.1282512151	0.0613376953
49.2500000000	12.1230166401	0.0596119775	12.1294344976	0.0617221918
49.2692307692	12.1241645139	0.0600379874	12.1306250877	0.0620976771
49.2884615385	12.1253203787	0.0604552105	12.1318228117	0.0624640961
49.3076923077	12.1264840642	0.0608635979	12.1330274945	0.0628213955
49.3269230769	12.1276553988	0.0612631000	12.1342389604	0.0631695231
49.3461538462	12.1288342103	0.0616536667	12.1354570324	0.0635084281
49.3653846154	12.1300203249	0.0620352472	12.1366815328	0.0638380609
49.3846153846	12.1312135683	0.0624077897	12.1379122827	0.0641583735
49.4038461538	12.1324137647	0.0627712415	12.1391491025	0.0644693191
49.4230769231	12.1336207377	0.0631255491	12.1403918116	0.0647708522
49.4423076923	12.1348343096	0.0634706580	12.1416402285	0.0650629289
49.4615384615	12.1360543018	0.0638065128	12.1428941710	0.0653455066
49.4807692308	12.1372805345	0.0641330574	12.1441534561	0.0656185439
49.5000000000	12.1385128273	0.0644502350	12.1454178998	0.0658820010
49.5192307692	12.1397509986	0.0647579883	12.1466873175	0.0661358395
49.5384615385	12.1409948657	0.0650562598	12.1479615240	0.0663800222
49.5576923077	12.1422442453	0.0653449915	12.1492403332	0.0666145136
49.5769230769	12.1434989529	0.0656241260	12.1505235584	0.0668392794
49.5961538462	12.1447588033	0.0658936059	12.1518110122	0.0670542867
49.6153846154	12.1460236104	0.0661533746	12.1531025066	0.0672595043
49.6346153846	12.1472931872	0.0664033765	12.1543978532	0.0674549020
49.6538461538	12.1485673461	0.0666435571	12.1556968628	0.0676404515
49.6730769231	12.1498458986	0.0668738635	12.1569993457	0.0678161256
49.6923076923	12.1511286554	0.0670942449	12.1583051119	0.0679818986
49.7115384615	12.1524154268	0.0673046525	12.1596139705	0.0681377464
49.7307692308	12.1537060223	0.0675050400	12.1609257306	0.0682836462
49.7500000000	12.1550002509	0.0676953642	12.1622402007	0.0684195767
49.7692307692	12.1562979211	0.0678755849	12.1635571888	0.0685455181
49.7884615385	12.1575988408	0.0680456654	12.1648765026	0.0686614519
49.8076923077	12.1589028176	0.0682055726	12.1661979496	0.0687673613
49.8269230769	12.1602096589	0.0683552775	12.1675213368	0.0688632308
49.8461538462	12.1615191715	0.0684947553	12.1688464710	0.0689490463
49.8653846154	12.1628311623	0.0686239856	12.1701731587	0.0690247954
49.8846153846	12.1641454379	0.0687429523	12.1715012062	0.0690904670
49.9038461538	12.1654618045	0.0688516444	12.1728304197	0.0691460515
49.9230769231	12.1667800688	0.0689500553	12.1741606050	0.0691915409
49.9423076923	12.1681000372	0.0690381835	12.1754915680	0.0692269283
49.9615384615	12.1694215161	0.0691160320	12.1768231144	0.0692522088
49.9807692308	12.1707443122	0.0691836090	12.1781550497	0.0692673785
50.0000000000	12.1720682323	0.0692409272	12.1794871795	0.0692724354
50.0192307692	12.1733930836	0.0692880040	12.1808193093	0.0692673785
50.0384615385	12.1747186732	0.0693248613	12.1821512446	0.0692522088
50.0576923077	12.1760448090	0.0693515254	12.1834827910	0.0692269283
50.0769230769	12.1773712990	0.0693680266	12.1848137540	0.0691915409
50.0961538462	12.1786979517	0.0693743991	12.1861439393	0.0691460515
50.1153846154	12.1800245760	0.0693706805	12.1874731528	0.0690904670
50.1346153846	12.1813509814	0.0693569118	12.1888012003	0.0690247954
50.1538461538	12.1826769779	0.0693331370	12.1901278880	0.0689490463
50.1730769231	12.1840023759	0.0692994024	12.1914530222	0.0688632308
50.1923076923	12.1853269866	0.0692557565	12.1927764094	0.0687673613
50.2115384615	12.1866506216	0.0692022496	12.1940978563	0.0686614519
50.2307692308	12.1879730932	0.0691389333	12.1954171702	0.0685455181
50.2500000000	12.1892942143	0.0690658601	12.1967341583	0.0684195767
50.2692307692	12.1906137983	0.0689830831	12.1980486283	0.0682836462
50.2884615385	12.1919316594	0.0688906554	12.1993603884	0.0681377464
50.3076923077	12.1932476122	0.0687886297	12.2006692471	0.0679818986
50.3269230769	12.1945614721	0.0686770581	12.2019750132	0.0678161256
50.3461538462	12.1958730550	0.0685559914	12.2032774962	0.0676404515
50.3653846154	12.1971821773	0.0684254792	12.2045765058	0.0674549020
50.3846153846	12.1984886560	0.0682855691	12.2058718523	0.0672595043
50.4038461538	12.1997923088	0.0681363066	12.2071633468	0.0670542867
50.4230769231	12.2010929537	0.0679777348	12.2084508006	0.0668392794
50.4423076923	12.2023904094	0.0678098943	12.2097340258	0.0666145136
50.4615384615	12.2036844949	0.0676328227	12.2110128350	0.0663800222
50.4807692308	12.2049750297	0.0674465547	12.2122870414	0.0661358395
50.5000000000	12.2062618339	0.0672511218	12.2135564592	0.0658820010
50.5192307692	12.2075447277	0.0670465525	12.2148209029	0.0656185439
50.5384615385	12.2088235320	0.0668328720	12.2160801879	0.0653455066
50.5576923077	12.2100980679	0.0666101022	12.2173341304	0.0650629289
50.5769230769	12.2113681569	0.0663782620	12.2185825474	0.0647708522
50.5961538462	12.2126336209	0.0661373673	12.2198252565	0.0644693191
50.6153846154	12.2138942818	0.0658874312	12.2210620762	0.0641583735
50.6346153846	12.2151499623	0.0656284639	12.2222928262	0.0638380609
50.6538461538	12.2164004851	0.0653604735	12.2235173265	0.0635084281
50.6730769231	12.2176456732	0.0650834659	12.2247353986	0.0631695231
50.6923076923	12.2188853501	0.0647974451	12.2259468645	0.0628213955
50.7115384615	12.2201193394	0.0645024137	12.2271515473	0.0624640961
50.7307692308	12.2213474651	0.0641983734	12.2283492712	0.0620976771
50.7500000000	12.2225695516	0.0638853249	12.2295398614	0.0617221918
50.7692307692	12.2237854235	0.0635632690	12.2307231439	0.0613376953
50.7884615385	12.2249949061	0.0632322067	12.2318989461	0.0609442435
50.8076923077	12.2261978248	0.0628921395	12.2330670962	0.0605418940
50.8269230769	12.2273940055	0.0625430701	12.2342274238	0.0601307055
50.8461538462	12.2285832747	0.0621850031	12.2353797594	0.0597107380
50.8653846154	12.2297654593	0.0618179447	12.2365239348	0.0592820529
50.8846153846	12.2309403871	0.0614419042	12.2376597829	0.0588447126
50.9038461538	12.2321078861	0.0610568933	12.2387871379	0.0583987811
50.9230769231	12.2332677852	0.0606629276	12.2399058352	0.0579443236
50.9423076923	12.2344199142	0.0602600262	12.2410157115	0.0574814062
50.9615384615	12.2355641035	0.0598482125	12.2421166047	0.0570100966
50.9807692308	12.2367001844	0.0594275145	12.2432083542	0.0565304637
51.0000000000	12.2378279894	0.0589979650	12.2442908004	0.0560425774
51.0192307692	12.2389473517	0.0585596016	12.2453637855	0.0555465090
51.0384615385	12.2400581059	0.0581124677	12.2464271526	0.0550423309
51.0576923077	12.2411600875	0.0576566119	12.2474807467	0.0545301168
51.0769230769	12.2422531335	0.0571920884	12.2485244138	0.0540099413
51.0961538462	12.2433370820	0.0567189573	12.2495580016	0.0534818804
51.1153846154	12.2444117727	0.0562372843	12.2505813591	0.0529460113
51.1346153846	12.2454770466	0.0557471408	12.2515943371	0.0524024122
51.1538461538	12.2465327464	0.0552486041	12.2525967875	0.0518511624
51.1730769231	12.2475787163	0.0547417566	12.2535885640	0.0512923424
51.1923076923	12.2486148021	0.0542266864	12.2545695219	0.0507260339
51.2115384615	12.2496408516	0.0537034866	12.2555395178	0.0501523194
51.2307692308	12.2506567140	0.0531722552	12.2564984103	0.0495712827
51.2500000000	12.2516622406	0.0526330949	12.2574460592	0.0489830088
51.2692307692	12.2526572847	0.0520861122	12.2583823263	0.0483875834
51.2884615385	12.2536417011	0.0515314180	12.2593070749	0.0477850935
51.3076923077	12.2546153471	0.0509691263	12.2602201698	0.0471756271
51.3269230769	12.2555780815	0.0503993541	12.2611214779	0.0465592730
51.3461538462	12.2565297656	0.0498222210	12.2620108675	0.0459361215
51.3653846154	12.2574702624	0.0492378487	12.2628882088	0.0453062633
51.3846153846	12.2583994371	0.0486463603	12.2637533737	0.0446697905
51.4038461538	12.2593171571	0.0480478801	12.2646062359	0.0440267960
51.4230769231	12.2602232916	0.0474425330	12.2654466708	0.0433773736
51.4423076923	12.2611177121	0.0468304437	12.2662745558	0.0427216182
51.4615384615	12.2620002922	0.0462117369	12.2670897700	0.0420596256
51.4807692308	12.2628709075	0.0455865360	12.2678921943	0.0413914923
51.5000000000	12.2637294355	0.0449549635	12.2686817117	0.0407173159
51.5192307692	12.2645757561	0.0443171397	12.2694582068	0.0400371948
51.5384615385	12.2654097509	0.0436731831	12.2702215664	0.0393512284
51.5576923077	12.2662313036	0.0430232097	12.2709716788	0.0386595168
51.5769230769	12.2670402998	0.0423673325	12.2717084347	0.0379621610
51.5961538462	12.2678366271	0.0417056615	12.2724317264	0.0372592627
51.6153846154	12.2686201749	0.0410383036	12.2731414484	0.0365509247
51.6346153846	12.2693908345	0.0403653619	12.2738374970	0.0358372503
51.6538461538	12.2701484991	0.0396869362	12.2745197706	0.0351183437
51.6730769231	12.2708930634	0.0390031225	12.2751881696	0.0343943099
51.6923076923	12.2716244242	0.0383140131	12.2758425965	0.0336652546
51.7115384615	12.2723424797	0.0376196966	12.2764829556	0.0329312842
51.7307692308	12.2730471298	0.0369202582	12.2771091535	0.0321925059
51.7500000000	12.2737382763	0.0362157796	12.2777210988	0.0314490275
51.7692307692	12.2744158224	0.0355063393	12.2783187021	0.0307009577
51.7884615385	12.2750796727	0.0347920127	12.2789018761	0.0299484056
51.8076923077	12.2757297337	0.0340728728	12.2794705358	0.0291914810
51.8269230769	12.2763659132	0.0333489898	12.2800245981	0.0284302945
51.8461538462	12.2769881206	0.0326204324	12.2805639821	0.0276649573
51.8653846154	12.2775962667	0.0318872672	12.2810886090	0.0268955810
51.8846153846	12.2781902640	0.0311495601	12.2815984023	0.0261222780
51.9038461538	12.2787700264	0.0304073761	12.2820932876	0.0253451613
51.9230769231	12.2793354691	0.0296607800	12.2825731925	0.0245643441
51.9423076923	12.2798865091	0.0289098369	12.2830380470	0.0237799406
51.9615384615	12.2804230649	0.0281546126	12.2834877833	0.0229920653
51.9807692308	12.2809450562	0.0273951742	12.2839223357	0.0222008332
52.0000000000	12.2814524048	0.0266315908	12.2843416408	0.0214063598
52.0192307692	12.2819450337	0.0258639335	12.2847456372	0.0206087611
52.0384615385	12.2824228676	0.0250922763	12.2851342661	0.0198081535
52.0576923077	12.2828858331	0.0243166962	12.2855074707	0.0190046540
52.0769230769	12.2833338584	0.0235372741	12.2858651966	0.0181983799
52.0961538462	12.2837668733	0.0227540946	12.2862073914	0.0173894488
52.1153846154	12.2841848097	0.0219672468	12.2865340052	0.0165779789
52.1346153846	12.2845876013	0.0211768245	12.2868449904	0.0157640886
52.1538461538	12.2849751837	0.0203829264	12.2871403016	0.0149478968
52.1730769231	12.2853474946	0.0195856561	12.2874198956	0.0141295227
52.1923076923	12.2857044737	0.0187851229	12.2876837315	0.0133090856
52.2115384615	12.2860460628	0.0179814410	12.2879317710	0.0124867055
52.2307692308	12.2863722061	0.0171747304	12.2881639778	0.0116625023
52.2500000000	12.2866828499	0.0163651164	12.2883803179	0.0108365964
52.2692307692	12.2869779428	0.0155527296	12.2885807598	0.0100091083
52.2884615385	12.2872574360	0.0147377058	12.2887652742	0.0091801590
52.3076923077	12.2875212831	0.0139201858	12.2889338342	0.0083498694
52.3269230769	12.2877694400	0.0131003151	12.2890864152	0.0075183607
52.3461538462	12.2880018654	0.0122782438	12.2892229949	0.0066857543
52.3653846154	12.2882185206	0.0114541261	12.2893435534	0.0058521719
52.3846153846	12.2884193696	0.0106281197	12.2894480730	0.0050177350
52.4038461538	12.2886043789	0.0098003856	12.2895365385	0.0041825656
52.4230769231	12.2887735180	0.0089710877	12.2896089370	0.0033467855
52.4423076923	12.2889267592	0.0081403920	12.2896652579	0.0025105167
52.4615384615	12.2890640773	0.0073084662	12.2897054930	0.0016738815
52.4807692308	12.2891854503	0.0064754792	12.2897296364	0.0008370018
52.5000000000	12.2892908589	0.0056416003	12.2897376845	-0.0000000000
52.5192307692	12.2893802865	0.0048069988	12.2897296364	-0.0008370018
52.5384615385	12.2894537196	0.0039718432	12.2897054930	-0.0016738815
52.5576923077	12.2895111475	0.0031363010	12.2896652579	-0.0025105167
52.5769230769	12.2895525622	0.0023005376	12.2896089370	-0.0033467855
52.5961538462	12.2895779586	0.0014647159	12.2895365385	-0.0041825656
52.6153846154	12.2895873346	0.0006289961	12.2894480730	-0.0050177350
52.6346153846	12.2895806904	-0.0002064653	12.2893435534	-0.0058521719
52.6538461538	12.2895580295	-0.0010415159	12.2892229949	-0.0066857543
52.6730769231	12.2895193576	-0.0018760074	12.2890864152	-0.0075183607
52.6923076923	12.2894646835	-0.0027097965	12.2889338342	-0.0083498694
52.7115384615	12.2893940182	-0.0035427452	12.2887652742	-0.0091801590
52.7307692308	12.2893073756	-0.0043747207	12.2885807598	-0.0100091083
52.7500000000	12.2892047719	-0.0052055960	12.2883803179	-0.0108365964
52.7692307692	12.2890862257	-0.0060352500	12.2881639778	-0.0116625023
52.7884615385	12.2889517582	-0.0068635674	12.2879317710	-0.0124867055
52.8076923077	12.2888013929	-0.0076904389	12.2876837315	-0.0133090856
52.8269230769	12.2886351553	-0.0085157612	12.2874198956	-0.0141295227
52.8461538462	12.2884530735	-0.0093394369	12.2871403016	-0.0149478968
52.8653846154	12.2882551776	-0.0101613742	12.2868449904	-0.0157640886
52.8846153846	12.2880414996	-0.0109814867	12.2865340052	-0.0165779789
52.9038461538	12.2878120738	-0.0117996933	12.2862073914	-0.0173894488
52.9230769231	12.2875669365	-0.0126159176	12.2858651966	-0.0181983799
52.9423076923	12.2873061258	-0.0134300875	12.2855074707	-0.0190046540
52.9615384615	12.2870296818	-0.0142421350	12.2851342661	-0.0198081535
52.9807692308	12.2867376464	-0.0150519954	12.2847456372	-0.0206087611
53.0000000000	12.2864300635	-0.0158596070	12.2843416408	-0.0214063598
53.0192307692	12.2861069784	-0.0166649103	12.2839223357	-0.0222008332
53.0384615385	12.2857684387	-0.0174678475	12.2834877833	-0.0229920653
53.0576923077	12.2854144934	-0.0182683617	12.2830380470	-0.0237799406
53.0769230769	12.2850451932	-0.0190663965	12.2825731925	-0.0245643441
53.0961538462	12.2846605907	-0.0198618952	12.2820932876	-0.0253451613
53.1153846154	12.2842607402	-0.0206548001	12.2815984023	-0.0261222780
53.1346153846	12.2838456977	-0.0214450520	12.2810886090	-0.0268955810
53.1538461538	12.2834155209	-0.0222325893	12.2805639821	-0.0276649573
53.1730769231	12.2829702693	-0.0230173476	12.2800245981	-0.0284302945
53.1923076923	12.2825100040	-0.0237992591	12.2794705358	-0.0291914810
53.2115384615	12.2820347882	-0.0245782518	12.2789018761	-0.0299484056
53.2307692308	12.2815446866	-0.0253542494	12.2783187021	-0.0307009577
53.2500000000	12.2810397659	-0.0261271703	12.2777210988	-0.0314490275
53.2692307692	12.2805200948	-0.0268969278	12.2771091535	-0.0321925059
53.2884615385	12.2799857436	-0.0276634292	12.2764829556	-0.0329312842
53.3076923077	12.2794367849	-0.0284265757	12.2758425965	-0.0336652546
53.3269230769	12.2788732932	-0.0291862625	12.2751881696	-0.0343943099
53.3461538462	12.2782953449	-0.0299423780	12.2745197706	-0.0351183437
53.3653846154	12.2777030187	-0.0306948044	12.2738374970	-0.0358372503
53.3846153846	12.2770963954	-0.0314434171	12.2731414484	-0.0365509247
53.4038461538	12.2764755580	-0.0321880852	12.2724317264	-0.0372592627
53.4230769231	12.2758405916	-0.0329286715	12.2717084347	-0.0379621610
53.4423076923	12.2751915838	-0.0336650327	12.2709716788	-0.0386595168
53.4615384615	12.2745286243	-0.0343970196	12.2702215664	-0.0393512284
53.4807692308	12.2738518055	-0.0351244777	12.2694582068	-0.0400371948
53.5000000000	12.2731612217	-0.0358472475	12.2686817117	-0.0407173159
53.5192307692	12.2724569702	-0.0365651648	12.2678921943	-0.0413914923
53.5384615385	12.2717391502	-0.0372780617	12.2670897700	-0.0420596256
53.5576923077	12.2710078639	-0.0379857669	12.2662745558	-0.0427216182
53.5769230769	12.2702632155	-0.0386881063	12.2654466708	-0.0433773736
53.5961538462	12.2695053120	-0.0393849040	12.2646062359	-0.0440267960
53.6153846154	12.2687342628	-0.0400759827	12.2637533737	-0.0446697905
53.6346153846	12.2679501800	-0.0407611648	12.2628882088	-0.0453062633
53.6538461538	12.2671531778	-0.0414402727	12.2620108675	-0.0459361215
53.6730769231	12.2663433732	-0.0421131301	12.2611214779	-0.0465592730
53.6923076923	12.2655208855	-0.0427795627	12.2602201698	-0.0471756271
53.7115384615	12.2646858365	-0.0434393986	12.2593070749	-0.0477850935
53.7307692308	12.2638383504	-0.0440924696	12.2583823263	-0.0483875834
53.7500000000	12.2629785536	-0.0447386116	12.2574460592	-0.0489830088
53.7692307692	12.2621065750	-0.0453776654	12.2564984103	-0.0495712827
53.7884615385	12.2612225457	-0.0460094777	12.2555395178	-0.0501523194
53.8076923077	12.2603265987	-0.0466339013	12.2545695219	-0.0507260339
53.8269230769	12.2594188696	-0.0472507960	12.2535885640	-0.0512923424
53.8461538462	12.2584994957	-0.0478600291	12.2525967875	-0.0518511624
53.8653846154	12.2575686164	-0.0484614758	12.2515943371	-0.0524024122
53.8846153846	12.2566263731	-0.0490550198	12.2505813591	-0.0529460113
53.9038461538	12.2556729087	-0.0496405533	12.2495580016	-0.0534818804
53.9230769231	12.2547083683	-0.0502179779	12.2485244138	-0.0540099413
53.9423076923	12.2537328983	-0.0507872040	12.2474807467	-0.0545301168
53.9615384615	12.2527466469	-0.0513481516	12.2464271526	-0.0550423309
53.9807692308	12.2517497636	-0.0519007499	12.2453637855	-0.0555465090
54.0000000000	12.2507423995	-0.0524449377	12.2442908004	-0.0560425774
54.0192307692	12.2497247069	-0.0529806627	12.2432083542	-0.0565304637
54.0384615385	12.2486968394	-0.0535078816	12.2421166047	-0.0570100966
54.0576923077	12.2476589518	-0.0540265600	12.2410157115	-0.0574814062
54.0769230769	12.2466112000	-0.0545366717	12.2399058352	-0.0579443236
54.0961538462	12.2455537407	-0.0550381983	12.2387871379	-0.0583987811
54.1153846154	12.2444867319	-0.0555311290	12.2376597829	-0.0588447126
54.1346153846	12.2434103322	-0.0560154596	12.2365239348	-0.0592820529
54.1538461538	12.2423247012	-0.0564911923	12.2353797594	-0.0597107380
54.1730769231	12.2412299993	-0.0569583346	12.2342274238	-0.0601307055
54.1923076923	12.2401263875	-0.0574168988	12.2330670962	-0.0605418940
54.2115384615	12.2390140275	-0.0578669015	12.2318989461	-0.0609442435
54.2307692308	12.2378930817	-0.0583083621	12.2307231439	-0.0613376953
54.2500000000	12.2367637132	-0.0587413027	12.2295398614	-0.0617221918
54.2692307692	12.2356260856	-0.0591657469	12.2283492712	-0.0620976771
54.2884615385	12.2344803630	-0.0595817190	12.2271515473	-0.0624640961
54.3076923077	12.2333267103	-0.0599892432	12.2259468645	-0.0628213955
54.3269230769	12.2321652927	-0.0603883429	12.2247353986	-0.0631695231
54.3461538462	12.2309962763	-0.0607790396	12.2235173265	-0.0635084281
54.3653846154	12.2298198275	-0.0611613524	12.2222928262	-0.0638380609
54.3846153846	12.2286361134	-0.0615352971	12.2210620762	-0.0641583735
54.4038461538	12.2274453016	-0.0619008858	12.2198252565	-0.0644693191
54.4230769231	12.2262475606	-0.0622581256	12.2185825474	-0.0647708522
54.4423076923	12.2250430594	-0.0626070188	12.2173341304	-0.0650629289
54.4615384615	12.2238319676	-0.0629475617	12.2160801879	-0.0653455066
54.4807692308	12.2226144556	-0.0632797446	12.2148209029	-0.0656185439
54.5000000000	12.2213906946	-0.0636035513	12.2135564592	-0.0658820010
54.5192307692	12.2201608566	-0.0639189585	12.2122870414	-0.0661358395
54.5384615385	12.2189251144	-0.0642259360	12.2110128350	-0.0663800222
54.5576923077	12.2176836417	-0.0645244462	12.2097340258	-0.0666145136
54.5769230769	12.2164366132	-0.0648144442	12.2084508006	-0.0668392794
54.5961538462	12.2151842043	-0.0650958779	12.2071633468	-0.0670542867
54.6153846154	12.2139265918	-0.0653686878	12.2058718523	-0.0672595043
54.6346153846	12.2126639531	-0.0656328076	12.2045765058	-0.0674549020
54.6538461538	12.2113964670	-0.0658881641	12.2032774962	-0.0676404515
54.6730769231	12.2101243132	-0.0661346778	12.2019750132	-0.0678161256
54.6923076923	12.2088476725	-0.0663722630	12.2006692471	-0.0679818986
54.7115384615	12.2075667271	-0.0666008288	12.1993603884	-0.0681377464
54.7307692308	12.2062816600	-0.0668202793	12.1980486283	-0.0682836462
54.7500000000	12.2049926557	-0.0670305141	12.1967341583	-0.0684195767
54.7692307692	12.2036998995	-0.0672314295	12.1954171702	-0.0685455181
54.7884615385	12.2024035781	-0.0674229186	12.1940978563	-0.0686614519
54.8076923077	12.2011038794	-0.0676048728	12.1927764094	-0.0687673613
54.8269230769	12.1998009923	-0.0677771818	12.1914530222	-0.0688632308
54.8461538462	12.1984951069	-0.0679397350	12.1901278880	-0.0689490463
54.8653846154	12.1971864143	-0.0680924223	12.1888012003	-0.0690247954
54.8846153846	12.1958751068	-0.0682351346	12.1874731528	-0.0690904670
54.9038461538	12.1945613775	-0.0683677651	12.1861439393	-0.0691460515
54.9230769231	12.1932454206	-0.0684902100	12.1848137540	-0.0691915409
54.9423076923	12.1919274313	-0.0686023690	12.1834827910	-0.0692269283
54.9615384615	12.1906076054	-0.0687041469	12.1821512446	-0.0692522088
54.9807692308	12.1892861395	-0.0687954535	12.1808193093	-0.0692673785
55.0000000000	12.1879632311	-0.0688762051	12.1794871795	-0.0692724354
55.0192307692	12.1866390782	-0.0689463245	12.1781550497	-0.0692673785
55.0384615385	12.1853138793	-0.0690057424	12.1768231144	-0.0692522088
55.0576923077	12.1839878333	-0.0690543973	12.1754915680	-0.0692269283
55.0769230769	12.1826611395	-0.0690922365	12.1741606050	-0.0691915409
55.0961538462	12.1813339975	-0.0691192164	12.1728304197	-0.0691460515
55.1153846154	12.1800066070	-0.0691353026	12.1715012062	-0.0690904670
55.1346153846	12.1786791678	-0.0691404708	12.1701731587	-0.0690247954
55.1538461538	12.1773518796	-0.0691347064	12.1688464710	-0.0689490463
55.1730769231	12.1760249419	-0.0691180051	12.1675213368	-0.0688632308
55.1923076923	12.1746985541	-0.0690903726	12.1661979496	-0.0687673613
55.2115384615	12.1733729153	-0.0690518248	12.1648765026	-0.0686614519
55.2307692308	12.1720482238	-0.0690023877	12.1635571888	-0.0685455181
55.2500000000	12.1707246778	-0.0689420969	12.1622402007	-0.0684195767
55.2692307692	12.1694024746	-0.0688709975	12.1609257306	-0.0682836462
55.2884615385	12.1680818109	-0.0687891441	12.1596139705	-0.0681377464
55.3076923077	12.1667628826	-0.0686965996	12.1583051119	-0.0679818986
55.3269230769	12.1654458846	-0.0685934353	12.1569993457	-0.0678161256
55.3461538462	12.1641310110	-0.0684797302	12.1556968628	-0.0676404515
55.3653846154	12.1628184548	-0.0683555701	12.1543978532	-0.0674549020
55.3846153846	12.1615084080	-0.0682210472	12.1531025066	-0.0672595043
55.4038461538	12.1602010614	-0.0680762595	12.1518110122	-0.0670542867
55.4230769231	12.1588966046	-0.0679213095	12.1505235584	-0.0668392794
55.4423076923	12.1575952262	-0.0677563038	12.1492403332	-0.0666145136
55.4615384615	12.1562971133	-0.0675813524	12.1479615240	-0.0663800222
55.4807692308	12.1550024517	-0.0673965673	12.1466873175	-0.0661358395
55.5000000000	12.1537114262	-0.0672020622	12.1454178998	-0.0658820010
55.5192307692	12.1524242200	-0.0669979515	12.1441534561	-0.0656185439
55.5384615385	12.1511410153	-0.0667843493	12.1428941710	-0.0653455066
55.5576923077	12.1498619927	-0.0665613687	12.1416402285	-0.0650629289
55.5769230769	12.1485873317	-0.0663291211	12.1403918116	-0.0647708522
55.5961538462	12.1473172104	-0.0660877152	12.1391491025	-0.0644693191
55.6153846154	12.1460518058	-0.0658372566	12.1379122827	-0.0641583735
55.6346153846	12.1447912937	-0.0655778468	12.1366815328	-0.0638380609
55.6538461538	12.1435358485	-0.0653095828	12.1354570324	-0.0635084281
55.6730769231	12.1422856436	-0.0650325566	12.1342389604	-0.0631695231
55.6923076923	12.1410408514	-0.0647468544	12.1330274945	-0.0628213955
55.7115384615	12.1398016430	-0.0644525564	12.1318228117	-0.0624640961
55.7307692308	12.1385681887	-0.0641497367	12.1306250877	-0.0620976771
55.7500000000	12.1373406577	-0.0638384623	12.1294344976	-0.0617221918
55.7692307692	12.1361192185	-0.0635187937	12.1282512151	-0.0613376953
55.7884615385	12.1349040384	-0.0631907844	12.1270754129	-0.0609442435
55.8076923077	12.1336952842	-0.0628544808	12.1259072627	-0.0605418940
55.8269230769	12.1324931219	-0.0625099227	12.1247469352	-0.0601307055
55.8461538462	12.1312977166	-0.0621571428	12.1235945996	-0.0597107380
55.8653846154	12.1301092330	-0.0617961673	12.1224504242	-0.0592820529
55.8846153846	12.1289278350	-0.0614270163	12.1213145761	-0.0588447126
55.9038461538	12.1277536860	-0.0610497038	12.1201872211	-0.0583987811
55.9230769231	12.1265869489	-0.0606642384	12.1190685238	-0.0579443236
55.9423076923	12.1254277861	-0.0602706237	12.1179586475	-0.0574814062
55.9615384615	12.1242763593	-0.0598688589	12.1168577543	-0.0570100966
55.9807692308	12.1231328300	-0.0594589393	12.1157660048	-0.0565304637
56.0000000000	12.1219973592	-0.0590408572	12.1146835586	-0.0560425774
56.0192307692	12.1208701074	-0.0586146022	12.1136105735	-0.0555465090
56.0384615385	12.1197512348	-0.0581801623	12.1125472063	-0.0550423309
56.0576923077	12.1186409010	-0.0577375246	12.1114936123	-0.0545301168
56.0769230769	12.1175392652	-0.0572866756	12.1104499452	-0.0540099413
56.0961538462	12.1164464862	-0.0568276027	12.1094163574	-0.0534818804
56.1153846154	12.1153627223	-0.0563602945	12.1083929998	-0.0529460113
56.1346153846	12.1142881312	-0.0558847416	12.1073800219	-0.0524024122
56.1538461538	12.1132228701	-0.0554009374	12.1063775715	-0.0518511624
56.1730769231	12.1121670957	-0.0549088791	12.1053857950	-0.0512923424
56.1923076923	12.1111209638	-0.0544085679	12.1044048371	-0.0507260339
56.2115384615	12.1100846296	-0.0539000100	12.1034348411	-0.0501523194
56.2307692308	12.1090582477	-0.0533832172	12.1024759487	-0.0495712827
56.2500000000	12.1080419716	-0.0528582072	12.1015282997	-0.0489830088
56.2692307692	12.1070359541	-0.0523250045	12.1005920326	-0.0483875834
56.2884615385	12.1060403467	-0.0517836405	12.0996672841	-0.0477850935
56.3076923077	12.1050553003	-0.0512341541	12.0987541892	-0.0471756271
56.3269230769	12.1040809643	-0.0506765918	12.0978528811	-0.0465592730
56.3461538462	12.1031174869	-0.0501110083	12.0969634915	-0.0459361215
56.3653846154	12.1021650151	-0.0495374661	12.0960861502	-0.0453062633
56.3846153846	12.1012236945	-0.0489560362	12.0952209853	-0.0446697905
56.4038461538	12.1002936692	-0.0483667977	12.0943681231	-0.0440267960
56.4230769231	12.0993750816	-0.0477698377	12.0935276882	-0.0433773736
56.4423076923	12.0984680725	-0.0471652516	12.0926998032	-0.0427216182
56.4615384615	12.0975727812	-0.0465531424	12.0918845890	-0.0420596256
56.4807692308	12.0966893448	-0.0459336205	12.0910821646	-0.0413914923
56.5000000000	12.0958178988	-0.0453068037	12.0902926473	-0.0407173159
56.5192307692	12.0949585766	-0.0446728163	12.0895161521	-0.0400371948
56.5384615385	12.0941115096	-0.0440317889	12.0887527926	-0.0393512284
56.5576923077	12.0932768270	-0.0433838578	12.0880026802	-0.0386595168
56.5769230769	12.0924546561	-0.0427291644	12.0872659243	-0.0379621610
56.5961538462	12.0916451217	-0.0420678547	12.0865426326	-0.0372592627
56.6153846154	12.0908483465	-0.0414000784	12.0858329106	-0.0365509247
56.6346153846	12.0900644508	-0.0407259884	12.0851368620	-0.0358372503
56.6538461538	12.0892935527	-0.0400457401	12.0844545884	-0.0351183437
56.6730769231	12.0885357677	-0.0393594905	12.0837861893	-0.0343943099
56.6923076923	12.0877912092	-0.0386673978	12.0831317625	-0.0336652546
56.7115384615	12.0870599880	-0.0379696203	12.0824914034	-0.0329312842
56.7307692308	12.0863422124	-0.0372663159	12.0818652054	-0.0321925059
56.7500000000	12.0856379884	-0.0365576415	12.0812532602	-0.0314490275
56.7692307692	12.0849474197	-0.0358437522	12.0806556569	-0.0307009577
56.7884615385	12.0842706073	-0.0351248006	12.0800724829	-0.0299484056
56.8076923077	12.0836076498	-0.0344009364	12.0795038232	-0.0291914810
56.8269230769	12.0829586438	-0.0336723056	12.0789497609	-0.0284302945
56.8461538462	12.0823236829	-0.0329390502	12.0784103769	-0.0276649573
56.8653846154	12.0817028589	-0.0322013078	12.0778857500	-0.0268955810
56.8846153846	12.0810962611	-0.0314592111	12.0773759567	-0.0261222780
56.9038461538	12.0805039763	-0.0307128875	12.0768810714	-0.0253451613
56.9230769231	12.0799260892	-0.0299624590	12.0764011665	-0.0245643441
56.9423076923	12.0793626824	-0.0292080422	12.0759363119	-0.0237799406
56.9615384615	12.0788138362	-0.0284497476	12.0754865756	-0.0229920653
56.9807692308	12.0782796286	-0.0276876802	12.0750520233	-0.0222008332
57.0000000000	12.0777601358	-0.0269219392	12.0746327182	-0.0214063598
57.0192307692	12.0772554317	-0.0261526183	12.0742287218	-0.0206087611
57.0384615385	12.0767655881	-0.0253798055	12.0738400929	-0.0198081535
57.0576923077	12.0762906751	-0.0246035839	12.0734668882	-0.0190046540
57.0769230769	12.0758307606	-0.0238240316	12.0731091624	-0.0181983799
57.0961538462	12.0753859105	-0.0230412222	12.0727669676	-0.0173894488
57.1153846154	12.0749561891	-0.0222552252	12.0724403537	-0.0165779789
57.1346153846	12.0745416584	-0.0214661066	12.0721293685	-0.0157640886
57.1538461538	12.0741423789	-0.0206739294	12.0718340574	-0.0149478968
57.1730769231	12.0737584090	-0.0198787538	12.0715544634	-0.0141295227
57.1923076923	12.0733898054	-0.0190806384	12.0712906274	-0.0133090856
57.2115384615	12.0730366229	-0.0182796405	12.0710425880	-0.0124867055
57.2307692308	12.0726989146	-0.0174758167	12.0708103812	-0.0116625023
57.2500000000	12.0723767315	-0.0166692236	12.0705940411	-0.0108365964
57.2692307692	12.0720701230	-0.0158599188	12.0703935992	-0.0100091083
57.2884615385	12.0717791365	-0.0150479609	12.0702090848	-0.0091801590
57.3076923077	12.0715038178	-0.0142334108	12.0700405247	-0.0083498694
57.3269230769	12.0712442104	-0.0134163319	12.0698879437	-0.0075183607
57.3461538462	12.0710003562	-0.0125967910	12.0697513641	-0.0066857543
57.3653846154	12.0707722951	-0.0117748587	12.0696308056	-0.0058521719
57.3846153846	12.0705600650	-0.0109506101	12.0695262860	-0.0050177350
57.4038461538	12.0703637017	-0.0101241250	12.0694378205	-0.0041825656
57.4230769231	12.0701832390	-0.0092954887	12.0693654220	-0.0033467855
57.4423076923	12.0700187086	-0.0084647924	12.0693091011	-0.0025105167
57.4615384615	12.0698701401	-0.0076321332	12.0692688660	-0.0016738815
57.4807692308	12.0697375610	-0.0067976145	12.0692447226	-0.0008370018
57.5000000000	12.0696209962	-0.0059613467	12.0692366744	-0.0000000000
57.5192307692	12.0695204687	-0.0051234465	12.0692447226	0.0008370018
57.5384615385	12.0694359990	-0.0042840376	12.0692688660	0.0016738815
57.5576923077	12.0693676052	-0.0034432507	12.0693091011	0.0025105167
57.5769230769	12.0693153029	-0.0026012229	12.0693654220	0.0033467855
57.5961538462	12.0692791053	-0.0017580982	12.0694378205	0.0041825656
57.6153846154	12.0692590231	-0.0009140270	12.0695262860	0.0050177350
57.6346153846	12.0692550644	-0.0000691659	12.0696308056	0.0058521719
57.6538461538	12.0692672346	0.0007763228	12.0697513641	0.0066857543
57.6730769231	12.0692955364	0.0016222713	12.0698879437	0.0075183607
57.6923076923	12.0693399701	0.0024685067	12.0700405247	0.0083498694
57.7115384615	12.0694005329	0.0033148517	12.0702090848	0.0091801590
57.7307692308	12.0694772195	0.0041611250	12.0703935992	0.0100091083
57.7500000000	12.0695700217	0.0050071418	12.0705940411	0.0108365964
57.7692307692	12.0696789287	0.0058527147	12.0708103812	0.0116625023
57.7884615385	12.0698039266	0.0066976541	12.0710425880	0.0124867055
57.8076923077	12.0699449990	0.0075417689	12.0712906274	0.0133090856
57.8269230769	12.0701021265	0.0083848673	12.0715544634	0.0141295227
57.8461538462	12.0702752870	0.0092267574	12.0718340574	0.0149478968
57.8653846154	12.0704644554	0.0100672478	12.0721293685	0.0157640886
57.8846153846	12.0706696040	0.0109061485	12.0724403537	0.0165779789
57.9038461538	12.0708907024	0.0117432713	12.0727669676	0.0173894488
57.9230769231	12.0711277172	0.0125784308	12.0731091624	0.0181983799
57.9423076923	12.0713806125	0.0134114447	12.0734668882	0.0190046540
57.9615384615	12.0716493495	0.0142421344	12.0738400929	0.0198081535
57.9807692308	12.0719338870	0.0150703258	12.0742287218	0.0206087611
58.0000000000	12.0722341811	0.0158958497	12.0746327182	0.0214063598
58.0192307692	12.0725501851	0.0167185421	12.0750520233	0.0222008332
58.0384615385	12.0728818500	0.0175382448	12.0754865756	0.0229920653
58.0576923077	12.0732291242	0.0183548056	12.0759363119	0.0237799406
58.0769230769	12.0735919539	0.0191680787	12.0764011665	0.0245643441
58.0961538462	12.0739702825	0.0199779250	12.0768810714	0.0253451613
58.1153846154	12.0743640513	0.0207842121	12.0773759567	0.0261222780
58.1346153846	12.0747731994	0.0215868145	12.0778857500	0.0268955810
58.1538461538	12.0751976634	0.0223856134	12.0784103769	0.0276649573
58.1730769231	12.0756373778	0.0231804971	12.0789497609	0.0284302945
58.1923076923	12.0760922751	0.0239713606	12.0795038232	0.0291914810
58.2115384615	12.0765622856	0.0247581055	12.0800724829	0.0299484056
58.2307692308	12.0770473374	0.0255406399	12.0806556569	0.0307009577
58.2500000000	12.0775473567	0.0263188778	12.0812532602	0.0314490275
58.2692307692	12.0780622678	0.0270927394	12.0818652054	0.0321925059
58.2884615385	12.0785919929	0.0278621499	12.0824914034	0.0329312842
58.3076923077	12.0791364524	0.0286270398	12.0831317625	0.0336652546
58.3269230769	12.0796955649	0.0293873441	12.0837861893	0.0343943099
58.3461538462	12.0802692469	0.0301430018	12.0844545884	0.0351183437
58.3653846154	12.0808574132	0.0308939554	12.0851368620	0.0358372503
58.3846153846	12.0814599770	0.0316401506	12.0858329106	0.0365509247
58.4038461538	12.0820768493	0.0323815352	12.0865426326	0.0372592627
58.4230769231	12.0827079396	0.0331180591	12.0872659243	0.0379621610
58.4423076923	12.0833531555	0.0338496733	12.0880026802	0.0386595168
58.4615384615	12.0840124029	0.0345763296	12.0887527926	0.0393512284
58.4807692308	12.0846855859	0.0352979797	12.0895161521	0.0400371948
58.5000000000	12.0853726069	0.0360145751	12.0902926473	0.0407173159
58.5192307692	12.0860733663	0.0367260661	12.0910821646	0.0413914923
58.5384615385	12.0867877630	0.0374324015	12.0918845890	0.0420596256
58.5576923077	12.0875156938	0.0381335282	12.0926998032	0.0427216182
58.5769230769	12.0882570538	0.0388293903	12.0935276882	0.0433773736
58.5961538462	12.0890117365	0.0395199294	12.0943681231	0.0440267960
58.6153846154	12.0897796332	0.0402050837	12.0952209853	0.0446697905
58.6346153846	12.0905606335	0.0408847875	12.0960861502	0.0453062633
58.6538461538	12.0913546251	0.0415589716	12.0969634915	0.0459361215
58.6730769231	12.0921614938	0.0422275626	12.0978528811	0.0465592730
58.6923076923	12.0929811235	0.0428904826	12.0987541892	0.0471756271
58.7115384615	12.0938133961	0.0435476494	12.0996672841	0.0477850935
58.7307692308	12.0946581915	0.0441989764	12.1005920326	0.0483875834
58.7500000000	12.0955153877	0.0448443723	12.1015282997	0.0489830088
58.7692307692	12.0963848608	0.0454837414	12.1024759487	0.0495712827
58.7884615385	12.0972664846	0.0461169838	12.1034348411	0.0501523194
58.8076923077	12.0981601313	0.0467439951	12.1044048371	0.0507260339
58.8269230769	12.0990656708	0.0473646669	12.1053857950	0.0512923424
58.8461538462	12.0999829710	0.0479788872	12.1063775715	0.0518511624
58.8653846154	12.1009118977	0.0485865403	12.1073800219	0.0524024122
58.8846153846	12.1018523150	0.0491875072	12.1083929998	0.0529460113
58.9038461538	12.1028040847	0.0497816664	12.1094163574	0.0534818804
58.9230769231	12.1037670666	0.0503688936	12.1104499452	0.0540099413
58.9423076923	12.1047411186	0.0509490628	12.1114936123	0.0545301168
58.9615384615	12.1057260967	0.0515220462	12.1125472063	0.0550423309
58.9807692308	12.1067218548	0.0520877149	12.1136105735	0.0555465090
59.0000000000	12.1077282448	0.0526459396	12.1146835586	0.0560425774
59.0192307692	12.1087451170	0.0531965905	12.1157660048	0.0565304637
59.0384615385	12.1097723196	0.0537395384	12.1168577543	0.0570100966
59.0576923077	12.1108096990	0.0542746549	12.1179586475	0.0574814062
59.0769230769	12.1118570999	0.0548018129	12.1190685238	0.0579443236
59.0961538462	12.1129143653	0.0553208870	12.1201872211	0.0583987811
59.1153846154	12.1139813362	0.0558317541	12.1213145761	0.0588447126
59.1346153846	12.1150578523	0.0563342939	12.1224504242	0.0592820529
59.1538461538	12.1161437516	0.0568283892	12.1235945996	0.0597107380
59.1730769231	12.1172388705	0.0573139260	12.1247469352	0.0601307055
59.1923076923	12.1183430440	0.0577907945	12.1259072627	0.0605418940
59.2115384615	12.1194561056	0.0582588890	12.1270754129	0.0609442435
59.2307692308	12.1205778874	0.0587181081	12.1282512151	0.0613376953
59.2500000000	12.1217082204	0.0591683554	12.1294344976	0.0617221918
59.2692307692	12.1228469340	0.0596095391	12.1306250877	0.0620976771
59.2884615385	12.1239938569	0.0600415728	12.1318228117	0.0624640961
59.3076923077	12.1251488161	0.0604643752	12.1330274945	0.0628213955
59.3269230769	12.1263116380	0.0608778704	12.1342389604	0.0631695231
59.3461538462	12.1274821478	0.0612819878	12.1354570324	0.0635084281
59.3653846154	12.1286601697	0.0616766623	12.1366815328	0.0638380609
59.3846153846	12.1298455271	0.0620618341	12.1379122827	0.0641583735
59.4038461538	12.1310380425	0.0624374487	12.1391491025	0.0644693191
59.4230769231	12.1322375376	0.0628034567	12.1403918116	0.0647708522
59.4423076923	12.1334438333	0.0631598139	12.1416402285	0.0650629289
59.4615384615	12.1346567498	0.0635064808	12.1428941710	0.0653455066
59.4807692308	12.1358761069	0.0638434228	12.1441534561	0.0656185439
59.5000000000	12.1371017234	0.0641706094	12.1454178998	0.0658820010
59.5192307692	12.1383334178	0.0644880146	12.1466873175	0.0661358395
59.5384615385	12.1395710078	0.0647956162	12.1479615240	0.0663800222
59.5576923077	12.1408143109	0.0650933955	12.1492403332	0.0666145136
59.5769230769	12.1420631438	0.0653813374	12.1505235584	0.0668392794
59.5961538462	12.1433173229	0.0656594294	12.1518110122	0.0670542867
59.6153846154	12.1445766641	0.0659276622	12.1531025066	0.0672595043
59.6346153846	12.1458409829	0.0661860285	12.1543978532	0.0674549020
59.6538461538	12.1471100945	0.0664345233	12.1556968628	0.0676404515
59.6730769231	12.1483838135	0.0666731430	12.1569993457	0.0678161256
59.6923076923	12.1496619542	0.0669018859	12.1583051119	0.0679818986
59.7115384615	12.1509443307	0.0671207512	12.1596139705	0.0681377464
59.7307692308	12.1522307564	0.0673297389	12.1609257306	0.0682836462
59.7500000000	12.1535210446	0.0675288499	12.1622402007	0.0684195767
59.7692307692	12.1548150082	0.0677180853	12.1635571888	0.0685455181
59.7884615385	12.1561124598	0.0678974462	12.1648765026	0.0686614519
59.8076923077	12.1574132114	0.0680669339	12.1661979496	0.0687673613
59.8269230769	12.1587170750	0.0682265495	12.1675213368	0.0688632308
59.8461538462	12.1600238620	0.0683762935	12.1688464710	0.0689490463
59.8653846154	12.1613333836	0.0685161662	12.1701731587	0.0690247954
59.8846153846	12.1626454506	0.0686461671	12.1715012062	0.0690904670
59.9038461538	12.1639598734	0.0687662952	12.1728304197	0.0691460515
59.9230769231	12.1652764623	0.0688765487	12.1741606050	0.0691915409
59.9423076923	12.1665950271	0.0689769252	12.1754915680	0.0692269283
59.9615384615	12.1679153772	0.0690674215	12.1768231144	0.0692522088
59.9807692308	12.1692373218	0.0691480340	12.1781550497	0.0692673785
60.0000000000	12.1705606698	0.0692187583	12.1794871795	0.0692724354
60.0192307692	12.1718852299	0.0692795895	12.1808193093	0.0692673785
60.0384615385	12.1732108102	0.0693305225	12.1821512446	0.0692522088
60.0576923077	12.1745372190	0.0693715517	12.1834827910	0.0692269283
60.0769230769	12.1758642639	0.0694026716	12.1848137540	0.0691915409
60.0961538462	12.1771917525	0.0694238765	12.1861439393	0.0691460515
60.1153846154	12.1785194923	0.0694351610	12.1874731528	0.0690904670
60.1346153846	12.1798472904	0.0694365200	12.1888012003	0.0690247954
60.1538461538	12.1811749539	0.0694279491	12.1901278880	0.0689490463
60.1730769231	12.1825022897	0.0694094443	12.1914530222	0.0688632308
60.1923076923	12.1838291048	0.0693810029	12.1927764094	0.0687673613
60.2115384615	12.1851552058	0.0693426229	12.1940978563	0.0686614519
60.2307692308	12.1864803996	0.0692943037	12.1954171702	0.0685455181
60.2500000000	12.1878044931	0.0692360463	12.1967341583	0.0684195767
60.2692307692	12.1891272930	0.0691678531	12.1980486283	0.0682836462
60.2884615385	12.1904486066	0.0690897282	12.1993603884	0.0681377464
60.3076923077	12.1917682408	0.0690016779	12.2006692471	0.0679818986
60.3269230769	12.1930860032	0.0689037101	12.2019750132	0.0678161256
60.3461538462	12.1944017013	0.0687958353	12.2032774962	0.0676404515
60.3653846154	12.1957151431	0.0686780657	12.2045765058	0.0674549020
60.3846153846	12.1970261369	0.0685504164	12.2058718523	0.0672595043
60.4038461538	12.1983344914	0.0684129045	12.2071633468	0.0670542867
60.4230769231	12.1996400157	0.0682655496	12.2084508006	0.0668392794
60.4423076923	12.2009425194	0.0681083737	12.2097340258	0.0666145136
60.4615384615	12.2022418128	0.0679414015	12.2110128350	0.0663800222
60.4807692308	12.2035377067	0.0677646599	12.2122870414	0.0661358395
60.5000000000	12.2048300125	0.0675781784	12.2135564592	0.0658820010
60.5192307692	12.2061185423	0.0673819887	12.2148209029	0.0656185439
60.5384615385	12.2074031090	0.0671761250	12.2160801879	0.0653455066
60.5576923077	12.2086835263	0.0669606236	12.2173341304	0.0650629289
60.5769230769	12.2099596087	0.0667355231	12.2185825474	0.0647708522
60.5961538462	12.2112311715	0.0665008640	12.2198252565	0.0644693191
60.6153846154	12.2124980309	0.0662566889	12.2210620762	0.0641583735
60.6346153846	12.2137600043	0.0660030421	12.2222928262	0.0638380609
60.6538461538	12.2150169098	0.0657399697	12.2235173265	0.0635084281
60.6730769231	12.2162685665	0.0654675193	12.2247353986	0.0631695231
60.6923076923	12.2175147948	0.0651857399	12.2259468645	0.0628213955
60.7115384615	12.2187554159	0.0648946819	12.2271515473	0.0624640961
60.7307692308	12.2199902522	0.0645943968	12.2283492712	0.0620976771
60.7500000000	12.2212191273	0.0642849370	12.2295398614	0.0617221918
60.7692307692	12.2224418659	0.0639663560	12.2307231439	0.0613376953
60.7884615385	12.2236582938	0.0636387080	12.2318989461	0.0609442435
60.8076923077	12.2248682380	0.0633020479	12.2330670962	0.0605418940
60.8269230769	12.2260715266	0.0629564310	12.2342274238	0.0601307055
60.8461538462	12.2272679892	0.0626019131	12.2353797594	0.0597107380
60.8653846154	12.2284574563	0.0622385506	12.2365239348	0.0592820529
60.8846153846	12.2296397598	0.0618663998	12.2376597829	0.0588447126
60.9038461538	12.2308147327	0.0614855176	12.2387871379	0.0583987811
60.9230769231	12.2319822094	0.0610959609	12.2399058352	0.0579443236
60.9423076923	12.2331420254	0.0606977868	12.2410157115	0.0574814062
60.9615384615	12.2342940175	0.0602910527	12.2421166047	0.0570100966
60.9807692308	12.2354380238	0.0598758158	12.2432083542	0.0565304637
61.0000000000	12.2365738836	0.0594521339	12.2442908004	0.0560425774
61.0192307692	12.2377014375	0.0590200647	12.2453637855	0.0555465090
61.0384615385	12.2388205272	0.0585796663	12.2464271526	0.0550423309
61.0576923077	12.2399309959	0.0581309969	12.2474807467	0.0545301168
61.0769230769	12.2410326878	0.0576741154	12.2485244138	0.0540099413
61.0961538462	12.2421254486	0.0572090807	12.2495580016	0.0534818804
61.1153846154	12.2432091251	0.0567359526	12.2505813591	0.0529460113
61.1346153846	12.2442835654	0.0562547914	12.2515943371	0.0524024122
61.1538461538	12.2453486189	0.0557656582	12.2525967875	0.0518511624
61.1730769231	12.2464041363	0.0552686147	12.2535885640	0.0512923424
61.1923076923	12.2474499695	0.0547637237	12.2545695219	0.0507260339
61.2115384615	12.2484859716	0.0542510493	12.2555395178	0.0501523194
61.2307692308	12.2495119973	0.0537306563	12.2564984103	0.0495712827
61.2500000000	12.2505279022	0.0532026111	12.2574460592	0.0489830088
61.2692307692	12.2515335435	0.0526669813	12.2583823263	0.0483875834
61.2884615385	12.2525287796	0.0521238363	12.2593070749	0.0477850935
61.3076923077	12.2535134702	0.0515732467	12.2602201698	0.0471756271
61.3269230769	12.2544874764	0.0510152850	12.2611214779	0.0465592730
61.3461538462	12.2554506607	0.0504500253	12.2620108675	0.0459361215
61.3653846154	12.2564028869	0.0498775436	12.2628882088	0.0453062633
61.3846153846	12.2573440201	0.0492979177	12.2637533737	0.0446697905
61.4038461538	12.2582739269	0.0487112274	12.2646062359	0.0440267960
61.4230769231	12.2591924753	0.0481175543	12.2654466708	0.0433773736
61.4423076923	12.2600995349	0.0475169820	12.2662745558	0.0427216182
61.4615384615	12.2609949765	0.0469095959	12.2670897700	0.0420596256
61.4807692308	12.2618786725	0.0462954834	12.2678921943	0.0413914923
61.5000000000	12.2627504969	0.0456747339	12.2686817117	0.0407173159
61.5192307692	12.2636103250	0.0450474383	12.2694582068	0.0400371948
61.5384615385	12.2644580338	0.0444136894	12.2702215664	0.0393512284
61.5576923077	12.2652935020	0.0437735819	12.2709716788	0.0386595168
61.5769230769	12.2661166096	0.0431272117	12.2717084347	0.0379621610
61.5961538462	12.2669272383	0.0424746764	12.2724317264	0.0372592627
61.6153846154	12.2677252717	0.0418160749	12.2731414484	0.0365509247
61.6346153846	12.2685105948	0.0411515073	12.2738374970	0.0358372503
61.6538461538	12.2692830943	0.0404810749	12.2745197706	0.0351183437
61.6730769231	12.2700426587	0.0398048798	12.2751881696	0.0343943099
61.6923076923	12.2707891782	0.0391230252	12.2758425965	0.0336652546
61.7115384615	12.2715225448	0.0384356146	12.2764829556	0.0329312842
61.7307692308	12.2722426521	0.0377427522	12.2771091535	0.0321925059
61.7500000000	12.2729493957	0.0370445426	12.2777210988	0.0314490275
61.7692307692	12.2736426729	0.0363410907	12.2783187021	0.0307009577
61.7884615385	12.2743223829	0.0356325012	12.2789018761	0.0299484056
61.8076923077	12.2749884267	0.0349188789	12.2794705358	0.0291914810
61.8269230769	12.2756407071	0.0342003286	12.2800245981	0.0284302945
61.8461538462	12.2762791290	0.0334769545	12.2805639821	0.0276649573
61.8653846154	12.2769035989	0.0327488606	12.2810886090	0.0268955810
61.8846153846	12.2775140255	0.0320161501	12.2815984023	0.0261222780
61.9038461538	12.2781103192	0.0312789261	12.2820932876	0.0253451613
61.9230769231	12.2786923925	0.0305372905	12.2825731925	0.0245643441
61.9423076923	12.2792601597	0.0297913450	12.2830380470	0.0237799406
61.9615384615	12.2798135373	0.0290411901	12.2834877833	0.0229920653
61.9807692308	12.2803524435	0.0282869259	12.2839223357	0.0222008332
62.0000000000	12.2808767988	0.0275286515	12.2843416408	0.0214063598
62.0192307692	12.2813865254	0.0267664655	12.2847456372	0.0206087611
62.0384615385	12.2818815477	0.0260004657	12.2851342661	0.0198081535
62.0576923077	12.2823617920	0.0252307490	12.2855074707	0.0190046540
62.0769230769	12.2828271867	0.0244574122	12.2858651966	0.0181983799
62.0961538462	12.2832776624	0.0236805513	12.2862073914	0.0173894488
62.1153846154	12.2837131514	0.0229002619	12.2865340052	0.0165779789
62.1346153846	12.2841335884	0.0221166395	12.2868449904	0.0157640886
62.1538461538	12.2845389100	0.0213297792	12.2871403016	0.0149478968
62.1730769231	12.2849290549	0.0205397765	12.2874198956	0.0141295227
62.1923076923	12.2853039640	0.0197467266	12.2876837315	0.0133090856
62.2115384615	12.2856635801	0.0189507252	12.2879317710	0.0124867055
62.2307692308	12.2860078485	0.0181518685	12.2881639778	0.0116625023
62.2500000000	12.2863367162	0.0173502532	12.2883803179	0.0108365964
62.2692307692	12.2866501326	0.0165459770	12.2885807598	0.0100091083
62.2884615385	12.2869480493	0.0157391382	12.2887652742	0.0091801590
62.3076923077	12.2872304200	0.0149298365	12.2889338342	0.0083498694
62.3269230769	12.2874972004	0.0141181728	12.2890864152	0.0075183607
62.3461538462	12.2877483487	0.0133042494	12.2892229949	0.0066857543
62.3653846154	12.2879838253	0.0124881701	12.2893435534	0.0058521719
62.3846153846	12.2882035926	0.0116700404	12.2894480730	0.0050177350
62.4038461538	12.2884076155	0.0108499678	12.2895365385	0.0041825656
62.4230769231	12.2885958610	0.0100280615	12.2896089370	0.0033467855
62.4423076923	12.2887682985	0.0092044328	12.2896652579	0.0025105167
62.4615384615	12.2889248996	0.0083791949	12.2897054930	0.0016738815
62.4807692308	12.2890656383	0.0075524635	12.2897296364	0.0008370018
62.5000000000	12.2891904909	0.0067243559	12.2897376845	-0.0000000000
62.5192307692	12.2892994360	0.0058949922	12.2897296364	-0.0008370018
62.5384615385	12.2893924546	0.0050644941	12.2897054930	-0.0016738815
62.5576923077	12.2894695301	0.0042329857	12.2896652579	-0.0025105167
62.5769230769	12.2895306483	0.0034005933	12.2896089370	-0.0033467855
62.5961538462	12.2895757973	0.0025674448	12.2895365385	-0.0041825656
62.6153846154	12.2896049676	0.0017336704	12.2894480730	-0.0050177350
62.6346153846	12.2896181523	0.0008994020	12.2893435534	-0.0058521719
62.6538461538	12.2896153469	0.0000647732	12.2892229949	-0.0066857543
62.6730769231	12.2895965490	-0.0007700810	12.2890864152	-0.0075183607
62.6923076923	12.2895617592	-0.0016050241	12.2889338342	-0.0083498694
62.7115384615	12.2895109802	-0.0024399184	12.2887652742	-0.0091801590
62.7307692308	12.2894442171	-0.0032746252	12.2885807598	-0.0100091083
62.7500000000	12.2893614777	-0.0041090049	12.2883803179	-0.0108365964
62.7692307692	12.2892627723	-0.0049429173	12.2881639778	-0.0116625023
62.7884615385	12.2891481133	-0.0057762220	12.2879317710	-0.0124867055
62.8076923077	12.2890175159	-0.0066087782	12.2876837315	-0.0133090856
62.8269230769	12.2888709977	-0.0074404451	12.2874198956	-0.0141295227
62.8461538462	12.2887085787	-0.0082710822	12.2871403016	-0.0149478968
62.8653846154	12.2885302814	-0.0091005495	12.2868449904	-0.0157640886
62.8846153846	12.2883361307	-0.0099287077	12.2865340052	-0.0165779789
62.9038461538	12.2881261540	-0.0107554181	12.2862073914	-0.0173894488
62.9230769231	12.2879003811	-0.0115805434	12.2858651966	-0.0181983799
62.9423076923	12.2876588442	-0.0124039472	12.2855074707	-0.0190046540
62.9615384615	12.2874015780	-0.0132254948	12.2851342661	-0.0198081535
62.9807692308	12.2871286195	-0.0140450529	12.2847456372	-0.0206087611
63.0000000000	12.2868400081	-0.0148624899	12.2843416408	-0.0214063598
63.0192307692	12.2865357856	-0.0156776759	12.2839223357	-0.0222008332
63.0384615385	12.2862159961	-0.0164904832	12.2834877833	-0.0229920653
63.0576923077	12.2858806861	-0.0173007857	12.2830380470	-0.0237799406
63.0769230769	12.2855299044	-0.0181084596	12.2825731925	-0.0245643441
63.0961538462	12.2851637021	-0.0189133832	12.2820932876	-0.0253451613
63.1153846154	12.2847821325	-0.0197154366	12.2815984023	-0.0261222780
63.1346153846	12.2843852513	-0.0205145024	12.2810886090	-0.0268955810
63.1538461538	12.2839731165	-0.0213104649	12.2805639821	-0.0276649573
63.1730769231	12.2835457880	-0.0221032106	12.2800245981	-0.0284302945
63.1923076923	12.2831033283	-0.0228926280	12.2794705358	-0.0291914810
63.2115384615	12.2826458019	-0.0236786073	12.2789018761	-0.0299484056
63.2307692308	12.2821732754	-0.0244610405	12.2783187021	-0.0307009577
63.2500000000	12.2816858178	-0.0252398215	12.2777210988	-0.0314490275
63.2692307692	12.2811835001	-0.0260148455	12.2771091535	-0.0321925059
63.2884615385	12.2806663953	-0.0267860090	12.2764829556	-0.0329312842
63.3076923077	12.2801345788	-0.0275532101	12.2758425965	-0.0336652546
63.3269230769	12.2795881280	-0.0283163477	12.2751881696	-0.0343943099
63.3461538462	12.2790271222	-0.0290753217	12.2745197706	-0.0351183437
63.3653846154	12.2784516429	-0.0298300328	12.2738374970	-0.0358372503
63.3846153846	12.2778617737	-0.0305803823	12.2731414484	-0.0365509247
63.4038461538	12.2772576002	-0.0313262720	12.2724317264	-0.0372592627
63.4230769231	12.2766392101	-0.0320676037	12.2717084347	-0.0379621610
63.4423076923	12.2760066930	-0.0328042798	12.2709716788	-0.0386595168
63.4615384615	12.2753601405	-0.0335362023	12.2702215664	-0.0393512284
63.4807692308	12.2746996465	-0.0342632732	12.2694582068	-0.0400371948
63.5000000000	12.2740253064	-0.0349853943	12.2686817117	-0.0407173159
63.5192307692	12.2733372179	-0.0357024669	12.2678921943	-0.0413914923
63.5384615385	12.2726354807	-0.0364143919	12.2670897700	-0.0420596256
63.5576923077	12.2719201964	-0.0371210698	12.2662745558	-0.0427216182
63.5769230769	12.2711914684	-0.0378224003	12.2654466708	-0.0433773736
63.5961538462	12.2704494023	-0.0385182825	12.2646062359	-0.0440267960
63.6153846154	12.2696941054	-0.0392086152	12.2637533737	-0.0446697905
63.6346153846	12.2689256871	-0.0398932961	12.2628882088	-0.0453062633
63.6538461538	12.2681442586	-0.0405722226	12.2620108675	-0.0459361215
63.6730769231	12.2673499332	-0.0412452914	12.2611214779	-0.0465592730
63.6923076923	12.2665428257	-0.0419123989	12.2602201698	-0.0471756271
63.7115384615	12.2657230533	-0.0425734410	12.2593070749	-0.0477850935
63.7307692308	12.2648907347	-0.0432283133	12.2583823263	-0.0483875834
63.7500000000	12.2640459905	-0.0438769111	12.2574460592	-0.0489830088
63.7692307692	12.2631889434	-0.0445191299	12.2564984103	-0.0495712827
63.7884615385	12.2623197176	-0.0451548653	12.2555395178	-0.0501523194
63.8076923077	12.2614384393	-0.0457840130	12.2545695219	-0.0507260339
63.8269230769	12.2605452365	-0.0464064693	12.2535885640	-0.0512923424
63.8461538462	12.2596402389	-0.0470221313	12.2525967875	-0.0518511624
63.8653846154	12.2587235781	-0.0476308967	12.2515943371	-0.0524024122
63.8846153846	12.2577953873	-0.0482326643	12.2505813591	-0.0529460113
63.9038461538	12.2568558016	-0.0488273342	12.2495580016	-0.0534818804
63.9230769231	12.2559049577	-0.0494148080	12.2485244138	-0.0540099413
63.9423076923	12.2549429938	-0.0499949889	12.2474807467	-0.0545301168
63.9615384615	12.2539700502	-0.0505677818	12.2464271526	-0.0550423309
63.9807692308	12.2529862685	-0.0511330938	12.2453637855	-0.0555465090
64.0000000000	12.2519917919	-0.0516908340	12.2442908004	-0.0560425774
64.0192307692	12.2509867655	-0.0522409139	12.2432083542	-0.0565304637
64.0384615385	12.2499713357	-0.0527832477	12.2421166047	-0.0570100966
64.0576923077	12.2489456504	-0.0533177517	12.2410157115	-0.0574814062
64.0769230769	12.2479098592	-0.0538443455	12.2399058352	-0.0579443236
64.0961538462	12.2468641132	-0.0543629511	12.2387871379	-0.0583987811
64.1153846154	12.2458085647	-0.0548734935	12.2376597829	-0.0588447126
64.1346153846	12.2447433678	-0.0553759006	12.2365239348	-0.0592820529
64.1538461538	12.2436686776	-0.0558701032	12.2353797594	-0.0597107380
64.1730769231	12.2425846508	-0.0563560351	12.2342274238	-0.0601307055
64.1923076923	12.2414914456	-0.0568336330	12.2330670962	-0.0605418940
64.2115384615	12.2403892213	-0.0573028363	12.2318989461	-0.0609442435
64.2307692308	12.2392781385	-0.0577635875	12.2307231439	-0.0613376953
64.2500000000	12.2381583591	-0.0582158314	12.2295398614	-0.0617221918
64.2692307692	12.2370300464	-0.0586595156	12.2283492712	-0.0620976771
64.2884615385	12.2358933648	-0.0590945901	12.2271515473	-0.0624640961
64.3076923077	12.2347484798	-0.0595210072	12.2259468645	-0.0628213955
64.3269230769	12.2335955583	-0.0599387212	12.2247353986	-0.0631695231
64.3461538462	12.2324347681	-0.0603476883	12.2235173265	-0.0635084281
64.3653846154	12.2312662784	-0.0607478666	12.2222928262	-0.0638380609
64.3846153846	12.2300902592	-0.0611392153	12.2210620762	-0.0641583735
64.4038461538	12.2289068820	-0.0615216953	12.2198252565	-0.0644693191
64.4230769231	12.2277163189	-0.0618952683	12.2185825474	-0.0647708522
64.4423076923	12.2265187433	-0.0622598967	12.2173341304	-0.0650629289
64.4615384615	12.2253143297	-0.0626155438	12.2160801879	-0.0653455066
64.4807692308	12.2241032535	-0.0629621729	12.2148209029	-0.0656185439
64.5000000000	12.2228856910	-0.0632997477	12.2135564592	-0.0658820010
64.5192307692	12.2216618197	-0.0636282317	12.2122870414	-0.0661358395
64.5384615385	12.2204318178	-0.0639475881	12.2110128350	-0.0663800222
64.5576923077	12.2191958646	-0.0642577796	12.2097340258	-0.0666145136
64.5769230769	12.2179541403	-0.0645587684	12.2084508006	-0.0668392794
64.5961538462	12.2167068260	-0.0648505158	12.2071633468	-0.0670542867
64.6153846154	12.2154541036	-0.0651329821	12.2058718523	-0.0672595043
64.6346153846	12.2141961559	-0.0654061269	12.2045765058	-0.0674549020
64.6538461538	12.2129331667	-0.0656699083	12.2032774962	-0.0676404515
64.6730769231	12.2116653203	-0.0659242836	12.2019750132	-0.0678161256
64.6923076923	12.2103928022	-0.0661692086	12.2006692471	-0.0679818986
64.7115384615	12.2091157983	-0.0664046384	12.1993603884	-0.0681377464
64.7307692308	12.2078344956	-0.0666305265	12.1980486283	-0.0682836462
64.7500000000	12.2065490815	-0.0668468258	12.1967341583	-0.0684195767
64.7692307692	12.2052597443	-0.0670534878	12.1954171702	-0.0685455181
64.7884615385	12.2039666730	-0.0672504635	12.1940978563	-0.0686614519
64.8076923077	12.2026700572	-0.0674377032	12.1927764094	-0.0687673613
64.8269230769	12.2013700872	-0.0676151567	12.1914530222	-0.0688632308
64.8461538462	12.2000669536	-0.0677827735	12.1901278880	-0.0689490463
64.8653846154	12.1987608480	-0.0679405032	12.1888012003	-0.0690247954
64.8846153846	12.1974519622	-0.0680882954	12.1874731528	-0.0690904670
64.9038461538	12.1961404887	-0.0682261005	12.1861439393	-0.0691460515
64.9230769231	12.1948266202	-0.0683538697	12.1848137540	-0.0691915409
64.9423076923	12.1935105500	-0.0684715551	12.1834827910	-0.0692269283
64.9615384615	12.1921924717	-0.0685791106	12.1821512446	-0.0692522088
64.9807692308	12.1908725794	-0.0686764916	12.1808193093	-0.0692673785
65.0000000000	12.1895510671	-0.0687636558	12.1794871795	-0.0692724354
65.0192307692	12.1882281295	-0.0688405634	12.1781550497	-0.0692673785
65.0384615385	12.1869039611	-0.0689071773	12.1768231144	-0.0692522088
65.0576923077	12.1855787569	-0.0689634637	12.1754915680	-0.0692269283
65.0769230769	12.1842527116	-0.0690093923	12.1741606050	-0.0691915409
65.0961538462	12.1829260202	-0.0690449362	12.1728304197	-0.0691460515
65.1153846154	12.1815988778	-0.0690700731	12.1715012062	-0.0690904670
65.1346153846	12.1802714792	-0.0690847848	12.1701731587	-0.0690247954
65.1538461538	12.1789440192	-0.0690890575	12.1688464710	-0.0689490463
65.1730769231	12.1776166925	-0.0690828826	12.1675213368	-0.0688632308
65.1923076923	12.1762896935	-0.0690662562	12.1661979496	-0.0687673613
65.2115384615	12.1749632165	-0.0690391797	12.1648765026	-0.0686614519
65.2307692308	12.1736374554	-0.0690016597	12.1635571888	-0.0685455181
65.2500000000	12.1723126037	-0.0689537083	12.1622402007	-0.0684195767
65.2692307692	12.1709888547	-0.0688953428	12.1609257306	-0.0682836462
65.2884615385	12.1696664012	-0.0688265862	12.1596139705	-0.0681377464
65.3076923077	12.1683454354	-0.0687474666	12.1583051119	-0.0679818986
65.3269230769	12.1670261492	-0.0686580175	12.1569993457	-0.0678161256
65.3461538462	12.1657087337	-0.0685582778	12.1556968628	-0.0676404515
65.3653846154	12.1643933797	-0.0684482912	12.1543978532	-0.0674549020
65.3846153846	12.1630802772	-0.0683281063	12.1531025066	-0.0672595043
65.4038461538	12.1617696156	-0.0681977763	12.1518110122	-0.0670542867
65.4230769231	12.1604615836	-0.0680573588	12.1505235584	-0.0668392794
65.4423076923	12.1591563692	-0.0679069154	12.1492403332	-0.0666145136
65.4615384615	12.1578541597	-0.0677465113	12.1479615240	-0.0663800222
65.4807692308	12.1565551418	-0.0675762151	12.1466873175	-0.0661358395
65.5000000000	12.1552595011	-0.0673960984	12.1454178998	-0.0658820010
65.5192307692	12.1539674227	-0.0672062352	12.1441534561	-0.0656185439
65.5384615385	12.1526790909	-0.0670067014	12.1428941710	-0.0653455066
65.5576923077	12.1513946891	-0.0667975750	12.1416402285	-0.0650629289
65.5769230769	12.1501143999	-0.0665789346	12.1403918116	-0.0647708522
65.5961538462	12.1488384051	-0.0663508599	12.1391491025	-0.0644693191
65.6153846154	12.1475668859	-0.0661134305	12.1379122827	-0.0641583735
65.6346153846	12.1463000224	-0.0658667260	12.1366815328	-0.0638380609
65.6538461538	12.1450379940	-0.0656108251	12.1354570324	-0.0635084281
65.6730769231	12.1437809795	-0.0653458055	12.1342389604	-0.0631695231
65.6923076923	12.1425291565	-0.0650717432	12.1330274945	-0.0628213955
65.7115384615	12.1412827022	-0.0647887122	12.1318228117	-0.0624640961
65.7307692308	12.1400417928	-0.0644967841	12.1306250877	-0.0620976771
65.7500000000	12.1388066039	-0.0641960279	12.1294344976	-0.0617221918
65.7692307692	12.1375773102	-0.0638865094	12.1282512151	-0.0613376953
65.7884615385	12.1363540856	-0.0635682911	12.1270754129	-0.0609442435
65.8076923077	12.1351371034	-0.0632414320	12.1259072627	-0.0605418940
65.8269230769	12.1339265361	-0.0629059872	12.1247469352	-0.0601307055
65.8461538462	12.1327225555	-0.0625620080	12.1235945996	-0.0597107380
65.8653846154	12.1315253327	-0.0622095416	12.1224504242	-0.0592820529
65.8846153846	12.1303350379	-0.0618486312	12.1213145761	-0.0588447126
65.9038461538	12.1291518408	-0.0614793160	12.1201872211	-0.0583987811
65.9230769231	12.1279759103	-0.0611016309	12.1190685238	-0.0579443236
65.9423076923	12.1268074145	-0.0607156071	12.1179586475	-0.0574814062
65.9615384615	12.1256465208	-0.0603212721	12.1168577543	-0.0570100966
65.9807692308	12.1244933960	-0.0599186496	12.1157660048	-0.0565304637
66.0000000000	12.1233482060	-0.0595077602	12.1146835586	-0.0560425774
66.0192307692	12.1222111159	-0.0590886215	12.1136105735	-0.0555465090
66.0384615385	12.1210822902	-0.0586612483	12.1125472063	-0.0550423309
66.0576923077	12.1199618925	-0.0582256532	12.1114936123	-0.0545301168
66.0769230769	12.1188500855	-0.0577818470	12.1104499452	-0.0540099413
66.0961538462	12.1177470311	-0.0573298391	12.1094163574	-0.0534818804
66.1153846154	12.1166528904	-0.0568696378	12.1083929998	-0.0529460113
66.1346153846	12.1155678234	-0.0564012514	12.1073800219	-0.0524024122
66.1538461538	12.1144919892	-0.0559246879	12.1063775715	-0.0518511624
66.1730769231	12.1134255459	-0.0554399563	12.1053857950	-0.0512923424
66.1923076923	12.1123686507	-0.0549470667	12.1044048371	-0.0507260339
66.2115384615	12.1113214594	-0.0544460310	12.1034348411	-0.0501523194
66.2307692308	12.1102841268	-0.0539368637	12.1024759487	-0.0495712827
66.2500000000	12.1092568066	-0.0534195818	12.1015282997	-0.0489830088
66.2692307692	12.1082396510	-0.0528942061	12.1005920326	-0.0483875834
66.2884615385	12.1072328110	-0.0523607614	12.0996672841	-0.0477850935
66.3076923077	12.1062364363	-0.0518192766	12.0987541892	-0.0471756271
66.3269230769	12.1052506750	-0.0512697859	12.0978528811	-0.0465592730
66.3461538462	12.1042756738	-0.0507123289	12.0969634915	-0.0459361215
66.3653846154	12.1033115777	-0.0501469506	12.0960861502	-0.0453062633
66.3846153846	12.1023585304	-0.0495737026	12.0952209853	-0.0446697905
66.4038461538	12.1014166735	-0.0489926426	12.0943681231	-0.0440267960
66.4230769231	12.1004861470	-0.0484038351	12.0935276882	-0.0433773736
66.4423076923	12.0995670893	-0.0478073515	12.0926998032	-0.0427216182
66.4615384615	12.0986596367	-0.0472032702	12.0918845890	-0.0420596256
66.4807692308	12.0977639236	-0.0465916767	12.0910821646	-0.0413914923
66.5000000000	12.0968800825	-0.0459726637	12.0902926473	-0.0407173159
66.5192307692	12.0960082438	-0.0453463310	12.0895161521	-0.0400371948
66.5384615385	12.0951485359	-0.0447127854	12.0887527926	-0.0393512284
66.5576923077	12.0943010852	-0.0440721404	12.0880026802	-0.0386595168
66.5769230769	12.0934660157	-0.0434245164	12.0872659243	-0.0379621610
66.5961538462	12.0926434493	-0.0427700400	12.0865426326	-0.0372592627
66.6153846154	12.0918335059	-0.0421088438	12.0858329106	-0.0365509247
66.6346153846	12.0910363028	-0.0414410663	12.0851368620	-0.0358372503
66.6538461538	12.0902519554	-0.0407668509	12.0844545884	-0.0351183437
66.6730769231	12.0894805765	-0.0400863460	12.0837861893	-0.0343943099
66.6923076923	12.0887222768	-0.0393997040	12.0831317625	-0.0336652546
66.7115384615	12.0879771647	-0.0387070812	12.0824914034	-0.0329312842
66.7307692308	12.0872453463	-0.0380086368	12.0818652054	-0.0321925059
66.7500000000	12.0865269254	-0.0373045326	12.0812532602	-0.0314490275
66.7692307692	12.0858220034	-0.0365949322	12.0806556569	-0.0307009577
66.7884615385	12.0851306796	-0.0358800005	12.0800724829	-0.0299484056
66.8076923077	12.0844530511	-0.0351599026	12.0795038232	-0.0291914810
66.8269230769	12.0837892125	-0.0344348039	12.0789497609	-0.0284302945
66.8461538462	12.0831392565	-0.0337048689	12.0784103769	-0.0276649573
66.8653846154	12.0825032733	-0.0329702606	12.0778857500	-0.0268955810
66.8846153846	12.0818813513	-0.0322311401	12.0773759567	-0.0261222780
66.9038461538	12.0812735765	-0.0314876660	12.0768810714	-0.0253451613
66.9230769231	12.0806800331	-0.0307399934	12.0764011665	-0.0245643441
66.9423076923	12.0801008030	-0.0299882741	12.0759363119	-0.0237799406
66.9615384615	12.0795359663	-0.0292326555	12.0754865756	-0.0229920653
66.9807692308	12.0789856011	-0.0284732803	12.0750520233	-0.0222008332
67.0000000000	12.0784497834	-0.0277102865	12.0746327182	-0.0214063598
67.0192307692	12.0779285877	-0.0269438064	12.0742287218	-0.0206087611
67.0384615385	12.0774220863	-0.0261739668	12.0738400929	-0.0198081535
67.0576923077	12.0769303500	-0.0254008889	12.0734668882	-0.0190046540
67.0769230769	12.0764534476	-0.0246246876	12.0731091624	-0.0181983799
67.0961538462	12.0759914464	-0.0238454718	12.0727669676	-0.0173894488
67.1153846154	12.0755444117	-0.0230633443	12.0724403537	-0.0165779789
67.1346153846	12.0751124076	-0.0222784018	12.0721293685	-0.0157640886
67.1538461538	12.0746954960	-0.0214907352	12.0718340574	-0.0149478968
67.1730769231	12.0742937378	-0.0207004295	12.0715544634	-0.0141295227
67.1923076923	12.0739071917	-0.0199075641	12.0712906274	-0.0133090856
67.2115384615	12.0735359152	-0.0191122133	12.0710425880	-0.0124867055
67.2307692308	12.0731799641	-0.0183144462	12.0708103812	-0.0116625023
67.2500000000	12.0728393926	-0.0175143278	12.0705940411	-0.0108365964
67.2692307692	12.0725142534	-0.0167119187	12.0703935992	-0.0100091083
67.2884615385	12.0722045975	-0.0159072763	12.0702090848	-0.0091801590
67.3076923077	12.0719104744	-0.0151004547	12.0700405247	-0.0083498694
67.3269230769	12.0716319319	-0.0142915057	12.0698879437	-0.0075183607
67.3461538462	12.0713690162	-0.0134804792	12.0697513641	-0.0066857543
67.3653846154	12.0711217717	-0.0126674241	12.0696308056	-0.0058521719
67.3846153846	12.0708902412	-0.0118523885	12.0695262860	-0.0050177350
67.4038461538	12.0706744658	-0.0110354207	12.0694378205	-0.0041825656
67.4230769231	12.0704744847	-0.0102165697	12.0693654220	-0.0033467855
67.4423076923	12.0702903352	-0.0093958860	12.0693091011	-0.0025105167
67.4615384615	12.0701220528	-0.0085734218	12.0692688660	-0.0016738815
67.4807692308	12.0699696710	-0.0077492324	12.0692447226	-0.0008370018
67.5000000000	12.0698332213	-0.0069233759	12.0692366744	-0.0000000000
67.5192307692	12.0697127332	-0.0060959144	12.0692447226	0.0008370018
67.5384615385	12.0696082338	-0.0052669144	12.0692688660	0.0016738815
67.5576923077	12.0695197484	-0.0044364471	12.0693091011	0.0025105167
67.5769230769	12.0694472996	-0.0036045889	12.0693654220	0.0033467855
67.5961538462	12.0693909080	-0.0027714219	12.0694378205	0.0041825656
67.6153846154	12.0693505915	-0.0019370342	12.0695262860	0.0050177350
67.6346153846	12.0693263658	-0.0011015202	12.0696308056	0.0058521719
67.6538461538	12.0693182439	-0.0002649808	12.0697513641	0.0066857543
67.6730769231	12.0693262363	0.0005724767	12.0698879437	0.0075183607
67.6923076923	12.0693503508	0.0014107381	12.0700405247	0.0083498694
67.7115384615	12.0693905924	0.0022496824	12.0702090848	0.0091801590
67.7307692308	12.0694469636	0.0030891819	12.0703935992	0.0100091083
67.7500000000	12.0695194637	0.0039291025	12.0705940411	0.0108365964
67.7692307692	12.0696080894	0.0047693034	12.0708103812	0.0116625023
67.7884615385	12.0697128346	0.0056096377	12.0710425880	0.0124867055
67.8076923077	12.0698336900	0.0064499526	12.0712906274	0.0133090856
67.8269230769	12.0699706435	0.0072900896	12.0715544634	0.0141295227
67.8461538462	12.0701236800	0.0081298851	12.0718340574	0.0149478968
67.8653846154	12.0702927814	0.0089691708	12.0721293685	0.0157640886
67.8846153846	12.0704779265	0.0098077740	12.0724403537	0.0165779789
67.9038461538	12.0706790912	0.0106455184	12.0727669676	0.0173894488
67.9230769231	12.0708962484	0.0114822244	12.0731091624	0.0181983799
67.9423076923	12.0711293679	0.0123177098	12.0734668882	0.0190046540
67.9615384615	12.0713784165	0.0131517905	12.0738400929	0.0198081535
67.9807692308	12.0716433581	0.0139842809	12.0742287218	0.0206087611
68.0000000000	12.0719241536	0.0148149949	12.0746327182	0.0214063598
68.0192307692	12.0722207611	0.0156437458	12.0750520233	0.0222008332
68.0384615385	12.0725331356	0.0164703480	12.0754865756	0.0229920653
68.0576923077	12.0728612295	0.0172946164	12.0759363119	0.0237799406
68.0769230769	12.0732049921	0.0181163682	12.0764011665	0.0245643441
68.0961538462	12.0735643703	0.0189354224	12.0768810714	0.0253451613
68.1153846154	12.0739393081	0.0197516012	12.0773759567	0.0261222780
68.1346153846	12.0743297468	0.0205647298	12.0778857500	0.0268955810
68.1538461538	12.0747356252	0.0213746376	12.0784103769	0.0276649573
68.1730769231	12.0751568797	0.0221811579	12.0789497609	0.0284302945
68.1923076923	12.0755934441	0.0229841289	12.0795038232	0.0291914810
68.2115384615	12.0760452497	0.0237833937	12.0800724829	0.0299484056
68.2307692308	12.0765122257	0.0245788006	12.0806556569	0.0307009577
68.2500000000	12.0769942989	0.0253702035	12.0812532602	0.0314490275
68.2692307692	12.0774913938	0.0261574620	12.0818652054	0.0321925059
68.2884615385	12.0780034328	0.0269404413	12.0824914034	0.0329312842
68.3076923077	12.0785303364	0.0277190126	12.0831317625	0.0336652546
68.3269230769	12.0790720227	0.0284930531	12.0837861893	0.0343943099
68.3461538462	12.0796284081	0.0292624456	12.0844545884	0.0351183437
68.3653846154	12.0801994070	0.0300270786	12.0851368620	0.0358372503
68.3846153846	12.0807849318	0.0307868464	12.0858329106	0.0365509247
68.4038461538	12.0813848931	0.0315416484	12.0865426326	0.0372592627
68.4230769231	12.0819991998	0.0322913891	12.0872659243	0.0379621610
68.4423076923	12.0826277589	0.0330359781	12.0880026802	0.0386595168
68.4615384615	12.0832704757	0.0337753292	12.0887527926	0.0393512284
68.4807692308	12.0839272538	0.0345093603	12.0895161521	0.0400371948
68.5000000000	12.0845979951	0.0352379932	12.0902926473	0.0407173159
68.5192307692	12.0852825998	0.0359611528	12.0910821646	0.0413914923
68.5384615385	12.0859809663	0.0366787670	12.0918845890	0.0420596256
68.5576923077	12.0866929918	0.0373907661	12.0926998032	0.0427216182
68.5769230769	12.0874185712	0.0380970822	12.0935276882	0.0433773736
68.5961538462	12.0881575983	0.0387976489	12.0943681231	0.0440267960
68.6153846154	12.0889099650	0.0394924011	12.0952209853	0.0446697905
68.6346153846	12.0896755615	0.0401812740	12.0960861502	0.0453062633
68.6538461538	12.0904542764	0.0408642029	12.0969634915	0.0459361215
68.6730769231	12.0912459967	0.0415411230	12.0978528811	0.0465592730
68.6923076923	12.0920506074	0.0422119687	12.0987541892	0.0471756271
68.7115384615	12.0928679922	0.0428766734	12.0996672841	0.0477850935
68.7307692308	12.0936980327	0.0435351690	12.1005920326	0.0483875834
68.7500000000	12.0945406089	0.0441873859	12.1015282997	0.0489830088
68.7692307692	12.0953955991	0.0448332523	12.1024759487	0.0495712827
68.7884615385	12.0962628795	0.0454726944	12.1034348411	0.0501523194
68.8076923077	12.0971423250	0.0461056360	12.1044048371	0.0507260339
68.8269230769	12.0980338080	0.0467319984	12.1053857950	0.0512923424
68.8461538462	12.0989371997	0.0473517001	12.1063775715	0.0518511624
68.8653846154	12.0998523688	0.0479646574	12.1073800219	0.0524024122
68.8846153846	12.1007791827	0.0485707834	12.1083929998	0.0529460113
68.9038461538	12.1017175065	0.0491699892	12.1094163574	0.0534818804
68.9230769231	12.1026672035	0.0497621829	12.1104499452	0.0540099413
68.9423076923	12.1036281351	0.0503472705	12.1114936123	0.0545301168
68.9615384615	12.1046001607	0.0509251558	12.1125472063	0.0550423309
68.9807692308	12.1055831381	0.0514957406	12.1136105735	0.0555465090
69.0000000000	12.1065769227	0.0520589248	12.1146835586	0.0560425774
69.0192307692	12.1075813683	0.0526146071	12.1157660048	0.0565304637
69.0384615385	12.1085963269	0.0531626849	12.1168577543	0.0570100966
69.0576923077	12.1096216483	0.0537030549	12.1179586475	0.0574814062
69.0769230769	12.1106571807	0.0542356134	12.1190685238	0.0579443236
69.0961538462	12.1117027704	0.0547602564	12.1201872211	0.0583987811
69.1153846154	12.1127582620	0.0552768804	12.1213145761	0.0588447126
69.1346153846	12.1138234982	0.0557853825	12.1224504242	0.0592820529
69.1538461538	12.1148983201	0.0562856610	12.1235945996	0.0597107380
69.1730769231	12.1159825670	0.0567776156	12.1247469352	0.0601307055
69.1923076923	12.1170760766	0.0572611477	12.1259072627	0.0605418940
69.2115384615	12.1181786853	0.0577361613	12.1270754129	0.0609442435
69.2307692308	12.1192902275	0.0582025627	12.1282512151	0.0613376953
69.2500000000	12.1204105365	0.0586602612	12.1294344976	0.0617221918
69.2692307692	12.1215394440	0.0591091693	12.1306250877	0.0620976771
69.2884615385	12.1226767804	0.0595492031	12.1318228117	0.0624640961
69.3076923077	12.1238223748	0.0599802823	12.1330274945	0.0628213955
69.3269230769	12.1249760550	0.0604023309	12.1342389604	0.0631695231
69.3461538462	12.1261376478	0.0608152768	12.1354570324	0.0635084281
69.3653846154	12.1273069788	0.0612190523	12.1366815328	0.0638380609
69.3846153846	12.1284838724	0.0616135942	12.1379122827	0.0641583735
69.4038461538	12.1296681522	0.0619988439	12.1391491025	0.0644693191
69.4230769231	12.1308596408	0.0623747472	12.1403918116	0.0647708522
69.4423076923	12.1320581600	0.0627412545	12.1416402285	0.0650629289
69.4615384615	12.1332635306	0.0630983207	12.1428941710	0.0653455066
69.4807692308	12.1344755728	0.0634459051	12.1441534561	0.0656185439
69.5000000000	12.1356941060	0.0637839715	12.1454178998	0.0658820010
69.5192307692	12.1369189491	0.0641124875	12.1466873175	0.0661358395
69.5384615385	12.1381499202	0.0644314248	12.1479615240	0.0663800222
69.5576923077	12.1393868369	0.0647407591	12.1492403332	0.0666145136
69.5769230769	12.1406295163	0.0650404692	12.1505235584	0.0668392794
69.5961538462	12.1418777749	0.0653305374	12.1518110122	0.0670542867
69.6153846154	12.1431314288	0.0656109487	12.1531025066	0.0672595043
69.6346153846	12.1443902936	0.0658816909	12.1543978532	0.0674549020
69.6538461538	12.1456541846	0.0661427540	12.1556968628	0.0676404515
69.6730769231	12.1469229167	0.0663941302	12.1569993457	0.0678161256
69.6923076923	12.1481963043	0.0666358130	12.1583051119	0.0679818986
69.7115384615	12.1494741615	0.0668677974	12.1596139705	0.0681377464
69.7307692308	12.1507563021	0.0670900794	12.1609257306	0.0682836462
69.7500000000	12.1520425395	0.0673026554	12.1622402007	0.0684195767
69.7692307692	12.1533326867	0.0675055225	12.1635571888	0.0685455181
69.7884615385	12.1546265566	0.0676986774	12.1648765026	0.0686614519
69.8076923077	12.1559239615	0.0678821169	12.1661979496	0.0687673613
69.8269230769	12.1572247135	0.0680558370	12.1675213368	0.0688632308
69.8461538462	12.1585286243	0.0682198331	12.1688464710	0.0689490463
69.8653846154	12.1598355054	0.0683740997	12.1701731587	0.0690247954
69.8846153846	12.1611451677	0.0685186299	12.1715012062	0.0690904670
69.9038461538	12.1624574221	0.0686534156	12.1728304197	0.0691460515
69.9230769231	12.1637720788	0.0687784474	12.1741606050	0.0691915409
69.9423076923	12.1650889479	0.0688937143	12.1754915680	0.0692269283
69.9615384615	12.1664078390	0.0689992037	12.1768231144	0.0692522088
69.9807692308	12.1677285614	0.0690949015	12.1781550497	0.0692673785
70.0000000000	12.1690509239	0.0691807921	12.1794871795	0.0692724354
70.0192307692	12.1703747353	0.0692568583	12.1808193093	0.0692673785
70.0384615385	12.1716998035	0.0693230816	12.1821512446	0.0692522088
70.0576923077	12.1730259366	0.0693794423	12.1834827910	0.0692269283
70.0769230769	12.1743529420	0.0694259194	12.1848137540	0.0691915409
70.0961538462	12.1756806269	0.0694624912	12.1861439393	0.0691460515
70.1153846154	12.1770087981	0.0694891352	12.1874731528	0.0690904670
70.1346153846	12.1783372623	0.0695058284	12.1888012003	0.0690247954
70.1538461538	12.1796658258	0.0695125477	12.1901278880	0.0689490463
70.1730769231	12.1809942945	0.0695092699	12.1914530222	0.0688632308
70.1923076923	12.1823224744	0.0694959722	12.1927764094	0.0687673613
70.2115384615	12.1836501712	0.0694726327	12.1940978563	0.0686614519
70.2307692308	12.1849771902	0.0694392302	12.1954171702	0.0685455181
70.2500000000	12.1863033370	0.0693957448	12.1967341583	0.0684195767
70.2692307692	12.1876284169	0.0693421585	12.1980486283	0.0682836462
70.2884615385	12.1889522353	0.0692784548	12.1993603884	0.0681377464
70.3076923077	12.1902745974	0.0692046197	12.2006692471	0.0679818986
70.3269230769	12.1915953087	0.0691206416	12.2019750132	0.0678161256
70.3461538462	12.1929141749	0.0690265119	12.2032774962	0.0676404515
70.3653846154	12.1942310018	0.0689222247	12.2045765058	0.0674549020
70.3846153846	12.1955455953	0.0688077777	12.2058718523	0.0672595043
70.4038461538	12.1968577618	0.0686831720	12.2071633468	0.0670542867
70.4230769231	12.1981673082	0.0685484124	12.2084508006	0.0668392794
70.4423076923	12.1994740415	0.0684035078	12.2097340258	0.0666145136
70.4615384615	12.2007777694	0.0682484708	12.2110128350	0.0663800222
70.4807692308	12.2020783003	0.0680833185	12.2122870414	0.0661358395
70.5000000000	12.2033754429	0.0679080718	12.2135564592	0.0658820010
70.5192307692	12.2046690069	0.0677227562	12.2148209029	0.0656185439
70.5384615385	12.2059588025	0.0675274014	12.2160801879	0.0653455066
70.5576923077	12.2072446409	0.0673220412	12.2173341304	0.0650629289
70.5769230769	12.2085263340	0.0671067139	12.2185825474	0.0647708522
70.5961538462	12.2098036948	0.0668814615	12.2198252565	0.0644693191
70.6153846154	12.2110765371	0.0666463305	12.2210620762	0.0641583735
70.6346153846	12.2123446758	0.0664013709	12.2222928262	0.0638380609
70.6538461538	12.2136079269	0.0661466365	12.2235173265	0.0635084281
70.6730769231	12.2148661073	0.0658821846	12.2247353986	0.0631695231
70.6923076923	12.2161190354	0.0656080760	12.2259468645	0.0628213955
70.7115384615	12.2173665304	0.0653243742	12.2271515473	0.0624640961
70.7307692308	12.2186084129	0.0650311458	12.2283492712	0.0620976771
70.7500000000	12.2198445049	0.0647284597	12.2295398614	0.0617221918
70.7692307692	12.2210746293	0.0644163874	12.2307231439	0.0613376953
70.7884615385	12.2222986105	0.0640950022	12.2318989461	0.0609442435
70.8076923077	12.2235162743	0.0637643791	12.2330670962	0.0605418940
70.8269230769	12.2247274475	0.0634245945	12.2342274238	0.0601307055
70.8461538462	12.2259319586	0.0630757261	12.2353797594	0.0597107380
70.8653846154	12.2271296370	0.0627178523	12.2365239348	0.0592820529
70.8846153846	12.2283203139	0.0623510523	12.2376597829	0.0588447126
70.9038461538	12.2295038214	0.0619754055	12.2387871379	0.0583987811
70.9230769231	12.2306799933	0.0615909915	12.2399058352	0.0579443236
70.9423076923	12.2318486643	0.0611978898	12.2410157115	0.0574814062
70.9615384615	12.2330096709	0.0607961795	12.2421166047	0.0570100966
70.9807692308	12.2341628505	0.0603859393	12.2432083542	0.0565304637
71.0000000000	12.2353080419	0.0599672474	12.2442908004	0.0560425774
71.0192307692	12.2364450854	0.0595401810	12.2453637855	0.0555465090
71.0384615385	12.2375738223	0.0591048166	12.2464271526	0.0550423309
71.0576923077	12.2386940953	0.0586612297	12.2474807467	0.0545301168
71.0769230769	12.2398057482	0.0582094949	12.2485244138	0.0540099413
71.0961538462	12.2409086262	0.0577496856	12.2495580016	0.0534818804
71.1153846154	12.2420025757	0.0572818744	12.2505813591	0.0529460113
71.1346153846	12.2430874441	0.0568061330	12.2515943371	0.0524024122
71.1538461538	12.2441630804	0.0563225318	12.2525967875	0.0518511624
71.1730769231	12.2452293344	0.0558311409	12.2535885640	0.0512923424
71.1923076923	12.2462860572	0.0553320293	12.2545695219	0.0507260339
71.2115384615	12.2473331013	0.0548252656	12.2555395178	0.0501523194
71.2307692308	12.2483703201	0.0543109179	12.2564984103	0.0495712827
71.2500000000	12.2493975684	0.0537890540	12.2574460592	0.0489830088
71.2692307692	12.2504147020	0.0532597415	12.2583823263	0.0483875834
71.2884615385	12.2514215781	0.0527230483	12.2593070749	0.0477850935
71.3076923077	12.2524180549	0.0521790424	12.2602201698	0.0471756271
71.3269230769	12.2534039921	0.0516277922	12.2611214779	0.0465592730
71.3461538462	12.2543792503	0.0510693669	12.2620108675	0.0459361215
71.3653846154	12.2553436918	0.0505038364	12.2628882088	0.0453062633
71.3846153846	12.2562971797	0.0499312717	12.2637533737	0.0446697905
71.4038461538	12.2572395788	0.0493517451	12.2646062359	0.0440267960
71.4230769231	12.2581707551	0.0487653302	12.2654466708	0.0433773736
71.4423076923	12.2590905759	0.0481721019	12.2662745558	0.0427216182
71.4615384615	12.2599989100	0.0475721373	12.2670897700	0.0420596256
71.4807692308	12.2608956276	0.0469655148	12.2678921943	0.0413914923
71.5000000000	12.2617806004	0.0463523151	12.2686817117	0.0407173159
71.5192307692	12.2626537017	0.0457326205	12.2694582068	0.0400371948
71.5384615385	12.2635148060	0.0451065157	12.2702215664	0.0393512284
71.5576923077	12.2643637900	0.0444740872	12.2709716788	0.0386595168
71.5769230769	12.2652005314	0.0438354237	12.2717084347	0.0379621610
71.5961538462	12.2660249100	0.0431906161	12.2724317264	0.0372592627
71.6153846154	12.2668368071	0.0425397569	12.2731414484	0.0365509247
71.6346153846	12.2676361060	0.0418829411	12.2738374970	0.0358372503
71.6538461538	12.2684226914	0.0412202650	12.2745197706	0.0351183437
71.6730769231	12.2691964503	0.0405518271	12.2751881696	0.0343943099
71.6923076923	12.2699572711	0.0398777271	12.2758425965	0.0336652546
71.7115384615	12.2707050445	0.0391980664	12.2764829556	0.0329312842
71.7307692308	12.2714396629	0.0385129476	12.2771091535	0.0321925059
71.7500000000	12.2721610207	0.0378224742	12.2777210988	0.0314490275
71.7692307692	12.2728690144	0.0371267506	12.2783187021	0.0307009577
71.7884615385	12.2735635424	0.0364258819	12.2789018761	0.0299484056
71.8076923077	12.2742445052	0.0357199735	12.2794705358	0.0291914810
71.8269230769	12.2749118053	0.0350091310	12.2800245981	0.0284302945
71.8461538462	12.2755653473	0.0342934600	12.2805639821	0.0276649573
71.8653846154	12.2762050380	0.0335730655	12.2810886090	0.0268955810
71.8846153846	12.2768307861	0.0328480522	12.2815984023	0.0261222780
71.9038461538	12.2774425025	0.0321185240	12.2820932876	0.0253451613
71.9230769231	12.2780401001	0.0313845839	12.2825731925	0.0245643441
71.9423076923	12.2786234942	0.0306463334	12.2830380470	0.0237799406
71.9615384615	12.2791926019	0.0299038732	12.2834877833	0.0229920653
71.9807692308	12.2797473425	0.0291573019	12.2839223357	0.0222008332
72.0000000000	12.2802876374	0.0284067171	12.2843416408	0.0214063598
72.0192307692	12.2808134100	0.0276522143	12.2847456372	0.0206087611
72.0384615385	12.2813245860	0.0268938872	12.2851342661	0.0198081535
72.0576923077	12.2818210929	0.0261318279	12.2855074707	0.0190046540
72.0769230769	12.2823028604	0.0253661265	12.2858651966	0.0181983799
72.0961538462	12.2827698201	0.0245968714	12.2862073914	0.0173894488
72.1153846154	12.2832219058	0.0238241491	12.2865340052	0.0165779789
72.1346153846	12.2836590530	0.0230480445	12.2868449904	0.0157640886
72.1538461538	12.2840811996	0.0222686409	12.2871403016	0.0149478968
72.1730769231	12.2844882851	0.0214860204	12.2874198956	0.0141295227
72.1923076923	12.2848802511	0.0207002636	12.2876837315	0.0133090856
72.2115384615	12.2852570411	0.0199114503	12.2879317710	0.0124867055
72.2307692308	12.2856186006	0.0191196596	12.2881639778	0.0116625023
72.2500000000	12.2859648770	0.0183249699	12.2883803179	0.0108365964
72.2692307692	12.2862958196	0.0175274596	12.2885807598	0.0100091083
72.2884615385	12.2866113795	0.0167272072	12.2887652742	0.0091801590
72.3076923077	12.2869115099	0.0159242916	12.2889338342	0.0083498694
72.3269230769	12.2871961657	0.0151187925	12.2890864152	0.0075183607
72.3461538462	12.2874653038	0.0143107909	12.2892229949	0.0066857543
72.3653846154	12.2877188831	0.0135003691	12.2893435534	0.0058521719
72.3846153846	12.2879568642	0.0126876115	12.2894480730	0.0050177350
72.4038461538	12.2881792098	0.0118726043	12.2895365385	0.0041825656
72.4230769231	12.2883858844	0.0110554368	12.2896089370	0.0033467855
72.4423076923	12.2885768547	0.0102362007	12.2896652579	0.0025105167
72.4615384615	12.2887520891	0.0094149913	12.2897054930	0.0016738815
72.4807692308	12.2889115581	0.0085919071	12.2897296364	0.0008370018
72.5000000000	12.2890552344	0.0077670505	12.2897376845	-0.0000000000
72.5192307692	12.2891830925	0.0069405280	12.2897296364	-0.0008370018
72.5384615385	12.2892951090	0.0061124501	12.2897054930	-0.0016738815
72.5576923077	12.2893912629	0.0052829319	12.2896652579	-0.0025105167
72.5769230769	12.2894715350	0.0044520928	12.2896089370	-0.0033467855
72.5961538462	12.2895359085	0.0036200569	12.2895365385	-0.0041825656
72.6153846154	12.2895843688	0.0027869531	12.2894480730	-0.0050177350
72.6346153846	12.2896169035	0.0019529148	12.2893435534	-0.0058521719
72.6538461538	12.2896335024	0.0011180799	12.2892229949	-0.0066857543
72.6730769231	12.2896341579	0.0002825911	12.2890864152	-0.0075183607
72.6923076923	12.2896188645	-0.0005534047	12.2889338342	-0.0083498694
72.7115384615	12.2895876193	-0.0013897565	12.2887652742	-0.0091801590
72.7307692308	12.2895404217	-0.0022263092	12.2885807598	-0.0100091083
72.7500000000	12.2894772736	-0.0030629039	12.2883803179	-0.0108365964
72.7692307692	12.2893981794	-0.0038993785	12.2881639778	-0.0116625023
72.7884615385	12.2893031461	-0.0047355681	12.2879317710	-0.0124867055
72.8076923077	12.2891921831	-0.0055713047	12.2876837315	-0.0133090856
72.8269230769	12.2890653025	-0.0064064187	12.2874198956	-0.0141295227
72.8461538462	12.2889225189	-0.0072407382	12.2871403016	-0.0149478968
72.8653846154	12.2887638495	-0.0080740906	12.2868449904	-0.0157640886
72.8846153846	12.2885893142	-0.0089063023	12.2865340052	-0.0165779789
72.9038461538	12.2883989354	-0.0097371995	12.2862073914	-0.0173894488
72.9230769231	12.2881927382	-0.0105666090	12.2858651966	-0.0181983799
72.9423076923	12.2879707503	-0.0113943582	12.2855074707	-0.0190046540
72.9615384615	12.2877330021	-0.0122202761	12.2851342661	-0.0198081535
72.9807692308	12.2874795264	-0.0130441937	12.2847456372	-0.0206087611
73.0000000000	12.2872103587	-0.0138659444	12.2843416408	-0.0214063598
73.0192307692	12.2869255371	-0.0146853646	12.2839223357	-0.0222008332
73.0384615385	12.2866251022	-0.0155022944	12.2834877833	-0.0229920653
73.0576923077	12.2863090972	-0.0163165778	12.2830380470	-0.0237799406
73.0769230769	12.2859775676	-0.0171280630	12.2825731925	-0.0245643441
73.0961538462	12.2856305616	-0.0179366033	12.2820932876	-0.0253451613
73.1153846154	12.2852681297	-0.0187420570	12.2815984023	-0.0261222780
73.1346153846	12.2848903247	-0.0195442878	12.2810886090	-0.0268955810
73.1538461538	12.2844972020	-0.0203431654	12.2805639821	-0.0276649573
73.1730769231	12.2840888191	-0.0211385652	12.2800245981	-0.0284302945
73.1923076923	12.2836652358	-0.0219303688	12.2794705358	-0.0291914810
73.2115384615	12.2832265141	-0.0227184640	12.2789018761	-0.0299484056
73.2307692308	12.2827727184	-0.0235027448	12.2783187021	-0.0307009577
73.2500000000	12.2823039148	-0.0242831114	12.2777210988	-0.0314490275
73.2692307692	12.2818201720	-0.0250594702	12.2771091535	-0.0321925059
73.2884615385	12.2813215603	-0.0258317337	12.2764829556	-0.0329312842
73.3076923077	12.2808081523	-0.0265998200	12.2758425965	-0.0336652546
73.3269230769	12.2802800224	-0.0273636530	12.2751881696	-0.0343943099
73.3461538462	12.2797372470	-0.0281231617	12.2745197706	-0.0351183437
73.3653846154	12.2791799044	-0.0288782801	12.2738374970	-0.0358372503
73.3846153846	12.2786080748	-0.0296289468	12.2731414484	-0.0365509247
73.4038461538	12.2780218402	-0.0303751041	12.2724317264	-0.0372592627
73.4230769231	12.2774212842	-0.0311166983	12.2717084347	-0.0379621610
73.4423076923	12.2768064926	-0.0318536785	12.2709716788	-0.0386595168
73.4615384615	12.2761775526	-0.0325859963	12.2702215664	-0.0393512284
73.4807692308	12.2755345533	-0.0333136054	12.2694582068	-0.0400371948
73.5000000000	12.2748775857	-0.0340364607	12.2686817117	-0.0407173159
73.5192307692	12.2742067422	-0.0347545178	12.2678921943	-0.0413914923
73.5384615385	12.2735221173	-0.0354677323	12.2670897700	-0.0420596256
73.5576923077	12.2728238069	-0.0361760596	12.2662745558	-0.0427216182
73.5769230769	12.2721119089	-0.0368794536	12.2654466708	-0.0433773736
73.5961538462	12.2713865228	-0.0375778668	12.2646062359	-0.0440267960
73.6153846154	12.2706477501	-0.0382712492	12.2637533737	-0.0446697905
73.6346153846	12.2698956937	-0.0389595481	12.2628882088	-0.0453062633
73.6538461538	12.2691304588	-0.0396427074	12.2620108675	-0.0459361215
73.6730769231	12.2683521519	-0.0403206670	12.2611214779	-0.0465592730
73.6923076923	12.2675608819	-0.0409933627	12.2602201698	-0.0471756271
73.7115384615	12.2667567591	-0.0416607256	12.2593070749	-0.0477850935
73.7307692308	12.2659398960	-0.0423226818	12.2583823263	-0.0483875834
73.7500000000	12.2651104070	-0.0429791520	12.2574460592	-0.0489830088
73.7692307692	12.2642684084	-0.0436300514	12.2564984103	-0.0495712827
73.7884615385	12.2634140187	-0.0442752897	12.2555395178	-0.0501523194
73.8076923077	12.2625473580	-0.0449147704	12.2545695219	-0.0507260339
73.8269230769	12.2616685490	-0.0455483917	12.2535885640	-0.0512923424
73.8461538462	12.2607777161	-0.0461760456	12.2525967875	-0.0518511624
73.8653846154	12.2598749860	-0.0467976187	12.2515943371	-0.0524024122
73.8846153846	12.2589604874	-0.0474129917	12.2505813591	-0.0529460113
73.9038461538	12.2580343513	-0.0480220404	12.2495580016	-0.0534818804
73.9230769231	12.2570967108	-0.0486246354	12.2485244138	-0.0540099413
73.9423076923	12.2561477012	-0.0492206428	12.2474807467	-0.0545301168
73.9615384615	12.2551874600	-0.0498099241	12.2464271526	-0.0550423309
73.9807692308	12.2542161267	-0.0503923375	12.2453637855	-0.0555465090
74.0000000000	12.2532338433	-0.0509677377	12.2442908004	-0.0560425774
74.0192307692	12.2522407538	-0.0515359766	12.2432083542	-0.0565304637
74.0384615385	12.2512370044	-0.0520969043	12.2421166047	-0.0570100966
74.0576923077	12.2502227435	-0.0526503692	12.2410157115	-0.0574814062
74.0769230769	12.2491981214	-0.0531962191	12.2399058352	-0.0579443236
74.0961538462	12.2481632908	-0.0537343013	12.2387871379	-0.0583987811
74.1153846154	12.2471184063	-0.0542644642	12.2376597829	-0.0588447126
74.1346153846	12.2460636245	-0.0547865571	12.2365239348	-0.0592820529
74.1538461538	12.2449991040	-0.0553004315	12.2353797594	-0.0597107380
74.1730769231	12.2439250053	-0.0558059414	12.2342274238	-0.0601307055
74.1923076923	12.2428414907	-0.0563029444	12.2330670962	-0.0605418940
74.2115384615	12.2417487244	-0.0567913020	12.2318989461	-0.0609442435
74.2307692308	12.2406468722	-0.0572708805	12.2307231439	-0.0613376953
74.2500000000	12.2395361016	-0.0577415513	12.2295398614	-0.0617221918
74.2692307692	12.2384165817	-0.0582031918	12.2283492712	-0.0620976771
74.2884615385	12.2372884831	-0.0586556859	12.2271515473	-0.0624640961
74.3076923077	12.2361519776	-0.0590989243	12.2259468645	-0.0628213955
74.3269230769	12.2350072386	-0.0595328048	12.2247353986	-0.0631695231
74.3461538462	12.2338544406	-0.0599572332	12.2235173265	-0.0635084281
74.3653846154	12.2326937591	-0.0603721229	12.2222928262	-0.0638380609
74.3846153846	12.2315253710	-0.0607773959	12.2210620762	-0.0641583735
74.4038461538	12.2303494538	-0.0611729823	12.2198252565	-0.0644693191
74.4230769231	12.2291661861	-0.0615588206	12.2185825474	-0.0647708522
74.4423076923	12.2279757472	-0.0619348581	12.2173341304	-0.0650629289
74.4615384615	12.2267783172	-0.0623010503	12.2160801879	-0.0653455066
74.4807692308	12.2255740766	-0.0626573613	12.2148209029	-0.0656185439
74.5000000000	12.2243632067	-0.0630037630	12.2135564592	-0.0658820010
74.5192307692	12.2231458891	-0.0633402355	12.2122870414	-0.0661358395
74.5384615385	12.2219223059	-0.0636667666	12.2110128350	-0.0663800222
74.5576923077	12.2206926394	-0.0639833510	12.2097340258	-0.0666145136
74.5769230769	12.2194570723	-0.0642899906	12.2084508006	-0.0668392794
74.5961538462	12.2182157874	-0.0645866933	12.2071633468	-0.0670542867
74.6153846154	12.2169689677	-0.0648734730	12.2058718523	-0.0672595043
74.6346153846	12.2157167963	-0.0651503488	12.2045765058	-0.0674549020
74.6538461538	12.2144594564	-0.0654173443	12.2032774962	-0.0676404515
74.6730769231	12.2131971312	-0.0656744872	12.2019750132	-0.0678161256
74.6923076923	12.2119300040	-0.0659218084	12.2006692471	-0.0679818986
74.7115384615	12.2106582579	-0.0661593415	12.1993603884	-0.0681377464
74.7307692308	12.2093820762	-0.0663871221	12.1980486283	-0.0682836462
74.7500000000	12.2081016421	-0.0666051868	12.1967341583	-0.0684195767
74.7692307692	12.2068171387	-0.0668135730	12.1954171702	-0.0685455181
74.7884615385	12.2055287492	-0.0670123178	12.1940978563	-0.0686614519
74.8076923077	12.2042366566	-0.0672014575	12.1927764094	-0.0687673613
74.8269230769	12.2029410442	-0.0673810271	12.1914530222	-0.0688632308
74.8461538462	12.2016420952	-0.0675510593	12.1901278880	-0.0689490463
74.8653846154	12.2003399927	-0.0677115844	12.1888012003	-0.0690247954
74.8846153846	12.1990349200	-0.0678626296	12.1874731528	-0.0690904670
74.9038461538	12.1977270607	-0.0680042182	12.1861439393	-0.0691460515
74.9230769231	12.1964165984	-0.0681363697	12.1848137540	-0.0691915409
74.9423076923	12.1951037167	-0.0682590991	12.1834827910	-0.0692269283
74.9615384615	12.1937885999	-0.0683724168	12.1821512446	-0.0692522088
74.9807692308	12.1924714321	-0.0684763281	12.1808193093	-0.0692673785
75.0000000000	12.1911523981	-0.0685708333	12.1794871795	-0.0692724354
75.0192307692	12.1898316829	-0.0686559274	12.1781550497	-0.0692673785
75.0384615385	12.1885094719	-0.0687316003	12.1768231144	-0.0692522088
75.0576923077	12.1871859509	-0.0687978366	12.1754915680	-0.0692269283
75.0769230769	12.1858613063	-0.0688546157	12.1741606050	-0.0691915409
75.0961538462	12.1845357250	-0.0689019124	12.1728304197	-0.0691460515
75.1153846154	12.1832093943	-0.0689396966	12.1715012062	-0.0690904670
75.1346153846	12.1818825023	-0.0689679340	12.1701731587	-0.0690247954
75.1538461538	12.1805552375	-0.0689865861	12.1688464710	-0.0689490463
75.1730769231	12.1792277891	-0.0689956112	12.1675213368	-0.0688632308
75.1923076923	12.1779003470	-0.0689949643	12.1661979496	-0.0687673613
75.2115384615	12.1765731014	-0.0689845980	12.1648765026	-0.0686614519
75.2307692308	12.1752462436	-0.0689644629	12.1635571888	-0.0685455181
75.2500000000	12.1739199650	-0.0689345083	12.1622402007	-0.0684195767
75.2692307692	12.1725944581	-0.0688946827	12.1609257306	-0.0682836462
75.2884615385	12.1712699156	-0.0688449348	12.1596139705	-0.0681377464
75.3076923077	12.1699465308	-0.0687852137	12.1583051119	-0.0679818986
75.3269230769	12.1686244977	-0.0687154699	12.1569993457	-0.0678161256
75.3461538462	12.1673040106	-0.0686356559	12.1556968628	-0.0676404515
75.3653846154	12.1659852643	-0.0685457271	12.1543978532	-0.0674549020
75.3846153846	12.1646684539	-0.0684456419	12.1531025066	-0.0672595043
75.4038461538	12.1633537747	-0.0683353630	12.1518110122	-0.0670542867
75.4230769231	12.1620414225	-0.0682148576	12.1505235584	-0.0668392794
75.4423076923	12.1607315930	-0.0680840981	12.1492403332	-0.0666145136
75.4615384615	12.1594244820	-0.0679430627	12.1479615240	-0.0663800222
75.4807692308	12.1581202853	-0.0677917356	12.1466873175	-0.0661358395
75.5000000000	12.1568191988	-0.0676301081	12.1454178998	-0.0658820010
75.5192307692	12.1555214178	-0.0674581781	12.1441534561	-0.0656185439
75.5384615385	12.1542271377	-0.0672759512	12.1428941710	-0.0653455066
75.5576923077	12.1529365533	-0.0670834405	12.1416402285	-0.0650629289
75.5769230769	12.1516498589	-0.0668806669	12.1403918116	-0.0647708522
75.5961538462	12.1503672483	-0.0666676591	12.1391491025	-0.0644693191
75.6153846154	12.1490889145	-0.0664444541	12.1379122827	-0.0641583735
75.6346153846	12.1478150498	-0.0662110965	12.1366815328	-0.0638380609
75.6538461538	12.1465458456	-0.0659676389	12.1354570324	-0.0635084281
75.6730769231	12.1452814923	-0.0657141415	12.1342389604	-0.0631695231
75.6923076923	12.1440221792	-0.0654506718	12.1330274945	-0.0628213955
75.7115384615	12.1427680945	-0.0651773045	12.1318228117	-0.0624640961
75.7307692308	12.1415194251	-0.0648941209	12.1306250877	-0.0620976771
75.7500000000	12.1402763566	-0.0646012086	12.1294344976	-0.0617221918
75.7692307692	12.1390390732	-0.0642986608	12.1282512151	-0.0613376953
75.7884615385	12.1378077575	-0.0639865759	12.1270754129	-0.0609442435
75.8076923077	12.1365825908	-0.0636650571	12.1259072627	-0.0605418940
75.8269230769	12.1353637526	-0.0633342110	12.1247469352	-0.0601307055
75.8461538462	12.1341514209	-0.0629941480	12.1235945996	-0.0597107380
75.8653846154	12.1329457718	-0.0626449805	12.1224504242	-0.0592820529
75.8846153846	12.1317469801	-0.0622868231	12.1213145761	-0.0588447126
75.9038461538	12.1305552183	-0.0619197912	12.1201872211	-0.0583987811
75.9230769231	12.1293706576	-0.0615440006	12.1190685238	-0.0579443236
75.9423076923	12.1281934672	-0.0611595666	12.1179586475	-0.0574814062
75.9615384615	12.1270238146	-0.0607666035	12.1168577543	-0.0570100966
75.9807692308	12.1258618654	-0.0603652234	12.1157660048	-0.0565304637
76.0000000000	12.1247077837	-0.0599555362	12.1146835586	-0.0560425774
76.0192307692	12.1235617314	-0.0595376485	12.1136105735	-0.0555465090
76.0384615385	12.1224238692	-0.0591116629	12.1125472063	-0.0550423309
76.0576923077	12.1212943557	-0.0586776779	12.1114936123	-0.0545301168
76.0769230769	12.1201733480	-0.0582357871	12.1104499452	-0.0540099413
76.0961538462	12.1190610016	-0.0577860786	12.1094163574	-0.0534818804
76.1153846154	12.1179574703	-0.0573286352	12.1083929998	-0.0529460113
76.1346153846	12.1168629064	-0.0568635333	12.1073800219	-0.0524024122
76.1538461538	12.1157774608	-0.0563908436	12.1063775715	-0.0518511624
76.1730769231	12.1147012829	-0.0559106301	12.1053857950	-0.0512923424
76.1923076923	12.1136345206	-0.0554229505	12.1044048371	-0.0507260339
76.2115384615	12.1125773207	-0.0549278561	12.1034348411	-0.0501523194
76.2307692308	12.1115298285	-0.0544253921	12.1024759487	-0.0495712827
76.2500000000	12.1104921882	-0.0539155973	12.1015282997	-0.0489830088
76.2692307692	12.1094645428	-0.0533985048	12.1005920326	-0.0483875834
76.2884615385	12.1084470341	-0.0528741421	12.0996672841	-0.0477850935
76.3076923077	12.1074398030	-0.0523425317	12.0987541892	-0.0471756271
76.3269230769	12.1064429890	-0.0518036912	12.0978528811	-0.0465592730
76.3461538462	12.1054567309	-0.0512576344	12.0969634915	-0.0459361215
76.3653846154	12.1044811665	-0.0507043714	12.0960861502	-0.0453062633
76.3846153846	12.1035164326	-0.0501439096	12.0952209853	-0.0446697905
76.4038461538	12.1025626649	-0.0495762542	12.0943681231	-0.0440267960
76.4230769231	12.1016199984	-0.0490014091	12.0935276882	-0.0433773736
76.4423076923	12.1006885672	-0.0484193776	12.0926998032	-0.0427216182
76.4615384615	12.0997685043	-0.0478301632	12.0918845890	-0.0420596256
76.4807692308	12.0988599419	-0.0472337704	12.0910821646	-0.0413914923
76.5000000000	12.0979630113	-0.0466302058	12.0902926473	-0.0407173159
76.5192307692	12.0970778427	-0.0460194786	12.0895161521	-0.0400371948
76.5384615385	12.0962045656	-0.0454016016	12.0887527926	-0.0393512284
76.5576923077	12.0953433082	-0.0447765919	12.0880026802	-0.0386595168
76.5769230769	12.0944941977	-0.0441444718	12.0872659243	-0.0379621610
76.5961538462	12.0936573603	-0.0435052697	12.0865426326	-0.0372592627
76.6153846154	12.0928329209	-0.0428590204	12.0858329106	-0.0365509247
76.6346153846	12.0920210033	-0.0422057660	12.0851368620	-0.0358372503
76.6538461538	12.0912217299	-0.0415455565	12.0844545884	-0.0351183437
76.6730769231	12.0904352217	-0.0408784503	12.0837861893	-0.0343943099
76.6923076923	12.0896615985	-0.0402045146	12.0831317625	-0.0336652546
76.7115384615	12.0889009782	-0.0395238259	12.0824914034	-0.0329312842
76.7307692308	12.0881534774	-0.0388364702	12.0818652054	-0.0321925059
76.7500000000	12.0874192109	-0.0381425433	12.0812532602	-0.0314490275
76.7692307692	12.0866982917	-0.0374421507	12.0806556569	-0.0307009577
76.7884615385	12.0859908310	-0.0367354081	12.0800724829	-0.0299484056
76.8076923077	12.0852969379	-0.0360224407	12.0795038232	-0.0291914810
76.8269230769	12.0846167196	-0.0353033836	12.0789497609	-0.0284302945
76.8461538462	12.0839502811	-0.0345783813	12.0784103769	-0.0276649573
76.8653846154	12.0832977253	-0.0338475873	12.0778857500	-0.0268955810
76.8846153846	12.0826591527	-0.0331111640	12.0773759567	-0.0261222780
76.9038461538	12.0820346614	-0.0323692819	12.0768810714	-0.0253451613
76.9230769231	12.0814243472	-0.0316221188	12.0764011665	-0.0245643441
76.9423076923	12.0808283034	-0.0308698599	12.0759363119	-0.0237799406
76.9615384615	12.0802466205	-0.0301126962	12.0754865756	-0.0229920653
76.9807692308	12.0796793866	-0.0293508244	12.0750520233	-0.0222008332
77.0000000000	12.0791266872	-0.0285844455	12.0746327182	-0.0214063598
77.0192307692	12.0785886048	-0.0278137643	12.0742287218	-0.0206087611
77.0384615385	12.0780652195	-0.0270389883	12.0738400929	-0.0198081535
77.0576923077	12.0775566084	-0.0262603268	12.0734668882	-0.0190046540
77.0769230769	12.0770628459	-0.0254779898	12.0731091624	-0.0181983799
77.0961538462	12.0765840036	-0.0246921872	12.0727669676	-0.0173894488
77.1153846154	12.0761201503	-0.0239031275	12.0724403537	-0.0165779789
77.1346153846	12.0756713521	-0.0231110173	12.0721293685	-0.0157640886
77.1538461538	12.0752376721	-0.0223160598	12.0718340574	-0.0149478968
77.1730769231	12.0748191708	-0.0215184543	12.0715544634	-0.0141295227
77.1923076923	12.0744159061	-0.0207183950	12.0712906274	-0.0133090856
77.2115384615	12.0740279329	-0.0199160703	12.0710425880	-0.0124867055
77.2307692308	12.0736553038	-0.0191116620	12.0708103812	-0.0116625023
77.2500000000	12.0732980684	-0.0183053446	12.0705940411	-0.0108365964
77.2692307692	12.0729562741	-0.0174972844	12.0703935992	-0.0100091083
77.2884615385	12.0726299657	-0.0166876394	12.0702090848	-0.0091801590
77.3076923077	12.0723191853	-0.0158765582	12.0700405247	-0.0083498694
77.3269230769	12.0720239731	-0.0150641801	12.0698879437	-0.0075183607
77.3461538462	12.0717443667	-0.0142506345	12.0697513641	-0.0066857543
77.3653846154	12.0714804014	-0.0134360408	12.0696308056	-0.0058521719
77.3846153846	12.0712321105	-0.0126205083	12.0695262860	-0.0050177350
77.4038461538	12.0709995251	-0.0118041359	12.0694378205	-0.0041825656
77.4230769231	12.0707826744	-0.0109870127	12.0693654220	-0.0033467855
77.4423076923	12.0705815855	-0.0101692176	12.0693091011	-0.0025105167
77.4615384615	12.0703962836	-0.0093508201	12.0692688660	-0.0016738815
77.4807692308	12.0702267922	-0.0085318804	12.0692447226	-0.0008370018
77.5000000000	12.0700731328	-0.0077124496	12.0692366744	-0.0000000000
77.5192307692	12.0699353253	-0.0068925710	12.0692447226	0.0008370018
77.5384615385	12.0698133880	-0.0060722800	12.0692688660	0.0016738815
77.5576923077	12.0697073374	-0.0052516051	12.0693091011	0.0025105167
77.5769230769	12.0696171885	-0.0044305689	12.0693654220	0.0033467855
77.5961538462	12.0695429546	-0.0036091884	12.0694378205	0.0041825656
77.6153846154	12.0694846477	-0.0027874766	12.0695262860	0.0050177350
77.6346153846	12.0694422781	-0.0019654428	12.0696308056	0.0058521719
77.6538461538	12.0694158546	-0.0011430939	12.0697513641	0.0066857543
77.6730769231	12.0694053844	-0.0003204353	12.0698879437	0.0075183607
77.6923076923	12.0694108734	0.0005025279	12.0700405247	0.0083498694
77.7115384615	12.0694323257	0.0013257903	12.0702090848	0.0091801590
77.7307692308	12.0694697440	0.0021493446	12.0703935992	0.0100091083
77.7500000000	12.0695231295	0.0029731810	12.0705940411	0.0108365964
77.7692307692	12.0695924815	0.0037972863	12.0708103812	0.0116625023
77.7884615385	12.0696777979	0.0046216426	12.0710425880	0.0124867055
77.8076923077	12.0697790748	0.0054462265	12.0712906274	0.0133090856
77.8269230769	12.0698963064	0.0062710085	12.0715544634	0.0141295227
77.8461538462	12.0700294854	0.0070959519	12.0718340574	0.0149478968
77.8653846154	12.0701786023	0.0079210122	12.0721293685	0.0157640886
77.8846153846	12.0703436457	0.0087461366	12.0724403537	0.0165779789
77.9038461538	12.0705246024	0.0095712631	12.0727669676	0.0173894488
77.9230769231	12.0707214569	0.0103963203	12.0731091624	0.0181983799
77.9423076923	12.0709341915	0.0112212267	12.0734668882	0.0190046540
77.9615384615	12.0711627864	0.0120458909	12.0738400929	0.0198081535
77.9807692308	12.0714072194	0.0128702107	12.0742287218	0.0206087611
78.0000000000	12.0716674659	0.0136940737	12.0746327182	0.0214063598
78.0192307692	12.0719434987	0.0145173567	12.0750520233	0.0222008332
78.0384615385	12.0722352883	0.0153399263	12.0754865756	0.0229920653
78.0576923077	12.0725428023	0.0161616385	12.0759363119	0.0237799406
78.0769230769	12.0728660060	0.0169823396	12.0764011665	0.0245643441
78.0961538462	12.0732048614	0.0178018662	12.0768810714	0.0253451613
78.1153846154	12.0735593282	0.0186200455	12.0773759567	0.0261222780
78.1346153846	12.0739293629	0.0194366964	12.0778857500	0.0268955810
78.1538461538	12.0743149192	0.0202516295	12.0784103769	0.0276649573
78.1730769231	12.0747159480	0.0210646483	12.0789497609	0.0284302945
78.1923076923	12.0751323969	0.0218755495	12.0795038232	0.0291914810
78.2115384615	12.0755642106	0.0226841242	12.0800724829	0.0299484056
78.2307692308	12.0760113310	0.0234901585	12.0806556569	0.0307009577
78.2500000000	12.0764736966	0.0242934344	12.0812532602	0.0314490275
78.2692307692	12.0769512430	0.0250937310	12.0818652054	0.0321925059
78.2884615385	12.0774439028	0.0258908250	12.0824914034	0.0329312842
78.3076923077	12.0779516055	0.0266844920	12.0831317625	0.0336652546
78.3269230769	12.0784742775	0.0274745076	12.0837861893	0.0343943099
78.3461538462	12.0790118423	0.0282606477	12.0844545884	0.0351183437
78.3653846154	12.0795642204	0.0290426901	12.0851368620	0.0358372503
78.3846153846	12.0801313294	0.0298204154	12.0858329106	0.0365509247
78.4038461538	12.0807130839	0.0305936072	12.0865426326	0.0372592627
78.4230769231	12.0813093959	0.0313620538	12.0872659243	0.0379621610
78.4423076923	12.0819201743	0.0321255486	12.0880026802	0.0386595168
78.4615384615	12.0825453256	0.0328838907	12.0887527926	0.0393512284
78.4807692308	12.0831847536	0.0336368860	12.0895161521	0.0400371948
78.5000000000	12.0838383592	0.0343843476	12.0902926473	0.0407173159
78.5192307692	12.0845060413	0.0351260960	12.0910821646	0.0413914923
78.5384615385	12.0851876961	0.0358619605	12.0918845890	0.0420596256
78.5576923077	12.0858832175	0.0365917786	12.0926998032	0.0427216182
78.5769230769	12.0865924971	0.0373153970	12.0935276882	0.0433773736
78.5961538462	12.0873154245	0.0380326716	12.0943681231	0.0440267960
78.6153846154	12.0880518869	0.0387434675	12.0952209853	0.0446697905
78.6346153846	12.0888017698	0.0394476594	12.0960861502	0.0453062633
78.6538461538	12.0895649567	0.0401451314	12.0969634915	0.0459361215
78.6730769231	12.0903413290	0.0408357769	12.0978528811	0.0465592730
78.6923076923	12.0911307667	0.0415194987	12.0987541892	0.0471756271
78.7115384615	12.0919331478	0.0421962081	12.0996672841	0.0477850935
78.7307692308	12.0927483488	0.0428658255	12.1005920326	0.0483875834
78.7500000000	12.0935762447	0.0435282793	12.1015282997	0.0489830088
78.7692307692	12.0944167087	0.0441835057	12.1024759487	0.0495712827
78.7884615385	12.0952696129	0.0448314485	12.1034348411	0.0501523194
78.8076923077	12.0961348277	0.0454720580	12.1044048371	0.0507260339
78.8269230769	12.0970122224	0.0461052907	12.1053857950	0.0512923424
78.8461538462	12.0979016648	0.0467311088	12.1063775715	0.0518511624
78.8653846154	12.0988030215	0.0473494795	12.1073800219	0.0524024122
78.8846153846	12.0997161579	0.0479603741	12.1083929998	0.0529460113
78.9038461538	12.1006409379	0.0485637675	12.1094163574	0.0534818804
78.9230769231	12.1015772246	0.0491596374	12.1104499452	0.0540099413
78.9423076923	12.1025248795	0.0497479640	12.1114936123	0.0545301168
78.9615384615	12.1034837632	0.0503287285	12.1125472063	0.0550423309
78.9807692308	12.1044537350	0.0509019135	12.1136105735	0.0555465090
79.0000000000	12.1054346529	0.0514675012	12.1146835586	0.0560425774
79.0192307692	12.1064263739	0.0520254737	12.1157660048	0.0565304637
79.0384615385	12.1074287537	0.0525758121	12.1168577543	0.0570100966
79.0576923077	12.1084416467	0.0531184958	12.1179586475	0.0574814062
79.0769230769	12.1094649061	0.0536535020	12.1190685238	0.0579443236
79.0961538462	12.1104983839	0.0541808055	12.1201872211	0.0583987811
79.1153846154	12.1115419308	0.0547003782	12.1213145761	0.0588447126
79.1346153846	12.1125953960	0.0552121886	12.1224504242	0.0592820529
79.1538461538	12.1136586277	0.0557162015	12.1235945996	0.0597107380
79.1730769231	12.1147314724	0.0562123780	12.1247469352	0.0601307055
79.1923076923	12.1158137755	0.0567006752	12.1259072627	0.0605418940
79.2115384615	12.1169053807	0.0571810459	12.1270754129	0.0609442435
79.2307692308	12.1180061305	0.0576534389	12.1282512151	0.0613376953
79.2500000000	12.1191158658	0.0581177988	12.1294344976	0.0617221918
79.2692307692	12.1202344261	0.0585740659	12.1306250877	0.0620976771
79.2884615385	12.1213616494	0.0590221768	12.1318228117	0.0624640961
79.3076923077	12.1224973720	0.0594620641	12.1330274945	0.0628213955
79.3269230769	12.1236414290	0.0598936567	12.1342389604	0.0631695231
79.3461538462	12.1247936537	0.0603168804	12.1354570324	0.0635084281
79.3653846154	12.1259538779	0.0607316579	12.1366815328	0.0638380609
79.3846153846	12.1271219320	0.0611379092	12.1379122827	0.0641583735
79.4038461538	12.1282976448	0.0615355521	12.1391491025	0.0644693191
79.4230769231	12.1294808434	0.0619245025	12.1403918116	0.0647708522
79.4423076923	12.1306713538	0.0623046748	12.1416402285	0.0650629289
79.4615384615	12.1318690000	0.0626759827	12.1428941710	0.0653455066
79.4807692308	12.1330736049	0.0630383391	12.1441534561	0.0656185439
79.5000000000	12.1342849898	0.0633916570	12.1454178998	0.0658820010
79.5192307692	12.1355029748	0.0637358499	12.1466873175	0.0661358395
79.5384615385	12.1367273783	0.0640708322	12.1479615240	0.0663800222
79.5576923077	12.1379580177	0.0643965196	12.1492403332	0.0666145136
79.5769230769	12.1391947089	0.0647128298	12.1505235584	0.0668392794
79.5961538462	12.1404372667	0.0650196825	12.1518110122	0.0670542867
79.6153846154	12.1416855047	0.0653170003	12.1531025066	0.0672595043
79.6346153846	12.1429392353	0.0656047089	12.1543978532	0.0674549020
79.6538461538	12.1441982701	0.0658827371	12.1556968628	0.0676404515
79.6730769231	12.1454624193	0.0661510177	12.1569993457	0.0678161256
79.6923076923	12.1467314927	0.0664094873	12.1583051119	0.0679818986
79.7115384615	12.1480052988	0.0666580868	12.1596139705	0.0681377464
79.7307692308	12.1492836456	0.0668967615	12.1609257306	0.0682836462
79.7500000000	12.1505663401	0.0671254613	12.1622402007	0.0684195767
79.7692307692	12.1518531891	0.0673441407	12.1635571888	0.0685455181
79.7884615385	12.1531439985	0.0675527590	12.1648765026	0.0686614519
79.8076923077	12.1544385737	0.0677512802	12.1661979496	0.0687673613
79.8269230769	12.1557367198	0.0679396732	12.1675213368	0.0688632308
79.8461538462	12.1570382415	0.0681179114	12.1688464710	0.0689490463
79.8653846154	12.1583429433	0.0682859730	12.1701731587	0.0690247954
79.8846153846	12.1596506293	0.0684438404	12.1715012062	0.0690904670
79.9038461538	12.1609611036	0.0685915006	12.1728304197	0.0691460515
79.9230769231	12.1622741701	0.0687289443	12.1741606050	0.0691915409
79.9423076923	12.1635896327	0.0688561665	12.1754915680	0.0692269283
79.9615384615	12.1649072954	0.0689731653	12.1768231144	0.0692522088
79.9807692308	12.1662269621	0.0690799425	12.1781550497	0.0692673785
80.0000000000	12.1675484369	0.0691765029	12.1794871795	0.0692724354
80.0192307692	12.1688715242	0.0692628537	12.1808193093	0.0692673785
80.0384615385	12.1701960283	0.0693390050	12.1821512446	0.0692522088
80.0576923077	12.1715217541	0.0694049686	12.1834827910	0.0692269283
80.0769230769	12.1728485065	0.0694607582	12.1848137540	0.0691915409
80.0961538462	12.1741760908	0.0695063889	12.1861439393	0.0691460515
80.1153846154	12.1755043127	0.0695418771	12.1874731528	0.0690904670
80.1346153846	12.1768329782	0.0695672400	12.1888012003	0.0690247954
80.1538461538	12.1781618937	0.0695824951	12.1901278880	0.0689490463
80.1730769231	12.1794908659	0.0695876607	12.1914530222	0.0688632308
80.1923076923	12.1808197020	0.0695827547	12.1927764094	0.0687673613
80.2115384615	12.1821482097	0.0695677951	12.1940978563	0.0686614519
80.2307692308	12.1834761970	0.0695427995	12.1954171702	0.0685455181
80.2500000000	12.1848034724	0.0695077850	12.1967341583	0.0684195767
80.2692307692	12.1861298447	0.0694627681	12.1980486283	0.0682836462
80.2884615385	12.1874551233	0.0694077646	12.1993603884	0.0681377464
80.3076923077	12.1887791181	0.0693427894	12.2006692471	0.0679818986
80.3269230769	12.1901016392	0.0692678566	12.2019750132	0.0678161256
80.3461538462	12.1914224974	0.0691829796	12.2032774962	0.0676404515
80.3653846154	12.1927415036	0.0690881710	12.2045765058	0.0674549020
80.3846153846	12.1940584696	0.0689834425	12.2058718523	0.0672595043
80.4038461538	12.1953732072	0.0688688055	12.2071633468	0.0670542867
80.4230769231	12.1966855288	0.0687442706	12.2084508006	0.0668392794
80.4423076923	12.1979952473	0.0686098484	12.2097340258	0.0666145136
80.4615384615	12.1993021759	0.0684655489	12.2110128350	0.0663800222
80.4807692308	12.2006061283	0.0683113827	12.2122870414	0.0661358395
80.5000000000	12.2019069187	0.0681473603	12.2135564592	0.0658820010
80.5192307692	12.2032043617	0.0679734929	12.2148209029	0.0656185439
80.5384615385	12.2044982721	0.0677897923	12.2160801879	0.0653455066
80.5576923077	12.2057884655	0.0675962716	12.2173341304	0.0650629289
80.5769230769	12.2070747578	0.0673929449	12.2185825474	0.0647708522
80.5961538462	12.2083569653	0.0671798280	12.2198252565	0.0644693191
80.6153846154	12.2096349051	0.0669569388	12.2210620762	0.0641583735
80.6346153846	12.2109083943	0.0667242969	12.2222928262	0.0638380609
80.6538461538	12.2121772510	0.0664819244	12.2235173265	0.0635084281
80.6730769231	12.2134412936	0.0662298463	12.2247353986	0.0631695231
80.6923076923	12.2147003412	0.0659680900	12.2259468645	0.0628213955
80.7115384615	12.2159542132	0.0656966863	12.2271515473	0.0624640961
80.7307692308	12.2172027301	0.0654156691	12.2283492712	0.0620976771
80.7500000000	12.2184457126	0.0651250757	12.2295398614	0.0617221918
80.7692307692	12.2196829823	0.0648249471	12.2307231439	0.0613376953
80.7884615385	12.2209143616	0.0645153277	12.2318989461	0.0609442435
80.8076923077	12.2221396735	0.0641962660	12.2330670962	0.0605418940
80.8269230769	12.2233587418	0.0638678140	12.2342274238	0.0601307055
80.8461538462	12.2245713912	0.0635300278	12.2353797594	0.0597107380
80.8653846154	12.2257774473	0.0631829672	12.2365239348	0.0592820529
80.8846153846	12.2269767364	0.0628266957	12.2376597829	0.0588447126
80.9038461538	12.2281690860	0.0624612808	12.2387871379	0.0583987811
80.9230769231	12.2293543244	0.0620867933	12.2399058352	0.0579443236
80.9423076923	12.2305322810	0.0617033075	12.2410157115	0.0574814062
80.9615384615	12.2317027862	0.0613109013	12.2421166047	0.0570100966
80.9807692308	12.2328656716	0.0609096554	12.2432083542	0.0565304637
81.0000000000	12.2340207700	0.0604996536	12.2442908004	0.0560425774
81.0192307692	12.2351679150	0.0600809822	12.2453637855	0.0555465090
81.0384615385	12.2363069419	0.0596537300	12.2464271526	0.0550423309
81.0576923077	12.2374376870	0.0592179880	12.2474807467	0.0545301168
81.0769230769	12.2385599878	0.0587738490	12.2485244138	0.0540099413
81.0961538462	12.2396736833	0.0583214073	12.2495580016	0.0534818804
81.1153846154	12.2407786138	0.0578607583	12.2505813591	0.0529460113
81.1346153846	12.2418746209	0.0573919986	12.2515943371	0.0524024122
81.1538461538	12.2429615476	0.0569152254	12.2525967875	0.0518511624
81.1730769231	12.2440392384	0.0564305359	12.2535885640	0.0512923424
81.1923076923	12.2451075392	0.0559380276	12.2545695219	0.0507260339
81.2115384615	12.2461662975	0.0554377976	12.2555395178	0.0501523194
81.2307692308	12.2472153621	0.0549299425	12.2564984103	0.0495712827
81.2500000000	12.2482545835	0.0544145580	12.2574460592	0.0489830088
81.2692307692	12.2492838136	0.0538917388	12.2583823263	0.0483875834
81.2884615385	12.2503029059	0.0533615783	12.2593070749	0.0477850935
81.3076923077	12.2513117155	0.0528241683	12.2602201698	0.0471756271
81.3269230769	12.2523100989	0.0522795993	12.2611214779	0.0465592730
81.3461538462	12.2532979145	0.0517279596	12.2620108675	0.0459361215
81.3653846154	12.2542750221	0.0511693359	12.2628882088	0.0453062633
81.3846153846	12.2552412830	0.0506038129	12.2637533737	0.0446697905
81.4038461538	12.2561965605	0.0500314730	12.2646062359	0.0440267960
81.4230769231	12.2571407192	0.0494523969	12.2654466708	0.0433773736
81.4423076923	12.2580736254	0.0488666633	12.2662745558	0.0427216182
81.4615384615	12.2589951471	0.0482743486	12.2670897700	0.0420596256
81.4807692308	12.2599051541	0.0476755277	12.2678921943	0.0413914923
81.5000000000	12.2608035176	0.0470702735	12.2686817117	0.0407173159
81.5192307692	12.2616901106	0.0464586573	12.2694582068	0.0400371948
81.5384615385	12.2625648078	0.0458407490	12.2702215664	0.0393512284
81.5576923077	12.2634274856	0.0452166171	12.2709716788	0.0386595168
81.5769230769	12.2642780222	0.0445863292	12.2717084347	0.0379621610
81.5961538462	12.2651162972	0.0439499520	12.2724317264	0.0372592627
81.6153846154	12.2659421924	0.0433075514	12.2731414484	0.0365509247
81.6346153846	12.2667555909	0.0426591933	12.2738374970	0.0358372503
81.6538461538	12.2675563779	0.0420049432	12.2745197706	0.0351183437
81.6730769231	12.2683444401	0.0413448672	12.2751881696	0.0343943099
81.6923076923	12.2691196661	0.0406790314	12.2758425965	0.0336652546
81.7115384615	12.2698819464	0.0400075031	12.2764829556	0.0329312842
81.7307692308	12.2706311732	0.0393303503	12.2771091535	0.0321925059
81.7500000000	12.2713672406	0.0386476425	12.2777210988	0.0314490275
81.7692307692	12.2720900444	0.0379594507	12.2783187021	0.0307009577
81.7884615385	12.2727994826	0.0372658477	12.2789018761	0.0299484056
81.8076923077	12.2734954546	0.0365669083	12.2794705358	0.0291914810
81.8269230769	12.2741778623	0.0358627094	12.2800245981	0.0284302945
81.8461538462	12.2748466090	0.0351533306	12.2805639821	0.0276649573
81.8653846154	12.2755016002	0.0344388538	12.2810886090	0.0268955810
81.8846153846	12.2761427434	0.0337193637	12.2815984023	0.0261222780
81.9038461538	12.2767699481	0.0329949479	12.2820932876	0.0253451613
81.9230769231	12.2773831255	0.0322656967	12.2825731925	0.0245643441
81.9423076923	12.2779821892	0.0315317036	12.2830380470	0.0237799406
81.9615384615	12.2785670547	0.0307930647	12.2834877833	0.0229920653
81.9807692308	12.2791376395	0.0300498793	12.2839223357	0.0222008332
82.0000000000	12.2796938632	0.0293022496	12.2843416408	0.0214063598
82.0192307692	12.2802356474	0.0285502807	12.2847456372	0.0206087611
82.0384615385	12.2807629160	0.0277940801	12.2851342661	0.0198081535
82.0576923077	12.2812755949	0.0270337583	12.2855074707	0.0190046540
82.0769230769	12.2817736120	0.0262694281	12.2858651966	0.0181983799
82.0961538462	12.2822568974	0.0255012047	12.2862073914	0.0173894488
82.1153846154	12.2827253834	0.0247292053	12.2865340052	0.0165779789
82.1346153846	12.2831790043	0.0239535489	12.2868449904	0.0157640886
82.1538461538	12.2836176967	0.0231743566	12.2871403016	0.0149478968
82.1730769231	12.2840413991	0.0223917505	12.2874198956	0.0141295227
82.1923076923	12.2844500524	0.0216058542	12.2876837315	0.0133090856
82.2115384615	12.2848435994	0.0208167919	12.2879317710	0.0124867055
82.2307692308	12.2852219851	0.0200246890	12.2881639778	0.0116625023
82.2500000000	12.2855851567	0.0192296709	12.2883803179	0.0108365964
82.2692307692	12.2859330633	0.0184318634	12.2885807598	0.0100091083
82.2884615385	12.2862656564	0.0176313923	12.2887652742	0.0091801590
82.3076923077	12.2865828894	0.0168283829	12.2889338342	0.0083498694
82.3269230769	12.2868847177	0.0160229602	12.2890864152	0.0075183607
82.3461538462	12.2871710989	0.0152152485	12.2892229949	0.0066857543
82.3653846154	12.2874419928	0.0144053711	12.2893435534	0.0058521719
82.3846153846	12.2876973610	0.0135934504	12.2894480730	0.0050177350
82.4038461538	12.2879371672	0.0127796075	12.2895365385	0.0041825656
82.4230769231	12.2881613771	0.0119639622	12.2896089370	0.0033467855
82.4423076923	12.2883699586	0.0111466329	12.2896652579	0.0025105167
82.4615384615	12.2885628813	0.0103277367	12.2897054930	0.0016738815
82.4807692308	12.2887401171	0.0095073890	12.2897296364	0.0008370018
82.5000000000	12.2889016396	0.0086857039	12.2897376845	0.0000000000
82.5192307692	12.2890474246	0.0078627937	12.2897296364	-0.0008370018
82.5384615385	12.2891774497	0.0070387696	12.2897054930	-0.0016738815
82.5576923077	12.2892916947	0.0062137413	12.2896652579	-0.0025105167
82.5769230769	12.2893901410	0.0053878171	12.2896089370	-0.0033467855
82.5961538462	12.2894727722	0.0045611043	12.2895365385	-0.0041825656
82.6153846154	12.2895395738	0.0037337092	12.2894480730	-0.0050177350
82.6346153846	12.2895905334	0.0029057372	12.2893435534	-0.0058521719
82.6538461538	12.2896256403	0.0020772929	12.2892229949	-0.0066857543
82.6730769231	12.2896448859	0.0012484806	12.2890864152	-0.0075183607
82.6923076923	12.2896482637	0.0004194043	12.2889338342	-0.0083498694
82.7115384615	12.2896357690	-0.0004098323	12.2887652742	-0.0091801590
82.7307692308	12.2896073993	-0.0012391252	12.2885807598	-0.0100091083
82.7500000000	12.2895631539	-0.0020683699	12.2883803179	-0.0108365964
82.7692307692	12.2895030343	-0.0028974615	12.2881639778	-0.0116625023
82.7884615385	12.2894270440	-0.0037262945	12.2879317710	-0.0124867055
82.8076923077	12.2893351887	-0.0045547619	12.2876837315	-0.0133090856
82.8269230769	12.2892274761	-0.0053827561	12.2874198956	-0.0141295227
82.8461538462	12.2891039159	-0.0062101678	12.2871403016	-0.0149478968
82.8653846154	12.2889645202	-0.0070368863	12.2868449904	-0.0157640886
82.8846153846	12.2888093033	-0.0078627992	12.2865340052	-0.0165779789
82.9038461538	12.2886382813	-0.0086877925	12.2862073914	-0.0173894488
82.9230769231	12.2884514731	-0.0095117502	12.2858651966	-0.0181983799
82.9423076923	12.2882488995	-0.0103345543	12.2855074707	-0.0190046540
82.9615384615	12.2880305836	-0.0111560850	12.2851342661	-0.0198081535
82.9807692308	12.2877965510	-0.0119762206	12.2847456372	-0.0206087611
83.0000000000	12.2875468295	-0.0127948373	12.2843416408	-0.0214063598
83.0192307692	12.2872814494	-0.0136118094	12.2839223357	-0.0222008332
83.0384615385	12.2870004431	-0.0144270095	12.2834877833	-0.0229920653
83.0576923077	12.2867038459	-0.0152403085	12.2830380470	-0.0237799406
83.0769230769	12.2863916950	-0.0160515755	12.2825731925	-0.0245643441
83.0961538462	12.2860640305	-0.0168606786	12.2820932876	-0.0253451613
83.1153846154	12.2857208947	-0.0176674842	12.2815984023	-0.0261222780
83.1346153846	12.2853623324	-0.0184718583	12.2810886090	-0.0268955810
83.1538461538	12.2849883910	-0.0192736656	12.2805639821	-0.0276649573
83.1730769231	12.2845991204	-0.0200727706	12.2800245981	-0.0284302945
83.1923076923	12.2841945729	-0.0208690375	12.2794705358	-0.0291914810
83.2115384615	12.2837748033	-0.0216623306	12.2789018761	-0.0299484056
83.2307692308	12.2833398691	-0.0224525145	12.2783187021	-0.0307009577
83.2500000000	12.2828898300	-0.0232394545	12.2777210988	-0.0314490275
83.2692307692	12.2824247485	-0.0240230167	12.2771091535	-0.0321925059
83.2884615385	12.2819446893	-0.0248030687	12.2764829556	-0.0329312842
83.3076923077	12.2814497197	-0.0255794796	12.2758425965	-0.0336652546
83.3269230769	12.2809399095	-0.0263521201	12.2751881696	-0.0343943099
83.3461538462	12.2804153309	-0.0271208633	12.2745197706	-0.0351183437
83.3653846154	12.2798760583	-0.0278855845	12.2738374970	-0.0358372503
83.3846153846	12.2793221687	-0.0286461618	12.2731414484	-0.0365509247
83.4038461538	12.2787537414	-0.0294024759	12.2724317264	-0.0372592627
83.4230769231	12.2781708580	-0.0301544105	12.2717084347	-0.0379621610
83.4423076923	12.2775736024	-0.0309018528	12.2709716788	-0.0386595168
83.4615384615	12.2769620607	-0.0316446931	12.2702215664	-0.0393512284
83.4807692308	12.2763363212	-0.0323828250	12.2694582068	-0.0400371948
83.5000000000	12.2756964744	-0.0331161457	12.2686817117	-0.0407173159
83.5192307692	12.2750426131	-0.0338445559	12.2678921943	-0.0413914923
83.5384615385	12.2743748320	-0.0345679598	12.2670897700	-0.0420596256
83.5576923077	12.2736932279	-0.0352862651	12.2662745558	-0.0427216182
83.5769230769	12.2729978997	-0.0359993826	12.2654466708	-0.0433773736
83.5961538462	12.2722889483	-0.0367072267	12.2646062359	-0.0440267960
83.6153846154	12.2715664763	-0.0374097147	12.2637533737	-0.0446697905
83.6346153846	12.2708305887	-0.0381067667	12.2628882088	-0.0453062633
83.6538461538	12.2700813919	-0.0387983058	12.2620108675	-0.0459361215
83.6730769231	12.2693189945	-0.0394842572	12.2611214779	-0.0465592730
83.6923076923	12.2685435067	-0.0401645485	12.2602201698	-0.0471756271
83.7115384615	12.2677550406	-0.0408391089	12.2593070749	-0.0477850935
83.7307692308	12.2669537101	-0.0415078693	12.2583823263	-0.0483875834
83.7500000000	12.2661396308	-0.0421707618	12.2574460592	-0.0489830088
83.7692307692	12.2653129199	-0.0428277192	12.2564984103	-0.0495712827
83.7884615385	12.2644736966	-0.0434786749	12.2555395178	-0.0501523194
83.8076923077	12.2636220814	-0.0441235624	12.2545695219	-0.0507260339
83.8269230769	12.2627581968	-0.0447623146	12.2535885640	-0.0512923424
83.8461538462	12.2618821668	-0.0453948642	12.2525967875	-0.0518511624
83.8653846154	12.2609941171	-0.0460211425	12.2515943371	-0.0524024122
83.8846153846	12.2600941750	-0.0466410798	12.2505813591	-0.0529460113
83.9038461538	12.2591824695	-0.0472546045	12.2495580016	-0.0534818804
83.9230769231	12.2582591312	-0.0478616429	12.2485244138	-0.0540099413
83.9423076923	12.2573242924	-0.0484621191	12.2474807467	-0.0545301168
83.9615384615	12.2563780869	-0.0490559549	12.2464271526	-0.0550423309
83.9807692308	12.2554206502	-0.0496430690	12.2453637855	-0.0555465090
84.0000000000	12.2544521195	-0.0502233772	12.2442908004	-0.0560425774
84.0192307692	12.2534726336	-0.0507967922	12.2432083542	-0.0565304637
84.0384615385	12.2524823331	-0.0513632237	12.2421166047	-0.0570100966
84.0576923077	12.2514813599	-0.0519225776	12.2410157115	-0.0574814062
84.0769230769	12.2504698579	-0.0524747571	12.2399058352	-0.0579443236
84.0961538462	12.2494479726	-0.0530196615	12.2387871379	-0.0583987811
84.1153846154	12.2484158512	-0.0535571874	12.2376597829	-0.0588447126
84.1346153846	12.2473736423	-0.0540872279	12.2365239348	-0.0592820529
84.1538461538	12.2463214967	-0.0546096732	12.2353797594	-0.0597107380
84.1730769231	12.2452595663	-0.0551244110	12.2342274238	-0.0601307055
84.1923076923	12.2441880052	-0.0556313262	12.2330670962	-0.0605418940
84.2115384615	12.2431069690	-0.0561303017	12.2318989461	-0.0609442435
84.2307692308	12.2420166147	-0.0566212184	12.2307231439	-0.0613376953
84.2500000000	12.2409171015	-0.0571039556	12.2295398614	-0.0617221918
84.2692307692	12.2398085898	-0.0575783917	12.2283492712	-0.0620976771
84.2884615385	12.2386912419	-0.0580444044	12.2271515473	-0.0624640961
84.3076923077	12.2375652217	-0.0585018709	12.2259468645	-0.0628213955
84.3269230769	12.2364306947	-0.0589506691	12.2247353986	-0.0631695231
84.3461538462	12.2352878279	-0.0593906772	12.2235173265	-0.0635084281
84.3653846154	12.2341367900	-0.0598217749	12.2222928262	-0.0638380609
84.3846153846	12.2329777511	-0.0602438438	12.2210620762	-0.0641583735
84.4038461538	12.2318108831	-0.0606567675	12.2198252565	-0.0644693191
84.4230769231	12.2306363590	-0.0610604327	12.2185825474	-0.0647708522
84.4423076923	12.2294543534	-0.0614547292	12.2173341304	-0.0650629289
84.4615384615	12.2282650423	-0.0618395509	12.2160801879	-0.0653455066
84.4807692308	12.2270686031	-0.0622147957	12.2148209029	-0.0656185439
84.5000000000	12.2258652143	-0.0625803665	12.2135564592	-0.0658820010
84.5192307692	12.2246550559	-0.0629361713	12.2122870414	-0.0661358395
84.5384615385	12.2234383088	-0.0632821236	12.2110128350	-0.0663800222
84.5576923077	12.2222151553	-0.0636181432	12.2097340258	-0.0666145136
84.5769230769	12.2209857787	-0.0639441557	12.2084508006	-0.0668392794
84.5961538462	12.2197503631	-0.0642600936	12.2071633468	-0.0670542867
84.6153846154	12.2185090940	-0.0645658961	12.2058718523	-0.0672595043
84.6346153846	12.2172621573	-0.0648615094	12.2045765058	-0.0674549020
84.6538461538	12.2160097401	-0.0651468867	12.2032774962	-0.0676404515
84.6730769231	12.2147520300	-0.0654219884	12.2019750132	-0.0678161256
84.6923076923	12.2134892157	-0.0656867823	12.2006692471	-0.0679818986
84.7115384615	12.2122214861	-0.0659412431	12.1993603884	-0.0681377464
84.7307692308	12.2109490309	-0.0661853529	12.1980486283	-0.0682836462
84.7500000000	12.2096720403	-0.0664191005	12.1967341583	-0.0684195767
84.7692307692	12.2083907051	-0.0666424818	12.1954171702	-0.0685455181
84.7884615385	12.2071052162	-0.0668554988	12.1940978563	-0.0686614519
84.8076923077	12.2058157652	-0.0670581601	12.1927764094	-0.0687673613
84.8269230769	12.2045225437	-0.0672504802	12.1914530222	-0.0688632308
84.8461538462	12.2032257438	-0.0674324789	12.1901278880	-0.0689490463
84.8653846154	12.2019255576	-0.0676041814	12.1888012003	-0.0690247954
84.8846153846	12.2006221775	-0.0677656175	12.1874731528	-0.0690904670
84.9038461538	12.1993157960	-0.0679168210	12.1861439393	-0.0691460515
84.9230769231	12.1980066055	-0.0680578298	12.1848137540	-0.0691915409
84.9423076923	12.1966947987	-0.0681886845	12.1834827910	-0.0692269283
84.9615384615	12.1953805682	-0.0683094286	12.1821512446	-0.0692522088
84.9807692308	12.1940641064	-0.0684201076	12.1808193093	-0.0692673785
85.0000000000	12.1927456060	-0.0685207685	12.1794871795	-0.0692724354
85.0192307692	12.1914252593	-0.0686114591	12.1781550497	-0.0692673785
85.0384615385	12.1901032587	-0.0686922277	12.1768231144	-0.0692522088
85.0576923077	12.1887797966	-0.0687631225	12.1754915680	-0.0692269283
85.0769230769	12.1874550649	-0.0688241908	12.1741606050	-0.0691915409
85.0961538462	12.1861292558	-0.0688754788	12.1728304197	-0.0691460515
85.1153846154	12.1848025610	-0.0689170310	12.1715012062	-0.0690904670
85.1346153846	12.1834751724	-0.0689488899	12.1701731587	-0.0690247954
85.1538461538	12.1821472814	-0.0689710952	12.1688464710	-0.0689490463
85.1730769231	12.1808190796	-0.0689836838	12.1675213368	-0.0688632308
85.1923076923	12.1794907581	-0.0689866894	12.1661979496	-0.0687673613
85.2115384615	12.1781625082	-0.0689801420	12.1648765026	-0.0686614519
85.2307692308	12.1768345207	-0.0689640681	12.1635571888	-0.0685455181
85.2500000000	12.1755069866	-0.0689384900	12.1622402007	-0.0684195767
85.2692307692	12.1741800965	-0.0689034261	12.1609257306	-0.0682836462
85.2884615385	12.1728540410	-0.0688588904	12.1596139705	-0.0681377464
85.3076923077	12.1715290104	-0.0688048931	12.1583051119	-0.0679818986
85.3269230769	12.1702051951	-0.0687414399	12.1569993457	-0.0678161256
85.3461538462	12.1688827852	-0.0686685326	12.1556968628	-0.0676404515
85.3653846154	12.1675619707	-0.0685861692	12.1543978532	-0.0674549020
85.3846153846	12.1662429414	-0.0684943439	12.1531025066	-0.0672595043
85.4038461538	12.1649258870	-0.0683930475	12.1518110122	-0.0670542867
85.4230769231	12.1636109971	-0.0682822675	12.1505235584	-0.0668392794
85.4423076923	12.1622984611	-0.0681619888	12.1492403332	-0.0666145136
85.4615384615	12.1609884682	-0.0680321936	12.1479615240	-0.0663800222
85.4807692308	12.1596812074	-0.0678928624	12.1466873175	-0.0661358395
85.5000000000	12.1583768676	-0.0677439738	12.1454178998	-0.0658820010
85.5192307692	12.1570756372	-0.0675855054	12.1441534561	-0.0656185439
85.5384615385	12.1557777047	-0.0674174342	12.1428941710	-0.0653455066
85.5576923077	12.1544832580	-0.0672397372	12.1416402285	-0.0650629289
85.5769230769	12.1531924851	-0.0670523915	12.1403918116	-0.0647708522
85.5961538462	12.1519055732	-0.0668553756	12.1391491025	-0.0644693191
85.6153846154	12.1506227094	-0.0666486690	12.1379122827	-0.0641583735
85.6346153846	12.1493440803	-0.0664322536	12.1366815328	-0.0638380609
85.6538461538	12.1480698722	-0.0662061134	12.1354570324	-0.0635084281
85.6730769231	12.1468002707	-0.0659702359	12.1342389604	-0.0631695231
85.6923076923	12.1455354609	-0.0657246117	12.1330274945	-0.0628213955
85.7115384615	12.1442756275	-0.0654692354	12.1318228117	-0.0624640961
85.7307692308	12.1430209543	-0.0652041060	12.1306250877	-0.0620976771
85.7500000000	12.1417716247	-0.0649292273	12.1294344976	-0.0617221918
85.7692307692	12.1405278211	-0.0646446081	12.1282512151	-0.0613376953
85.7884615385	12.1392897253	-0.0643502624	12.1270754129	-0.0609442435
85.8076923077	12.1380575182	-0.0640462102	12.1259072627	-0.0605418940
85.8269230769	12.1368313797	-0.0637324769	12.1247469352	-0.0601307055
85.8461538462	12.1356114890	-0.0634090943	12.1235945996	-0.0597107380
85.8653846154	12.1343980241	-0.0630760999	12.1224504242	-0.0592820529
85.8846153846	12.1331911621	-0.0627335377	12.1213145761	-0.0588447126
85.9038461538	12.1319910789	-0.0623814574	12.1201872211	-0.0583987811
85.9230769231	12.1307979492	-0.0620199152	12.1190685238	-0.0579443236
85.9423076923	12.1296119468	-0.0616489730	12.1179586475	-0.0574814062
85.9615384615	12.1284332439	-0.0612686985	12.1168577543	-0.0570100966
85.9807692308	12.1272620117	-0.0608791652	12.1157660048	-0.0565304637
86.0000000000	12.1260984199	-0.0604804516	12.1146835586	-0.0560425774
86.0192307692	12.1249426369	-0.0600726414	12.1136105735	-0.0555465090
86.0384615385	12.1237948299	-0.0596558230	12.1125472063	-0.0550423309
86.0576923077	12.1226551644	-0.0592300891	12.1114936123	-0.0545301168
86.0769230769	12.1215238045	-0.0587955362	12.1104499452	-0.0540099413
86.0961538462	12.1204009130	-0.0583522643	12.1094163574	-0.0534818804
86.1153846154	12.1192866512	-0.0579003763	12.1083929998	-0.0529460113
86.1346153846	12.1181811786	-0.0574399778	12.1073800219	-0.0524024122
86.1538461538	12.1170846535	-0.0569711762	12.1063775715	-0.0518511624
86.1730769231	12.1159972324	-0.0564940805	12.1053857950	-0.0512923424
86.1923076923	12.1149190706	-0.0560088006	12.1044048371	-0.0507260339
86.2115384615	12.1138503215	-0.0555154471	12.1034348411	-0.0501523194
86.2307692308	12.1127911371	-0.0550141304	12.1024759487	-0.0495712827
86.2500000000	12.1117416678	-0.0545049606	12.1015282997	-0.0489830088
86.2692307692	12.1107020626	-0.0539880468	12.1005920326	-0.0483875834
86.2884615385	12.1096724688	-0.0534634967	12.0996672841	-0.0477850935
86.3076923077	12.1086530322	-0.0529314164	12.0987541892	-0.0471756271
86.3269230769	12.1076438970	-0.0523919099	12.0978528811	-0.0465592730
86.3461538462	12.1066452061	-0.0518450785	12.0969634915	-0.0459361215
86.3653846154	12.1056571006	-0.0512910211	12.0960861502	-0.0453062633
86.3846153846	12.1046797204	-0.0507298336	12.0952209853	-0.0446697905
86.4038461538	12.1037132036	-0.0501616084	12.0943681231	-0.0440267960
86.4230769231	12.1027576872	-0.0495864351	12.0935276882	-0.0433773736
86.4423076923	12.1018133063	-0.0490043997	12.0926998032	-0.0427216182
86.4615384615	12.1008801950	-0.0484155845	12.0918845890	-0.0420596256
86.4807692308	12.0999584856	-0.0478200690	12.0910821646	-0.0413914923
86.5000000000	12.0990483091	-0.0472179287	12.0902926473	-0.0407173159
86.5192307692	12.0981497951	-0.0466092363	12.0895161521	-0.0400371948
86.5384615385	12.0972630718	-0.0459940614	12.0887527926	-0.0393512284
86.5576923077	12.0963882658	-0.0453724705	12.0880026802	-0.0386595168
86.5769230769	12.0955255026	-0.0447445278	12.0872659243	-0.0379621610
86.5961538462	12.0946749059	-0.0441102949	12.0865426326	-0.0372592627
86.6153846154	12.0938365981	-0.0434698318	12.0858329106	-0.0365509247
86.6346153846	12.0930107004	-0.0428231967	12.0851368620	-0.0358372503
86.6538461538	12.0921973322	-0.0421704466	12.0844545884	-0.0351183437
86.6730769231	12.0913966116	-0.0415116378	12.0837861893	-0.0343943099
86.6923076923	12.0906086551	-0.0408468264	12.0831317625	-0.0336652546
86.7115384615	12.0898335778	-0.0401760685	12.0824914034	-0.0329312842
86.7307692308	12.0890714933	-0.0394994210	12.0818652054	-0.0321925059
86.7500000000	12.0883225134	-0.0388169417	12.0812532602	-0.0314490275
86.7692307692	12.0875867486	-0.0381286903	12.0806556569	-0.0307009577
86.7884615385	12.0868643075	-0.0374347283	12.0800724829	-0.0299484056
86.8076923077	12.0861552971	-0.0367351197	12.0795038232	-0.0291914810
86.8269230769	12.0854598227	-0.0360299316	12.0789497609	-0.0284302945
86.8461538462	12.0847779880	-0.0353192344	12.0784103769	-0.0276649573
86.8653846154	12.0841098947	-0.0346031022	12.0778857500	-0.0268955810
86.8846153846	12.0834556425	-0.0338816132	12.0773759567	-0.0261222780
86.9038461538	12.0828153297	-0.0331548499	12.0768810714	-0.0253451613
86.9230769231	12.0821890522	-0.0324228997	12.0764011665	-0.0245643441
86.9423076923	12.0815769041	-0.0316858546	12.0759363119	-0.0237799406
86.9615384615	12.0809789774	-0.0309438118	12.0754865756	-0.0229920653
86.9807692308	12.0803953621	-0.0301968736	12.0750520233	-0.0222008332
87.0000000000	12.0798261459	-0.0294451477	12.0746327182	-0.0214063598
87.0192307692	12.0792714146	-0.0286887469	12.0742287218	-0.0206087611
87.0384615385	12.0787312515	-0.0279277891	12.0738400929	-0.0198081535
87.0576923077	12.0782057378	-0.0271623976	12.0734668882	-0.0190046540
87.0769230769	12.0776949523	-0.0263927006	12.0731091624	-0.0181983799
87.0961538462	12.0771989715	-0.0256188308	12.0727669676	-0.0173894488
87.1153846154	12.0767178695	-0.0248409257	12.0724403537	-0.0165779789
87.1346153846	12.0762517180	-0.0240591270	12.0721293685	-0.0157640886
87.1538461538	12.0758005862	-0.0232735800	12.0718340574	-0.0149478968
87.1730769231	12.0753645410	-0.0224844339	12.0715544634	-0.0141295227
87.1923076923	12.0749436466	-0.0216918405	12.0712906274	-0.0133090856
87.2115384615	12.0745379650	-0.0208959545	12.0710425880	-0.0124867055
87.2307692308	12.0741475554	-0.0200969326	12.0708103812	-0.0116625023
87.2500000000	12.0737724745	-0.0192949331	12.0705940411	-0.0108365964
87.2692307692	12.0734127767	-0.0184901152	12.0703935992	-0.0100091083
87.2884615385	12.0730685137	-0.0176826390	12.0702090848	-0.0091801590
87.3076923077	12.0727397347	-0.0168726641	12.0700405247	-0.0083498694
87.3269230769	12.0724264864	-0.0160603499	12.0698879437	-0.0075183607
87.3461538462	12.0721288131	-0.0152458546	12.0697513641	-0.0066857543
87.3653846154	12.0718467566	-0.0144293345	12.0696308056	-0.0058521719
87.3846153846	12.0715803560	-0.0136109441	12.0695262860	-0.0050177350
87.4038461538	12.0713296482	-0.0127908350	12.0694378205	-0.0041825656
87.4230769231	12.0710946678	-0.0119691558	12.0693654220	-0.0033467855
87.4423076923	12.0708754467	-0.0111460517	12.0693091011	-0.0025105167
87.4615384615	12.0706720146	-0.0103216637	12.0692688660	-0.0016738815
87.4807692308	12.0704843989	-0.0094961289	12.0692447226	-0.0008370018
87.5000000000	12.0703126248	-0.0086695795	12.0692366744	-0.0000000000
87.5192307692	12.0701567150	-0.0078421433	12.0692447226	0.0008370018
87.5384615385	12.0700166902	-0.0070139428	12.0692688660	0.0016738815
87.5576923077	12.0698925688	-0.0061850956	12.0693091011	0.0025105167
87.5769230769	12.0697843672	-0.0053557140	12.0693654220	0.0033467855
87.5961538462	12.0696920994	-0.0045259053	12.0694378205	0.0041825656
87.6153846154	12.0696157777	-0.0036957714	12.0695262860	0.0050177350
87.6346153846	12.0695554120	-0.0028654094	12.0696308056	0.0058521719
87.6538461538	12.0695110103	-0.0020349114	12.0697513641	0.0066857543
87.6730769231	12.0694825787	-0.0012043648	12.0698879437	0.0075183607
87.6923076923	12.0694701213	-0.0003738527	12.0700405247	0.0083498694
87.7115384615	12.0694736401	0.0004565459	12.0702090848	0.0091801590
87.7307692308	12.0694931353	0.0012867558	12.0703935992	0.0100091083
87.7500000000	12.0695286052	0.0021167049	12.0705940411	0.0108365964
87.7692307692	12.0695800461	0.0029463242	12.0708103812	0.0116625023
87.7884615385	12.0696474524	0.0037755467	12.0710425880	0.0124867055
87.8076923077	12.0697308167	0.0046043076	12.0712906274	0.0133090856
87.8269230769	12.0698301296	0.0054325432	12.0715544634	0.0141295227
87.8461538462	12.0699453799	0.0062601907	12.0718340574	0.0149478968
87.8653846154	12.0700765543	0.0070871872	12.0721293685	0.0157640886
87.8846153846	12.0702236378	0.0079134698	12.0724403537	0.0165779789
87.9038461538	12.0703866133	0.0087389743	12.0727669676	0.0173894488
87.9230769231	12.0705654617	0.0095636351	12.0731091624	0.0181983799
87.9423076923	12.0707601622	0.0103873847	12.0734668882	0.0190046540
87.9615384615	12.0709706917	0.0112101528	12.0738400929	0.0198081535
87.9807692308	12.0711970251	0.0120318660	12.0742287218	0.0206087611
88.0000000000	12.0714391354	0.0128524475	12.0746327182	0.0214063598
88.0192307692	12.0716969933	0.0136718164	12.0750520233	0.0222008332
88.0384615385	12.0719705675	0.0144898873	12.0754865756	0.0229920653
88.0576923077	12.0722598244	0.0153065703	12.0759363119	0.0237799406
88.0769230769	12.0725647284	0.0161217704	12.0764011665	0.0245643441
88.0961538462	12.0728852415	0.0169353871	12.0768810714	0.0253451613
88.1153846154	12.0732213234	0.0177473148	12.0773759567	0.0261222780
88.1346153846	12.0735729316	0.0185574420	12.0778857500	0.0268955810
88.1538461538	12.0739400212	0.0193656517	12.0784103769	0.0276649573
88.1730769231	12.0743225449	0.0201718213	12.0789497609	0.0284302945
88.1923076923	12.0747204529	0.0209758225	12.0795038232	0.0291914810
88.2115384615	12.0751336933	0.0217775215	12.0800724829	0.0299484056
88.2307692308	12.0755622113	0.0225767791	12.0806556569	0.0307009577
88.2500000000	12.0760059499	0.0233734513	12.0812532602	0.0314490275
88.2692307692	12.0764648495	0.0241673890	12.0818652054	0.0321925059
88.2884615385	12.0769388479	0.0249584387	12.0824914034	0.0329312842
88.3076923077	12.0774278806	0.0257464430	12.0831317625	0.0336652546
88.3269230769	12.0779318802	0.0265312407	12.0837861893	0.0343943099
88.3461538462	12.0784507770	0.0273126674	12.0844545884	0.0351183437
88.3653846154	12.0789844988	0.0280905562	12.0851368620	0.0358372503
88.3846153846	12.0795329706	0.0288647379	12.0858329106	0.0365509247
88.4038461538	12.0800961151	0.0296350419	12.0865426326	0.0372592627
88.4230769231	12.0806738523	0.0304012965	12.0872659243	0.0379621610
88.4423076923	12.0812660998	0.0311633297	12.0880026802	0.0386595168
88.4615384615	12.0818727727	0.0319209695	12.0887527926	0.0393512284
88.4807692308	12.0824937835	0.0326740450	12.0895161521	0.0400371948
88.5000000000	12.0831290424	0.0334223866	12.0902926473	0.0407173159
88.5192307692	12.0837784573	0.0341658266	12.0910821646	0.0413914923
88.5384615385	12.0844419335	0.0349041998	12.0918845890	0.0420596256
88.5576923077	12.0851193739	0.0356373444	12.0926998032	0.0427216182
88.5769230769	12.0858106795	0.0363651018	12.0935276882	0.0433773736
88.5961538462	12.0865157488	0.0370873177	12.0943681231	0.0440267960
88.6153846154	12.0872344779	0.0378038422	12.0952209853	0.0446697905
88.6346153846	12.0879667611	0.0385145304	12.0960861502	0.0453062633
88.6538461538	12.0887124904	0.0392192426	12.0969634915	0.0459361215
88.6730769231	12.0894715557	0.0399178446	12.0978528811	0.0465592730
88.6923076923	12.0902438450	0.0406102079	12.0987541892	0.0471756271
88.7115384615	12.0910292441	0.0412962102	12.0996672841	0.0477850935
88.7307692308	12.0918276372	0.0419757351	12.1005920326	0.0483875834
88.7500000000	12.0926389063	0.0426486725	12.1015282997	0.0489830088
88.7692307692	12.0934629317	0.0433149184	12.1024759487	0.0495712827
88.7884615385	12.0942995919	0.0439743749	12.1034348411	0.0501523194
88.8076923077	12.0951487636	0.0446269505	12.1044048371	0.0507260339
88.8269230769	12.0960103218	0.0452725592	12.1053857950	0.0512923424
88.8461538462	12.0968841397	0.0459111209	12.1063775715	0.0518511624
88.8653846154	12.0977700889	0.0465425610	12.1073800219	0.0524024122
88.8846153846	12.0986680395	0.0471668101	12.1083929998	0.0529460113
88.9038461538	12.0995778599	0.0477838036	12.1094163574	0.0534818804
88.9230769231	12.1004994166	0.0483934812	12.1104499452	0.0540099413
88.9423076923	12.1014325751	0.0489957869	12.1114936123	0.0545301168
88.9615384615	12.1023771988	0.0495906683	12.1125472063	0.0550423309
88.9807692308	12.1033331500	0.0501780761	12.1136105735	0.0555465090
89.0000000000	12.1043002892	0.0507579637	12.1146835586	0.0560425774
89.0192307692	12.1052784753	0.0513302868	12.1157660048	0.0565304637
89.0384615385	12.1062675659	0.0518950027	12.1168577543	0.0570100966
89.0576923077	12.1072674169	0.0524520701	12.1179586475	0.0574814062
89.0769230769	12.1082778829	0.0530014484	12.1190685238	0.0579443236
89.0961538462	12.1092988166	0.0535430971	12.1201872211	0.0583987811
89.1153846154	12.1103300695	0.0540769758	12.1213145761	0.0588447126
89.1346153846	12.1113714913	0.0546030433	12.1224504242	0.0592820529
89.1538461538	12.1124229303	0.0551212574	12.1235945996	0.0597107380
89.1730769231	12.1134842333	0.0556315745	12.1247469352	0.0601307055
89.1923076923	12.1145552453	0.0561339492	12.1259072627	0.0605418940
89.2115384615	12.1156358098	0.0566283340	12.1270754129	0.0609442435
89.2307692308	12.1167257689	0.0571146792	12.1282512151	0.0613376953
89.2500000000	12.1178249629	0.0575929323	12.1294344976	0.0617221918
89.2692307692	12.1189332305	0.0580630383	12.1306250877	0.0620976771
89.2884615385	12.1200504090	0.0585249391	12.1318228117	0.0624640961
89.3076923077	12.1211763338	0.0589785738	12.1330274945	0.0628213955
89.3269230769	12.1223108389	0.0594238783	12.1342389604	0.0631695231
89.3461538462	12.1234537568	0.0598607858	12.1354570324	0.0635084281
89.3653846154	12.1246049180	0.0602892263	12.1366815328	0.0638380609
89.3846153846	12.1257641520	0.0607091273	12.1379122827	0.0641583735
89.4038461538	12.1269312862	0.0611204133	12.1391491025	0.0644693191
89.4230769231	12.1281061468	0.0615230067	12.1403918116	0.0647708522
89.4423076923	12.1292885583	0.0619168275	12.1416402285	0.0650629289
89.4615384615	12.1304783439	0.0623017938	12.1428941710	0.0653455066
89.4807692308	12.1316753252	0.0626778222	12.1441534561	0.0656185439
89.5000000000	12.1328793224	0.0630448279	12.1454178998	0.0658820010
89.5192307692	12.1340901542	0.0634027254	12.1466873175	0.0661358395
89.5384615385	12.1353076383	0.0637514287	12.1479615240	0.0663800222
89.5576923077	12.1365315908	0.0640908515	12.1492403332	0.0666145136
89.5769230769	12.1377618266	0.0644209081	12.1505235584	0.0668392794
89.5961538462	12.1389981596	0.0647415136	12.1518110122	0.0670542867
89.6153846154	12.1402404024	0.0650525842	12.1531025066	0.0672595043
89.6346153846	12.1414883666	0.0653540379	12.1543978532	0.0674549020
89.6538461538	12.1427418629	0.0656457946	12.1556968628	0.0676404515
89.6730769231	12.1440007009	0.0659277770	12.1569993457	0.0678161256
89.6923076923	12.1452646896	0.0661999103	12.1583051119	0.0679818986
89.7115384615	12.1465336369	0.0664621235	12.1596139705	0.0681377464
89.7307692308	12.1478073502	0.0667143489	12.1609257306	0.0682836462
89.7500000000	12.1490856363	0.0669565228	12.1622402007	0.0684195767
89.7692307692	12.1503683013	0.0671885859	12.1635571888	0.0685455181
89.7884615385	12.1516551508	0.0674104832	12.1648765026	0.0686614519
89.8076923077	12.1529459902	0.0676221648	12.1661979496	0.0687673613
89.8269230769	12.1542406243	0.0678235854	12.1675213368	0.0688632308
89.8461538462	12.1555388578	0.0680147050	12.1688464710	0.0689490463
89.8653846154	12.1568404951	0.0681954885	12.1701731587	0.0690247954
89.8846153846	12.1581453405	0.0683659062	12.1715012062	0.0690904670
89.9038461538	12.1594531982	0.0685259338	12.1728304197	0.0691460515
89.9230769231	12.1607638725	0.0686755518	12.1741606050	0.0691915409
89.9423076923	12.1620771675	0.0688147462	12.1754915680	0.0692269283
89.9615384615	12.1633928876	0.0689435079	12.1768231144	0.0692522088
89.9807692308	12.1647108372	0.0690618325	12.1781550497	0.0692673785
90.0000000000	12.1660308211	0.0691697206	12.1794871795	0.0692724354
90.0192307692	12.1673526440	0.0692671769	12.1808193093	0.0692673785
90.0384615385	12.1686761111	0.0693542107	12.1821512446	0.0692522088
90.0576923077	12.1700010278	0.0694308348	12.1834827910	0.0692269283
90.0769230769	12.1713271998	0.0694970660	12.1848137540	0.0691915409
90.0961538462	12.1726544333	0.0695529241	12.1861439393	0.0691460515
90.1153846154	12.1739825345	0.0695984321	12.1874731528	0.0690904670
90.1346153846	12.1753113103	0.0696336154	12.1888012003	0.0690247954
90.1538461538	12.1766405679	0.0696585017	12.1901278880	0.0689490463
90.1730769231	12.1779701146	0.0696731207	12.1914530222	0.0688632308
90.1923076923	12.1792997585	0.0696775034	12.1927764094	0.0687673613
90.2115384615	12.1806293078	0.0696716822	12.1940978563	0.0686614519
90.2307692308	12.1819585712	0.0696556901	12.1954171702	0.0685455181
90.2500000000	12.1832873575	0.0696295607	12.1967341583	0.0684195767
90.2692307692	12.1846154762	0.0695933277	12.1980486283	0.0682836462
90.2884615385	12.1859427368	0.0695470248	12.1993603884	0.0681377464
90.3076923077	12.1872689495	0.0694906851	12.2006692471	0.0679818986
90.3269230769	12.1885939244	0.0694243414	12.2019750132	0.0678161256
90.3461538462	12.1899174722	0.0693480252	12.2032774962	0.0676404515
90.3653846154	12.1912394037	0.0692617675	12.2045765058	0.0674549020
90.3846153846	12.1925595299	0.0691655978	12.2058718523	0.0672595043
90.4038461538	12.1938776623	0.0690595444	12.2071633468	0.0670542867
90.4230769231	12.1951936123	0.0689436344	12.2084508006	0.0668392794
90.4423076923	12.1965071918	0.0688178933	12.2097340258	0.0666145136
90.4615384615	12.1978182128	0.0686823457	12.2110128350	0.0663800222
90.4807692308	12.1991264874	0.0685370144	12.2122870414	0.0661358395
90.5000000000	12.2004318281	0.0683819213	12.2135564592	0.0658820010
90.5192307692	12.2017340474	0.0682170871	12.2148209029	0.0656185439
90.5384615385	12.2030329581	0.0680425317	12.2160801879	0.0653455066
90.5576923077	12.2043283733	0.0678582740	12.2173341304	0.0650629289
90.5769230769	12.2056201062	0.0676643326	12.2185825474	0.0647708522
90.5961538462	12.2069079703	0.0674607256	12.2198252565	0.0644693191
90.6153846154	12.2081917792	0.0672474711	12.2210620762	0.0641583735
90.6346153846	12.2094713472	0.0670245876	12.2222928262	0.0638380609
90.6538461538	12.2107464883	0.0667920940	12.2235173265	0.0635084281
90.6730769231	12.2120170175	0.0665500099	12.2247353986	0.0631695231
90.6923076923	12.2132827498	0.0662983564	12.2259468645	0.0628213955
90.7115384615	12.2145435007	0.0660371558	12.2271515473	0.0624640961
90.7307692308	12.2157990863	0.0657664323	12.2283492712	0.0620976771
90.7500000000	12.2170493231	0.0654862121	12.2295398614	0.0617221918
90.7692307692	12.2182940282	0.0651965239	12.2307231439	0.0613376953
90.7884615385	12.2195330196	0.0648973992	12.2318989461	0.0609442435
90.8076923077	12.2207661156	0.0645888721	12.2330670962	0.0605418940
90.8269230769	12.2219931357	0.0642709804	12.2342274238	0.0601307055
90.8461538462	12.2232138999	0.0639437648	12.2353797594	0.0597107380
90.8653846154	12.2244282292	0.0636072702	12.2365239348	0.0592820529
90.8846153846	12.2256359459	0.0632615449	12.2376597829	0.0588447126
90.9038461538	12.2268368728	0.0629066412	12.2387871379	0.0583987811
90.9230769231	12.2280308343	0.0625426155	12.2399058352	0.0579443236
90.9423076923	12.2292176556	0.0621695284	12.2410157115	0.0574814062
90.9615384615	12.2303971636	0.0617874444	12.2421166047	0.0570100966
90.9807692308	12.2315691861	0.0613964322	12.2432083542	0.0565304637
91.0000000000	12.2327335526	0.0609965646	12.2442908004	0.0560425774
91.0192307692	12.2338900938	0.0605879182	12.2453637855	0.0555465090
91.0384615385	12.2350386422	0.0601705734	12.2464271526	0.0550423309
91.0576923077	12.2361790315	0.0597446145	12.2474807467	0.0545301168
91.0769230769	12.2373110975	0.0593101289	12.2485244138	0.0540099413
91.0961538462	12.2384346772	0.0588672074	12.2495580016	0.0534818804
91.1153846154	12.2395496096	0.0584159436	12.2505813591	0.0529460113
91.1346153846	12.2406557354	0.0579564338	12.2515943371	0.0524024122
91.1538461538	12.2417528971	0.0574887765	12.2525967875	0.0518511624
91.1730769231	12.2428409390	0.0570130720	12.2535885640	0.0512923424
91.1923076923	12.2439197072	0.0565294225	12.2545695219	0.0507260339
91.2115384615	12.2449890498	0.0560379310	12.2555395178	0.0501523194
91.2307692308	12.2460488168	0.0555387016	12.2564984103	0.0495712827
91.2500000000	12.2470988597	0.0550318385	12.2574460592	0.0489830088
91.2692307692	12.2481390325	0.0545174460	12.2583823263	0.0483875834
91.2884615385	12.2491691906	0.0539956280	12.2593070749	0.0477850935
91.3076923077	12.2501891916	0.0534664877	12.2602201698	0.0471756271
91.3269230769	12.2511988947	0.0529301268	12.2611214779	0.0465592730
91.3461538462	12.2521981613	0.0523866457	12.2620108675	0.0459361215
91.3653846154	12.2531868542	0.0518361431	12.2628882088	0.0453062633
91.3846153846	12.2541648384	0.0512787150	12.2637533737	0.0446697905
91.4038461538	12.2551319805	0.0507144555	12.2646062359	0.0440267960
91.4230769231	12.2560881489	0.0501434556	12.2654466708	0.0433773736
91.4423076923	12.2570332137	0.0495658036	12.2662745558	0.0427216182
91.4615384615	12.2579670468	0.0489815847	12.2670897700	0.0420596256
91.4807692308	12.2588895215	0.0483908807	12.2678921943	0.0413914923
91.5000000000	12.2598005130	0.0477937704	12.2686817117	0.0407173159
91.5192307692	12.2606998979	0.0471903289	12.2694582068	0.0400371948
91.5384615385	12.2615875544	0.0465806284	12.2702215664	0.0393512284
91.5576923077	12.2624633623	0.0459647375	12.2709716788	0.0386595168
91.5769230769	12.2633272026	0.0453427217	12.2717084347	0.0379621610
91.5961538462	12.2641789580	0.0447146436	12.2724317264	0.0372592627
91.6153846154	12.2650185125	0.0440805627	12.2731414484	0.0365509247
91.6346153846	12.2658457515	0.0434405363	12.2738374970	0.0358372503
91.6538461538	12.2666605618	0.0427946189	12.2745197706	0.0351183437
91.6730769231	12.2674628315	0.0421428635	12.2751881696	0.0343943099
91.6923076923	12.2682524498	0.0414853209	12.2758425965	0.0336652546
91.7115384615	12.2690293077	0.0408220410	12.2764829556	0.0329312842
91.7307692308	12.2697932970	0.0401530727	12.2771091535	0.0321925059
91.7500000000	12.2705443111	0.0394784645	12.2777210988	0.0314490275
91.7692307692	12.2712822445	0.0387982648	12.2783187021	0.0307009577
91.7884615385	12.2720069932	0.0381125225	12.2789018761	0.0299484056
91.8076923077	12.2727184545	0.0374212876	12.2794705358	0.0291914810
91.8269230769	12.2734165267	0.0367246114	12.2800245981	0.0284302945
91.8461538462	12.2741011099	0.0360225471	12.2805639821	0.0276649573
91.8653846154	12.2747721054	0.0353151502	12.2810886090	0.0268955810
91.8846153846	12.2754294159	0.0346024792	12.2815984023	0.0261222780
91.9038461538	12.2760729455	0.0338845958	12.2820932876	0.0253451613
91.9230769231	12.2767026000	0.0331615652	12.2825731925	0.0245643441
91.9423076923	12.2773182866	0.0324334570	12.2830380470	0.0237799406
91.9615384615	12.2779199141	0.0317003449	12.2834877833	0.0229920653
91.9807692308	12.2785073930	0.0309623076	12.2839223357	0.0222008332
92.0000000000	12.2790806356	0.0302194287	12.2843416408	0.0214063598
92.0192307692	12.2796395557	0.0294717972	12.2847456372	0.0206087611
92.0384615385	12.2801840692	0.0287195073	12.2851342661	0.0198081535
92.0576923077	12.2807140938	0.0279626591	12.2855074707	0.0190046540
92.0769230769	12.2812295491	0.0272013582	12.2858651966	0.0181983799
92.0961538462	12.2817303567	0.0264357160	12.2862073914	0.0173894488
92.1153846154	12.2822164404	0.0256658495	12.2865340052	0.0165779789
92.1346153846	12.2826877262	0.0248918815	12.2868449904	0.0157640886
92.1538461538	12.2831441421	0.0241139402	12.2871403016	0.0149478968
92.1730769231	12.2835856184	0.0233321592	12.2874198956	0.0141295227
92.1923076923	12.2840120879	0.0225466769	12.2876837315	0.0133090856
92.2115384615	12.2844234856	0.0217576370	12.2879317710	0.0124867055
92.2307692308	12.2848197489	0.0209651872	12.2881639778	0.0116625023
92.2500000000	12.2852008179	0.0201694796	12.2883803179	0.0108365964
92.2692307692	12.2855666349	0.0193706698	12.2885807598	0.0100091083
92.2884615385	12.2859171451	0.0185689167	12.2887652742	0.0091801590
92.3076923077	12.2862522958	0.0177643819	12.2889338342	0.0083498694
92.3269230769	12.2865720374	0.0169572293	12.2890864152	0.0075183607
92.3461538462	12.2868763227	0.0161476244	12.2892229949	0.0066857543
92.3653846154	12.2871651070	0.0153357339	12.2893435534	0.0058521719
92.3846153846	12.2874383485	0.0145217248	12.2894480730	0.0050177350
92.4038461538	12.2876960080	0.0137057644	12.2895365385	0.0041825656
92.4230769231	12.2879380487	0.0128880192	12.2896089370	0.0033467855
92.4423076923	12.2881644368	0.0120686547	12.2896652579	0.0025105167
92.4615384615	12.2883751409	0.0112478346	12.2897054930	0.0016738815
92.4807692308	12.2885701324	0.0104257203	12.2897296364	0.0008370018
92.5000000000	12.2887493850	0.0096024704	12.2897376845	0.0000000000
92.5192307692	12.2889128752	0.0087782405	12.2897296364	-0.0008370018
92.5384615385	12.2890605819	0.0079531823	12.2897054930	-0.0016738815
92.5576923077	12.2891924866	0.0071274433	12.2896652579	-0.0025105167
92.5769230769	12.2893085732	0.0063011668	12.2896089370	-0.0033467855
92.5961538462	12.2894088280	0.0054744910	12.2895365385	-0.0041825656
92.6153846154	12.2894932396	0.0046475492	12.2894480730	-0.0050177350
92.6346153846	12.2895617991	0.0038204694	12.2893435534	-0.0058521719
92.6538461538	12.2896144997	0.0029933742	12.2892229949	-0.0066857543
92.6730769231	12.2896513368	0.0021663804	12.2890864152	-0.0075183607
92.6923076923	12.2896723081	0.0013395995	12.2889338342	-0.0083498694
92.7115384615	12.2896774135	0.0005131374	12.2887652742	-0.0091801590
92.7307692308	12.2896666546	-0.0003129058	12.2885807598	-0.0100091083
92.7500000000	12.2896400354	-0.0011384351	12.2883803179	-0.0108365964
92.7692307692	12.2895975618	-0.0019633608	12.2881639778	-0.0116625023
92.7884615385	12.2895392415	-0.0027875980	12.2879317710	-0.0124867055
92.8076923077	12.2894650842	-0.0036110665	12.2876837315	-0.0133090856
92.8269230769	12.2893751015	-0.0044336906	12.2874198956	-0.0141295227
92.8461538462	12.2892693068	-0.0052553982	12.2871403016	-0.0149478968
92.8653846154	12.2891477153	-0.0060761208	12.2868449904	-0.0157640886
92.8846153846	12.2890103440	-0.0068957930	12.2865340052	-0.0165779789
92.9038461538	12.2888572116	-0.0077143516	12.2862073914	-0.0173894488
92.9230769231	12.2886883387	-0.0085317357	12.2858651966	-0.0181983799
92.9423076923	12.2885037475	-0.0093478855	12.2855074707	-0.0190046540
92.9615384615	12.2883034620	-0.0101627425	12.2851342661	-0.0198081535
92.9807692308	12.2880875080	-0.0109762480	12.2847456372	-0.0206087611
93.0000000000	12.2878559129	-0.0117883433	12.2843416408	-0.0214063598
93.0192307692	12.2876087059	-0.0125989688	12.2839223357	-0.0222008332
93.0384615385	12.2873459182	-0.0134080636	12.2834877833	-0.0229920653
93.0576923077	12.2870675826	-0.0142155646	12.2830380470	-0.0237799406
93.0769230769	12.2867737335	-0.0150214064	12.2825731925	-0.0245643441
93.0961538462	12.2864644077	-0.0158255207	12.2820932876	-0.0253451613
93.1153846154	12.2861396435	-0.0166278358	12.2815984023	-0.0261222780
93.1346153846	12.2857994811	-0.0174282760	12.2810886090	-0.0268955810
93.1538461538	12.2854439628	-0.0182267616	12.2805639821	-0.0276649573
93.1730769231	12.2850731329	-0.0190232083	12.2800245981	-0.0284302945
93.1923076923	12.2846870378	-0.0198175270	12.2794705358	-0.0291914810
93.2115384615	12.2842857257	-0.0206096237	12.2789018761	-0.0299484056
93.2307692308	12.2838692473	-0.0213993990	12.2783187021	-0.0307009577
93.2500000000	12.2834376552	-0.0221867485	12.2777210988	-0.0314490275
93.2692307692	12.2829910043	-0.0229715623	12.2771091535	-0.0321925059
93.2884615385	12.2825293520	-0.0237537252	12.2764829556	-0.0329312842
93.3076923077	12.2820527575	-0.0245331168	12.2758425965	-0.0336652546
93.3269230769	12.2815612829	-0.0253096115	12.2751881696	-0.0343943099
93.3461538462	12.2810549922	-0.0260830790	12.2745197706	-0.0351183437
93.3653846154	12.2805339522	-0.0268533841	12.2738374970	-0.0358372503
93.3846153846	12.2799982318	-0.0276203872	12.2731414484	-0.0365509247
93.4038461538	12.2794479028	-0.0283839450	12.2724317264	-0.0372592627
93.4230769231	12.2788830390	-0.0291439103	12.2717084347	-0.0379621610
93.4423076923	12.2783037171	-0.0299001327	12.2709716788	-0.0386595168
93.4615384615	12.2777100160	-0.0306524591	12.2702215664	-0.0393512284
93.4807692308	12.2771020175	-0.0314007343	12.2694582068	-0.0400371948
93.5000000000	12.2764798057	-0.0321448012	12.2686817117	-0.0407173159
93.5192307692	12.2758434671	-0.0328845017	12.2678921943	-0.0413914923
93.5384615385	12.2751930911	-0.0336196772	12.2670897700	-0.0420596256
93.5576923077	12.2745287691	-0.0343501688	12.2662745558	-0.0427216182
93.5769230769	12.2738505955	-0.0350758185	12.2654466708	-0.0433773736
93.5961538462	12.2731586668	-0.0357964692	12.2646062359	-0.0440267960
93.6153846154	12.2724530822	-0.0365119656	12.2637533737	-0.0446697905
93.6346153846	12.2717339429	-0.0372221545	12.2628882088	-0.0453062633
93.6538461538	12.2710013528	-0.0379268857	12.2620108675	-0.0459361215
93.6730769231	12.2702554181	-0.0386260120	12.2611214779	-0.0465592730
93.6923076923	12.2694962470	-0.0393193902	12.2602201698	-0.0471756271
93.7115384615	12.2687239501	-0.0400068809	12.2593070749	-0.0477850935
93.7307692308	12.2679386402	-0.0406883495	12.2583823263	-0.0483875834
93.7500000000	12.2671404322	-0.0413636661	12.2574460592	-0.0489830088
93.7692307692	12.2663294428	-0.0420327059	12.2564984103	-0.0495712827
93.7884615385	12.2655057909	-0.0426953496	12.2555395178	-0.0501523194
93.8076923077	12.2646695973	-0.0433514834	12.2545695219	-0.0507260339
93.8269230769	12.2638209847	-0.0440009991	12.2535885640	-0.0512923424
93.8461538462	12.2629600774	-0.0446437943	12.2525967875	-0.0518511624
93.8653846154	12.2620870017	-0.0452797723	12.2515943371	-0.0524024122
93.8846153846	12.2612018854	-0.0459088420	12.2505813591	-0.0529460113
93.9038461538	12.2603048579	-0.0465309182	12.2495580016	-0.0534818804
93.9230769231	12.2593960505	-0.0471459207	12.2485244138	-0.0540099413
93.9423076923	12.2584755955	-0.0477537747	12.2474807467	-0.0545301168
93.9615384615	12.2575436272	-0.0483544104	12.2464271526	-0.0550423309
93.9807692308	12.2566002809	-0.0489477624	12.2453637855	-0.0555465090
94.0000000000	12.2556456935	-0.0495337700	12.2442908004	-0.0560425774
94.0192307692	12.2546800032	-0.0501123758	12.2432083542	-0.0565304637
94.0384615385	12.2537033497	-0.0506835264	12.2421166047	-0.0570100966
94.0576923077	12.2527158736	-0.0512471710	12.2410157115	-0.0574814062
94.0769230769	12.2517177171	-0.0518032616	12.2399058352	-0.0579443236
94.0961538462	12.2507090235	-0.0523517521	12.2387871379	-0.0583987811
94.1153846154	12.2496899375	-0.0528925981	12.2376597829	-0.0588447126
94.1346153846	12.2486606047	-0.0534257560	12.2365239348	-0.0592820529
94.1538461538	12.2476211723	-0.0539511828	12.2353797594	-0.0597107380
94.1730769231	12.2465717885	-0.0544688358	12.2342274238	-0.0601307055
94.1923076923	12.2455126029	-0.0549786715	12.2330670962	-0.0605418940
94.2115384615	12.2444437660	-0.0554806457	12.2318989461	-0.0609442435
94.2307692308	12.2433654300	-0.0559747126	12.2307231439	-0.0613376953
94.2500000000	12.2422777481	-0.0564608251	12.2295398614	-0.0617221918
94.2692307692	12.2411808747	-0.0569389334	12.2283492712	-0.0620976771
94.2884615385	12.2400749659	-0.0574089856	12.2271515473	-0.0624640961
94.3076923077	12.2389601787	-0.0578709270	12.2259468645	-0.0628213955
94.3269230769	12.2378366717	-0.0583246999	12.2247353986	-0.0631695231
94.3461538462	12.2367046048	-0.0587702432	12.2235173265	-0.0635084281
94.3653846154	12.2355641393	-0.0592074928	12.2222928262	-0.0638380609
94.3846153846	12.2344154381	-0.0596363810	12.2210620762	-0.0641583735
94.4038461538	12.2332586653	-0.0600568367	12.2198252565	-0.0644693191
94.4230769231	12.2320939866	-0.0604687855	12.2185825474	-0.0647708522
94.4423076923	12.2309215693	-0.0608721495	12.2173341304	-0.0650629289
94.4615384615	12.2297415820	-0.0612668479	12.2160801879	-0.0653455066
94.4807692308	12.2285541951	-0.0616527967	12.2148209029	-0.0656185439
94.5000000000	12.2273595804	-0.0620299093	12.2135564592	-0.0658820010
94.5192307692	12.2261579111	-0.0623980967	12.2122870414	-0.0661358395
94.5384615385	12.2249493623	-0.0627572680	12.2110128350	-0.0663800222
94.5576923077	12.2237341105	-0.0631073305	12.2097340258	-0.0666145136
94.5769230769	12.2225123336	-0.0634481901	12.2084508006	-0.0668392794
94.5961538462	12.2212842113	-0.0637797524	12.2071633468	-0.0670542867
94.6153846154	12.2200499246	-0.0641019225	12.2058718523	-0.0672595043
94.6346153846	12.2188096562	-0.0644146058	12.2045765058	-0.0674549020
94.6538461538	12.2175635902	-0.0647177085	12.2032774962	-0.0676404515
94.6730769231	12.2163119121	-0.0650111383	12.2019750132	-0.0678161256
94.6923076923	12.2150548088	-0.0652948047	12.2006692471	-0.0679818986
94.7115384615	12.2137924685	-0.0655686199	12.1993603884	-0.0681377464
94.7307692308	12.2125250808	-0.0658324990	12.1980486283	-0.0682836462
94.7500000000	12.2112528366	-0.0660863607	12.1967341583	-0.0684195767
94.7692307692	12.2099759278	-0.0663301280	12.1954171702	-0.0685455181
94.7884615385	12.2086945475	-0.0665637283	12.1940978563	-0.0686614519
94.8076923077	12.2074088898	-0.0667870941	12.1927764094	-0.0687673613
94.8269230769	12.2061191498	-0.0670001636	12.1914530222	-0.0688632308
94.8461538462	12.2048255234	-0.0672028808	12.1901278880	-0.0689490463
94.8653846154	12.2035282074	-0.0673951959	12.1888012003	-0.0690247954
94.8846153846	12.2022273993	-0.0675770657	12.1874731528	-0.0690904670
94.9038461538	12.2009232971	-0.0677484537	12.1861439393	-0.0691460515
94.9230769231	12.1996160995	-0.0679093304	12.1848137540	-0.0691915409
94.9423076923	12.1983060054	-0.0680596735	12.1834827910	-0.0692269283
94.9615384615	12.1969932142	-0.0681994676	12.1821512446	-0.0692522088
94.9807692308	12.1956779256	-0.0683287045	12.1808193093	-0.0692673785
95.0000000000	12.1943603394	-0.0684473833	12.1794871795	-0.0692724354
95.0192307692	12.1930406555	-0.0685555098	12.1781550497	-0.0692673785
95.0384615385	12.1917190737	-0.0686530966	12.1768231144	-0.0692522088
95.0576923077	12.1903957937	-0.0687401629	12.1754915680	-0.0692269283
95.0769230769	12.1890710152	-0.0688167340	12.1741606050	-0.0691915409
95.0961538462	12.1877449375	-0.0688828412	12.1728304197	-0.0691460515
95.1153846154	12.1864177596	-0.0689385210	12.1715012062	-0.0690904670
95.1346153846	12.1850896802	-0.0689838151	12.1701731587	-0.0690247954
95.1538461538	12.1837608972	-0.0690187696	12.1688464710	-0.0689490463
95.1730769231	12.1824316085	-0.0690434345	12.1675213368	-0.0688632308
95.1923076923	12.1811020111	-0.0690578632	12.1661979496	-0.0687673613
95.2115384615	12.1797723014	-0.0690621119	12.1648765026	-0.0686614519
95.2307692308	12.1784426753	-0.0690562389	12.1635571888	-0.0685455181
95.2500000000	12.1771133280	-0.0690403042	12.1622402007	-0.0684195767
95.2692307692	12.1757844537	-0.0690143685	12.1609257306	-0.0682836462
95.2884615385	12.1744562463	-0.0689784930	12.1596139705	-0.0681377464
95.3076923077	12.1731288986	-0.0689327384	12.1583051119	-0.0679818986
95.3269230769	12.1718026029	-0.0688771644	12.1569993457	-0.0678161256
95.3461538462	12.1704775506	-0.0688118295	12.1556968628	-0.0676404515
95.3653846154	12.1691539324	-0.0687367898	12.1543978532	-0.0674549020
95.3846153846	12.1678319383	-0.0686520988	12.1531025066	-0.0672595043
95.4038461538	12.1665117574	-0.0685578071	12.1518110122	-0.0670542867
95.4230769231	12.1651935783	-0.0684539616	12.1505235584	-0.0668392794
95.4423076923	12.1638775887	-0.0683406054	12.1492403332	-0.0666145136
95.4615384615	12.1625639758	-0.0682177773	12.1479615240	-0.0663800222
95.4807692308	12.1612529262	-0.0680855116	12.1466873175	-0.0661358395
95.5000000000	12.1599446256	-0.0679438378	12.1454178998	-0.0658820010
95.5192307692	12.1586392594	-0.0677927808	12.1441534561	-0.0656185439
95.5384615385	12.1573370123	-0.0676323602	12.1428941710	-0.0653455066
95.5576923077	12.1560380686	-0.0674625910	12.1416402285	-0.0650629289
95.5769230769	12.1547426121	-0.0672834830	12.1403918116	-0.0647708522
95.5961538462	12.1534508259	-0.0670950416	12.1391491025	-0.0644693191
95.6153846154	12.1521628930	-0.0668972673	12.1379122827	-0.0641583735
95.6346153846	12.1508789959	-0.0666901567	12.1366815328	-0.0638380609
95.6538461538	12.1495993167	-0.0664737021	12.1354570324	-0.0635084281
95.6730769231	12.1483240371	-0.0662478924	12.1342389604	-0.0631695231
95.6923076923	12.1470533385	-0.0660127135	12.1330274945	-0.0628213955
95.7115384615	12.1457874021	-0.0657681486	12.1318228117	-0.0624640961
95.7307692308	12.1445264085	-0.0655141787	12.1306250877	-0.0620976771
95.7500000000	12.1432705384	-0.0652507837	12.1294344976	-0.0617221918
95.7692307692	12.1420199718	-0.0649779424	12.1282512151	-0.0613376953
95.7884615385	12.1407748887	-0.0646956334	12.1270754129	-0.0609442435
95.8076923077	12.1395354684	-0.0644038359	12.1259072627	-0.0605418940
95.8269230769	12.1383018903	-0.0641025304	12.1247469352	-0.0601307055
95.8461538462	12.1370743330	-0.0637916991	12.1235945996	-0.0597107380
95.8653846154	12.1358529750	-0.0634713269	12.1224504242	-0.0592820529
95.8846153846	12.1346379943	-0.0631414020	12.1213145761	-0.0588447126
95.9038461538	12.1334295682	-0.0628019166	12.1201872211	-0.0583987811
95.9230769231	12.1322278738	-0.0624528674	12.1190685238	-0.0579443236
95.9423076923	12.1310330873	-0.0620942566	12.1179586475	-0.0574814062
95.9615384615	12.1298453845	-0.0617260921	12.1168577543	-0.0570100966
95.9807692308	12.1286649404	-0.0613483881	12.1157660048	-0.0565304637
96.0000000000	12.1274919291	-0.0609611660	12.1146835586	-0.0560425774
96.0192307692	12.1263265240	-0.0605644542	12.1136105735	-0.0555465090
96.0384615385	12.1251688977	-0.0601582890	12.1125472063	-0.0550423309
96.0576923077	12.1240192215	-0.0597427148	12.1114936123	-0.0545301168
96.0769230769	12.1228776658	-0.0593177842	12.1104499452	-0.0540099413
96.0961538462	12.1217443999	-0.0588835583	12.1094163574	-0.0534818804
96.1153846154	12.1206195918	-0.0584401066	12.1083929998	-0.0529460113
96.1346153846	12.1195034081	-0.0579875075	12.1073800219	-0.0524024122
96.1538461538	12.1183960141	-0.0575258477	12.1063775715	-0.0518511624
96.1730769231	12.1172975737	-0.0570552222	12.1053857950	-0.0512923424
96.1923076923	12.1162082491	-0.0565757345	12.1044048371	-0.0507260339
96.2115384615	12.1151282009	-0.0560874958	12.1034348411	-0.0501523194
96.2307692308	12.1140575881	-0.0555906248	12.1024759487	-0.0495712827
96.2500000000	12.1129965680	-0.0550852474	12.1015282997	-0.0489830088
96.2692307692	12.1119452957	-0.0545714962	12.1005920326	-0.0483875834
96.2884615385	12.1109039249	-0.0540495096	12.0996672841	-0.0477850935
96.3076923077	12.1098726071	-0.0535194318	12.0987541892	-0.0471756271
96.3269230769	12.1088514918	-0.0529814114	12.0978528811	-0.0465592730
96.3461538462	12.1078407266	-0.0524356014	12.0969634915	-0.0459361215
96.3653846154	12.1068404569	-0.0518821578	12.0960861502	-0.0453062633
96.3846153846	12.1058508261	-0.0513212396	12.0952209853	-0.0446697905
96.4038461538	12.1048719755	-0.0507530071	12.0943681231	-0.0440267960
96.4230769231	12.1039040442	-0.0501776218	12.0935276882	-0.0433773736
96.4423076923	12.1029471693	-0.0495952453	12.0926998032	-0.0427216182
96.4615384615	12.1020014857	-0.0490060386	12.0918845890	-0.0420596256
96.4807692308	12.1010671259	-0.0484101609	12.0910821646	-0.0413914923
96.5000000000	12.1001442207	-0.0478077694	12.0902926473	-0.0407173159
96.5192307692	12.0992328985	-0.0471990184	12.0895161521	-0.0400371948
96.5384615385	12.0983332858	-0.0465840581	12.0887527926	-0.0393512284
96.5576923077	12.0974455069	-0.0459630345	12.0880026802	-0.0386595168
96.5769230769	12.0965696840	-0.0453360885	12.0872659243	-0.0379621610
96.5961538462	12.0957059375	-0.0447033555	12.0865426326	-0.0372592627
96.6153846154	12.0948543858	-0.0440649646	12.0858329106	-0.0365509247
96.6346153846	12.0940151453	-0.0434210383	12.0851368620	-0.0358372503
96.6538461538	12.0931883306	-0.0427716925	12.0844545884	-0.0351183437
96.6730769231	12.0923740544	-0.0421170354	12.0837861893	-0.0343943099
96.6923076923	12.0915724276	-0.0414571681	12.0831317625	-0.0336652546
96.7115384615	12.0907835596	-0.0407921841	12.0824914034	-0.0329312842
96.7307692308	12.0900075579	-0.0401221691	12.0818652054	-0.0321925059
96.7500000000	12.0892445285	-0.0394472015	12.0812532602	-0.0314490275
96.7692307692	12.0884945756	-0.0387673519	12.0806556569	-0.0307009577
96.7884615385	12.0877578022	-0.0380826840	12.0800724829	-0.0299484056
96.8076923077	12.0870343094	-0.0373932542	12.0795038232	-0.0291914810
96.8269230769	12.0863241972	-0.0366991127	12.0789497609	-0.0284302945
96.8461538462	12.0856275639	-0.0360003032	12.0784103769	-0.0276649573
96.8653846154	12.0849445067	-0.0352968638	12.0778857500	-0.0268955810
96.8846153846	12.0842751210	-0.0345888278	12.0773759567	-0.0261222780
96.9038461538	12.0836195011	-0.0338762237	12.0768810714	-0.0253451613
96.9230769231	12.0829777401	-0.0331590764	12.0764011665	-0.0245643441
96.9423076923	12.0823499294	-0.0324374077	12.0759363119	-0.0237799406
96.9615384615	12.0817361592	-0.0317112373	12.0754865756	-0.0229920653
96.9807692308	12.0811365186	-0.0309805833	12.0750520233	-0.0222008332
97.0000000000	12.0805510949	-0.0302454631	12.0746327182	-0.0214063598
97.0192307692	12.0799799744	-0.0295058944	12.0742287218	-0.0206087611
97.0384615385	12.0794232418	-0.0287618958	12.0738400929	-0.0198081535
97.0576923077	12.0788809802	-0.0280134877	12.0734668882	-0.0190046540
97.0769230769	12.0783532717	-0.0272606935	12.0731091624	-0.0181983799
97.0961538462	12.0778401964	-0.0265035396	12.0727669676	-0.0173894488
97.1153846154	12.0773418332	-0.0257420568	12.0724403537	-0.0165779789
97.1346153846	12.0768582590	-0.0249762810	12.0721293685	-0.0157640886
97.1538461538	12.0763895492	-0.0242062536	12.0718340574	-0.0149478968
97.1730769231	12.0759357777	-0.0234320221	12.0715544634	-0.0141295227
97.1923076923	12.0754970161	-0.0226536410	12.0712906274	-0.0133090856
97.2115384615	12.0750733344	-0.0218711722	12.0710425880	-0.0124867055
97.2307692308	12.0746648007	-0.0210846852	12.0708103812	-0.0116625023
97.2500000000	12.0742714809	-0.0202942576	12.0705940411	-0.0108365964
97.2692307692	12.0738934389	-0.0194999756	12.0703935992	-0.0100091083
97.2884615385	12.0735307363	-0.0187019338	12.0702090848	-0.0091801590
97.3076923077	12.0731834326	-0.0179002355	12.0700405247	-0.0083498694
97.3269230769	12.0728515848	-0.0170949929	12.0698879437	-0.0075183607
97.3461538462	12.0725352477	-0.0162863269	12.0697513641	-0.0066857543
97.3653846154	12.0722344735	-0.0154743667	12.0696308056	-0.0058521719
97.3846153846	12.0719493119	-0.0146592500	12.0695262860	-0.0050177350
97.4038461538	12.0716798100	-0.0138411226	12.0694378205	-0.0041825656
97.4230769231	12.0714260123	-0.0130201377	12.0693654220	-0.0033467855
97.4423076923	12.0711879604	-0.0121964561	12.0693091011	-0.0025105167
97.4615384615	12.0709656935	-0.0113702449	12.0692688660	-0.0016738815
97.4807692308	12.0707592478	-0.0105416774	12.0692447226	-0.0008370018
97.5000000000	12.0705686566	-0.0097109326	12.0692366744	-0.0000000000
97.5192307692	12.0703939506	-0.0088781939	12.0692447226	0.0008370018
97.5384615385	12.0702351574	-0.0080436490	12.0692688660	0.0016738815
97.5576923077	12.0700923018	-0.0072074890	12.0693091011	0.0025105167
97.5769230769	12.0699654059	-0.0063699072	12.0693654220	0.0033467855
97.5961538462	12.0698544886	-0.0055310989	12.0694378205	0.0041825656
97.6153846154	12.0697595661	-0.0046912601	12.0695262860	0.0050177350
97.6346153846	12.0696806518	-0.0038505869	12.0696308056	0.0058521719
97.6538461538	12.0696177562	-0.0030092749	12.0697513641	0.0066857543
97.6730769231	12.0695708869	-0.0021675178	12.0698879437	0.0075183607
97.6923076923	12.0695400488	-0.0013255073	12.0700405247	0.0083498694
97.7115384615	12.0695252442	-0.0004834321	12.0702090848	0.0091801590
97.7307692308	12.0695264725	0.0003585230	12.0703935992	0.0100091083
97.7500000000	12.0695437306	0.0012001774	12.0705940411	0.0108365964
97.7692307692	12.0695770127	0.0020413555	12.0708103812	0.0116625023
97.7884615385	12.0696263107	0.0028818872	12.0710425880	0.0124867055
97.8076923077	12.0696916138	0.0037216084	12.0712906274	0.0133090856
97.8269230769	12.0697729089	0.0045603613	12.0715544634	0.0141295227
97.8461538462	12.0698701806	0.0053979947	12.0718340574	0.0149478968
97.8653846154	12.0699834111	0.0062343644	12.0721293685	0.0157640886
97.8846153846	12.0701125806	0.0070693335	12.0724403537	0.0165779789
97.9038461538	12.0702576669	0.0079027721	12.0727669676	0.0173894488
97.9230769231	12.0704186460	0.0087345577	12.0731091624	0.0181983799
97.9423076923	12.0705954916	0.0095645748	12.0734668882	0.0190046540
97.9615384615	12.0707881758	0.0103927151	12.0738400929	0.0198081535
97.9807692308	12.0709966683	0.0112188772	12.0742287218	0.0206087611
98.0000000000	12.0712209375	0.0120429661	12.0746327182	0.0214063598
98.0192307692	12.0714609495	0.0128648931	12.0750520233	0.0222008332
98.0384615385	12.0717166689	0.0136845753	12.0754865756	0.0229920653
98.0576923077	12.0719880586	0.0145019352	12.0759363119	0.0237799406
98.0769230769	12.0722750796	0.0153169000	12.0764011665	0.0245643441
98.0961538462	12.0725776914	0.0161294013	12.0768810714	0.0253451613
98.1153846154	12.0728958517	0.0169393744	12.0773759567	0.0261222780
98.1346153846	12.0732295167	0.0177467573	12.0778857500	0.0268955810
98.1538461538	12.0735786407	0.0185514907	12.0784103769	0.0276649573
98.1730769231	12.0739431767	0.0193535168	12.0789497609	0.0284302945
98.1923076923	12.0743230759	0.0201527790	12.0795038232	0.0291914810
98.2115384615	12.0747182876	0.0209492207	12.0800724829	0.0299484056
98.2307692308	12.0751287597	0.0217427851	12.0806556569	0.0307009577
98.2500000000	12.0755544383	0.0225334146	12.0812532602	0.0314490275
98.2692307692	12.0759952676	0.0233210495	12.0818652054	0.0321925059
98.2884615385	12.0764511904	0.0241056282	12.0824914034	0.0329312842
98.3076923077	12.0769221471	0.0248870860	12.0831317625	0.0336652546
98.3269230769	12.0774080768	0.0256653549	12.0837861893	0.0343943099
98.3461538462	12.0779089162	0.0264403631	12.0844545884	0.0351183437
98.3653846154	12.0784246004	0.0272120344	12.0851368620	0.0358372503
98.3846153846	12.0789550622	0.0279802880	12.0858329106	0.0365509247
98.4038461538	12.0795002325	0.0287450381	12.0865426326	0.0372592627
98.4230769231	12.0800600399	0.0295061937	12.0872659243	0.0379621610
98.4423076923	12.0806344109	0.0302636583	12.0880026802	0.0386595168
98.4615384615	12.0812232697	0.0310173302	12.0887527926	0.0393512284
98.4807692308	12.0818265382	0.0317671018	12.0895161521	0.0400371948
98.5000000000	12.0824441360	0.0325128602	12.0902926473	0.0407173159
98.5192307692	12.0830759802	0.0332544872	12.0910821646	0.0413914923
98.5384615385	12.0837219856	0.0339918592	12.0918845890	0.0420596256
98.5576923077	12.0843820642	0.0347248477	12.0926998032	0.0427216182
98.5769230769	12.0850561257	0.0354533196	12.0935276882	0.0433773736
98.5961538462	12.0857440773	0.0361771374	12.0943681231	0.0440267960
98.6153846154	12.0864458233	0.0368961598	12.0952209853	0.0446697905
98.6346153846	12.0871612656	0.0376102421	12.0960861502	0.0453062633
98.6538461538	12.0878903035	0.0383192366	12.0969634915	0.0459361215
98.6730769231	12.0886328336	0.0390229933	12.0978528811	0.0465592730
98.6923076923	12.0893887497	0.0397213605	12.0987541892	0.0471756271
98.7115384615	12.0901579431	0.0404141853	12.0996672841	0.0477850935
98.7307692308	12.0909403026	0.0411013142	12.1005920326	0.0483875834
98.7500000000	12.0917357141	0.0417825939	12.1015282997	0.0489830088
98.7692307692	12.0925440613	0.0424578718	12.1024759487	0.0495712827
98.7884615385	12.0933652249	0.0431269967	12.1034348411	0.0501523194
98.8076923077	12.0941990834	0.0437898196	12.1044048371	0.0507260339
98.8269230769	12.0950455128	0.0444461937	12.1053857950	0.0512923424
98.8461538462	12.0959043867	0.0450959759	12.1063775715	0.0518511624
98.8653846154	12.0967755762	0.0457390266	12.1073800219	0.0524024122
98.8846153846	12.0976589503	0.0463752106	12.1083929998	0.0529460113
98.9038461538	12.0985543756	0.0470043973	12.1094163574	0.0534818804
98.9230769231	12.0994617168	0.0476264615	12.1104499452	0.0540099413
98.9423076923	12.1003808363	0.0482412835	12.1114936123	0.0545301168
98.9615384615	12.1013115945	0.0488487495	12.1125472063	0.0550423309
98.9807692308	12.1022538502	0.0494487518	12.1136105735	0.0555465090
99.0000000000	12.1032074599	0.0500411891	12.1146835586	0.0560425774
99.0192307692	12.1041722788	0.0506259665	12.1157660048	0.0565304637
99.0384615385	12.1051481601	0.0512029958	12.1168577543	0.0570100966
99.0576923077	12.1061349557	0.0517721953	12.1179586475	0.0574814062
99.0769230769	12.1071325159	0.0523334898	12.1190685238	0.0579443236
99.0961538462	12.1081406893	0.0528868103	12.1201872211	0.0583987811
99.1153846154	12.1091593237	0.0534320942	12.1213145761	0.0588447126
99.1346153846	12.1101882653	0.0539692847	12.1224504242	0.0592820529
99.1538461538	12.1112273590	0.0544983307	12.1235945996	0.0597107380
99.1730769231	12.1122764490	0.0550191862	12.1247469352	0.0601307055
99.1923076923	12.1133353780	0.0555318102	12.1259072627	0.0605418940
99.2115384615	12.1144039880	0.0560361660	12.1270754129	0.0609442435
99.2307692308	12.1154821198	0.0565322208	12.1282512151	0.0613376953
99.2500000000	12.1165696136	0.0570199453	12.1294344976	0.0617221918
99.2692307692	12.1176663084	0.0574993128	12.1306250877	0.0620976771
99.2884615385	12.1187720428	0.0579702991	12.1318228117	0.0624640961
99.3076923077	12.1198866541	0.0584328813	12.1330274945	0.0628213955
99.3269230769	12.1210099792	0.0588870380	12.1342389604	0.0631695231
99.3461538462	12.1221418540	0.0593327479	12.1354570324	0.0635084281
99.3653846154	12.1232821140	0.0597699899	12.1366815328	0.0638380609
99.3846153846	12.1244305935	0.0601987420	12.1379122827	0.0641583735
99.4038461538	12.1255871263	0.0606189811	12.1391491025	0.0644693191
99.4230769231	12.1267515455	0.0610306821	12.1403918116	0.0647708522
99.4423076923	12.1279236834	0.0614338181	12.1416402285	0.0650629289
99.4615384615	12.1291033714	0.0618283590	12.1428941710	0.0653455066
99.4807692308	12.1302904401	0.0622142718	12.1441534561	0.0656185439
99.5000000000	12.1314847195	0.0625915202	12.1454178998	0.0658820010
99.5192307692	12.1326860384	0.0629600639	12.1466873175	0.0661358395
99.5384615385	12.1338942250	0.0633198585	12.1479615240	0.0663800222
99.5576923077	12.1351091066	0.0636708555	12.1492403332	0.0666145136
99.5769230769	12.1363305092	0.0640130021	12.1505235584	0.0668392794
99.5961538462	12.1375582581	0.0643462408	12.1518110122	0.0670542867
99.6153846154	12.1387921776	0.0646705099	12.1531025066	0.0672595043
99.6346153846	12.1400320908	0.0649857433	12.1543978532	0.0674549020
99.6538461538	12.1412778197	0.0652918705	12.1556968628	0.0676404515
99.6730769231	12.1425291853	0.0655888171	12.1569993457	0.0678161256
99.6923076923	12.1437860074	0.0658765046	12.1583051119	0.0679818986
99.7115384615	12.1450481046	0.0661548514	12.1596139705	0.0681377464
99.7307692308	12.1463152942	0.0664237724	12.1609257306	0.0682836462
99.7500000000	12.1475873926	0.0666831799	12.1622402007	0.0684195767
99.7692307692	12.1488642145	0.0669329839	12.1635571888	0.0685455181
99.7884615385	12.1501455738	0.0671730926	12.1648765026	0.0686614519
99.8076923077	12.1514312829	0.0674034131	12.1661979496	0.0687673613
99.8269230769	12.1527211531	0.0676238516	12.1675213368	0.0688632308
99.8461538462	12.1540149943	0.0678343145	12.1688464710	0.0689490463
99.8653846154	12.1553126152	0.0680347085	12.1701731587	0.0690247954
99.8846153846	12.1566138236	0.0682249419	12.1715012062	0.0690904670
99.9038461538	12.1579184257	0.0684049244	12.1728304197	0.0691460515
99.9230769231	12.1592262268	0.0685745684	12.1741606050	0.0691915409
99.9423076923	12.1605370312	0.0687337895	12.1754915680	0.0692269283
99.9615384615	12.1618506419	0.0688825068	12.1768231144	0.0692522088
99.9807692308	12.1631668611	0.0690206440	12.1781550497	0.0692673785
100.0000000000	12.1644854899	0.0691481295	12.1794871795	0.0692724354
