# time	stress	strain
0.0000000000	0.0000000000	0.0000000000
0.0192307692	0.0085232304	0.0000852323
0.0384615385	0.0170452226	0.0001704522
0.0576923077	0.0255647387	0.0002556474
0.0769230769	0.0340805408	0.0003408054
0.0961538462	0.0425913919	0.0004259139
0.1153846154	0.0510960556	0.0005109606
0.1346153846	0.0595932965	0.0005959330
0.1538461538	0.0680818802	0.0006808188
0.1730769231	0.0765605741	0.0007656057
0.1923076923	0.0850281468	0.0008502815
0.2115384615	0.0934833692	0.0009348337
0.2307692308	0.1019250144	0.0010192501
0.2500000000	0.1103518578	0.0011035186
0.2692307692	0.1187626780	0.0011876268
0.2884615385	0.1271562568	0.0012715626
0.3076923077	0.1355313794	0.0013553138
0.3269230769	0.1438868352	0.0014388684
0.3461538462	0.1522214180	0.0015222142
0.3653846154	0.1605339264	0.0016053393
0.3846153846	0.1688231641	0.0016882316
0.4038461538	0.1770879409	0.0017708794
0.4230769231	0.1853270721	0.0018532707
0.4423076923	0.1935393801	0.0019353938
0.4615384615	0.2017236939	0.0020172369
0.4807692308	0.2098788499	0.0020987885
0.5000000000	0.2180036924	0.0021800369
0.5192307692	0.2260970735	0.0022609707
0.5384615385	0.2341578539	0.0023415785
0.5576923077	0.2421849031	0.0024218490
0.5769230769	0.2501770993	0.0025017710
0.5961538462	0.2581333300	0.0025813333
0.6153846154	0.2660524922	0.0026605249
0.6346153846	0.2739334921	0.0027393349
0.6538461538	0.2817752454	0.0028177525
0.6730769231	0.2895766774	0.0028957668
0.6923076923	0.2973367227	0.0029733672
0.7115384615	0.3050543253	0.0030505433
0.7307692308	0.3127284379	0.0031272844
0.7500000000	0.3203580223	0.0032035802
0.7692307692	0.3279420484	0.0032794205
0.7884615385	0.3354794945	0.0033547949
0.8076923077	0.3429693460	0.0034296935
0.8269230769	0.3504105955	0.0035041060
0.8461538462	0.3578022419	0.0035780224
0.8653846154	0.3651432898	0.0036514329
0.8846153846	0.3724327487	0.0037243275
0.9038461538	0.3796696327	0.0037966963
0.9230769231	0.3868529589	0.0038685296
0.9423076923	0.3939817475	0.0039398175
0.9615384615	0.4010550203	0.0040105502
0.9807692308	0.4080718003	0.0040807180
1.0000000000	0.4150311105	0.0041503111
1.0192307692	0.4219319735	0.0042193197
1.0384615385	0.4287734102	0.0042877341
1.0576923077	0.4355544395	0.0043555444
1.0769230769	0.4422740776	0.0044227408
1.0961538462	0.4489313368	0.0044893134
1.1153846154	0.4555252254	0.0045552523
1.1346153846	0.4620547473	0.0046205475
1.1538461538	0.4685189011	0.0046851890
1.1730769231	0.4749166802	0.0047491668
1.1923076923	0.4812470724	0.0048124707
1.2115384615	0.4875090600	0.0048750906
1.2307692308	0.4937016195	0.0049370162
1.2500000000	0.4998237224	0.0049982372
1.2692307692	0.5058743350	0.0050587433
1.2884615385	0.5118524188	0.0051185242
1.3076923077	0.5177569319	0.0051775693
1.3269230769	0.5235868288	0.0052358683
1.3461538462	0.5293410622	0.0052934106
1.3653846154	0.5350185835	0.0053501858
1.3846153846	0.5406183443	0.0054061834
1.4038461538	0.5461392978	0.0054613930
1.4230769231	0.5515804003	0.0055158040
1.4423076923	0.5569406129	0.0055694061
1.4615384615	0.5622189034	0.0056221890
1.4807692308	0.5674142478	0.0056741425
1.5000000000	0.5725256329	0.0057252563
1.5192307692	0.5775520582	0.0057755206
1.5384615385	0.5824925379	0.0058249254
1.5576923077	0.5873461033	0.0058734610
1.5769230769	0.5921118052	0.0059211181
1.5961538462	0.5967887161	0.0059678872
1.6153846154	0.6013759327	0.0060137593
1.6346153846	0.6058725780	0.0060587258
1.6538461538	0.6102778035	0.0061027780
1.6730769231	0.6145907920	0.0061459079
1.6923076923	0.6188107592	0.0061881076
1.7115384615	0.6229369560	0.0062293696
1.7307692308	0.6269686705	0.0062696867
1.7500000000	0.6309052296	0.0063090523
1.7692307692	0.6347460011	0.0063474600
1.7884615385	0.6384903946	0.0063849039
1.8076923077	0.6421378634	0.0064213786
1.8269230769	0.6456879054	0.0064568791
1.8461538462	0.6491400636	0.0064914006
1.8653846154	0.6524939275	0.0065249393
1.8846153846	0.6557491328	0.0065574913
1.9038461538	0.6589053619	0.0065890536
1.9230769231	0.6619623439	0.0066196234
1.9423076923	0.6649198539	0.0066491985
1.9615384615	0.6677777125	0.0066777771
1.9807692308	0.6705357851	0.0067053579
2.0000000000	0.6731939801	0.0067319398
2.0192307692	0.6757522483	0.0067575225
2.0384615385	0.6782105805	0.0067821058
2.0576923077	0.6805690057	0.0068056901
2.0769230769	0.6828275892	0.0068282759
2.0961538462	0.6849864297	0.0068498643
2.1153846154	0.6870456571	0.0068704566
2.1346153846	0.6890054293	0.0068900543
2.1538461538	0.6908659296	0.0069086593
2.1730769231	0.6926273630	0.0069262736
2.1923076923	0.6942899536	0.0069428995
2.2115384615	0.6958539407	0.0069585394
2.2307692308	0.6973195756	0.0069731958
2.2500000000	0.6986871181	0.0069868712
2.2692307692	0.6999568328	0.0069995683
2.2884615385	0.7011289859	0.0070112899
2.3076923077	0.7022038415	0.0070220384
2.3269230769	0.7031816585	0.0070318166
2.3461538462	0.7040626870	0.0070406269
2.3653846154	0.7048471652	0.0070484717
2.3846153846	0.7055353167	0.0070553532
2.4038461538	0.7061273476	0.0070612735
2.4230769231	0.7066234434	0.0070662344
2.4423076923	0.7070237674	0.0070702377
2.4615384615	0.7073284582	0.0070732846
2.4807692308	0.7075376278	0.0070753763
2.5000000000	0.7076513604	0.0070765136
2.5192307692	0.7076697107	0.0070766971
2.5384615385	0.7075927036	0.0070759270
2.5576923077	0.7074203333	0.0070742033
2.5769230769	0.7071525630	0.0070715256
2.5961538462	0.7067893253	0.0070678933
2.6153846154	0.7063305227	0.0070633052
2.6346153846	0.7057760284	0.0070577603
2.6538461538	0.7051256872	0.0070512569
2.6730769231	0.7043793175	0.0070437932
2.6923076923	0.7035367130	0.0070353671
2.7115384615	0.7025976447	0.0070259764
2.7307692308	0.7015618636	0.0070156186
2.7500000000	0.7004291033	0.0070042910
2.7692307692	0.6991990834	0.0069919908
2.7884615385	0.6978715120	0.0069787151
2.8076923077	0.6964460900	0.0069644609
2.8269230769	0.6949225142	0.0069492251
2.8461538462	0.6933004812	0.0069330048
2.8653846154	0.6915796913	0.0069157969
2.8846153846	0.6897598528	0.0068975985
2.9038461538	0.6878406855	0.0068784069
2.9230769231	0.6858219251	0.0068582193
2.9423076923	0.6837033274	0.0068370333
2.9615384615	0.6814846718	0.0068148467
2.9807692308	0.6791657657	0.0067916577
3.0000000000	0.6767464479	0.0067674645
3.0192307692	0.6742265925	0.0067422659
3.0384615385	0.6716061122	0.0067160611
3.0576923077	0.6688849617	0.0066888496
3.0769230769	0.6660631405	0.0066606314
3.0961538462	0.6631406958	0.0066314070
3.1153846154	0.6601177247	0.0066011772
3.1346153846	0.6569943768	0.0065699438
3.1538461538	0.6537708555	0.0065377086
3.1730769231	0.6504474196	0.0065044742
3.1923076923	0.6470243846	0.0064702438
3.2115384615	0.6435021232	0.0064350212
3.2307692308	0.6398810659	0.0063988107
3.2500000000	0.6361617006	0.0063616170
3.2692307692	0.6323445728	0.0063234457
3.2884615385	0.6284302841	0.0062843028
3.3076923077	0.6244194919	0.0062441949
3.3269230769	0.6203129073	0.0062031291
3.3461538462	0.6161112936	0.0061611129
3.3653846154	0.6118154641	0.0061181546
3.3846153846	0.6074262797	0.0060742628
3.4038461538	0.6029446463	0.0060294465
3.4230769231	0.5983715116	0.0059837151
3.4423076923	0.5937078623	0.0059370786
3.4615384615	0.5889547204	0.0058895472
3.4807692308	0.5841131397	0.0058411314
3.5000000000	0.5791842025	0.0057918420
3.5192307692	0.5741690154	0.0057416902
3.5384615385	0.5690687057	0.0056906871
3.5576923077	0.5638844174	0.0056388442
3.5769230769	0.5586173076	0.0055861731
3.5961538462	0.5532685425	0.0055326854
3.6153846154	0.5478392936	0.0054783929
3.6346153846	0.5423307341	0.0054233073
3.6538461538	0.5367440357	0.0053674404
3.6730769231	0.5310803649	0.0053108036
3.6923076923	0.5253408799	0.0052534088
3.7115384615	0.5195267280	0.0051952673
3.7307692308	0.5136390426	0.0051363904
3.7500000000	0.5076789410	0.0050767894
3.7692307692	0.5016475223	0.0050164752
3.7884615385	0.4955458656	0.0049554587
3.8076923077	0.4893750285	0.0048937503
3.8269230769	0.4831360459	0.0048313605
3.8461538462	0.4768299296	0.0047682993
3.8653846154	0.4704576671	0.0047045767
3.8846153846	0.4640202223	0.0046402022
3.9038461538	0.4575185353	0.0045751854
3.9230769231	0.4509535230	0.0045095352
3.9423076923	0.4443260801	0.0044432608
3.9615384615	0.4376370804	0.0043763708
3.9807692308	0.4308873780	0.0043088738
4.0000000000	0.4240778093	0.0042407781
4.0192307692	0.4172091951	0.0041720920
4.0384615385	0.4102823430	0.0041028234
4.0576923077	0.4032980494	0.0040329805
4.0769230769	0.3962571028	0.0039625710
4.0961538462	0.3891602862	0.0038916029
4.1153846154	0.3820083803	0.0038200838
4.1346153846	0.3748021667	0.0037480217
4.1538461538	0.3675424304	0.0036754243
4.1730769231	0.3602299639	0.0036022996
4.1923076923	0.3528655693	0.0035286557
4.2115384615	0.3454500623	0.0034545006
4.2307692308	0.3379842747	0.0033798427
4.2500000000	0.3304690576	0.0033046906
4.2692307692	0.3229052839	0.0032290528
4.2884615385	0.3152938512	0.0031529385
4.3076923077	0.3076356842	0.0030763568
4.3269230769	0.2999317367	0.0029993174
4.3461538462	0.2921829938	0.0029218299
4.3653846154	0.2843904735	0.0028439047
4.3846153846	0.2765552281	0.0027655523
4.4038461538	0.2686783454	0.0026867835
4.4230769231	0.2607609495	0.0026076095
4.4423076923	0.2528042010	0.0025280420
4.4615384615	0.2448092976	0.0024480930
4.4807692308	0.2367774734	0.0023677747
4.5000000000	0.2287099990	0.0022871000
4.5192307692	0.2206081798	0.0022060818
4.5384615385	0.2124733555	0.0021247336
4.5576923077	0.2043068984	0.0020430690
4.5769230769	0.1961102112	0.0019611021
4.5961538462	0.1878847255	0.0018788473
4.6153846154	0.1796318986	0.0017963190
4.6346153846	0.1713532117	0.0017135321
4.6538461538	0.1630501663	0.0016305017
4.6730769231	0.1547242815	0.0015472428
4.6923076923	0.1463770905	0.0014637709
4.7115384615	0.1380101372	0.0013801014
4.7307692308	0.1296249726	0.0012962497
4.7500000000	0.1212231514	0.0012122315
4.7692307692	0.1128062279	0.0011280623
4.7884615385	0.1043757524	0.0010437575
4.8076923077	0.0959332678	0.0009593327
4.8269230769	0.0874803054	0.0008748031
4.8461538462	0.0790183816	0.0007901838
4.8653846154	0.0705489943	0.0007054899
4.8846153846	0.0620736197	0.0006207362
4.9038461538	0.0535937090	0.0005359371
4.9230769231	0.0451106853	0.0004511069
4.9423076923	0.0366259414	0.0003662594
4.9615384615	0.0281408367	0.0002814084
4.9807692308	0.0196566953	0.0001965670
5.0000000000	0.0111748042	0.0001117480
5.0192307692	0.0026964117	0.0000269641
5.0384615385	-0.0057772741	-0.0000577727
5.0576923077	-0.0142450856	-0.0001424509
5.0769230769	-0.0227058969	-0.0002270590
5.0961538462	-0.0311586233	-0.0003115862
5.1153846154	-0.0396022215	-0.0003960222
5.1346153846	-0.0480356888	-0.0004803569
5.1538461538	-0.0564580622	-0.0005645806
5.1730769231	-0.0648684169	-0.0006486842
5.1923076923	-0.0732658649	-0.0007326586
5.2115384615	-0.0816495529	-0.0008164955
5.2307692308	-0.0900186597	-0.0009001866
5.2500000000	-0.0983723939	-0.0009837239
5.2692307692	-0.1067099908	-0.0010670999
5.2884615385	-0.1150307095	-0.0011503071
5.3076923077	-0.1233338289	-0.0012333383
5.3269230769	-0.1316186450	-0.0013161864
5.3461538462	-0.1398844661	-0.0013988447
5.3653846154	-0.1481306100	-0.0014813061
5.3846153846	-0.1563563992	-0.0015635640
5.4038461538	-0.1645611573	-0.0016456116
5.4230769231	-0.1727442045	-0.0017274420
5.4423076923	-0.1809048542	-0.0018090485
5.4615384615	-0.1890424085	-0.0018904241
5.4807692308	-0.1971561542	-0.0019715615
5.5000000000	-0.2052453593	-0.0020524536
5.5192307692	-0.2133092694	-0.0021330927
5.5384615385	-0.2213471039	-0.0022134710
5.5576923077	-0.2293580530	-0.0022935805
5.5769230769	-0.2373412745	-0.0023734127
5.5961538462	-0.2452958915	-0.0024529589
5.6153846154	-0.2532209894	-0.0025322099
5.6346153846	-0.2611156146	-0.0026111561
5.6538461538	-0.2689787719	-0.0026897877
5.6730769231	-0.2768094238	-0.0027680942
5.6923076923	-0.2846064893	-0.0028460649
5.7115384615	-0.2923688433	-0.0029236884
5.7307692308	-0.3000953165	-0.0030009532
5.7500000000	-0.3077846956	-0.0030778470
5.7692307692	-0.3154357240	-0.0031543572
5.7884615385	-0.3230471026	-0.0032304710
5.8076923077	-0.3306174916	-0.0033061749
5.8269230769	-0.3381455123	-0.0033814551
5.8461538462	-0.3456297490	-0.0034562975
5.8653846154	-0.3530687518	-0.0035306875
5.8846153846	-0.3604610396	-0.0036046104
5.9038461538	-0.3678051032	-0.0036780510
5.9230769231	-0.3750994089	-0.0037509941
5.9423076923	-0.3823424023	-0.0038234240
5.9615384615	-0.3895325123	-0.0038953251
5.9807692308	-0.3966681555	-0.0039666816
6.0000000000	-0.4037477402	-0.0040374774
6.0192307692	-0.4107696715	-0.0041076967
6.0384615385	-0.4177323556	-0.0041773236
6.0576923077	-0.4246342045	-0.0042463420
6.0769230769	-0.4314736408	-0.0043147364
6.0961538462	-0.4382491026	-0.0043824910
6.1153846154	-0.4449590477	-0.0044495905
6.1346153846	-0.4516019585	-0.0045160196
6.1538461538	-0.4581763463	-0.0045817635
6.1730769231	-0.4646807555	-0.0046468076
6.1923076923	-0.4711137679	-0.0047111377
6.2115384615	-0.4774740060	-0.0047747401
6.2307692308	-0.4837601369	-0.0048376014
6.2500000000	-0.4899708758	-0.0048997088
6.2692307692	-0.4961049881	-0.0049610499
6.2884615385	-0.5021612926	-0.0050216129
6.3076923077	-0.5081386637	-0.0050813866
6.3269230769	-0.5140360329	-0.0051403603
6.3461538462	-0.5198523902	-0.0051985239
6.3653846154	-0.5255867854	-0.0052558679
6.3846153846	-0.5312383285	-0.0053123833
6.4038461538	-0.5368061898	-0.0053680619
6.4230769231	-0.5422895998	-0.0054228960
6.4423076923	-0.5476878482	-0.0054768785
6.4615384615	-0.5530002833	-0.0055300028
6.4807692308	-0.5582263101	-0.0055822631
6.5000000000	-0.5633653887	-0.0056336539
6.5192307692	-0.5684170318	-0.0056841703
6.5384615385	-0.5733808023	-0.0057338080
6.5576923077	-0.5782563107	-0.0057825631
6.5769230769	-0.5830432112	-0.0058304321
6.5961538462	-0.5877411990	-0.0058774120
6.6153846154	-0.5923500062	-0.0059235001
6.6346153846	-0.5968693982	-0.0059686940
6.6538461538	-0.6012991695	-0.0060129917
6.6730769231	-0.6056391395	-0.0060563914
6.6923076923	-0.6098891486	-0.0060988915
6.7115384615	-0.6140490537	-0.0061404905
6.7307692308	-0.6181187239	-0.0061811872
6.7500000000	-0.6220980366	-0.0062209804
6.7692307692	-0.6259868730	-0.0062598687
6.7884615385	-0.6297851140	-0.0062978511
6.8076923077	-0.6334926367	-0.0063349264
6.8269230769	-0.6371093105	-0.0063710931
6.8461538462	-0.6406349934	-0.0064063499
6.8653846154	-0.6440695290	-0.0064406953
6.8846153846	-0.6474127436	-0.0064741274
6.9038461538	-0.6506644432	-0.0065066444
6.9230769231	-0.6538244117	-0.0065382441
6.9423076923	-0.6568924083	-0.0065689241
6.9615384615	-0.6598681663	-0.0065986817
6.9807692308	-0.6627513919	-0.0066275139
7.0000000000	-0.6655417629	-0.0066554176
7.0192307692	-0.6682389290	-0.0066823893
7.0384615385	-0.6708425110	-0.0067084251
7.0576923077	-0.6733521016	-0.0067335210
7.0769230769	-0.6757672662	-0.0067576727
7.0961538462	-0.6780875436	-0.0067808754
7.1153846154	-0.6803124481	-0.0068031245
7.1346153846	-0.6824414709	-0.0068244147
7.1538461538	-0.6844740826	-0.0068447408
7.1730769231	-0.6864097356	-0.0068640974
7.1923076923	-0.6882478672	-0.0068824787
7.2115384615	-0.6899879022	-0.0068998790
7.2307692308	-0.6916292569	-0.0069162926
7.2500000000	-0.6931713419	-0.0069317134
7.2692307692	-0.6946135667	-0.0069461357
7.2884615385	-0.6959553428	-0.0069595534
7.3076923077	-0.6971960881	-0.0069719609
7.3269230769	-0.6983352310	-0.0069833523
7.3461538462	-0.6993722139	-0.0069937221
7.3653846154	-0.7003064981	-0.0070030650
7.3846153846	-0.7011375670	-0.0070113757
7.4038461538	-0.7018649306	-0.0070186493
7.4230769231	-0.7024881289	-0.0070248813
7.4423076923	-0.7030067358	-0.0070300674
7.4615384615	-0.7034203623	-0.0070342036
7.4807692308	-0.7037286602	-0.0070372866
7.5000000000	-0.7039313243	-0.0070393132
7.5192307692	-0.7040280959	-0.0070402810
7.5384615385	-0.7040187644	-0.0070401876
7.5576923077	-0.7039031702	-0.0070390317
7.5769230769	-0.7036812057	-0.0070368121
7.5961538462	-0.7033528168	-0.0070335282
7.6153846154	-0.7029180043	-0.0070291800
7.6346153846	-0.7023768239	-0.0070237682
7.6538461538	-0.7017293868	-0.0070172939
7.6730769231	-0.7009758596	-0.0070097586
7.6923076923	-0.7001164631	-0.0070011646
7.7115384615	-0.6991514723	-0.0069915147
7.7307692308	-0.6980812142	-0.0069808121
7.7500000000	-0.6969060669	-0.0069690607
7.7692307692	-0.6956264567	-0.0069562646
7.7884615385	-0.6942428569	-0.0069424286
7.8076923077	-0.6927557840	-0.0069275578
7.8269230769	-0.6911657956	-0.0069116580
7.8461538462	-0.6894734871	-0.0068947349
7.8653846154	-0.6876794880	-0.0068767949
7.8846153846	-0.6857844585	-0.0068578446
7.9038461538	-0.6837890859	-0.0068378909
7.9230769231	-0.6816940809	-0.0068169408
7.9423076923	-0.6795001730	-0.0067950017
7.9615384615	-0.6772081073	-0.0067720811
7.9807692308	-0.6748186399	-0.0067481864
8.0000000000	-0.6723325344	-0.0067233253
8.0192307692	-0.6697505576	-0.0066975056
8.0384615385	-0.6670734760	-0.0066707348
8.0576923077	-0.6643020515	-0.0066430205
8.0769230769	-0.6614370387	-0.0066143704
8.0961538462	-0.6584791808	-0.0065847918
8.1153846154	-0.6554292067	-0.0065542921
8.1346153846	-0.6522878283	-0.0065228783
8.1538461538	-0.6490557373	-0.0064905574
8.1730769231	-0.6457336035	-0.0064573360
8.1923076923	-0.6423220723	-0.0064232207
8.2115384615	-0.6388217631	-0.0063882176
8.2307692308	-0.6352332679	-0.0063523327
8.2500000000	-0.6315571501	-0.0063155715
8.2692307692	-0.6277939442	-0.0062779394
8.2884615385	-0.6239441550	-0.0062394416
8.3076923077	-0.6200082580	-0.0062000826
8.3269230769	-0.6159866995	-0.0061598670
8.3461538462	-0.6118798974	-0.0061187990
8.3653846154	-0.6076882423	-0.0060768824
8.3846153846	-0.6034120989	-0.0060341210
8.4038461538	-0.5990518077	-0.0059905181
8.4230769231	-0.5946076869	-0.0059460769
8.4423076923	-0.5900800348	-0.0059008003
8.4615384615	-0.5854691324	-0.0058546913
8.4807692308	-0.5807752459	-0.0058077525
8.5000000000	-0.5759986298	-0.0057599863
8.5192307692	-0.5711395302	-0.0057113953
8.5384615385	-0.5661981880	-0.0056619819
8.5576923077	-0.5611748422	-0.0056117484
8.5769230769	-0.5560697335	-0.0055606973
8.5961538462	-0.5508831080	-0.0055088311
8.6153846154	-0.5456152205	-0.0054561522
8.6346153846	-0.5402663384	-0.0054026634
8.6538461538	-0.5348367452	-0.0053483675
8.6730769231	-0.5293267438	-0.0052932674
8.6923076923	-0.5237366601	-0.0052373666
8.7115384615	-0.5180668463	-0.0051806685
8.7307692308	-0.5123176840	-0.0051231768
8.7500000000	-0.5064895872	-0.0050648959
8.7692307692	-0.5005830050	-0.0050058301
8.7884615385	-0.4945984244	-0.0049459842
8.8076923077	-0.4885363725	-0.0048853637
8.8269230769	-0.4823974186	-0.0048239742
8.8461538462	-0.4761821759	-0.0047618218
8.8653846154	-0.4698913036	-0.0046989130
8.8846153846	-0.4635255075	-0.0046352551
8.9038461538	-0.4570855414	-0.0045708554
8.9230769231	-0.4505722079	-0.0045057221
8.9423076923	-0.4439863584	-0.0044398636
8.9615384615	-0.4373288937	-0.0043732889
8.9807692308	-0.4306007633	-0.0043060076
9.0000000000	-0.4238029655	-0.0042380297
9.0192307692	-0.4169365462	-0.0041693655
9.0384615385	-0.4100025982	-0.0041000260
9.0576923077	-0.4030022599	-0.0040300226
9.0769230769	-0.3959367136	-0.0039593671
9.0961538462	-0.3888071840	-0.0038880718
9.1153846154	-0.3816149362	-0.0038161494
9.1346153846	-0.3743612736	-0.0037436127
9.1538461538	-0.3670475356	-0.0036704754
9.1730769231	-0.3596750953	-0.0035967510
9.1923076923	-0.3522453565	-0.0035224536
9.2115384615	-0.3447597516	-0.0034475975
9.2307692308	-0.3372197386	-0.0033721974
9.2500000000	-0.3296267980	-0.0032962680
9.2692307692	-0.3219824307	-0.0032198243
9.2884615385	-0.3142881543	-0.0031428815
9.3076923077	-0.3065455006	-0.0030654550
9.3269230769	-0.2987560129	-0.0029875601
9.3461538462	-0.2909212430	-0.0029092124
9.3653846154	-0.2830427486	-0.0028304275
9.3846153846	-0.2751220903	-0.0027512209
9.4038461538	-0.2671608297	-0.0026716083
9.4230769231	-0.2591605262	-0.0025916053
9.4423076923	-0.2511227352	-0.0025112274
9.4615384615	-0.2430490058	-0.0024304901
9.4807692308	-0.2349408785	-0.0023494088
9.5000000000	-0.2267998839	-0.0022679988
9.5192307692	-0.2186275401	-0.0021862754
9.5384615385	-0.2104253522	-0.0021042535
9.5576923077	-0.2021948101	-0.0020219481
9.5769230769	-0.1939373876	-0.0019393739
9.5961538462	-0.1856545415	-0.0018565454
9.6153846154	-0.1773477106	-0.0017734771
9.6346153846	-0.1690183148	-0.0016901831
9.6538461538	-0.1606677552	-0.0016066776
9.6730769231	-0.1522974133	-0.0015229741
9.6923076923	-0.1439086507	-0.0014390865
9.7115384615	-0.1355028094	-0.0013550281
9.7307692308	-0.1270812120	-0.0012708121
9.7500000000	-0.1186451613	-0.0011864516
9.7692307692	-0.1101959414	-0.0011019594
9.7884615385	-0.1017348176	-0.0010173482
9.8076923077	-0.0932630373	-0.0009326304
9.8269230769	-0.0847818305	-0.0008478183
9.8461538462	-0.0762924108	-0.0007629241
9.8653846154	-0.0677959757	-0.0006779598
9.8846153846	-0.0592937078	-0.0005929371
9.9038461538	-0.0507867759	-0.0005078678
9.9230769231	-0.0422763352	-0.0004227634
9.9423076923	-0.0337635292	-0.0003376353
9.9615384615	-0.0252494899	-0.0002524949
9.9807692308	-0.0167353389	-0.0001673534
10.0000000000	-0.0082221890	-0.0000822219
10.0192307692	0.0002888560	0.0000028886
10.0384615385	0.0087966993	0.0000879670
10.0576923077	0.0173002508	0.0001730025
10.0769230769	0.0257984263	0.0002579843
10.0961538462	0.0342901461	0.0003429015
10.1153846154	0.0427743352	0.0004277434
10.1346153846	0.0512499214	0.0005124992
10.1538461538	0.0597158358	0.0005971584
10.1730769231	0.0681710113	0.0006817101
10.1923076923	0.0766143824	0.0007661438
10.2115384615	0.0850448847	0.0008504488
10.2307692308	0.0934614543	0.0009346145
10.2500000000	0.1018630276	0.0010186303
10.2692307692	0.1102485407	0.0011024854
10.2884615385	0.1186169289	0.0011861693
10.3076923077	0.1269671271	0.0012696713
10.3269230769	0.1352980687	0.0013529807
10.3461538462	0.1436086860	0.0014360869
10.3653846154	0.1518979098	0.0015189791
10.3846153846	0.1601646690	0.0016016467
10.4038461538	0.1684078911	0.0016840789
10.4230769231	0.1766265012	0.0017662650
10.4423076923	0.1848194227	0.0018481942
10.4615384615	0.1929855768	0.0019298558
10.4807692308	0.2011238825	0.0020112388
10.5000000000	0.2092332565	0.0020923326
10.5192307692	0.2173126130	0.0021731261
10.5384615385	0.2253608641	0.0022536086
10.5576923077	0.2333769192	0.0023337692
10.5769230769	0.2413596851	0.0024135969
10.5961538462	0.2493080662	0.0024930807
10.6153846154	0.2572209642	0.0025722096
10.6346153846	0.2650972778	0.0026509728
10.6538461538	0.2729359033	0.0027293590
10.6730769231	0.2807357339	0.0028073573
10.6923076923	0.2884956600	0.0028849566
10.7115384615	0.2962145694	0.0029621457
10.7307692308	0.3038913465	0.0030389135
10.7500000000	0.3115248732	0.0031152487
10.7692307692	0.3191140285	0.0031911403
10.7884615385	0.3266576886	0.0032665769
10.8076923077	0.3341547270	0.0033415473
10.8269230769	0.3416040147	0.0034160401
10.8461538462	0.3490044203	0.0034900442
10.8653846154	0.3563548105	0.0035635481
10.8846153846	0.3636540500	0.0036365405
10.9038461538	0.3709010019	0.0037090100
10.9230769231	0.3780945285	0.0037809453
10.9423076923	0.3852334912	0.0038523349
10.9615384615	0.3923167514	0.0039231675
10.9807692308	0.3993431711	0.0039934317
11.0000000000	0.4063116133	0.0040631161
11.0192307692	0.4132209431	0.0041322094
11.0384615385	0.4200700281	0.0042007003
11.0576923077	0.4268577397	0.0042685774
11.0769230769	0.4335829538	0.0043358295
11.0961538462	0.4402445519	0.0044024455
11.1153846154	0.4468414220	0.0044684142
11.1346153846	0.4533724601	0.0045337246
11.1538461538	0.4598365712	0.0045983657
11.1730769231	0.4662326704	0.0046623267
11.1923076923	0.4725596846	0.0047255968
11.2115384615	0.4788165533	0.0047881655
11.2307692308	0.4850022303	0.0048500223
11.2500000000	0.4911156852	0.0049111569
11.2692307692	0.4971559042	0.0049715590
11.2884615385	0.5031218920	0.0050312189
11.3076923077	0.5090126732	0.0050901267
11.3269230769	0.5148272930	0.0051482729
11.3461538462	0.5205648193	0.0052056482
11.3653846154	0.5262243433	0.0052622434
11.3846153846	0.5318049812	0.0053180498
11.4038461538	0.5373058749	0.0053730587
11.4230769231	0.5427261933	0.0054272619
11.4423076923	0.5480651331	0.0054806513
11.4615384615	0.5533219200	0.0055332192
11.4807692308	0.5584958088	0.0055849581
11.5000000000	0.5635860847	0.0056358608
11.5192307692	0.5685920634	0.0056859206
11.5384615385	0.5735130914	0.0057351309
11.5576923077	0.5783485465	0.0057834855
11.5769230769	0.5830978377	0.0058309784
11.5961538462	0.5877604053	0.0058776041
11.6153846154	0.5923357203	0.0059233572
11.6346153846	0.5968232844	0.0059682328
11.6538461538	0.6012226293	0.0060122263
11.6730769231	0.6055333162	0.0060553332
11.6923076923	0.6097549346	0.0060975493
11.7115384615	0.6138871017	0.0061388710
11.7307692308	0.6179294612	0.0061792946
11.7500000000	0.6218816820	0.0062188168
11.7692307692	0.6257434570	0.0062574346
11.7884615385	0.6295145015	0.0062951450
11.8076923077	0.6331945518	0.0063319455
11.8269230769	0.6367833633	0.0063678336
11.8461538462	0.6402807093	0.0064028071
11.8653846154	0.6436863787	0.0064368638
11.8846153846	0.6470001745	0.0064700017
11.9038461538	0.6502219121	0.0065022191
11.9230769231	0.6533514173	0.0065335142
11.9423076923	0.6563885243	0.0065638852
11.9615384615	0.6593330743	0.0065933307
11.9807692308	0.6621849135	0.0066218491
12.0000000000	0.6649438916	0.0066494389
12.0192307692	0.6676098600	0.0066760986
12.0384615385	0.6701826704	0.0067018267
12.0576923077	0.6726621734	0.0067266217
12.0769230769	0.6750482171	0.0067504822
12.0961538462	0.6773406461	0.0067734065
12.1153846154	0.6795393004	0.0067953930
12.1346153846	0.6816440145	0.0068164401
12.1538461538	0.6836546167	0.0068365462
12.1730769231	0.6855709291	0.0068557093
12.1923076923	0.6873927663	0.0068739277
12.2115384615	0.6891199360	0.0068911994
12.2307692308	0.6907522390	0.0069075224
12.2500000000	0.6922894691	0.0069228947
12.2692307692	0.6937314137	0.0069373141
12.2884615385	0.6950778542	0.0069507785
12.3076923077	0.6963285674	0.0069632857
12.3269230769	0.6974833254	0.0069748333
12.3461538462	0.6985418979	0.0069854190
12.3653846154	0.6995040523	0.0069950405
12.3846153846	0.7003695562	0.0070036956
12.4038461538	0.7011381779	0.0070113818
12.4230769231	0.7018096888	0.0070180969
12.4423076923	0.7023838648	0.0070238386
12.4615384615	0.7028604882	0.0070286049
12.4807692308	0.7032393493	0.0070323935
12.5000000000	0.7035202489	0.0070352025
12.5192307692	0.7037029995	0.0070370300
12.5384615385	0.7037874278	0.0070378743
12.5576923077	0.7037733762	0.0070377338
12.5769230769	0.7036607049	0.0070366070
12.5961538462	0.7034492936	0.0070344929
12.6153846154	0.7031390432	0.0070313904
12.6346153846	0.7027298775	0.0070272988
12.6538461538	0.7022217444	0.0070222174
12.6730769231	0.7016146177	0.0070161462
12.6923076923	0.7009084979	0.0070090850
12.7115384615	0.7001034132	0.0070010341
12.7307692308	0.6991994208	0.0069919942
12.7500000000	0.6981966070	0.0069819661
12.7692307692	0.6970950879	0.0069709509
12.7884615385	0.6958950098	0.0069589501
12.8076923077	0.6945965486	0.0069459655
12.8269230769	0.6931999104	0.0069319991
12.8461538462	0.6917053304	0.0069170533
12.8653846154	0.6901130727	0.0069011307
12.8846153846	0.6884234291	0.0068842343
12.9038461538	0.6866367183	0.0068663672
12.9230769231	0.6847532845	0.0068475328
12.9423076923	0.6827734960	0.0068277350
12.9615384615	0.6806977433	0.0068069774
12.9807692308	0.6785264377	0.0067852644
13.0000000000	0.6762600092	0.0067626001
13.0192307692	0.6738989043	0.0067389890
13.0384615385	0.6714435839	0.0067144358
13.0576923077	0.6688945211	0.0066889452
13.0769230769	0.6662521988	0.0066625220
13.0961538462	0.6635171073	0.0066351711
13.1153846154	0.6606897419	0.0066068974
13.1346153846	0.6577706008	0.0065777060
13.1538461538	0.6547601822	0.0065476018
13.1730769231	0.6516589826	0.0065165898
13.1923076923	0.6484674943	0.0064846749
13.2115384615	0.6451862031	0.0064518620
13.2307692308	0.6418155870	0.0064181559
13.2500000000	0.6383561136	0.0063835611
13.2692307692	0.6348082392	0.0063480824
13.2884615385	0.6311724068	0.0063117241
13.3076923077	0.6274490451	0.0062744905
13.3269230769	0.6236385677	0.0062363857
13.3461538462	0.6197413721	0.0061974137
13.3653846154	0.6157578393	0.0061575784
13.3846153846	0.6116883337	0.0061168833
13.4038461538	0.6075332031	0.0060753320
13.4230769231	0.6032927788	0.0060329278
13.4423076923	0.5989673768	0.0059896738
13.4615384615	0.5945572981	0.0059455730
13.4807692308	0.5900628303	0.0059006283
13.5000000000	0.5854842490	0.0058548425
13.5192307692	0.5808218193	0.0058082182
13.5384615385	0.5760757982	0.0057607580
13.5576923077	0.5712464364	0.0057124644
13.5769230769	0.5663339809	0.0056633398
13.5961538462	0.5613386778	0.0056133868
13.6153846154	0.5562607749	0.0055626077
13.6346153846	0.5511005249	0.0055110052
13.6538461538	0.5458581884	0.0054585819
13.6730769231	0.5405340370	0.0054053404
13.6923076923	0.5351283569	0.0053512836
13.7115384615	0.5296414520	0.0052964145
13.7307692308	0.5240736475	0.0052407365
13.7500000000	0.5184252931	0.0051842529
13.7692307692	0.5126967663	0.0051269677
13.7884615385	0.5068884757	0.0050688848
13.8076923077	0.5010008645	0.0050100086
13.8269230769	0.4950344127	0.0049503441
13.8461538462	0.4889896408	0.0048898964
13.8653846154	0.4828671119	0.0048286711
13.8846153846	0.4766674344	0.0047666743
13.9038461538	0.4703912643	0.0047039126
13.9230769231	0.4640393067	0.0046403931
13.9423076923	0.4576123180	0.0045761232
13.9615384615	0.4511111066	0.0045111111
13.9807692308	0.4445365348	0.0044453653
14.0000000000	0.4378895185	0.0043788952
14.0192307692	0.4311710283	0.0043117103
14.0384615385	0.4243820892	0.0042438209
14.0576923077	0.4175237802	0.0041752378
14.0769230769	0.4105972335	0.0041059723
14.0961538462	0.4036036338	0.0040360363
14.1153846154	0.3965442164	0.0039654422
14.1346153846	0.3894202657	0.0038942027
14.1538461538	0.3822331130	0.0038223311
14.1730769231	0.3749841343	0.0037498413
14.1923076923	0.3676747469	0.0036767475
14.2115384615	0.3603064073	0.0036030641
14.2307692308	0.3528806073	0.0035288061
14.2500000000	0.3453988708	0.0034539887
14.2692307692	0.3378627497	0.0033786275
14.2884615385	0.3302738206	0.0033027382
14.3076923077	0.3226336802	0.0032263368
14.3269230769	0.3149439417	0.0031494394
14.3461538462	0.3072062301	0.0030720623
14.3653846154	0.2994221780	0.0029942218
14.3846153846	0.2915934217	0.0029159342
14.4038461538	0.2837215964	0.0028372160
14.4230769231	0.2758083324	0.0027580833
14.4423076923	0.2678552509	0.0026785525
14.4615384615	0.2598639597	0.0025986396
14.4807692308	0.2518360500	0.0025183605
14.5000000000	0.2437730922	0.0024377309
14.5192307692	0.2356766327	0.0023567663
14.5384615385	0.2275481909	0.0022754819
14.5576923077	0.2193892560	0.0021938926
14.5769230769	0.2112012847	0.0021120128
14.5961538462	0.2029856989	0.0020298570
14.6153846154	0.1947438837	0.0019474388
14.6346153846	0.1864771860	0.0018647719
14.6538461538	0.1781869130	0.0017818691
14.6730769231	0.1698743320	0.0016987433
14.6923076923	0.1615406694	0.0016154067
14.7115384615	0.1531871108	0.0015318711
14.7307692308	0.1448148016	0.0014481480
14.7500000000	0.1364248479	0.0013642485
14.7692307692	0.1280183169	0.0012801832
14.7884615385	0.1195962391	0.0011959624
14.8076923077	0.1111596100	0.0011115961
14.8269230769	0.1027093922	0.0010270939
14.8461538462	0.0942465177	0.0009424652
14.8653846154	0.0857718911	0.0008577189
14.8846153846	0.0772863926	0.0007728639
14.9038461538	0.0687908810	0.0006879088
14.9230769231	0.0602861977	0.0006028620
14.9423076923	0.0517731697	0.0005177317
14.9615384615	0.0432526143	0.0004325261
14.9807692308	0.0347253424	0.0003472534
15.0000000000	0.0261921629	0.0002619216
15.0192307692	0.0176538866	0.0001765389
15.0384615385	0.0091113301	0.0000911133
15.0576923077	0.0005653203	0.0000056532
15.0769230769	-0.0079833019	-0.0000798330
15.0961538462	-0.0165336780	-0.0001653368
15.1153846154	-0.0250849276	-0.0002508493
15.1346153846	-0.0336361456	-0.0003363615
15.1538461538	-0.0421863981	-0.0004218640
15.1730769231	-0.0507347199	-0.0005073472
15.1923076923	-0.0592801115	-0.0005928011
15.2115384615	-0.0678215366	-0.0006782154
15.2307692308	-0.0763579198	-0.0007635792
15.2500000000	-0.0848881450	-0.0008488814
15.2692307692	-0.0934110534	-0.0009341105
15.2884615385	-0.1019254432	-0.0010192544
15.3076923077	-0.1104300681	-0.0011043007
15.3269230769	-0.1189236372	-0.0011892364
15.3461538462	-0.1274048152	-0.0012740482
15.3653846154	-0.1358722230	-0.0013587222
15.3846153846	-0.1443244379	-0.0014432444
15.4038461538	-0.1527599955	-0.0015276000
15.4230769231	-0.1611773912	-0.0016117739
15.4423076923	-0.1695750818	-0.0016957508
15.4615384615	-0.1779514885	-0.0017795149
15.4807692308	-0.1863049990	-0.0018630500
15.5000000000	-0.1946339709	-0.0019463397
15.5192307692	-0.2029367347	-0.0020293673
15.5384615385	-0.2112115978	-0.0021121160
15.5576923077	-0.2194568477	-0.0021945685
15.5769230769	-0.2276707565	-0.0022767076
15.5961538462	-0.2358515848	-0.0023585158
15.6153846154	-0.2439975860	-0.0024399759
15.6346153846	-0.2521070111	-0.0025210701
15.6538461538	-0.2601781123	-0.0026017811
15.6730769231	-0.2682091485	-0.0026820915
15.6923076923	-0.2761983890	-0.0027619839
15.7115384615	-0.2841441184	-0.0028414412
15.7307692308	-0.2920446406	-0.0029204464
15.7500000000	-0.2998982832	-0.0029989828
15.7692307692	-0.3077034016	-0.0030770340
15.7884615385	-0.3154583828	-0.0031545838
15.8076923077	-0.3231616489	-0.0032316165
15.8269230769	-0.3308116607	-0.0033081166
15.8461538462	-0.3384069209	-0.0033840692
15.8653846154	-0.3459459765	-0.0034594598
15.8846153846	-0.3534274217	-0.0035342742
15.9038461538	-0.3608498999	-0.0036084990
15.9230769231	-0.3682121052	-0.0036821211
15.9423076923	-0.3755127844	-0.0037551278
15.9615384615	-0.3827507373	-0.0038275074
15.9807692308	-0.3899248181	-0.0038992482
16.0000000000	-0.3970339348	-0.0039703393
16.0192307692	-0.4040770497	-0.0040407705
16.0384615385	-0.4110531785	-0.0041105318
16.0576923077	-0.4179613895	-0.0041796139
16.0769230769	-0.4248008024	-0.0042480080
16.0961538462	-0.4315705863	-0.0043157059
16.1153846154	-0.4382699581	-0.0043826996
16.1346153846	-0.4448981798	-0.0044489818
16.1538461538	-0.4514545565	-0.0045145456
16.1730769231	-0.4579384329	-0.0045793843
16.1923076923	-0.4643491905	-0.0046434919
16.2115384615	-0.4706862444	-0.0047068624
16.2307692308	-0.4769490395	-0.0047694904
16.2500000000	-0.4831370472	-0.0048313705
16.2692307692	-0.4892497617	-0.0048924976
16.2884615385	-0.4952866958	-0.0049528670
16.3076923077	-0.5012473775	-0.0050124738
16.3269230769	-0.5071313462	-0.0050713135
16.3461538462	-0.5129381485	-0.0051293815
16.3653846154	-0.5186673351	-0.0051866734
16.3846153846	-0.5243184567	-0.0052431846
16.4038461538	-0.5298910610	-0.0052989106
16.4230769231	-0.5353846893	-0.0053538469
16.4423076923	-0.5407988734	-0.0054079887
16.4615384615	-0.5461331331	-0.0054613313
16.4807692308	-0.5513869733	-0.0055138697
16.5000000000	-0.5565598822	-0.0055655988
16.5192307692	-0.5616513292	-0.0056165133
16.5384615385	-0.5666607635	-0.0056666076
16.5576923077	-0.5715876128	-0.0057158761
16.5769230769	-0.5764312825	-0.0057643128
16.5961538462	-0.5811911555	-0.0058119116
16.6153846154	-0.5858665915	-0.0058586659
16.6346153846	-0.5904569283	-0.0059045693
16.6538461538	-0.5949614816	-0.0059496148
16.6730769231	-0.5993795465	-0.0059937955
16.6923076923	-0.6037103991	-0.0060371040
16.7115384615	-0.6079532978	-0.0060795330
16.7307692308	-0.6121074859	-0.0061210749
16.7500000000	-0.6161721939	-0.0061617219
16.7692307692	-0.6201466423	-0.0062014664
16.7884615385	-0.6240300445	-0.0062403004
16.8076923077	-0.6278216100	-0.0062782161
16.8269230769	-0.6315205483	-0.0063152055
16.8461538462	-0.6351260720	-0.0063512607
16.8653846154	-0.6386374011	-0.0063863740
16.8846153846	-0.6420537666	-0.0064205377
16.9038461538	-0.6453744146	-0.0064537441
16.9230769231	-0.6485986104	-0.0064859861
16.9423076923	-0.6517256422	-0.0065172564
16.9615384615	-0.6547548254	-0.0065475483
16.9807692308	-0.6576855066	-0.0065768551
17.0000000000	-0.6605170669	-0.0066051707
17.0192307692	-0.6632489260	-0.0066324893
17.0384615385	-0.6658805451	-0.0066588055
17.0576923077	-0.6684114308	-0.0066841143
17.0769230769	-0.6708411374	-0.0067084114
17.0961538462	-0.6731692699	-0.0067316927
17.1153846154	-0.6753954862	-0.0067539549
17.1346153846	-0.6775194991	-0.0067751950
17.1538461538	-0.6795410781	-0.0067954108
17.1730769231	-0.6814600503	-0.0068146005
17.1923076923	-0.6832763015	-0.0068327630
17.2115384615	-0.6849897767	-0.0068498978
17.2307692308	-0.6866004797	-0.0068660048
17.2500000000	-0.6881084734	-0.0068810847
17.2692307692	-0.6895138782	-0.0068951388
17.2884615385	-0.6908168712	-0.0069081687
17.3076923077	-0.6920176844	-0.0069201768
17.3269230769	-0.6931166027	-0.0069311660
17.3461538462	-0.6941139612	-0.0069411396
17.3653846154	-0.6950101428	-0.0069501014
17.3846153846	-0.6958055747	-0.0069580557
17.4038461538	-0.6965007247	-0.0069650072
17.4230769231	-0.6970960979	-0.0069709610
17.4423076923	-0.6975922323	-0.0069759223
17.4615384615	-0.6979896945	-0.0069798969
17.4807692308	-0.6982890751	-0.0069828908
17.5000000000	-0.6984909845	-0.0069849098
17.5192307692	-0.6985960473	-0.0069859605
17.5384615385	-0.6986048982	-0.0069860490
17.5576923077	-0.6985181764	-0.0069851818
17.5769230769	-0.6983365214	-0.0069833652
17.5961538462	-0.6980605672	-0.0069806057
17.6153846154	-0.6976909383	-0.0069769094
17.6346153846	-0.6972282445	-0.0069722824
17.6538461538	-0.6966730766	-0.0069667308
17.6730769231	-0.6960260018	-0.0069602600
17.6923076923	-0.6952875600	-0.0069528756
17.7115384615	-0.6944582594	-0.0069445826
17.7307692308	-0.6935385737	-0.0069353857
17.7500000000	-0.6925289381	-0.0069252894
17.7692307692	-0.6914297471	-0.0069142975
17.7884615385	-0.6902413515	-0.0069024135
17.8076923077	-0.6889640570	-0.0068896406
17.8269230769	-0.6875981219	-0.0068759812
17.8461538462	-0.6861437563	-0.0068614376
17.8653846154	-0.6846011214	-0.0068460112
17.8846153846	-0.6829703287	-0.0068297033
17.9038461538	-0.6812514410	-0.0068125144
17.9230769231	-0.6794444722	-0.0067944447
17.9423076923	-0.6775493891	-0.0067754939
17.9615384615	-0.6755661122	-0.0067556611
17.9807692308	-0.6734945183	-0.0067349452
18.0000000000	-0.6713344425	-0.0067133444
18.0192307692	-0.6690856810	-0.0066908568
18.0384615385	-0.6667479943	-0.0066674799
18.0576923077	-0.6643211107	-0.0066432111
18.0769230769	-0.6618047302	-0.0066180473
18.0961538462	-0.6591985282	-0.0065919853
18.1153846154	-0.6565021602	-0.0065650216
18.1346153846	-0.6537152664	-0.0065371527
18.1538461538	-0.6508374762	-0.0065083748
18.1730769231	-0.6478684132	-0.0064786841
18.1923076923	-0.6448077003	-0.0064480770
18.2115384615	-0.6416549645	-0.0064165496
18.2307692308	-0.6384098423	-0.0063840984
18.2500000000	-0.6350719846	-0.0063507198
18.2692307692	-0.6316410617	-0.0063164106
18.2884615385	-0.6281167683	-0.0062811677
18.3076923077	-0.6244988282	-0.0062449883
18.3269230769	-0.6207869990	-0.0062078700
18.3461538462	-0.6169810766	-0.0061698108
18.3653846154	-0.6130808991	-0.0061308090
18.3846153846	-0.6090863511	-0.0060908635
18.4038461538	-0.6049973670	-0.0060499737
18.4230769231	-0.6008139343	-0.0060081393
18.4423076923	-0.5965360971	-0.0059653610
18.4615384615	-0.5921639578	-0.0059216396
18.4807692308	-0.5876976803	-0.0058769768
18.5000000000	-0.5831374908	-0.0058313749
18.5192307692	-0.5784836803	-0.0057848368
18.5384615385	-0.5737366047	-0.0057373660
18.5576923077	-0.5688966859	-0.0056889669
18.5769230769	-0.5639644122	-0.0056396441
18.5961538462	-0.5589403374	-0.0055894034
18.6153846154	-0.5538250808	-0.0055382508
18.6346153846	-0.5486193262	-0.0054861933
18.6538461538	-0.5433238202	-0.0054332382
18.6730769231	-0.5379393707	-0.0053793937
18.6923076923	-0.5324668450	-0.0053246685
18.7115384615	-0.5269071672	-0.0052690717
18.7307692308	-0.5212613157	-0.0052126132
18.7500000000	-0.5155303203	-0.0051553032
18.7692307692	-0.5097152590	-0.0050971526
18.7884615385	-0.5038172548	-0.0050381725
18.8076923077	-0.4978374720	-0.0049783747
18.8269230769	-0.4917771127	-0.0049177711
18.8461538462	-0.4856374132	-0.0048563741
18.8653846154	-0.4794196396	-0.0047941964
18.8846153846	-0.4731250848	-0.0047312508
18.9038461538	-0.4667550637	-0.0046675506
18.9230769231	-0.4603109102	-0.0046031091
18.9423076923	-0.4537939726	-0.0045379397
18.9615384615	-0.4472056108	-0.0044720561
18.9807692308	-0.4405471917	-0.0044054719
19.0000000000	-0.4338200868	-0.0043382009
19.0192307692	-0.4270256679	-0.0042702567
19.0384615385	-0.4201653048	-0.0042016530
19.0576923077	-0.4132403622	-0.0041324036
19.0769230769	-0.4062521969	-0.0040625220
19.0961538462	-0.3992021554	-0.0039920216
19.1153846154	-0.3920915721	-0.0039209157
19.1346153846	-0.3849217672	-0.0038492177
19.1538461538	-0.3776940452	-0.0037769405
19.1730769231	-0.3704096936	-0.0037040969
19.1923076923	-0.3630699820	-0.0036306998
19.2115384615	-0.3556761615	-0.0035567616
19.2307692308	-0.3482294638	-0.0034822946
19.2500000000	-0.3407311019	-0.0034073110
19.2692307692	-0.3331822696	-0.0033318227
19.2884615385	-0.3255841424	-0.0032558414
19.3076923077	-0.3179378778	-0.0031793788
19.3269230769	-0.3102446166	-0.0031024462
19.3461538462	-0.3025054838	-0.0030250548
19.3653846154	-0.2947215903	-0.0029472159
19.3846153846	-0.2868940342	-0.0028689403
19.4038461538	-0.2790239024	-0.0027902390
19.4230769231	-0.2711122731	-0.0027111227
19.4423076923	-0.2631602170	-0.0026316022
19.4615384615	-0.2551688001	-0.0025516880
19.4807692308	-0.2471390855	-0.0024713909
19.5000000000	-0.2390721356	-0.0023907214
19.5192307692	-0.2309690145	-0.0023096901
19.5384615385	-0.2228307904	-0.0022283079
19.5576923077	-0.2146585373	-0.0021465854
19.5769230769	-0.2064533379	-0.0020645334
19.5961538462	-0.1982162849	-0.0019821628
19.6153846154	-0.1899484838	-0.0018994848
19.6346153846	-0.1816510543	-0.0018165105
19.6538461538	-0.1733251323	-0.0017332513
19.6730769231	-0.1649718714	-0.0016497187
19.6923076923	-0.1565924445	-0.0015659244
19.7115384615	-0.1481880451	-0.0014818805
19.7307692308	-0.1397598883	-0.0013975989
19.7500000000	-0.1313092117	-0.0013130921
19.7692307692	-0.1228372765	-0.0012283728
19.7884615385	-0.1143453673	-0.0011434537
19.8076923077	-0.1058347932	-0.0010583479
19.8269230769	-0.0973068872	-0.0009730689
19.8461538462	-0.0887630065	-0.0008876301
19.8653846154	-0.0802045319	-0.0008020453
19.8846153846	-0.0716328675	-0.0007163287
19.9038461538	-0.0630494397	-0.0006304944
19.9230769231	-0.0544556963	-0.0005445570
19.9423076923	-0.0458531057	-0.0004585311
19.9615384615	-0.0372431552	-0.0003724316
19.9807692308	-0.0286273495	-0.0002862735
20.0000000000	-0.0200072097	-0.0002000721
20.0192307692	-0.0113842710	-0.0001138427
20.0384615385	-0.0027600809	-0.0000276008
20.0576923077	0.0058638024	0.0000586380
20.0769230769	0.0144858122	0.0001448581
20.0961538462	0.0231043756	0.0002310438
20.1153846154	0.0317179152	0.0003171792
20.1346153846	0.0403248515	0.0004032485
20.1538461538	0.0489236052	0.0004892361
20.1730769231	0.0575125990	0.0005751260
20.1923076923	0.0660902600	0.0006609026
20.2115384615	0.0746550217	0.0007465502
20.2307692308	0.0832053261	0.0008320533
20.2500000000	0.0917396255	0.0009173963
20.2692307692	0.1002563848	0.0010025638
20.2884615385	0.1087540827	0.0010875408
20.3076923077	0.1172312138	0.0011723121
20.3269230769	0.1256862902	0.0012568629
20.3461538462	0.1341178425	0.0013411784
20.3653846154	0.1425244218	0.0014252442
20.3846153846	0.1509046002	0.0015090460
20.4038461538	0.1592569724	0.0015925697
20.4230769231	0.1675801560	0.0016758016
20.4423076923	0.1758727929	0.0017587279
20.4615384615	0.1841335494	0.0018413355
20.4807692308	0.1923611167	0.0019236112
20.5000000000	0.2005542116	0.0020055421
20.5192307692	0.2087115762	0.0020871158
20.5384615385	0.2168319783	0.0021683198
20.5576923077	0.2249142109	0.0022491421
20.5769230769	0.2329570924	0.0023295709
20.5961538462	0.2409594661	0.0024095947
20.6153846154	0.2489201997	0.0024892020
20.6346153846	0.2568381848	0.0025683818
20.6538461538	0.2647123365	0.0026471234
20.6730769231	0.2725415923	0.0027254159
20.6923076923	0.2803249118	0.0028032491
20.7115384615	0.2880612756	0.0028806128
20.7307692308	0.2957496844	0.0029574968
20.7500000000	0.3033891585	0.0030338916
20.7692307692	0.3109787364	0.0031097874
20.7884615385	0.3185174741	0.0031851747
20.8076923077	0.3260044445	0.0032600444
20.8269230769	0.3334387358	0.0033343874
20.8461538462	0.3408194511	0.0034081945
20.8653846154	0.3481457076	0.0034814571
20.8846153846	0.3554166353	0.0035541664
20.9038461538	0.3626313766	0.0036263138
20.9230769231	0.3697890853	0.0036978909
20.9423076923	0.3768889261	0.0037688893
20.9615384615	0.3839300738	0.0038393007
20.9807692308	0.3909117127	0.0039091171
21.0000000000	0.3978330361	0.0039783304
21.0192307692	0.4046932459	0.0040469325
21.0384615385	0.4114915520	0.0041149155
21.0576923077	0.4182271722	0.0041822717
21.0769230769	0.4248993317	0.0042489933
21.0961538462	0.4315072630	0.0043150726
21.1153846154	0.4380502058	0.0043805021
21.1346153846	0.4445274065	0.0044452741
21.1538461538	0.4509381188	0.0045093812
21.1730769231	0.4572816032	0.0045728160
21.1923076923	0.4635571270	0.0046355713
21.2115384615	0.4697639650	0.0046976397
21.2307692308	0.4759013988	0.0047590140
21.2500000000	0.4819687176	0.0048196872
21.2692307692	0.4879652179	0.0048796522
21.2884615385	0.4938902043	0.0049389020
21.3076923077	0.4997429891	0.0049974299
21.3269230769	0.5055228929	0.0050552289
21.3461538462	0.5112292447	0.0051122924
21.3653846154	0.5168613824	0.0051686138
21.3846153846	0.5224186525	0.0052241865
21.4038461538	0.5279004109	0.0052790041
21.4230769231	0.5333060231	0.0053330602
21.4423076923	0.5386348640	0.0053863486
21.4615384615	0.5438863184	0.0054388632
21.4807692308	0.5490597813	0.0054905978
21.5000000000	0.5541546579	0.0055415466
21.5192307692	0.5591703637	0.0055917036
21.5384615385	0.5641063248	0.0056410632
21.5576923077	0.5689619782	0.0056896198
21.5769230769	0.5737367715	0.0057373677
21.5961538462	0.5784301630	0.0057843016
21.6153846154	0.5830416224	0.0058304162
21.6346153846	0.5875706302	0.0058757063
21.6538461538	0.5920166777	0.0059201668
21.6730769231	0.5963792677	0.0059637927
21.6923076923	0.6006579139	0.0060065791
21.7115384615	0.6048521413	0.0060485214
21.7307692308	0.6089614857	0.0060896149
21.7500000000	0.6129854943	0.0061298549
21.7692307692	0.6169237255	0.0061692373
21.7884615385	0.6207757487	0.0062077575
21.8076923077	0.6245411445	0.0062454114
21.8269230769	0.6282195048	0.0062821950
21.8461538462	0.6318104324	0.0063181043
21.8653846154	0.6353135418	0.0063531354
21.8846153846	0.6387284583	0.0063872846
21.9038461538	0.6420548189	0.0064205482
21.9230769231	0.6452922717	0.0064529227
21.9423076923	0.6484404765	0.0064844048
21.9615384615	0.6514991043	0.0065149910
21.9807692308	0.6544678380	0.0065446784
22.0000000000	0.6573463721	0.0065734637
22.0192307692	0.6601344129	0.0066013441
22.0384615385	0.6628316785	0.0066283168
22.0576923077	0.6654378991	0.0066543790
22.0769230769	0.6679528169	0.0066795282
22.0961538462	0.6703761864	0.0067037619
22.1153846154	0.6727077741	0.0067270777
22.1346153846	0.6749473589	0.0067494736
22.1538461538	0.6770947320	0.0067709473
22.1730769231	0.6791496970	0.0067914970
22.1923076923	0.6811120698	0.0068111207
22.2115384615	0.6829816786	0.0068298168
22.2307692308	0.6847583637	0.0068475836
22.2500000000	0.6864419775	0.0068644198
22.2692307692	0.6880323845	0.0068803238
22.2884615385	0.6895294607	0.0068952946
22.3076923077	0.6909330937	0.0069093309
22.3269230769	0.6922431821	0.0069224318
22.3461538462	0.6934596356	0.0069345964
22.3653846154	0.6945823740	0.0069458237
22.3846153846	0.6956113271	0.0069561133
22.4038461538	0.6965464341	0.0069654643
22.4230769231	0.6973876433	0.0069738764
22.4423076923	0.6981349107	0.0069813491
22.4615384615	0.6987882004	0.0069878820
22.4807692308	0.6993474831	0.0069934748
22.5000000000	0.6998127354	0.0069981274
22.5192307692	0.7001839395	0.0070018394
22.5384615385	0.7004610820	0.0070046108
22.5576923077	0.7006441532	0.0070064415
22.5769230769	0.7007331459	0.0070073315
22.5961538462	0.7007280551	0.0070072806
22.6153846154	0.7006288769	0.0070062888
22.6346153846	0.7004356073	0.0070043561
22.6538461538	0.7001482420	0.0070014824
22.6730769231	0.6997667749	0.0069976677
22.6923076923	0.6992911981	0.0069929120
22.7115384615	0.6987215003	0.0069872150
22.7307692308	0.6980576669	0.0069805767
22.7500000000	0.6972996790	0.0069729968
22.7692307692	0.6964475129	0.0069644751
22.7884615385	0.6955011398	0.0069550114
22.8076923077	0.6944605253	0.0069446053
22.8269230769	0.6933256294	0.0069332563
22.8461538462	0.6920964062	0.0069209641
22.8653846154	0.6907728039	0.0069077280
22.8846153846	0.6893547649	0.0068935476
22.9038461538	0.6878422262	0.0068784223
22.9230769231	0.6862351199	0.0068623512
22.9423076923	0.6845333732	0.0068453337
22.9615384615	0.6827369097	0.0068273691
22.9807692308	0.6808456499	0.0068084565
23.0000000000	0.6788595121	0.0067885951
23.0192307692	0.6767784138	0.0067677841
23.0384615385	0.6746022726	0.0067460227
23.0576923077	0.6723310078	0.0067233101
23.0769230769	0.6699645418	0.0066996454
23.0961538462	0.6675028018	0.0066750280
23.1153846154	0.6649457212	0.0066494572
23.1346153846	0.6622932419	0.0066229324
23.1538461538	0.6595453160	0.0065954532
23.1730769231	0.6567019077	0.0065670191
23.1923076923	0.6537629953	0.0065376300
23.2115384615	0.6507285735	0.0065072857
23.2307692308	0.6475986556	0.0064759866
23.2500000000	0.6443732752	0.0064437328
23.2692307692	0.6410524887	0.0064105249
23.2884615385	0.6376363775	0.0063763638
23.3076923077	0.6341250497	0.0063412505
23.3269230769	0.6305186425	0.0063051864
23.3461538462	0.6268173239	0.0062681732
23.3653846154	0.6230212949	0.0062302129
23.3846153846	0.6191307908	0.0061913079
23.4038461538	0.6151460833	0.0061514608
23.4230769231	0.6110674817	0.0061106748
23.4423076923	0.6068953345	0.0060689533
23.4615384615	0.6026300303	0.0060263003
23.4807692308	0.5982719990	0.0059827200
23.5000000000	0.5938217126	0.0059382171
23.5192307692	0.5892796858	0.0058927969
23.5384615385	0.5846464762	0.0058464648
23.5576923077	0.5799226848	0.0057992268
23.5769230769	0.5751089557	0.0057510896
23.5961538462	0.5702059761	0.0057020598
23.6153846154	0.5652144754	0.0056521448
23.6346153846	0.5601352247	0.0056013522
23.6538461538	0.5549690359	0.0055496904
23.6730769231	0.5497167604	0.0054971676
23.6923076923	0.5443792878	0.0054437929
23.7115384615	0.5389575440	0.0053895754
23.7307692308	0.5334524899	0.0053345249
23.7500000000	0.5278651187	0.0052786512
23.7692307692	0.5221964545	0.0052219645
23.7884615385	0.5164475494	0.0051644755
23.8076923077	0.5106194813	0.0051061948
23.8269230769	0.5047133512	0.0050471335
23.8461538462	0.4987302803	0.0049873028
23.8653846154	0.4926714079	0.0049267141
23.8846153846	0.4865378877	0.0048653789
23.9038461538	0.4803308853	0.0048033089
23.9230769231	0.4740515756	0.0047405158
23.9423076923	0.4677011393	0.0046770114
23.9615384615	0.4612807605	0.0046128076
23.9807692308	0.4547916236	0.0045479162
24.0000000000	0.4482349108	0.0044823491
24.0192307692	0.4416117993	0.0044161180
24.0384615385	0.4349234588	0.0043492346
24.0576923077	0.4281710492	0.0042817105
24.0769230769	0.4213557185	0.0042135572
24.0961538462	0.4144786004	0.0041447860
24.1153846154	0.4075408129	0.0040754081
24.1346153846	0.4005434566	0.0040054346
24.1538461538	0.3934876129	0.0039348761
24.1730769231	0.3863743437	0.0038637434
24.1923076923	0.3792046898	0.0037920469
24.2115384615	0.3719796705	0.0037197967
24.2307692308	0.3647002835	0.0036470028
24.2500000000	0.3573675047	0.0035736750
24.2692307692	0.3499822882	0.0034998229
24.2884615385	0.3425455670	0.0034254557
24.3076923077	0.3350582538	0.0033505825
24.3269230769	0.3275212420	0.0032752124
24.3461538462	0.3199354068	0.0031993541
24.3653846154	0.3123016070	0.0031230161
24.3846153846	0.3046206867	0.0030462069
24.4038461538	0.2968934771	0.0029689348
24.4230769231	0.2891207988	0.0028912080
24.4423076923	0.2813034645	0.0028130346
24.4615384615	0.2734422812	0.0027344228
24.4807692308	0.2655380527	0.0026553805
24.5000000000	0.2575915831	0.0025759158
24.5192307692	0.2496036791	0.0024960368
24.5384615385	0.2415751533	0.0024157515
24.5576923077	0.2335068271	0.0023350683
24.5769230769	0.2253995340	0.0022539953
24.5961538462	0.2172541222	0.0021725412
24.6153846154	0.2090714580	0.0020907146
24.6346153846	0.2008524289	0.0020085243
24.6538461538	0.1925979458	0.0019259795
24.6730769231	0.1843089465	0.0018430895
24.6923076923	0.1759863979	0.0017598640
24.7115384615	0.1676312986	0.0016763130
24.7307692308	0.1592446811	0.0015924468
24.7500000000	0.1508276140	0.0015082761
24.7692307692	0.1423812035	0.0014238120
24.7884615385	0.1339065955	0.0013390660
24.8076923077	0.1254049768	0.0012540498
24.8269230769	0.1168775756	0.0011687758
24.8461538462	0.1083256632	0.0010832566
24.8653846154	0.0997505538	0.0009975055
24.8846153846	0.0911536049	0.0009115360
24.9038461538	0.0825362175	0.0008253622
24.9230769231	0.0738998349	0.0007389983
24.9423076923	0.0652459429	0.0006524594
24.9615384615	0.0565760681	0.0005657607
24.9807692308	0.0478917769	0.0004789178
25.0000000000	0.0391946738	0.0003919467
25.0192307692	0.0304863997	0.0003048640
25.0384615385	0.0217686293	0.0002176863
25.0576923077	0.0130430694	0.0001304307
25.0769230769	0.0043114556	0.0000431146
25.0961538462	-0.0044244500	-0.0000442445
25.1153846154	-0.0131628619	-0.0001316286
25.1346153846	-0.0219019747	-0.0002190197
25.1538461538	-0.0306399659	-0.0003063997
25.1730769231	-0.0393749996	-0.0003937500
25.1923076923	-0.0481052300	-0.0004810523
25.2115384615	-0.0568288048	-0.0005682880
25.2307692308	-0.0655438688	-0.0006554387
25.2500000000	-0.0742485677	-0.0007424857
25.2692307692	-0.0829410514	-0.0008294105
25.2884615385	-0.0916194774	-0.0009161948
25.3076923077	-0.1002820147	-0.0010028201
25.3269230769	-0.1089268466	-0.0010892685
25.3461538462	-0.1175521742	-0.0011755217
25.3653846154	-0.1261562192	-0.0012615622
25.3846153846	-0.1347372270	-0.0013473723
25.4038461538	-0.1432934689	-0.0014329347
25.4230769231	-0.1518232452	-0.0015182325
25.4423076923	-0.1603248866	-0.0016032489
25.4615384615	-0.1687967568	-0.0016879676
25.4807692308	-0.1772372539	-0.0017723725
25.5000000000	-0.1856448117	-0.0018564481
25.5192307692	-0.1940179009	-0.0019401790
25.5384615385	-0.2023550300	-0.0020235503
25.5576923077	-0.2106547460	-0.0021065475
25.5769230769	-0.2189156343	-0.0021891563
25.5961538462	-0.2271363188	-0.0022713632
25.6153846154	-0.2353154618	-0.0023531546
25.6346153846	-0.2434517632	-0.0024345176
25.6538461538	-0.2515439599	-0.0025154396
25.6730769231	-0.2595908244	-0.0025959082
25.6923076923	-0.2675911639	-0.0026759116
25.7115384615	-0.2755438184	-0.0027554382
25.7307692308	-0.2834476594	-0.0028344766
25.7500000000	-0.2913015876	-0.0029130159
25.7692307692	-0.2991045311	-0.0029910453
25.7884615385	-0.3068554435	-0.0030685544
25.8076923077	-0.3145533011	-0.0031455330
25.8269230769	-0.3221971009	-0.0032219710
25.8461538462	-0.3297858585	-0.0032978586
25.8653846154	-0.3373186052	-0.0033731861
25.8846153846	-0.3447943859	-0.0034479439
25.9038461538	-0.3522122567	-0.0035221226
25.9230769231	-0.3595712830	-0.0035957128
25.9423076923	-0.3668705366	-0.0036687054
25.9615384615	-0.3741090942	-0.0037410909
25.9807692308	-0.3812860356	-0.0038128604
26.0000000000	-0.3884004412	-0.0038840044
26.0192307692	-0.3954513914	-0.0039545139
26.0384615385	-0.4024379643	-0.0040243796
26.0576923077	-0.4093592353	-0.0040935924
26.0769230769	-0.4162142759	-0.0041621428
26.0961538462	-0.4230021529	-0.0042300215
26.1153846154	-0.4297219281	-0.0042972193
26.1346153846	-0.4363726584	-0.0043637266
26.1538461538	-0.4429533954	-0.0044295340
26.1730769231	-0.4494631866	-0.0044946319
26.1923076923	-0.4559010752	-0.0045590108
26.2115384615	-0.4622661016	-0.0046226610
26.2307692308	-0.4685573047	-0.0046855730
26.2500000000	-0.4747737229	-0.0047477372
26.2692307692	-0.4809143962	-0.0048091440
26.2884615385	-0.4869783678	-0.0048697837
26.3076923077	-0.4929646868	-0.0049296469
26.3269230769	-0.4988724097	-0.0049887241
26.3461538462	-0.5047006040	-0.0050470060
26.3653846154	-0.5104483496	-0.0051044835
26.3846153846	-0.5161147427	-0.0051611474
26.4038461538	-0.5216988981	-0.0052169890
26.4230769231	-0.5271999520	-0.0052719995
26.4423076923	-0.5326170655	-0.0053261707
26.4615384615	-0.5379494271	-0.0053794943
26.4807692308	-0.5431962560	-0.0054319626
26.5000000000	-0.5483568048	-0.0054835680
26.5192307692	-0.5534303623	-0.0055343036
26.5384615385	-0.5584162565	-0.0055841626
26.5576923077	-0.5633138569	-0.0056331386
26.5769230769	-0.5681225768	-0.0056812258
26.5961538462	-0.5728418760	-0.0057284188
26.6153846154	-0.5774712623	-0.0057747126
26.6346153846	-0.5820102933	-0.0058201029
26.6538461538	-0.5864585780	-0.0058645858
26.6730769231	-0.5908157780	-0.0059081578
26.6923076923	-0.5950816080	-0.0059508161
26.7115384615	-0.5992558367	-0.0059925584
26.7307692308	-0.6033382870	-0.0060333829
26.7500000000	-0.6073288355	-0.0060732884
26.7692307692	-0.6112274122	-0.0061122741
26.7884615385	-0.6150339996	-0.0061503400
26.8076923077	-0.6187486316	-0.0061874863
26.8269230769	-0.6223713916	-0.0062237139
26.8461538462	-0.6259024108	-0.0062590241
26.8653846154	-0.6293418658	-0.0062934187
26.8846153846	-0.6326899762	-0.0063268998
26.9038461538	-0.6359470013	-0.0063594700
26.9230769231	-0.6391132371	-0.0063911324
26.9423076923	-0.6421890127	-0.0064218901
26.9615384615	-0.6451746867	-0.0064517469
26.9807692308	-0.6480706430	-0.0064807064
27.0000000000	-0.6508772866	-0.0065087729
27.0192307692	-0.6535950395	-0.0065359504
27.0384615385	-0.6562243357	-0.0065622434
27.0576923077	-0.6587656170	-0.0065876562
27.0769230769	-0.6612193282	-0.0066121933
27.0961538462	-0.6635859122	-0.0066358591
27.1153846154	-0.6658658055	-0.0066586581
27.1346153846	-0.6680594331	-0.0066805943
27.1538461538	-0.6701672044	-0.0067016720
27.1730769231	-0.6721895081	-0.0067218951
27.1923076923	-0.6741267082	-0.0067412671
27.2115384615	-0.6759791395	-0.0067597914
27.2307692308	-0.6777471038	-0.0067774710
27.2500000000	-0.6794308659	-0.0067943087
27.2692307692	-0.6810306502	-0.0068103065
27.2884615385	-0.6825466376	-0.0068254664
27.3076923077	-0.6839789621	-0.0068397896
27.3269230769	-0.6853277088	-0.0068532771
27.3461538462	-0.6865929116	-0.0068659291
27.3653846154	-0.6877745511	-0.0068777455
27.3846153846	-0.6888725534	-0.0068887255
27.4038461538	-0.6898867891	-0.0068988679
27.4230769231	-0.6908170726	-0.0069081707
27.4423076923	-0.6916631623	-0.0069166316
27.4615384615	-0.6924247602	-0.0069242476
27.4807692308	-0.6931015135	-0.0069310151
27.5000000000	-0.6936930149	-0.0069369301
27.5192307692	-0.6941988047	-0.0069419880
27.5384615385	-0.6946183724	-0.0069461837
27.5576923077	-0.6949511594	-0.0069495116
27.5769230769	-0.6951965612	-0.0069519656
27.5961538462	-0.6953539312	-0.0069535393
27.6153846154	-0.6954225832	-0.0069542258
27.6346153846	-0.6954017961	-0.0069540180
27.6538461538	-0.6952908171	-0.0069529082
27.6730769231	-0.6950888664	-0.0069508887
27.6923076923	-0.6947951414	-0.0069479514
27.7115384615	-0.6944088216	-0.0069440882
27.7307692308	-0.6939290733	-0.0069392907
27.7500000000	-0.6933550547	-0.0069335505
27.7692307692	-0.6926859205	-0.0069268592
27.7884615385	-0.6919208274	-0.0069192083
27.8076923077	-0.6910589392	-0.0069105894
27.8269230769	-0.6900994315	-0.0069009943
27.8461538462	-0.6890414971	-0.0068904150
27.8653846154	-0.6878843507	-0.0068788435
27.8846153846	-0.6866272338	-0.0068662723
27.9038461538	-0.6852694193	-0.0068526942
27.9230769231	-0.6838102160	-0.0068381022
27.9423076923	-0.6822489727	-0.0068224897
27.9615384615	-0.6805850824	-0.0068058508
27.9807692308	-0.6788179860	-0.0067881799
28.0000000000	-0.6769471756	-0.0067694718
28.0192307692	-0.6749721975	-0.0067497220
28.0384615385	-0.6728926556	-0.0067289266
28.0576923077	-0.6707082130	-0.0067070821
28.0769230769	-0.6684185949	-0.0066841859
28.0961538462	-0.6660235898	-0.0066602359
28.1153846154	-0.6635230510	-0.0066352305
28.1346153846	-0.6609168979	-0.0066091690
28.1538461538	-0.6582051161	-0.0065820512
28.1730769231	-0.6553877580	-0.0065538776
28.1923076923	-0.6524649426	-0.0065246494
28.2115384615	-0.6494368551	-0.0064943686
28.2307692308	-0.6463037461	-0.0064630375
28.2500000000	-0.6430659302	-0.0064306593
28.2692307692	-0.6397237848	-0.0063972378
28.2884615385	-0.6362777485	-0.0063627775
28.3076923077	-0.6327283186	-0.0063272832
28.3269230769	-0.6290760493	-0.0062907605
28.3461538462	-0.6253215490	-0.0062532155
28.3653846154	-0.6214654775	-0.0062146548
28.3846153846	-0.6175085432	-0.0061750854
28.4038461538	-0.6134515002	-0.0061345150
28.4230769231	-0.6092951450	-0.0060929514
28.4423076923	-0.6050403132	-0.0060504031
28.4615384615	-0.6006878764	-0.0060068788
28.4807692308	-0.5962387386	-0.0059623874
28.5000000000	-0.5916938330	-0.0059169383
28.5192307692	-0.5870541188	-0.0058705412
28.5384615385	-0.5823205775	-0.0058232058
28.5576923077	-0.5774942100	-0.0057749421
28.5769230769	-0.5725760335	-0.0057257603
28.5961538462	-0.5675670784	-0.0056756708
28.6153846154	-0.5624683852	-0.0056246839
28.6346153846	-0.5572810025	-0.0055728100
28.6538461538	-0.5520059836	-0.0055200598
28.6730769231	-0.5466443850	-0.0054664438
28.6923076923	-0.5411972636	-0.0054119726
28.7115384615	-0.5356656754	-0.0053566568
28.7307692308	-0.5300506734	-0.0053005067
28.7500000000	-0.5243533065	-0.0052435331
28.7692307692	-0.5185746182	-0.0051857462
28.7884615385	-0.5127156455	-0.0051271565
28.8076923077	-0.5067774186	-0.0050677742
28.8269230769	-0.5007609603	-0.0050076096
28.8461538462	-0.4946672855	-0.0049466729
28.8653846154	-0.4884974018	-0.0048849740
28.8846153846	-0.4822523095	-0.0048225231
28.9038461538	-0.4759330018	-0.0047593300
28.9230769231	-0.4695404662	-0.0046954047
28.9423076923	-0.4630756845	-0.0046307568
28.9615384615	-0.4565396345	-0.0045653963
28.9807692308	-0.4499332912	-0.0044993329
29.0000000000	-0.4432576275	-0.0044325763
29.0192307692	-0.4365136166	-0.0043651362
29.0384615385	-0.4297022327	-0.0042970223
29.0576923077	-0.4228244532	-0.0042282445
29.0769230769	-0.4158812603	-0.0041588126
29.0961538462	-0.4088736427	-0.0040887364
29.1153846154	-0.4018025972	-0.0040180260
29.1346153846	-0.3946691307	-0.0039466913
29.1538461538	-0.3874742620	-0.0038747426
29.1730769231	-0.3802190232	-0.0038021902
29.1923076923	-0.3729044615	-0.0037290446
29.2115384615	-0.3655316409	-0.0036553164
29.2307692308	-0.3581016433	-0.0035810164
29.2500000000	-0.3506155703	-0.0035061557
29.2692307692	-0.3430745440	-0.0034307454
29.2884615385	-0.3354797084	-0.0033547971
29.3076923077	-0.3278322299	-0.0032783223
29.3269230769	-0.3201332988	-0.0032013330
29.3461538462	-0.3123841290	-0.0031238413
29.3653846154	-0.3045859591	-0.0030458596
29.3846153846	-0.2967400523	-0.0029674005
29.4038461538	-0.2888476966	-0.0028884770
29.4230769231	-0.2809102046	-0.0028091020
29.4423076923	-0.2729289131	-0.0027292891
29.4615384615	-0.2649051826	-0.0026490518
29.4807692308	-0.2568403971	-0.0025684040
29.5000000000	-0.2487359623	-0.0024873596
29.5192307692	-0.2405933055	-0.0024059331
29.5384615385	-0.2324138739	-0.0023241387
29.5576923077	-0.2241991334	-0.0022419913
29.5769230769	-0.2159505673	-0.0021595057
29.5961538462	-0.2076696744	-0.0020766967
29.6153846154	-0.1993579677	-0.0019935797
29.6346153846	-0.1910169724	-0.0019101697
29.6538461538	-0.1826482239	-0.0018264822
29.6730769231	-0.1742532664	-0.0017425327
29.6923076923	-0.1658336502	-0.0016583365
29.7115384615	-0.1573909303	-0.0015739093
29.7307692308	-0.1489266645	-0.0014892666
29.7500000000	-0.1404424106	-0.0014044241
29.7692307692	-0.1319397253	-0.0013193973
29.7884615385	-0.1234201618	-0.0012342016
29.8076923077	-0.1148852682	-0.0011488527
29.8269230769	-0.1063365851	-0.0010633659
29.8461538462	-0.0977756448	-0.0009777564
29.8653846154	-0.0892039688	-0.0008920397
29.8846153846	-0.0806230668	-0.0008062307
29.9038461538	-0.0720344350	-0.0007203443
29.9230769231	-0.0634395550	-0.0006343955
29.9423076923	-0.0548398925	-0.0005483989
29.9615384615	-0.0462368966	-0.0004623690
29.9807692308	-0.0376319986	-0.0003763200
30.0000000000	-0.0290266115	-0.0002902661
30.0192307692	-0.0204221294	-0.0002042213
30.0384615385	-0.0118199273	-0.0001181993
30.0576923077	-0.0032213605	-0.0000322136
30.0769230769	0.0053722349	0.0000537223
30.0961538462	0.0139595425	0.0001395954
30.1153846154	0.0225392649	0.0002253926
30.1346153846	0.0311101234	0.0003111012
30.1538461538	0.0396708576	0.0003967086
30.1730769231	0.0482202246	0.0004822022
30.1923076923	0.0567569983	0.0005675700
30.2115384615	0.0652799684	0.0006527997
30.2307692308	0.0737879396	0.0007378794
30.2500000000	0.0822797301	0.0008227973
30.2692307692	0.0907541709	0.0009075417
30.2884615385	0.0992101043	0.0009921010
30.3076923077	0.1076463827	0.0010764638
30.3269230769	0.1160618674	0.0011606187
30.3461538462	0.1244554269	0.0012445543
30.3653846154	0.1328259361	0.0013282594
30.3846153846	0.1411722744	0.0014117227
30.4038461538	0.1494933248	0.0014949332
30.4230769231	0.1577879726	0.0015778797
30.4423076923	0.1660551038	0.0016605510
30.4615384615	0.1742936044	0.0017429360
30.4807692308	0.1825023589	0.0018250236
30.5000000000	0.1906802498	0.0019068025
30.5192307692	0.1988261559	0.0019882616
30.5384615385	0.2069389523	0.0020693895
30.5576923077	0.2150175092	0.0021501751
30.5769230769	0.2230606914	0.0022306069
30.5961538462	0.2310673580	0.0023106736
30.6153846154	0.2390363617	0.0023903636
30.6346153846	0.2469665492	0.0024696655
30.6538461538	0.2548567604	0.0025485676
30.6730769231	0.2627058293	0.0026270583
30.6923076923	0.2705125836	0.0027051258
30.7115384615	0.2782758450	0.0027827585
30.7307692308	0.2859944304	0.0028599443
30.7500000000	0.2936671519	0.0029366715
30.7692307692	0.3012928177	0.0030129282
30.7884615385	0.3088702332	0.0030887023
30.8076923077	0.3163982018	0.0031639820
30.8269230769	0.3238755261	0.0032387553
30.8461538462	0.3313010091	0.0033130101
30.8653846154	0.3386734558	0.0033867346
30.8846153846	0.3459916742	0.0034599167
30.9038461538	0.3532544772	0.0035325448
30.9230769231	0.3604606838	0.0036046068
30.9423076923	0.3676091211	0.0036760912
30.9615384615	0.3746986259	0.0037469863
30.9807692308	0.3817280462	0.0038172805
31.0000000000	0.3886962433	0.0038869624
31.0192307692	0.3956020934	0.0039560209
31.0384615385	0.4024444891	0.0040244449
31.0576923077	0.4092223419	0.0040922234
31.0769230769	0.4159345833	0.0041593458
31.0961538462	0.4225801667	0.0042258017
31.1153846154	0.4291580692	0.0042915807
31.1346153846	0.4356672933	0.0043566729
31.1538461538	0.4421068682	0.0044210687
31.1730769231	0.4484758517	0.0044847585
31.1923076923	0.4547733312	0.0045477333
31.2115384615	0.4609984255	0.0046099843
31.2307692308	0.4671502857	0.0046715029
31.2500000000	0.4732280968	0.0047322810
31.2692307692	0.4792310782	0.0047923108
31.2884615385	0.4851584849	0.0048515848
31.3076923077	0.4910096088	0.0049100961
31.3269230769	0.4967837785	0.0049678378
31.3461538462	0.5024803606	0.0050248036
31.3653846154	0.5080987599	0.0050809876
31.3846153846	0.5136384197	0.0051363842
31.4038461538	0.5190988220	0.0051909882
31.4230769231	0.5244794876	0.0052447949
31.4423076923	0.5297799761	0.0052977998
31.4615384615	0.5349998854	0.0053499989
31.4807692308	0.5401388515	0.0054013885
31.5000000000	0.5451965482	0.0054519655
31.5192307692	0.5501726860	0.0055017269
31.5384615385	0.5550670120	0.0055506701
31.5576923077	0.5598793083	0.0055987931
31.5769230769	0.5646093913	0.0056460939
31.5961538462	0.5692571108	0.0056925711
31.6153846154	0.5738223483	0.0057382235
31.6346153846	0.5783050158	0.0057830502
31.6538461538	0.5827050543	0.0058270505
31.6730769231	0.5870224324	0.0058702243
31.6923076923	0.5912571440	0.0059125714
31.7115384615	0.5954092073	0.0059540921
31.7307692308	0.5994786621	0.0059947866
31.7500000000	0.6034655684	0.0060346557
31.7692307692	0.6073700042	0.0060737000
31.7884615385	0.6111920632	0.0061119206
31.8076923077	0.6149318526	0.0061493185
31.8269230769	0.6185894913	0.0061858949
31.8461538462	0.6221651068	0.0062216511
31.8653846154	0.6256588338	0.0062565883
31.8846153846	0.6290708110	0.0062907081
31.9038461538	0.6324011794	0.0063240118
31.9230769231	0.6356500792	0.0063565008
31.9423076923	0.6388176481	0.0063881765
31.9615384615	0.6419040184	0.0064190402
31.9807692308	0.6449093148	0.0064490931
32.0000000000	0.6478336521	0.0064783365
32.0192307692	0.6506771329	0.0065067713
32.0384615385	0.6534398451	0.0065343985
32.0576923077	0.6561218601	0.0065612186
32.0769230769	0.6587232303	0.0065872323
32.0961538462	0.6612439873	0.0066124399
32.1153846154	0.6636841397	0.0066368414
32.1346153846	0.6660436717	0.0066604367
32.1538461538	0.6683225409	0.0066832254
32.1730769231	0.6705206768	0.0067052068
32.1923076923	0.6726379797	0.0067263798
32.2115384615	0.6746743189	0.0067467432
32.2307692308	0.6766295318	0.0067662953
32.2500000000	0.6785034229	0.0067850342
32.2692307692	0.6802957628	0.0068029576
32.2884615385	0.6820062880	0.0068200629
32.3076923077	0.6836346999	0.0068363470
32.3269230769	0.6851806650	0.0068518066
32.3461538462	0.6866438145	0.0068664381
32.3653846154	0.6880237450	0.0068802374
32.3846153846	0.6893200182	0.0068932002
32.4038461538	0.6905321620	0.0069053216
32.4230769231	0.6916596712	0.0069165967
32.4423076923	0.6927020085	0.0069270201
32.4615384615	0.6936586056	0.0069365861
32.4807692308	0.6945288651	0.0069452887
32.5000000000	0.6953121617	0.0069531216
32.5192307692	0.6960078442	0.0069600784
32.5384615385	0.6966152379	0.0069661524
32.5576923077	0.6971336466	0.0069713365
32.5769230769	0.6975623550	0.0069756235
32.5961538462	0.6979006315	0.0069790063
32.6153846154	0.6981477312	0.0069814773
32.6346153846	0.6983028982	0.0069830290
32.6538461538	0.6983653693	0.0069836537
32.6730769231	0.6983343772	0.0069833438
32.6923076923	0.6982091534	0.0069820915
32.7115384615	0.6979889317	0.0069798893
32.7307692308	0.6976729522	0.0069767295
32.7500000000	0.6972604639	0.0069726046
32.7692307692	0.6967507292	0.0069675073
32.7884615385	0.6961430268	0.0069614303
32.8076923077	0.6954366554	0.0069543666
32.8269230769	0.6946309374	0.0069463094
32.8461538462	0.6937252222	0.0069372522
32.8653846154	0.6927188896	0.0069271889
32.8846153846	0.6916113530	0.0069161135
32.9038461538	0.6904020629	0.0069040206
32.9230769231	0.6890905094	0.0068909051
32.9423076923	0.6876762256	0.0068767623
32.9615384615	0.6861587901	0.0068615879
32.9807692308	0.6845378294	0.0068453783
33.0000000000	0.6828130203	0.0068281302
33.0192307692	0.6809840922	0.0068098409
33.0384615385	0.6790508285	0.0067905083
33.0576923077	0.6770130684	0.0067701307
33.0769230769	0.6748707085	0.0067487071
33.0961538462	0.6726237034	0.0067262370
33.1153846154	0.6702720669	0.0067027207
33.1346153846	0.6678158720	0.0066781587
33.1538461538	0.6652552519	0.0066525525
33.1730769231	0.6625903990	0.0066259040
33.1923076923	0.6598215653	0.0065982157
33.2115384615	0.6569490615	0.0065694906
33.2307692308	0.6539732560	0.0065397326
33.2500000000	0.6508945737	0.0065089457
33.2692307692	0.6477134951	0.0064771350
33.2884615385	0.6444305536	0.0064443055
33.3076923077	0.6410463348	0.0064104633
33.3269230769	0.6375614732	0.0063756147
33.3461538462	0.6339766507	0.0063397665
33.3653846154	0.6302925938	0.0063029259
33.3846153846	0.6265100707	0.0062651007
33.4038461538	0.6226298888	0.0062262989
33.4230769231	0.6186528913	0.0061865289
33.4423076923	0.6145799546	0.0061457995
33.4615384615	0.6104119849	0.0061041198
33.4807692308	0.6061499151	0.0060614992
33.5000000000	0.6017947015	0.0060179470
33.5192307692	0.5973473202	0.0059734732
33.5384615385	0.5928087649	0.0059280876
33.5576923077	0.5881800424	0.0058818004
33.5769230769	0.5834621706	0.0058346217
33.5961538462	0.5786561747	0.0057865617
33.6153846154	0.5737630849	0.0057376308
33.6346153846	0.5687839330	0.0056878393
33.6538461538	0.5637197503	0.0056371975
33.6730769231	0.5585715647	0.0055857156
33.6923076923	0.5533403987	0.0055334040
33.7115384615	0.5480272673	0.0054802727
33.7307692308	0.5426331760	0.0054263318
33.7500000000	0.5371591192	0.0053715912
33.7692307692	0.5316060787	0.0053160608
33.7884615385	0.5259750228	0.0052597502
33.8076923077	0.5202669051	0.0052026691
33.8269230769	0.5144826639	0.0051448266
33.8461538462	0.5086232219	0.0050862322
33.8653846154	0.5026894858	0.0050268949
33.8846153846	0.4966823466	0.0049668235
33.9038461538	0.4906026796	0.0049060268
33.9230769231	0.4844513453	0.0048445135
33.9423076923	0.4782291899	0.0047822919
33.9615384615	0.4719370462	0.0047193705
33.9807692308	0.4655757351	0.0046557574
34.0000000000	0.4591460665	0.0045914607
34.0192307692	0.4526488411	0.0045264884
34.0384615385	0.4460848519	0.0044608485
34.0576923077	0.4394548861	0.0043945489
34.0769230769	0.4327597267	0.0043275973
34.0961538462	0.4260001549	0.0042600015
34.1153846154	0.4191769515	0.0041917695
34.1346153846	0.4122908996	0.0041229090
34.1538461538	0.4053427863	0.0040534279
34.1730769231	0.3983334047	0.0039833340
34.1923076923	0.3912635565	0.0039126356
34.2115384615	0.3841340531	0.0038413405
34.2307692308	0.3769457185	0.0037694572
34.2500000000	0.3696993904	0.0036969939
34.2692307692	0.3623959225	0.0036239592
34.2884615385	0.3550361858	0.0035503619
34.3076923077	0.3476210701	0.0034762107
34.3269230769	0.3401514855	0.0034015149
34.3461538462	0.3326283636	0.0033262836
34.3653846154	0.3250526584	0.0032505266
34.3846153846	0.3174253469	0.0031742535
34.4038461538	0.3097474303	0.0030974743
34.4230769231	0.3020199339	0.0030201993
34.4423076923	0.2942439078	0.0029424391
34.4615384615	0.2864204264	0.0028642043
34.4807692308	0.2785505888	0.0027855059
34.5000000000	0.2706355182	0.0027063552
34.5192307692	0.2626763613	0.0026267636
34.5384615385	0.2546742877	0.0025467429
34.5576923077	0.2466304891	0.0024663049
34.5769230769	0.2385461781	0.0023854618
34.5961538462	0.2304225873	0.0023042259
34.6153846154	0.2222609676	0.0022226097
34.6346153846	0.2140625870	0.0021406259
34.6538461538	0.2058287291	0.0020582873
34.6730769231	0.1975606917	0.0019756069
34.6923076923	0.1892597845	0.0018925978
34.7115384615	0.1809273283	0.0018092733
34.7307692308	0.1725646525	0.0017256465
34.7500000000	0.1641730938	0.0016417309
34.7692307692	0.1557539945	0.0015575399
34.7884615385	0.1473087008	0.0014730870
34.8076923077	0.1388385611	0.0013883856
34.8269230769	0.1303449247	0.0013034492
34.8461538462	0.1218291404	0.0012182914
34.8653846154	0.1132925550	0.0011329256
34.8846153846	0.1047365123	0.0010473651
34.9038461538	0.0961623521	0.0009616235
34.9230769231	0.0875714095	0.0008757141
34.9423076923	0.0789650138	0.0007896501
34.9615384615	0.0703444886	0.0007034449
34.9807692308	0.0617111511	0.0006171115
35.0000000000	0.0530663119	0.0005306631
35.0192307692	0.0444112758	0.0004441128
35.0384615385	0.0357473411	0.0003574734
35.0576923077	0.0270758009	0.0002707580
35.0769230769	0.0183979435	0.0001839794
35.0961538462	0.0097150532	0.0000971505
35.1153846154	0.0010284115	0.0000102841
35.1346153846	-0.0076607018	-0.0000766070
35.1538461538	-0.0163510071	-0.0001635101
35.1730769231	-0.0250412235	-0.0002504122
35.1923076923	-0.0337300672	-0.0003373007
35.2115384615	-0.0424162497	-0.0004241625
35.2307692308	-0.0510984760	-0.0005109848
35.2500000000	-0.0597754425	-0.0005977544
35.2692307692	-0.0684458354	-0.0006844584
35.2884615385	-0.0771083283	-0.0007710833
35.3076923077	-0.0857615808	-0.0008576158
35.3269230769	-0.0944042357	-0.0009440424
35.3461538462	-0.1030349182	-0.0010303492
35.3653846154	-0.1116522331	-0.0011165223
35.3846153846	-0.1202547638	-0.0012025476
35.4038461538	-0.1288410704	-0.0012884107
35.4230769231	-0.1374096885	-0.0013740969
35.4423076923	-0.1459591276	-0.0014595913
35.4615384615	-0.1544878708	-0.0015448787
35.4807692308	-0.1629943733	-0.0016299437
35.5000000000	-0.1714770622	-0.0017147706
35.5192307692	-0.1799343362	-0.0017993434
35.5384615385	-0.1883645655	-0.0018836457
35.5576923077	-0.1967660923	-0.0019676609
35.5769230769	-0.2051372311	-0.0020513723
35.5961538462	-0.2134762699	-0.0021347627
35.6153846154	-0.2217814713	-0.0022178147
35.6346153846	-0.2300510739	-0.0023005107
35.6538461538	-0.2382832946	-0.0023828329
35.6730769231	-0.2464763301	-0.0024647633
35.6923076923	-0.2546283603	-0.0025462836
35.7115384615	-0.2627375501	-0.0026273755
35.7307692308	-0.2708020535	-0.0027080205
35.7500000000	-0.2788200162	-0.0027882002
35.7692307692	-0.2867895795	-0.0028678958
35.7884615385	-0.2947088846	-0.0029470888
35.8076923077	-0.3025760759	-0.0030257608
35.8269230769	-0.3103893058	-0.0031038931
35.8461538462	-0.3181467394	-0.0031814674
35.8653846154	-0.3258465583	-0.0032584656
35.8846153846	-0.3334869662	-0.0033348697
35.9038461538	-0.3410661929	-0.0034106619
35.9230769231	-0.3485824999	-0.0034858250
35.9423076923	-0.3560341843	-0.0035603418
35.9615384615	-0.3634195845	-0.0036341958
35.9807692308	-0.3707370843	-0.0037073708
36.0000000000	-0.3779851178	-0.0037798512
36.0192307692	-0.3851621738	-0.0038516217
36.0384615385	-0.3922668000	-0.0039226680
36.0576923077	-0.3992976071	-0.0039929761
36.0769230769	-0.4062532731	-0.0040625327
36.0961538462	-0.4131325459	-0.0041313255
36.1153846154	-0.4199342475	-0.0041993425
36.1346153846	-0.4266572762	-0.0042665728
36.1538461538	-0.4333006098	-0.0043330061
36.1730769231	-0.4398633069	-0.0043986331
36.1923076923	-0.4463445093	-0.0044634451
36.2115384615	-0.4527434430	-0.0045274344
36.2307692308	-0.4590594192	-0.0045905942
36.2500000000	-0.4652918345	-0.0046529183
36.2692307692	-0.4714401706	-0.0047144017
36.2884615385	-0.4775039944	-0.0047750399
36.3076923077	-0.4834829563	-0.0048348296
36.3269230769	-0.4893767889	-0.0048937679
36.3461538462	-0.4951853051	-0.0049518531
36.3653846154	-0.5009083953	-0.0050090840
36.3846153846	-0.5065460251	-0.0050654603
36.4038461538	-0.5120982311	-0.0051209823
36.4230769231	-0.5175651180	-0.0051756512
36.4423076923	-0.5229468538	-0.0052294685
36.4615384615	-0.5282436656	-0.0052824367
36.4807692308	-0.5334558349	-0.0053345583
36.5000000000	-0.5385836919	-0.0053858369
36.5192307692	-0.5436276107	-0.0054362761
36.5384615385	-0.5485880034	-0.0054858800
36.5576923077	-0.5534653140	-0.0055346531
36.5769230769	-0.5582600130	-0.0055826001
36.5961538462	-0.5629725909	-0.0056297259
36.6153846154	-0.5676035520	-0.0056760355
36.6346153846	-0.5721534086	-0.0057215341
36.6538461538	-0.5766226744	-0.0057662267
36.6730769231	-0.5810118589	-0.0058101186
36.6923076923	-0.5853214609	-0.0058532146
36.7115384615	-0.5895519630	-0.0058955196
36.7307692308	-0.5937038261	-0.0059370383
36.7500000000	-0.5977774836	-0.0059777748
36.7692307692	-0.6017733366	-0.0060177334
36.7884615385	-0.6056917488	-0.0060569175
36.8076923077	-0.6095330425	-0.0060953304
36.8269230769	-0.6132974938	-0.0061329749
36.8461538462	-0.6169853295	-0.0061698533
36.8653846154	-0.6205967235	-0.0062059672
36.8846153846	-0.6241317941	-0.0062413179
36.9038461538	-0.6275906014	-0.0062759060
36.9230769231	-0.6309731456	-0.0063097315
36.9423076923	-0.6342793653	-0.0063427937
36.9615384615	-0.6375091371	-0.0063750914
36.9807692308	-0.6406622744	-0.0064066227
37.0000000000	-0.6437385280	-0.0064373853
37.0192307692	-0.6467375863	-0.0064673759
37.0384615385	-0.6496590767	-0.0064965908
37.0576923077	-0.6525025664	-0.0065250257
37.0769230769	-0.6552675649	-0.0065526756
37.0961538462	-0.6579535259	-0.0065795353
37.1153846154	-0.6605598502	-0.0066055985
37.1346153846	-0.6630858889	-0.0066308589
37.1538461538	-0.6655309466	-0.0066553095
37.1730769231	-0.6678942849	-0.0066789428
37.1923076923	-0.6701751271	-0.0067017513
37.2115384615	-0.6723726618	-0.0067237266
37.2307692308	-0.6744860476	-0.0067448605
37.2500000000	-0.6765144177	-0.0067651442
37.2692307692	-0.6784568846	-0.0067845688
37.2884615385	-0.6803125449	-0.0068031254
37.3076923077	-0.6820804839	-0.0068208048
37.3269230769	-0.6837597812	-0.0068375978
37.3461538462	-0.6853495144	-0.0068534951
37.3653846154	-0.6868487648	-0.0068684876
37.3846153846	-0.6882566216	-0.0068825662
37.4038461538	-0.6895721863	-0.0068957219
37.4230769231	-0.6907945769	-0.0069079458
37.4423076923	-0.6919229326	-0.0069192293
37.4615384615	-0.6929564168	-0.0069295642
37.4807692308	-0.6938942210	-0.0069389422
37.5000000000	-0.6947355682	-0.0069473557
37.5192307692	-0.6954797157	-0.0069547972
37.5384615385	-0.6961259575	-0.0069612596
37.5576923077	-0.6966736270	-0.0069667363
37.5769230769	-0.6971220985	-0.0069712210
37.5961538462	-0.6974707889	-0.0069747079
37.6153846154	-0.6977191589	-0.0069771916
37.6346153846	-0.6978667137	-0.0069786671
37.6538461538	-0.6979130037	-0.0069791300
37.6730769231	-0.6978576241	-0.0069785762
37.6923076923	-0.6977002151	-0.0069770022
37.7115384615	-0.6974404613	-0.0069744046
37.7307692308	-0.6970780905	-0.0069707809
37.7500000000	-0.6966128725	-0.0069661287
37.7692307692	-0.6960446182	-0.0069604462
37.7884615385	-0.6953731772	-0.0069537318
37.8076923077	-0.6945984361	-0.0069459844
37.8269230769	-0.6937203168	-0.0069372032
37.8461538462	-0.6927387734	-0.0069273877
37.8653846154	-0.6916537907	-0.0069165379
37.8846153846	-0.6904653807	-0.0069046538
37.9038461538	-0.6891735810	-0.0068917358
37.9230769231	-0.6877784516	-0.0068777845
37.9423076923	-0.6862800721	-0.0068628007
37.9615384615	-0.6846785399	-0.0068467854
37.9807692308	-0.6829739670	-0.0068297397
38.0000000000	-0.6811664777	-0.0068116648
38.0192307692	-0.6792562065	-0.0067925621
38.0384615385	-0.6772432959	-0.0067724330
38.0576923077	-0.6751278941	-0.0067512789
38.0769230769	-0.6729101536	-0.0067291015
38.0961538462	-0.6705902297	-0.0067059023
38.1153846154	-0.6681682788	-0.0066816828
38.1346153846	-0.6656444575	-0.0066564446
38.1538461538	-0.6630189219	-0.0066301892
38.1730769231	-0.6602918270	-0.0066029183
38.1923076923	-0.6574633265	-0.0065746333
38.2115384615	-0.6545335728	-0.0065453357
38.2307692308	-0.6515027173	-0.0065150272
38.2500000000	-0.6483709113	-0.0064837091
38.2692307692	-0.6451383064	-0.0064513831
38.2884615385	-0.6418050563	-0.0064180506
38.3076923077	-0.6383713177	-0.0063837132
38.3269230769	-0.6348372525	-0.0063483725
38.3461538462	-0.6312030292	-0.0063120303
38.3653846154	-0.6274688255	-0.0062746883
38.3846153846	-0.6236348304	-0.0062363483
38.4038461538	-0.6197012467	-0.0061970125
38.4230769231	-0.6156682938	-0.0061566829
38.4423076923	-0.6115362103	-0.0061153621
38.4615384615	-0.6073052570	-0.0060730526
38.4807692308	-0.6029757198	-0.0060297572
38.5000000000	-0.5985479125	-0.0059854791
38.5192307692	-0.5940221801	-0.0059402218
38.5384615385	-0.5893989012	-0.0058939890
38.5576923077	-0.5846784916	-0.0058467849
38.5769230769	-0.5798614063	-0.0057986141
38.5961538462	-0.5749481430	-0.0057494814
38.6153846154	-0.5699392438	-0.0056993924
38.6346153846	-0.5648352983	-0.0056483530
38.6538461538	-0.5596369453	-0.0055963695
38.6730769231	-0.5543448750	-0.0055434487
38.6923076923	-0.5489598306	-0.0054895983
38.7115384615	-0.5434826100	-0.0054348261
38.7307692308	-0.5379140666	-0.0053791407
38.7500000000	-0.5322551106	-0.0053225511
38.7692307692	-0.5265067094	-0.0052650671
38.7884615385	-0.5206698879	-0.0052066989
38.8076923077	-0.5147457286	-0.0051474573
38.8269230769	-0.5087353712	-0.0050873537
38.8461538462	-0.5026400119	-0.0050264001
38.8653846154	-0.4964609023	-0.0049646090
38.8846153846	-0.4901993487	-0.0049019935
38.9038461538	-0.4838567096	-0.0048385671
38.9230769231	-0.4774343945	-0.0047743439
38.9423076923	-0.4709338615	-0.0047093386
38.9615384615	-0.4643566147	-0.0046435661
38.9807692308	-0.4577042015	-0.0045770420
39.0000000000	-0.4509782100	-0.0045097821
39.0192307692	-0.4441802654	-0.0044418027
39.0384615385	-0.4373120267	-0.0043731203
39.0576923077	-0.4303751835	-0.0043037518
39.0769230769	-0.4233714519	-0.0042337145
39.0961538462	-0.4163025708	-0.0041630257
39.1153846154	-0.4091702981	-0.0040917030
39.1346153846	-0.4019764069	-0.0040197641
39.1538461538	-0.3947226809	-0.0039472268
39.1730769231	-0.3874109111	-0.0038741091
39.1923076923	-0.3800428914	-0.0038004289
39.2115384615	-0.3726204146	-0.0037262041
39.2307692308	-0.3651452688	-0.0036514527
39.2500000000	-0.3576192334	-0.0035761923
39.2692307692	-0.3500440756	-0.0035004408
39.2884615385	-0.3424215468	-0.0034242155
39.3076923077	-0.3347533792	-0.0033475338
39.3269230769	-0.3270412829	-0.0032704128
39.3461538462	-0.3192869427	-0.0031928694
39.3653846154	-0.3114920155	-0.0031149202
39.3846153846	-0.3036581279	-0.0030365813
39.4038461538	-0.2957868740	-0.0029578687
39.4230769231	-0.2878798134	-0.0028787981
39.4423076923	-0.2799384696	-0.0027993847
39.4615384615	-0.2719643284	-0.0027196433
39.4807692308	-0.2639588373	-0.0026395884
39.5000000000	-0.2559234043	-0.0025592340
39.5192307692	-0.2478593976	-0.0024785940
39.5384615385	-0.2397681452	-0.0023976815
39.5576923077	-0.2316509352	-0.0023165094
39.5769230769	-0.2235090163	-0.0022350902
39.5961538462	-0.2153435978	-0.0021534360
39.6153846154	-0.2071558511	-0.0020715585
39.6346153846	-0.1989469108	-0.0019894691
39.6538461538	-0.1907178755	-0.0019071788
39.6730769231	-0.1824698103	-0.0018246981
39.6923076923	-0.1742037477	-0.0017420375
39.7115384615	-0.1659206900	-0.0016592069
39.7307692308	-0.1576216118	-0.0015762161
39.7500000000	-0.1493074615	-0.0014930746
39.7692307692	-0.1409791644	-0.0014097916
39.7884615385	-0.1326376247	-0.0013263762
39.8076923077	-0.1242837288	-0.0012428373
39.8269230769	-0.1159183472	-0.0011591835
39.8461538462	-0.1075423377	-0.0010754234
39.8653846154	-0.0991565481	-0.0009915655
39.8846153846	-0.0907618187	-0.0009076182
39.9038461538	-0.0823589853	-0.0008235899
39.9230769231	-0.0739488818	-0.0007394888
39.9423076923	-0.0655323428	-0.0006553234
39.9615384615	-0.0571102060	-0.0005711021
39.9807692308	-0.0486833151	-0.0004868332
40.0000000000	-0.0402525217	-0.0004025252
40.0192307692	-0.0318186878	-0.0003181869
40.0384615385	-0.0233826878	-0.0002338269
40.0576923077	-0.0149454107	-0.0001494541
40.0769230769	-0.0065077616	-0.0000650776
40.0961538462	0.0019293367	0.0000192934
40.1153846154	0.0103649416	0.0001036494
40.1346153846	0.0187980901	0.0001879809
40.1538461538	0.0272277973	0.0002722780
40.1730769231	0.0356530557	0.0003565306
40.1923076923	0.0440728338	0.0004407283
40.2115384615	0.0524860764	0.0005248608
40.2307692308	0.0608917034	0.0006089170
40.2500000000	0.0692886102	0.0006928861
40.2692307692	0.0776756672	0.0007767567
40.2884615385	0.0860517197	0.0008605172
40.3076923077	0.0944155891	0.0009441559
40.3269230769	0.1027660721	0.0010276607
40.3461538462	0.1111019422	0.0011110194
40.3653846154	0.1194219499	0.0011942195
40.3846153846	0.1277248238	0.0012772482
40.4038461538	0.1360092711	0.0013600927
40.4230769231	0.1442739793	0.0014427398
40.4423076923	0.1525176168	0.0015251762
40.4615384615	0.1607388345	0.0016073883
40.4807692308	0.1689362667	0.0016893627
40.5000000000	0.1771085331	0.0017710853
40.5192307692	0.1852542396	0.0018525424
40.5384615385	0.1933719803	0.0019337198
40.5576923077	0.2014603387	0.0020146034
40.5769230769	0.2095178897	0.0020951789
40.5961538462	0.2175432007	0.0021754320
40.6153846154	0.2255348334	0.0022553483
40.6346153846	0.2334913457	0.0023349135
40.6538461538	0.2414112930	0.0024141129
40.6730769231	0.2492932301	0.0024929323
40.6923076923	0.2571357125	0.0025713571
40.7115384615	0.2649372986	0.0026493730
40.7307692308	0.2726965505	0.0027269655
40.7500000000	0.2804120364	0.0028041204
40.7692307692	0.2880823318	0.0028808233
40.7884615385	0.2957060211	0.0029570602
40.8076923077	0.3032816992	0.0030328170
40.8269230769	0.3108079730	0.0031080797
40.8461538462	0.3182834628	0.0031828346
40.8653846154	0.3257068043	0.0032570680
40.8846153846	0.3330766492	0.0033307665
40.9038461538	0.3403916677	0.0034039167
40.9230769231	0.3476505489	0.0034765055
40.9423076923	0.3548520031	0.0035485200
40.9615384615	0.3619947627	0.0036199476
40.9807692308	0.3690775838	0.0036907758
41.0000000000	0.3760992474	0.0037609925
41.0192307692	0.3830585610	0.0038305856
41.0384615385	0.3899543598	0.0038995436
41.0576923077	0.3967855081	0.0039678551
41.0769230769	0.4035509007	0.0040355090
41.0961538462	0.4102494638	0.0041024946
41.1153846154	0.4168801570	0.0041688016
41.1346153846	0.4234419738	0.0042344197
41.1538461538	0.4299339433	0.0042993394
41.1730769231	0.4363551314	0.0043635513
41.1923076923	0.4427046415	0.0044270464
41.2115384615	0.4489816164	0.0044898162
41.2307692308	0.4551852385	0.0045518524
41.2500000000	0.4613147316	0.0046131473
41.2692307692	0.4673693612	0.0046736936
41.2884615385	0.4733484360	0.0047334844
41.3076923077	0.4792513080	0.0047925131
41.3269230769	0.4850773740	0.0048507737
41.3461538462	0.4908260754	0.0049082608
41.3653846154	0.4964968997	0.0049649690
41.3846153846	0.5020893797	0.0050208938
41.4038461538	0.5076030949	0.0050760309
41.4230769231	0.5130376709	0.0051303767
41.4423076923	0.5183927798	0.0051839278
41.4615384615	0.5236681396	0.0052366814
41.4807692308	0.5288635147	0.0052886351
41.5000000000	0.5339787143	0.0053397871
41.5192307692	0.5390135927	0.0053901359
41.5384615385	0.5439680481	0.0054396805
41.5576923077	0.5488420214	0.0054884202
41.5769230769	0.5536354952	0.0055363550
41.5961538462	0.5583484926	0.0055834849
41.6153846154	0.5629810750	0.0056298107
41.6346153846	0.5675333409	0.0056753334
41.6538461538	0.5720054236	0.0057200542
41.6730769231	0.5763974893	0.0057639749
41.6923076923	0.5807097342	0.0058070973
41.7115384615	0.5849423825	0.0058494238
41.7307692308	0.5890956835	0.0058909568
41.7500000000	0.5931699088	0.0059316991
41.7692307692	0.5971653488	0.0059716535
41.7884615385	0.6010823104	0.0060108231
41.8076923077	0.6049211128	0.0060492111
41.8269230769	0.6086820846	0.0060868208
41.8461538462	0.6123655603	0.0061236556
41.8653846154	0.6159718763	0.0061597188
41.8846153846	0.6195013679	0.0061950137
41.9038461538	0.6229543648	0.0062295436
41.9230769231	0.6263311882	0.0062633119
41.9423076923	0.6296321465	0.0062963215
41.9615384615	0.6328575318	0.0063285753
41.9807692308	0.6360076166	0.0063600762
42.0000000000	0.6390826495	0.0063908265
42.0192307692	0.6420828525	0.0064208285
42.0384615385	0.6450084173	0.0064500842
42.0576923077	0.6478595019	0.0064785950
42.0769230769	0.6506362280	0.0065063623
42.0961538462	0.6533386777	0.0065333868
42.1153846154	0.6559668912	0.0065596689
42.1346153846	0.6585208641	0.0065852086
42.1538461538	0.6610005454	0.0066100055
42.1730769231	0.6634058355	0.0066340584
42.1923076923	0.6657365845	0.0066573658
42.2115384615	0.6679925909	0.0066799259
42.2307692308	0.6701736005	0.0067017360
42.2500000000	0.6722793057	0.0067227931
42.2692307692	0.6743093452	0.0067430935
42.2884615385	0.6762633036	0.0067626330
42.3076923077	0.6781407120	0.0067814071
42.3269230769	0.6799410481	0.0067994105
42.3461538462	0.6816637375	0.0068166374
42.3653846154	0.6833081551	0.0068330816
42.3846153846	0.6848736259	0.0068487363
42.4038461538	0.6863594276	0.0068635943
42.4230769231	0.6877647923	0.0068776479
42.4423076923	0.6890889095	0.0068908891
42.4615384615	0.6903309280	0.0069033093
42.4807692308	0.6914899598	0.0069148996
42.5000000000	0.6925650827	0.0069256508
42.5192307692	0.6935553440	0.0069355534
42.5384615385	0.6944597641	0.0069445976
42.5576923077	0.6952773405	0.0069527734
42.5769230769	0.6960070516	0.0069600705
42.5961538462	0.6966478608	0.0069664786
42.6153846154	0.6971987210	0.0069719872
42.6346153846	0.6976585783	0.0069765858
42.6538461538	0.6980263771	0.0069802638
42.6730769231	0.6983010639	0.0069830106
42.6923076923	0.6984815918	0.0069848159
42.7115384615	0.6985669248	0.0069856692
42.7307692308	0.6985560422	0.0069855604
42.7500000000	0.6984479426	0.0069844794
42.7692307692	0.6982416481	0.0069824165
42.7884615385	0.6979362079	0.0069793621
42.8076923077	0.6975307025	0.0069753070
42.8269230769	0.6970242470	0.0069702425
42.8461538462	0.6964159946	0.0069641599
42.8653846154	0.6957051398	0.0069570514
42.8846153846	0.6948909213	0.0069489092
42.9038461538	0.6939726248	0.0069397262
42.9230769231	0.6929495851	0.0069294959
42.9423076923	0.6918211891	0.0069182119
42.9615384615	0.6905868767	0.0069058688
42.9807692308	0.6892461434	0.0068924614
43.0000000000	0.6877985412	0.0068779854
43.0192307692	0.6862436797	0.0068624368
43.0384615385	0.6845812271	0.0068458123
43.0576923077	0.6828109108	0.0068281091
43.0769230769	0.6809325177	0.0068093252
43.0961538462	0.6789458942	0.0067894589
43.1153846154	0.6768509460	0.0067685095
43.1346153846	0.6746476381	0.0067464764
43.1538461538	0.6723359934	0.0067233599
43.1730769231	0.6699160929	0.0066991609
43.1923076923	0.6673880737	0.0066738807
43.2115384615	0.6647521288	0.0066475213
43.2307692308	0.6620085050	0.0066200850
43.2500000000	0.6591575018	0.0065915750
43.2692307692	0.6561994699	0.0065619947
43.2884615385	0.6531348095	0.0065313481
43.3076923077	0.6499639685	0.0064996397
43.3269230769	0.6466874408	0.0064668744
43.3461538462	0.6433057644	0.0064330576
43.3653846154	0.6398195197	0.0063981952
43.3846153846	0.6362293273	0.0063622933
43.4038461538	0.6325358469	0.0063253585
43.4230769231	0.6287397744	0.0062873977
43.4423076923	0.6248418412	0.0062484184
43.4615384615	0.6208428118	0.0062084281
43.4807692308	0.6167434823	0.0061674348
43.5000000000	0.6125446787	0.0061254468
43.5192307692	0.6082472558	0.0060824726
43.5384615385	0.6038520952	0.0060385210
43.5576923077	0.5993601041	0.0059936010
43.5769230769	0.5947722142	0.0059477221
43.5961538462	0.5900893805	0.0059008938
43.6153846154	0.5853125798	0.0058531258
43.6346153846	0.5804428102	0.0058044281
43.6538461538	0.5754810897	0.0057548109
43.6730769231	0.5704284556	0.0057042846
43.6923076923	0.5652859637	0.0056528596
43.7115384615	0.5600546874	0.0056005469
43.7307692308	0.5547357169	0.0055473572
43.7500000000	0.5493301588	0.0054933016
43.7692307692	0.5438391355	0.0054383914
43.7884615385	0.5382637843	0.0053826378
43.8076923077	0.5326052567	0.0053260526
43.8269230769	0.5268647183	0.0052686472
43.8461538462	0.5210433477	0.0052104335
43.8653846154	0.5151423362	0.0051514234
43.8846153846	0.5091628866	0.0050916289
43.9038461538	0.5031062130	0.0050310621
43.9230769231	0.4969735396	0.0049697354
43.9423076923	0.4907661002	0.0049076610
43.9615384615	0.4844851368	0.0048448514
43.9807692308	0.4781318991	0.0047813190
44.0000000000	0.4717076430	0.0047170764
44.0192307692	0.4652136296	0.0046521363
44.0384615385	0.4586511240	0.0045865112
44.0576923077	0.4520213939	0.0045202139
44.0769230769	0.4453257079	0.0044532571
44.0961538462	0.4385653346	0.0043856533
44.1153846154	0.4317415404	0.0043174154
44.1346153846	0.4248555882	0.0042485559
44.1538461538	0.4179087358	0.0041790874
44.1730769231	0.4109022337	0.0041090223
44.1923076923	0.4038373238	0.0040383732
44.2115384615	0.3967152373	0.0039671524
44.2307692308	0.3895371931	0.0038953719
44.2500000000	0.3823043957	0.0038230440
44.2692307692	0.3750180339	0.0037501803
44.2884615385	0.3676792786	0.0036767928
44.3076923077	0.3602892816	0.0036028928
44.3269230769	0.3528491735	0.0035284917
44.3461538462	0.3453600627	0.0034536006
44.3653846154	0.3378230339	0.0033782303
44.3846153846	0.3302391469	0.0033023915
44.4038461538	0.3226094355	0.0032260944
44.4230769231	0.3149349065	0.0031493491
44.4423076923	0.3072165397	0.0030721654
44.4615384615	0.2994552865	0.0029945529
44.4807692308	0.2916520705	0.0029165207
44.5000000000	0.2838077868	0.0028380779
44.5192307692	0.2759233032	0.0027592330
44.5384615385	0.2679994597	0.0026799946
44.5576923077	0.2600370701	0.0026003707
44.5769230769	0.2520369228	0.0025203692
44.5961538462	0.2439997820	0.0024399978
44.6153846154	0.2359263898	0.0023592639
44.6346153846	0.2278174677	0.0022781747
44.6538461538	0.2196737192	0.0021967372
44.6730769231	0.2114958318	0.0021149583
44.6923076923	0.2032844805	0.0020328448
44.7115384615	0.1950403298	0.0019504033
44.7307692308	0.1867640378	0.0018676404
44.7500000000	0.1784562593	0.0017845626
44.7692307692	0.1701176495	0.0017011765
44.7884615385	0.1617488674	0.0016174887
44.8076923077	0.1533505807	0.0015335058
44.8269230769	0.1449234689	0.0014492347
44.8461538462	0.1364682281	0.0013646823
44.8653846154	0.1279855750	0.0012798558
44.8846153846	0.1194762513	0.0011947625
44.9038461538	0.1109410277	0.0011094103
44.9230769231	0.1023807087	0.0010238071
44.9423076923	0.0937961360	0.0009379614
44.9615384615	0.0851881933	0.0008518819
44.9807692308	0.0765578099	0.0007655781
45.0000000000	0.0679059642	0.0006790596
45.0192307692	0.0592336878	0.0005923369
45.0384615385	0.0505420683	0.0005054207
45.0576923077	0.0418322527	0.0004183225
45.0769230769	0.0331054498	0.0003310545
45.0961538462	0.0243629327	0.0002436293
45.1153846154	0.0156060410	0.0001560604
45.1346153846	0.0068361821	0.0000683618
45.1538461538	-0.0019451674	-0.0000194517
45.1730769231	-0.0107364608	-0.0001073646
45.1923076923	-0.0195360812	-0.0001953608
45.2115384615	-0.0283423417	-0.0002834234
45.2307692308	-0.0371534856	-0.0003715349
45.2500000000	-0.0459676879	-0.0004596769
45.2692307692	-0.0547830564	-0.0005478306
45.2884615385	-0.0635976344	-0.0006359763
45.3076923077	-0.0724094026	-0.0007240940
45.3269230769	-0.0812162825	-0.0008121628
45.3461538462	-0.0900161396	-0.0009001614
45.3653846154	-0.0988067874	-0.0009880679
45.3846153846	-0.1075859919	-0.0010758599
45.4038461538	-0.1163514759	-0.0011635148
45.4230769231	-0.1251009246	-0.0012510092
45.4423076923	-0.1338319907	-0.0013383199
45.4615384615	-0.1425423002	-0.0014254230
45.4807692308	-0.1512294587	-0.0015122946
45.5000000000	-0.1598910574	-0.0015989106
45.5192307692	-0.1685246795	-0.0016852468
45.5384615385	-0.1771279073	-0.0017712791
45.5576923077	-0.1856983285	-0.0018569833
45.5769230769	-0.1942335434	-0.0019423354
45.5961538462	-0.2027311713	-0.0020273117
45.6153846154	-0.2111888577	-0.0021118886
45.6346153846	-0.2196042811	-0.0021960428
45.6538461538	-0.2279751591	-0.0022797516
45.6730769231	-0.2362992558	-0.0023629926
45.6923076923	-0.2445743870	-0.0024457439
45.7115384615	-0.2527984269	-0.0025279843
45.7307692308	-0.2609693138	-0.0026096931
45.7500000000	-0.2690850553	-0.0026908506
45.7692307692	-0.2771437330	-0.0027714373
45.7884615385	-0.2851435077	-0.0028514351
45.8076923077	-0.2930826231	-0.0029308262
45.8269230769	-0.3009594097	-0.0030095941
45.8461538462	-0.3087722878	-0.0030877229
45.8653846154	-0.3165197701	-0.0031651977
45.8846153846	-0.3242004640	-0.0032420046
45.9038461538	-0.3318130729	-0.0033181307
45.9230769231	-0.3393563973	-0.0033935640
45.9423076923	-0.3468293351	-0.0034682934
45.9615384615	-0.3542308817	-0.0035423088
45.9807692308	-0.3615601286	-0.0036156013
46.0000000000	-0.3688162627	-0.0036881626
46.0192307692	-0.3759985643	-0.0037599856
46.0384615385	-0.3831064043	-0.0038310640
46.0576923077	-0.3901392416	-0.0039013924
46.0769230769	-0.3970966196	-0.0039709662
46.0961538462	-0.4039781625	-0.0040397816
46.1153846154	-0.4107835704	-0.0041078357
46.1346153846	-0.4175126151	-0.0041751262
46.1538461538	-0.4241651349	-0.0042416513
46.1730769231	-0.4307410291	-0.0043074103
46.1923076923	-0.4372402523	-0.0043724025
46.2115384615	-0.4436628087	-0.0044366281
46.2307692308	-0.4500087455	-0.0045000875
46.2500000000	-0.4562781475	-0.0045627815
46.2692307692	-0.4624711299	-0.0046247113
46.2884615385	-0.4685878328	-0.0046858783
46.3076923077	-0.4746284142	-0.0047462841
46.3269230769	-0.4805930439	-0.0048059304
46.3461538462	-0.4864818979	-0.0048648190
46.3653846154	-0.4922951515	-0.0049229515
46.3846153846	-0.4980329745	-0.0049803297
46.4038461538	-0.5036955250	-0.0050369552
46.4230769231	-0.5092829442	-0.0050928294
46.4423076923	-0.5147953523	-0.0051479535
46.4615384615	-0.5202328429	-0.0052023284
46.4807692308	-0.5255954797	-0.0052559548
46.5000000000	-0.5308832926	-0.0053088329
46.5192307692	-0.5360962743	-0.0053609627
46.5384615385	-0.5412343779	-0.0054123438
46.5576923077	-0.5462975143	-0.0054629751
46.5769230769	-0.5512855507	-0.0055128555
46.5961538462	-0.5561983096	-0.0055619831
46.6153846154	-0.5610355675	-0.0056103557
46.6346153846	-0.5657970553	-0.0056579706
46.6538461538	-0.5704824582	-0.0057048246
46.6730769231	-0.5750914169	-0.0057509142
46.6923076923	-0.5796235285	-0.0057962353
46.7115384615	-0.5840783487	-0.0058407835
46.7307692308	-0.5884553937	-0.0058845539
46.7500000000	-0.5927541429	-0.0059275414
46.7692307692	-0.5969740420	-0.0059697404
46.7884615385	-0.6011145060	-0.0060111451
46.8076923077	-0.6051749235	-0.0060517492
46.8269230769	-0.6091546600	-0.0060915466
46.8461538462	-0.6130530621	-0.0061305306
46.8653846154	-0.6168694624	-0.0061686946
46.8846153846	-0.6206031832	-0.0062060318
46.9038461538	-0.6242535416	-0.0062425354
46.9230769231	-0.6278198538	-0.0062781985
46.9423076923	-0.6313014398	-0.0063130144
46.9615384615	-0.6346976279	-0.0063469763
46.9807692308	-0.6380077589	-0.0063800776
47.0000000000	-0.6412311907	-0.0064123119
47.0192307692	-0.6443673024	-0.0064436730
47.0384615385	-0.6474154978	-0.0064741550
47.0576923077	-0.6503752092	-0.0065037521
47.0769230769	-0.6532459007	-0.0065324590
47.0961538462	-0.6560270708	-0.0065602707
47.1153846154	-0.6587182556	-0.0065871826
47.1346153846	-0.6613190302	-0.0066131903
47.1538461538	-0.6638290110	-0.0066382901
47.1730769231	-0.6662478567	-0.0066624786
47.1923076923	-0.6685752690	-0.0066857527
47.2115384615	-0.6708109934	-0.0067081099
47.2307692308	-0.6729548189	-0.0067295482
47.2500000000	-0.6750065772	-0.0067500658
47.2692307692	-0.6769661420	-0.0067696614
47.2884615385	-0.6788334276	-0.0067883343
47.3076923077	-0.6806083865	-0.0068060839
47.3269230769	-0.6822910076	-0.0068229101
47.3461538462	-0.6838813132	-0.0068388131
47.3653846154	-0.6853793558	-0.0068537936
47.3846153846	-0.6867852150	-0.0068678522
47.4038461538	-0.6880989936	-0.0068809899
47.4230769231	-0.6893208133	-0.0068932081
47.4423076923	-0.6904508110	-0.0069045081
47.4615384615	-0.6914891340	-0.0069148913
47.4807692308	-0.6924359353	-0.0069243594
47.5000000000	-0.6932913695	-0.0069329137
47.5192307692	-0.6940555875	-0.0069405559
47.5384615385	-0.6947287321	-0.0069472873
47.5576923077	-0.6953109332	-0.0069531093
47.5769230769	-0.6958023033	-0.0069580230
47.5961538462	-0.6962029332	-0.0069620293
47.6153846154	-0.6965128874	-0.0069651289
47.6346153846	-0.6967322004	-0.0069673220
47.6538461538	-0.6968608729	-0.0069686087
47.6730769231	-0.6968988683	-0.0069689887
47.6923076923	-0.6968461100	-0.0069684611
47.7115384615	-0.6967024782	-0.0069670248
47.7307692308	-0.6964678079	-0.0069646781
47.7500000000	-0.6961418874	-0.0069614189
47.7692307692	-0.6957244565	-0.0069572446
47.7884615385	-0.6952152062	-0.0069521521
47.8076923077	-0.6946137778	-0.0069461378
47.8269230769	-0.6939197636	-0.0069391976
47.8461538462	-0.6931327074	-0.0069313271
47.8653846154	-0.6922521058	-0.0069225211
47.8846153846	-0.6912774101	-0.0069127741
47.9038461538	-0.6902080284	-0.0069020803
47.9230769231	-0.6890433285	-0.0068904333
47.9423076923	-0.6877826411	-0.0068778264
47.9615384615	-0.6864252637	-0.0068642526
47.9807692308	-0.6849704647	-0.0068497046
48.0000000000	-0.6834174879	-0.0068341749
48.0192307692	-0.6817655574	-0.0068176556
48.0384615385	-0.6800138833	-0.0068001388
48.0576923077	-0.6781616667	-0.0067816167
48.0769230769	-0.6762081060	-0.0067620811
48.0961538462	-0.6741524027	-0.0067415240
48.1153846154	-0.6719937676	-0.0067199377
48.1346153846	-0.6697314272	-0.0066973143
48.1538461538	-0.6673646302	-0.0066736463
48.1730769231	-0.6648926535	-0.0066489265
48.1923076923	-0.6623148091	-0.0066231481
48.2115384615	-0.6596304497	-0.0065963045
48.2307692308	-0.6568389756	-0.0065683898
48.2500000000	-0.6539398399	-0.0065393984
48.2692307692	-0.6509325547	-0.0065093255
48.2884615385	-0.6478166965	-0.0064781670
48.3076923077	-0.6445919110	-0.0064459191
48.3269230769	-0.6412579185	-0.0064125792
48.3461538462	-0.6378145175	-0.0063781452
48.3653846154	-0.6342615895	-0.0063426159
48.3846153846	-0.6305991016	-0.0063059910
48.4038461538	-0.6268271105	-0.0062682711
48.4230769231	-0.6229457644	-0.0062294576
48.4423076923	-0.6189553050	-0.0061895531
48.4615384615	-0.6148560696	-0.0061485607
48.4807692308	-0.6106484913	-0.0061064849
48.5000000000	-0.6063331000	-0.0060633310
48.5192307692	-0.6019105222	-0.0060191052
48.5384615385	-0.5973814800	-0.0059738148
48.5576923077	-0.5927467902	-0.0059274679
48.5769230769	-0.5880073628	-0.0058800736
48.5961538462	-0.5831641984	-0.0058316420
48.6153846154	-0.5782183861	-0.0057821839
48.6346153846	-0.5731710997	-0.0057317110
48.6538461538	-0.5680235949	-0.0056802359
48.6730769231	-0.5627772050	-0.0056277720
48.6923076923	-0.5574333366	-0.0055743334
48.7115384615	-0.5519934654	-0.0055199347
48.7307692308	-0.5464591310	-0.0054645913
48.7500000000	-0.5408319318	-0.0054083193
48.7692307692	-0.5351135201	-0.0053511352
48.7884615385	-0.5293055961	-0.0052930560
48.8076923077	-0.5234099029	-0.0052340990
48.8269230769	-0.5174282204	-0.0051742822
48.8461538462	-0.5113623597	-0.0051136236
48.8653846154	-0.5052141579	-0.0050521416
48.8846153846	-0.4989854719	-0.0049898547
48.9038461538	-0.4926781731	-0.0049267817
48.9230769231	-0.4862941422	-0.0048629414
48.9423076923	-0.4798352638	-0.0047983526
48.9615384615	-0.4733034213	-0.0047330342
48.9807692308	-0.4667004924	-0.0046670049
49.0000000000	-0.4600283442	-0.0046002834
49.0192307692	-0.4532888293	-0.0045328883
49.0384615385	-0.4464837817	-0.0044648378
49.0576923077	-0.4396150131	-0.0043961501
49.0769230769	-0.4326843098	-0.0043268431
49.0961538462	-0.4256934295	-0.0042569343
49.1153846154	-0.4186440992	-0.0041864410
49.1346153846	-0.4115380126	-0.0041153801
49.1538461538	-0.4043768284	-0.0040437683
49.1730769231	-0.3971621690	-0.0039716217
49.1923076923	-0.3898956191	-0.0038989562
49.2115384615	-0.3825787255	-0.0038257873
49.2307692308	-0.3752129959	-0.0037521300
49.2500000000	-0.3677998997	-0.0036779990
49.2692307692	-0.3603408678	-0.0036034087
49.2884615385	-0.3528372932	-0.0035283729
49.3076923077	-0.3452905320	-0.0034529053
49.3269230769	-0.3377019043	-0.0033770190
49.3461538462	-0.3300726958	-0.0033007270
49.3653846154	-0.3224041589	-0.0032240416
49.3846153846	-0.3146975150	-0.0031469752
49.4038461538	-0.3069539559	-0.0030695396
49.4230769231	-0.2991746460	-0.0029917465
49.4423076923	-0.2913607242	-0.0029136072
49.4615384615	-0.2835133063	-0.0028351331
49.4807692308	-0.2756334872	-0.0027563349
49.5000000000	-0.2677223429	-0.0026772234
49.5192307692	-0.2597809328	-0.0025978093
49.5384615385	-0.2518103020	-0.0025181030
49.5576923077	-0.2438114830	-0.0024381148
49.5769230769	-0.2357854984	-0.0023578550
49.5961538462	-0.2277333623	-0.0022773336
49.6153846154	-0.2196560823	-0.0021965608
49.6346153846	-0.2115546612	-0.0021155466
49.6538461538	-0.2034300984	-0.0020343010
49.6730769231	-0.1952833916	-0.0019528339
49.6923076923	-0.1871155378	-0.0018711554
49.7115384615	-0.1789275342	-0.0017892753
49.7307692308	-0.1707203796	-0.0017072038
49.7500000000	-0.1624950747	-0.0016249507
49.7692307692	-0.1542526225	-0.0015425262
49.7884615385	-0.1459940294	-0.0014599403
49.8076923077	-0.1377203045	-0.0013772030
49.8269230769	-0.1294324604	-0.0012943246
49.8461538462	-0.1211315128	-0.0012113151
49.8653846154	-0.1128184802	-0.0011281848
49.8846153846	-0.1044943839	-0.0010449438
49.9038461538	-0.0961602472	-0.0009616025
49.9230769231	-0.0878170952	-0.0008781710
49.9423076923	-0.0794659541	-0.0007946595
49.9615384615	-0.0711078504	-0.0007110785
49.9807692308	-0.0627438107	-0.0006274381
50.0000000000	-0.0543748606	-0.0005437486
50.0192307692	-0.0460020240	-0.0004600202
50.0384615385	-0.0376263229	-0.0003762632
50.0576923077	-0.0292487763	-0.0002924878
50.0769230769	-0.0208704000	-0.0002087040
50.0961538462	-0.0124922062	-0.0001249221
50.1153846154	-0.0041152025	-0.0000411520
50.1346153846	0.0042596074	0.0000425961
50.1538461538	0.0126312247	0.0001263122
50.1730769231	0.0209986552	0.0002099866
50.1923076923	0.0293609090	0.0002936091
50.2115384615	0.0377170003	0.0003771700
50.2307692308	0.0460659475	0.0004606595
50.2500000000	0.0544067719	0.0005440677
50.2692307692	0.0627384974	0.0006273850
50.2884615385	0.0710601496	0.0007106015
50.3076923077	0.0793707547	0.0007937075
50.3269230769	0.0876693384	0.0008766934
50.3461538462	0.0959549247	0.0009595492
50.3653846154	0.1042265343	0.0010422653
50.3846153846	0.1124831832	0.0011248318
50.4038461538	0.1207238811	0.0012072388
50.4230769231	0.1289476300	0.0012894763
50.4423076923	0.1371534218	0.0013715342
50.4615384615	0.1453402371	0.0014534024
50.4807692308	0.1535070433	0.0015350704
50.5000000000	0.1616527926	0.0016165279
50.5192307692	0.1697764205	0.0016977642
50.5384615385	0.1778768440	0.0017787684
50.5576923077	0.1859529598	0.0018595296
50.5769230769	0.1940036430	0.0019400364
50.5961538462	0.2020277457	0.0020202775
50.6153846154	0.2100240956	0.0021002410
50.6346153846	0.2179914948	0.0021799149
50.6538461538	0.2259287191	0.0022592872
50.6730769231	0.2338345174	0.0023383452
50.6923076923	0.2417076110	0.0024170761
50.7115384615	0.2495466932	0.0024954669
50.7307692308	0.2573504298	0.0025735043
50.7500000000	0.2651174594	0.0026511746
50.7692307692	0.2728463933	0.0027284639
50.7884615385	0.2805358174	0.0028053582
50.8076923077	0.2881842927	0.0028818429
50.8269230769	0.2957903568	0.0029579036
50.8461538462	0.3033525263	0.0030335253
50.8653846154	0.3108692981	0.0031086930
50.8846153846	0.3183391527	0.0031833915
50.9038461538	0.3257605560	0.0032576056
50.9230769231	0.3331319630	0.0033313196
50.9423076923	0.3404518207	0.0034045182
50.9615384615	0.3477185715	0.0034771857
50.9807692308	0.3549306572	0.0035493066
51.0000000000	0.3620865230	0.0036208652
51.0192307692	0.3691846210	0.0036918462
51.0384615385	0.3762234155	0.0037622342
51.0576923077	0.3832013863	0.0038320139
51.0769230769	0.3901170340	0.0039011703
51.0961538462	0.3969688844	0.0039696888
51.1153846154	0.4037554929	0.0040375549
51.1346153846	0.4104754493	0.0041047545
51.1538461538	0.4171273823	0.0041712738
51.1730769231	0.4237099641	0.0042370996
51.1923076923	0.4302219149	0.0043022191
51.2115384615	0.4366620069	0.0043666201
51.2307692308	0.4430290685	0.0044302907
51.2500000000	0.4493219884	0.0044932199
51.2692307692	0.4555397189	0.0045553972
51.2884615385	0.4616812796	0.0046168128
51.3076923077	0.4677457603	0.0046774576
51.3269230769	0.4737323236	0.0047373232
51.3461538462	0.4796402076	0.0047964021
51.3653846154	0.4854687278	0.0048546873
51.3846153846	0.4912172783	0.0049121728
51.4038461538	0.4968853335	0.0049688533
51.4230769231	0.5024724486	0.0050247245
51.4423076923	0.5079782597	0.0050797826
51.4615384615	0.5134024841	0.0051340248
51.4807692308	0.5187449189	0.0051874492
51.5000000000	0.5240054407	0.0052400544
51.5192307692	0.5291840033	0.0052918400
51.5384615385	0.5342806363	0.0053428064
51.5576923077	0.5392954420	0.0053929544
51.5769230769	0.5442285929	0.0054422859
51.5961538462	0.5490803279	0.0054908033
51.6153846154	0.5538509490	0.0055385095
51.6346153846	0.5585408169	0.0055854082
51.6538461538	0.5631503463	0.0056315035
51.6730769231	0.5676800014	0.0056768000
51.6923076923	0.5721302903	0.0057213029
51.7115384615	0.5765017601	0.0057650176
51.7307692308	0.5807949907	0.0058079499
51.7500000000	0.5850105892	0.0058501059
51.7692307692	0.5891491839	0.0058914918
51.7884615385	0.5932114180	0.0059321142
51.8076923077	0.5971979434	0.0059719794
51.8269230769	0.6011094144	0.0060110941
51.8461538462	0.6049464815	0.0060494648
51.8653846154	0.6087097850	0.0060870979
51.8846153846	0.6123999490	0.0061239995
51.9038461538	0.6160175753	0.0061601758
51.9230769231	0.6195632375	0.0061956324
51.9423076923	0.6230374751	0.0062303748
51.9615384615	0.6264407886	0.0062644079
51.9807692308	0.6297736339	0.0062977363
52.0000000000	0.6330364173	0.0063303642
52.0192307692	0.6362294914	0.0063622949
52.0384615385	0.6393531505	0.0063935315
52.0576923077	0.6424076273	0.0064240763
52.0769230769	0.6453930889	0.0064539309
52.0961538462	0.6483096341	0.0064830963
52.1153846154	0.6511572912	0.0065115729
52.1346153846	0.6539360152	0.0065393602
52.1538461538	0.6566456870	0.0065664569
52.1730769231	0.6592861115	0.0065928611
52.1923076923	0.6618570177	0.0066185702
52.2115384615	0.6643580577	0.0066435806
52.2307692308	0.6667888074	0.0066678881
52.2500000000	0.6691487674	0.0066914877
52.2692307692	0.6714373635	0.0067143736
52.2884615385	0.6736539491	0.0067365395
52.3076923077	0.6757978064	0.0067579781
52.3269230769	0.6778681494	0.0067786815
52.3461538462	0.6798641265	0.0067986413
52.3653846154	0.6817848235	0.0068178482
52.3846153846	0.6836292672	0.0068362927
52.4038461538	0.6853964290	0.0068539643
52.4230769231	0.6870852292	0.0068708523
52.4423076923	0.6886945409	0.0068869454
52.4615384615	0.6902231947	0.0069022319
52.4807692308	0.6916699833	0.0069166998
52.5000000000	0.6930336663	0.0069303367
52.5192307692	0.6943129750	0.0069431298
52.5384615385	0.6955066176	0.0069550662
52.5576923077	0.6966132839	0.0069661328
52.5769230769	0.6976316508	0.0069763165
52.5961538462	0.6985603868	0.0069856039
52.6153846154	0.6993981577	0.0069939816
52.6346153846	0.7001436308	0.0070014363
52.6538461538	0.7007954803	0.0070079548
52.6730769231	0.7013523917	0.0070135239
52.6923076923	0.7018130665	0.0070181307
52.7115384615	0.7021762269	0.0070217623
52.7307692308	0.7024406195	0.0070244062
52.7500000000	0.7026050199	0.0070260502
52.7692307692	0.7026682362	0.0070266824
52.7884615385	0.7026291131	0.0070262911
52.8076923077	0.7024865346	0.0070248653
52.8269230769	0.7022394278	0.0070223943
52.8461538462	0.7018867656	0.0070188677
52.8653846154	0.7014275696	0.0070142757
52.8846153846	0.7008609120	0.0070086091
52.9038461538	0.7001859187	0.0070018592
52.9230769231	0.6994017704	0.0069940177
52.9423076923	0.6985077049	0.0069850770
52.9615384615	0.6975030184	0.0069750302
52.9807692308	0.6963870668	0.0069638707
53.0000000000	0.6951592668	0.0069515927
53.0192307692	0.6938190969	0.0069381910
53.0384615385	0.6923660978	0.0069236610
53.0576923077	0.6907998731	0.0069079987
53.0769230769	0.6891200896	0.0068912009
53.0961538462	0.6873264774	0.0068732648
53.1153846154	0.6854188302	0.0068541883
53.1346153846	0.6833970047	0.0068339700
53.1538461538	0.6812609208	0.0068126092
53.1730769231	0.6790105609	0.0067901056
53.1923076923	0.6766459699	0.0067664597
53.2115384615	0.6741672543	0.0067416725
53.2307692308	0.6715745816	0.0067157458
53.2500000000	0.6688681798	0.0066886818
53.2692307692	0.6660483367	0.0066604834
53.2884615385	0.6631153988	0.0066311540
53.3076923077	0.6600697705	0.0066006977
53.3269230769	0.6569119135	0.0065691191
53.3461538462	0.6536423456	0.0065364235
53.3653846154	0.6502616397	0.0065026164
53.3846153846	0.6467704228	0.0064677042
53.4038461538	0.6431693750	0.0064316938
53.4230769231	0.6394592284	0.0063945923
53.4423076923	0.6356407658	0.0063564077
53.4615384615	0.6317148196	0.0063171482
53.4807692308	0.6276822706	0.0062768227
53.5000000000	0.6235440467	0.0062354405
53.5192307692	0.6193011213	0.0061930112
53.5384615385	0.6149545125	0.0061495451
53.5576923077	0.6105052810	0.0061050528
53.5769230769	0.6059545287	0.0060595453
53.5961538462	0.6013033973	0.0060130340
53.6153846154	0.5965530666	0.0059655307
53.6346153846	0.5917047525	0.0059170475
53.6538461538	0.5867597054	0.0058675971
53.6730769231	0.5817192079	0.0058171921
53.6923076923	0.5765845731	0.0057658457
53.7115384615	0.5713571426	0.0057135714
53.7307692308	0.5660382837	0.0056603828
53.7500000000	0.5606293876	0.0056062939
53.7692307692	0.5551318669	0.0055513187
53.7884615385	0.5495471530	0.0054954715
53.8076923077	0.5438766935	0.0054387669
53.8269230769	0.5381219498	0.0053812195
53.8461538462	0.5322843943	0.0053228439
53.8653846154	0.5263655076	0.0052636551
53.8846153846	0.5203667755	0.0052036678
53.9038461538	0.5142896865	0.0051428969
53.9230769231	0.5081357288	0.0050813573
53.9423076923	0.5019063874	0.0050190639
53.9615384615	0.4956031411	0.0049560314
53.9807692308	0.4892274598	0.0048922746
54.0000000000	0.4827808017	0.0048278080
54.0192307692	0.4762646104	0.0047626461
54.0384615385	0.4696803125	0.0046968031
54.0576923077	0.4630293145	0.0046302931
54.0769230769	0.4563130007	0.0045631300
54.0961538462	0.4495327307	0.0044953273
54.1153846154	0.4426898373	0.0044268984
54.1346153846	0.4357856244	0.0043578562
54.1538461538	0.4288213649	0.0042882136
54.1730769231	0.4217982992	0.0042179830
54.1923076923	0.4147176342	0.0041471763
54.2115384615	0.4075805411	0.0040758054
54.2307692308	0.4003881553	0.0040038816
54.2500000000	0.3931415754	0.0039314158
54.2692307692	0.3858418625	0.0038584186
54.2884615385	0.3784900404	0.0037849004
54.3076923077	0.3710870956	0.0037108710
54.3269230769	0.3636339775	0.0036363398
54.3461538462	0.3561315995	0.0035613160
54.3653846154	0.3485808397	0.0034858084
54.3846153846	0.3409825421	0.0034098254
54.4038461538	0.3333375185	0.0033333752
54.4230769231	0.3256465503	0.0032564655
54.4423076923	0.3179103904	0.0031791039
54.4615384615	0.3101297657	0.0031012977
54.4807692308	0.3023053801	0.0030230538
54.5000000000	0.2944379167	0.0029443792
54.5192307692	0.2865280418	0.0028652804
54.5384615385	0.2785764073	0.0027857641
54.5576923077	0.2705836550	0.0027058366
54.5769230769	0.2625504197	0.0026255042
54.5961538462	0.2544773332	0.0025447733
54.6153846154	0.2463650283	0.0024636503
54.6346153846	0.2382141425	0.0023821414
54.6538461538	0.2300253223	0.0023002532
54.6730769231	0.2217992272	0.0022179923
54.6923076923	0.2135365334	0.0021353653
54.7115384615	0.2052379384	0.0020523794
54.7307692308	0.1969041643	0.0019690416
54.7500000000	0.1885359623	0.0018853596
54.7692307692	0.1801341157	0.0018013412
54.7884615385	0.1716994441	0.0017169944
54.8076923077	0.1632328065	0.0016323281
54.8269230769	0.1547351042	0.0015473510
54.8461538462	0.1462072844	0.0014620728
54.8653846154	0.1376503422	0.0013765034
54.8846153846	0.1290653234	0.0012906532
54.9038461538	0.1204533263	0.0012045333
54.9230769231	0.1118155040	0.0011181550
54.9423076923	0.1031530651	0.0010315307
54.9615384615	0.0944672754	0.0009446728
54.9807692308	0.0857594584	0.0008575946
55.0000000000	0.0770309956	0.0007703100
55.0192307692	0.0682833269	0.0006828333
55.0384615385	0.0595179495	0.0005951795
55.0576923077	0.0507364180	0.0005073642
55.0769230769	0.0419403425	0.0004194034
55.0961538462	0.0331313879	0.0003313139
55.1153846154	0.0243112714	0.0002431127
55.1346153846	0.0154817608	0.0001548176
55.1538461538	0.0066446719	0.0000664467
55.1730769231	-0.0021981345	-0.0000219813
55.1923076923	-0.0110447556	-0.0001104476
55.2115384615	-0.0198932495	-0.0001989325
55.2307692308	-0.0287416396	-0.0002874164
55.2500000000	-0.0375879179	-0.0003758792
55.2692307692	-0.0464300490	-0.0004643005
55.2884615385	-0.0552659744	-0.0005526597
55.3076923077	-0.0640936170	-0.0006409362
55.3269230769	-0.0729108851	-0.0007291089
55.3461538462	-0.0817156773	-0.0008171568
55.3653846154	-0.0905058866	-0.0009050589
55.3846153846	-0.0992794055	-0.0009927941
55.4038461538	-0.1080341298	-0.0010803413
55.4230769231	-0.1167679639	-0.0011676796
55.4423076923	-0.1254788245	-0.0012547882
55.4615384615	-0.1341646451	-0.0013416465
55.4807692308	-0.1428233802	-0.0014282338
55.5000000000	-0.1514530093	-0.0015145301
55.5192307692	-0.1600515406	-0.0016005154
55.5384615385	-0.1686170144	-0.0016861701
55.5576923077	-0.1771475067	-0.0017714751
55.5769230769	-0.1856411322	-0.0018564113
55.5961538462	-0.1940960469	-0.0019409605
55.6153846154	-0.2025104509	-0.0020251045
55.6346153846	-0.2108825904	-0.0021088259
55.6538461538	-0.2192107596	-0.0021921076
55.6730769231	-0.2274933025	-0.0022749330
55.6923076923	-0.2357286141	-0.0023572861
55.7115384615	-0.2439151410	-0.0024391514
55.7307692308	-0.2520513826	-0.0025205138
55.7500000000	-0.2601358911	-0.0026013589
55.7692307692	-0.2681672717	-0.0026816727
55.7884615385	-0.2761441821	-0.0027614418
55.8076923077	-0.2840653323	-0.0028406533
55.8269230769	-0.2919294835	-0.0029192948
55.8461538462	-0.2997354471	-0.0029973545
55.8653846154	-0.3074820835	-0.0030748208
55.8846153846	-0.3151683009	-0.0031516830
55.9038461538	-0.3227930528	-0.0032279305
55.9230769231	-0.3303553372	-0.0033035534
55.9423076923	-0.3378541937	-0.0033785419
55.9615384615	-0.3452887022	-0.0034528870
55.9807692308	-0.3526579800	-0.0035265798
56.0000000000	-0.3599611803	-0.0035996118
56.0192307692	-0.3671974893	-0.0036719749
56.0384615385	-0.3743661245	-0.0037436612
56.0576923077	-0.3814663319	-0.0038146633
56.0769230769	-0.3884973843	-0.0038849738
56.0961538462	-0.3954585789	-0.0039545858
56.1153846154	-0.4023492354	-0.0040234924
56.1346153846	-0.4091686940	-0.0040916869
56.1538461538	-0.4159163137	-0.0041591631
56.1730769231	-0.4225914704	-0.0042259147
56.1923076923	-0.4291935561	-0.0042919356
56.2115384615	-0.4357219769	-0.0043572198
56.2307692308	-0.4421761523	-0.0044217615
56.2500000000	-0.4485555145	-0.0044855551
56.2692307692	-0.4548595071	-0.0045485951
56.2884615385	-0.4610875856	-0.0046108759
56.3076923077	-0.4672392163	-0.0046723922
56.3269230769	-0.4733138767	-0.0047331388
56.3461538462	-0.4793110559	-0.0047931106
56.3653846154	-0.4852302547	-0.0048523025
56.3846153846	-0.4910709861	-0.0049107099
56.4038461538	-0.4968327765	-0.0049683278
56.4230769231	-0.5025151664	-0.0050251517
56.4423076923	-0.5081177117	-0.0050811771
56.4615384615	-0.5136399845	-0.0051363998
56.4807692308	-0.5190815752	-0.0051908158
56.5000000000	-0.5244420934	-0.0052444209
56.5192307692	-0.5297211695	-0.0052972117
56.5384615385	-0.5349184565	-0.0053491846
56.5576923077	-0.5400336316	-0.0054003363
56.5769230769	-0.5450663975	-0.0054506640
56.5961538462	-0.5500164842	-0.0055001648
56.6153846154	-0.5548836506	-0.0055488365
56.6346153846	-0.5596676856	-0.0055966769
56.6538461538	-0.5643684096	-0.0056436841
56.6730769231	-0.5689856757	-0.0056898568
56.6923076923	-0.5735193707	-0.0057351937
56.7115384615	-0.5779694158	-0.0057796942
56.7307692308	-0.5823357673	-0.0058233577
56.7500000000	-0.5866184168	-0.0058661842
56.7692307692	-0.5908173916	-0.0059081739
56.7884615385	-0.5949327546	-0.0059493275
56.8076923077	-0.5989646034	-0.0059896460
56.8269230769	-0.6029130702	-0.0060291307
56.8461538462	-0.6067783203	-0.0060677832
56.8653846154	-0.6105605512	-0.0061056055
56.8846153846	-0.6142599906	-0.0061425999
56.9038461538	-0.6178768950	-0.0061787689
56.9230769231	-0.6214115467	-0.0062141155
56.9423076923	-0.6248642522	-0.0062486425
56.9615384615	-0.6282353387	-0.0062823534
56.9807692308	-0.6315251512	-0.0063152515
57.0000000000	-0.6347340494	-0.0063473405
57.0192307692	-0.6378624036	-0.0063786240
57.0384615385	-0.6409105916	-0.0064091059
57.0576923077	-0.6438789941	-0.0064387899
57.0769230769	-0.6467679907	-0.0064676799
57.0961538462	-0.6495779558	-0.0064957796
57.1153846154	-0.6523092537	-0.0065230925
57.1346153846	-0.6549622347	-0.0065496223
57.1538461538	-0.6575372300	-0.0065753723
57.1730769231	-0.6600345474	-0.0066003455
57.1923076923	-0.6624544668	-0.0066245447
57.2115384615	-0.6647972355	-0.0066479724
57.2307692308	-0.6670630640	-0.0066706306
57.2500000000	-0.6692521214	-0.0066925212
57.2692307692	-0.6713645320	-0.0067136453
57.2884615385	-0.6734003707	-0.0067340037
57.3076923077	-0.6753596595	-0.0067535966
57.3269230769	-0.6772423645	-0.0067724236
57.3461538462	-0.6790483924	-0.0067904839
57.3653846154	-0.6807775878	-0.0068077759
57.3846153846	-0.6824297312	-0.0068242973
57.4038461538	-0.6840045363	-0.0068400454
57.4230769231	-0.6855016493	-0.0068550165
57.4423076923	-0.6869206468	-0.0068692065
57.4615384615	-0.6882610356	-0.0068826104
57.4807692308	-0.6895222524	-0.0068952225
57.5000000000	-0.6907036639	-0.0069070366
57.5192307692	-0.6918045674	-0.0069180457
57.5384615385	-0.6928241922	-0.0069282419
57.5576923077	-0.6937617007	-0.0069376170
57.5769230769	-0.6946161910	-0.0069461619
57.5961538462	-0.6953866993	-0.0069538670
57.6153846154	-0.6960722026	-0.0069607220
57.6346153846	-0.6966716227	-0.0069667162
57.6538461538	-0.6971838294	-0.0069718383
57.6730769231	-0.6976076453	-0.0069760765
57.6923076923	-0.6979418499	-0.0069794185
57.7115384615	-0.6981851850	-0.0069818518
57.7307692308	-0.6983363597	-0.0069833636
57.7500000000	-0.6983940561	-0.0069839406
57.7692307692	-0.6983569348	-0.0069835693
57.7884615385	-0.6982236415	-0.0069822364
57.8076923077	-0.6979928124	-0.0069799281
57.8269230769	-0.6976630810	-0.0069766308
57.8461538462	-0.6972330846	-0.0069723308
57.8653846154	-0.6967014703	-0.0069670147
57.8846153846	-0.6960669015	-0.0069606690
57.9038461538	-0.6953280650	-0.0069532806
57.9230769231	-0.6944836763	-0.0069448368
57.9423076923	-0.6935324867	-0.0069353249
57.9615384615	-0.6924732889	-0.0069247329
57.9807692308	-0.6913049232	-0.0069130492
58.0000000000	-0.6900262827	-0.0069002628
58.0192307692	-0.6886363192	-0.0068863632
58.0384615385	-0.6871340480	-0.0068713405
58.0576923077	-0.6855185531	-0.0068551855
58.0769230769	-0.6837889909	-0.0068378899
58.0961538462	-0.6819445950	-0.0068194459
58.1153846154	-0.6799846795	-0.0067998468
58.1346153846	-0.6779086423	-0.0067790864
58.1538461538	-0.6757159682	-0.0067571597
58.1730769231	-0.6734062309	-0.0067340623
58.1923076923	-0.6709790953	-0.0067097910
58.2115384615	-0.6684343190	-0.0066843432
58.2307692308	-0.6657717530	-0.0066577175
58.2500000000	-0.6629913430	-0.0066299134
58.2692307692	-0.6600931288	-0.0066009313
58.2884615385	-0.6570772449	-0.0065707724
58.3076923077	-0.6539439190	-0.0065394392
58.3269230769	-0.6506934718	-0.0065069347
58.3461538462	-0.6473263147	-0.0064732631
58.3653846154	-0.6438429488	-0.0064384295
58.3846153846	-0.6402439622	-0.0064024396
58.4038461538	-0.6365300278	-0.0063653003
58.4230769231	-0.6327019006	-0.0063270190
58.4423076923	-0.6287604143	-0.0062876041
58.4615384615	-0.6247064788	-0.0062470648
58.4807692308	-0.6205410759	-0.0062054108
58.5000000000	-0.6162652565	-0.0061626526
58.5192307692	-0.6118801363	-0.0061188014
58.5384615385	-0.6073868920	-0.0060738689
58.5576923077	-0.6027867579	-0.0060278676
58.5769230769	-0.5980810213	-0.0059808102
58.5961538462	-0.5932710189	-0.0059327102
58.6153846154	-0.5883581324	-0.0058835813
58.6346153846	-0.5833437854	-0.0058334379
58.6538461538	-0.5782294386	-0.0057822944
58.6730769231	-0.5730165867	-0.0057301659
58.6923076923	-0.5677067545	-0.0056770675
58.7115384615	-0.5623014932	-0.0056230149
58.7307692308	-0.5568023776	-0.0055680238
58.7500000000	-0.5512110023	-0.0055121100
58.7692307692	-0.5455289792	-0.0054552898
58.7884615385	-0.5397579341	-0.0053975793
58.8076923077	-0.5338995048	-0.0053389950
58.8269230769	-0.5279553381	-0.0052795534
58.8461538462	-0.5219270881	-0.0052192709
58.8653846154	-0.5158164137	-0.0051581641
58.8846153846	-0.5096249773	-0.0050962498
58.9038461538	-0.5033544429	-0.0050335444
58.9230769231	-0.4970064750	-0.0049700648
58.9423076923	-0.4905827373	-0.0049058274
58.9615384615	-0.4840848915	-0.0048408489
58.9807692308	-0.4775145969	-0.0047751460
59.0000000000	-0.4708735094	-0.0047087351
59.0192307692	-0.4641632811	-0.0046416328
59.0384615385	-0.4573855598	-0.0045738556
59.0576923077	-0.4505419887	-0.0045054199
59.0769230769	-0.4436342064	-0.0044363421
59.0961538462	-0.4366638463	-0.0043666385
59.1153846154	-0.4296325369	-0.0042963254
59.1346153846	-0.4225419014	-0.0042254190
59.1538461538	-0.4153935581	-0.0041539356
59.1730769231	-0.4081891198	-0.0040818912
59.1923076923	-0.4009301939	-0.0040093019
59.2115384615	-0.3936183825	-0.0039361838
59.2307692308	-0.3862552819	-0.0038625528
59.2500000000	-0.3788424823	-0.0037884248
59.2692307692	-0.3713815680	-0.0037138157
59.2884615385	-0.3638741163	-0.0036387412
59.3076923077	-0.3563216974	-0.0035632170
59.3269230769	-0.3487258736	-0.0034872587
59.3461538462	-0.3410881988	-0.0034108820
59.3653846154	-0.3334102172	-0.0033341022
59.3846153846	-0.3256934629	-0.0032569346
59.4038461538	-0.3179394582	-0.0031793946
59.4230769231	-0.3101497131	-0.0031014971
59.4423076923	-0.3023257234	-0.0030232572
59.4615384615	-0.2944689699	-0.0029446897
59.4807692308	-0.2865809162	-0.0028658092
59.5000000000	-0.2786630081	-0.0027866301
59.5192307692	-0.2707166713	-0.0027071667
59.5384615385	-0.2627433098	-0.0026274331
59.5576923077	-0.2547443048	-0.0025474430
59.5769230769	-0.2467210123	-0.0024672101
59.5961538462	-0.2386747621	-0.0023867476
59.6153846154	-0.2306068558	-0.0023060686
59.6346153846	-0.2225185650	-0.0022251857
59.6538461538	-0.2144111306	-0.0021441113
59.6730769231	-0.2062857603	-0.0020628576
59.6923076923	-0.1981436283	-0.0019814363
59.7115384615	-0.1899858734	-0.0018998587
59.7307692308	-0.1818135983	-0.0018181360
59.7500000000	-0.1736278688	-0.0017362787
59.7692307692	-0.1654297128	-0.0016542971
59.7884615385	-0.1572201203	-0.0015722012
59.8076923077	-0.1490000427	-0.0014900004
59.8269230769	-0.1407703932	-0.0014077039
59.8461538462	-0.1325320466	-0.0013253205
59.8653846154	-0.1242858402	-0.0012428584
59.8846153846	-0.1160325744	-0.0011603257
59.9038461538	-0.1077730136	-0.0010777301
59.9230769231	-0.0995078875	-0.0009950789
59.9423076923	-0.0912378931	-0.0009123789
59.9615384615	-0.0829636958	-0.0008296370
59.9807692308	-0.0746859322	-0.0007468593
60.0000000000	-0.0664052117	-0.0006640521
60.0192307692	-0.0581221200	-0.0005812212
60.0384615385	-0.0498372211	-0.0004983722
60.0576923077	-0.0415510609	-0.0004155106
60.0769230769	-0.0332641702	-0.0003326417
60.0961538462	-0.0249770681	-0.0002497707
60.1153846154	-0.0166902657	-0.0001669027
60.1346153846	-0.0084042699	-0.0000840427
60.1538461538	-0.0001195871	-0.0000011959
60.1730769231	0.0081632730	0.0000816327
60.1923076923	0.0164437929	0.0001644379
60.2115384615	0.0247214441	0.0002472144
60.2307692308	0.0329956823	0.0003299568
60.2500000000	0.0412659438	0.0004126594
60.2692307692	0.0495316418	0.0004953164
60.2884615385	0.0577921623	0.0005779216
60.3076923077	0.0660468603	0.0006604686
60.3269230769	0.0742950568	0.0007429506
60.3461538462	0.0825360349	0.0008253603
60.3653846154	0.0907690373	0.0009076904
60.3846153846	0.0989932628	0.0009899326
60.4038461538	0.1072078642	0.0010720786
60.4230769231	0.1154119459	0.0011541195
60.4423076923	0.1236045618	0.0012360456
60.4615384615	0.1317847139	0.0013178471
60.4807692308	0.1399513508	0.0013995135
60.5000000000	0.1481033672	0.0014810337
60.5192307692	0.1562396028	0.0015623960
60.5384615385	0.1643588429	0.0016435884
60.5576923077	0.1724598181	0.0017245982
60.5769230769	0.1805412056	0.0018054121
60.5961538462	0.1886016297	0.0018860163
60.6153846154	0.1966396639	0.0019663966
60.6346153846	0.2046538325	0.0020465383
60.6538461538	0.2126426130	0.0021264261
60.6730769231	0.2206044388	0.0022060444
60.6923076923	0.2285377025	0.0022853770
60.7115384615	0.2364407589	0.0023644076
60.7307692308	0.2443119291	0.0024431193
60.7500000000	0.2521495045	0.0025214950
60.7692307692	0.2599517510	0.0025995175
60.7884615385	0.2677169136	0.0026771691
60.8076923077	0.2754432214	0.0027544322
60.8269230769	0.2831288925	0.0028312889
60.8461538462	0.2907721390	0.0029077214
60.8653846154	0.2983711724	0.0029837117
60.8846153846	0.3059242091	0.0030592421
60.9038461538	0.3134294756	0.0031342948
60.9230769231	0.3208852139	0.0032088521
60.9423076923	0.3282896871	0.0032828969
60.9615384615	0.3356411847	0.0033564118
60.9807692308	0.3429380275	0.0034293803
61.0000000000	0.3501785734	0.0035017857
61.0192307692	0.3573612216	0.0035736122
61.0384615385	0.3644844176	0.0036448442
61.0576923077	0.3715466580	0.0037154666
61.0769230769	0.3785464944	0.0037854649
61.0961538462	0.3854825373	0.0038548254
61.1153846154	0.3923534600	0.0039235346
61.1346153846	0.3991580016	0.0039915800
61.1538461538	0.4058949703	0.0040589497
61.1730769231	0.4125632454	0.0041256325
61.1923076923	0.4191617799	0.0041916178
61.2115384615	0.4256896020	0.0042568960
61.2307692308	0.4321458165	0.0043214582
61.2500000000	0.4385296056	0.0043852961
61.2692307692	0.4448402293	0.0044484023
61.2884615385	0.4510770257	0.0045107703
61.3076923077	0.4572394102	0.0045723941
61.3269230769	0.4633268752	0.0046332688
61.3461538462	0.4693389881	0.0046933899
61.3653846154	0.4752753904	0.0047527539
61.3846153846	0.4811357954	0.0048113580
61.4038461538	0.4869199854	0.0048691999
61.4230769231	0.4926278098	0.0049262781
61.4423076923	0.4982591812	0.0049825918
61.4615384615	0.5038140725	0.0050381407
61.4807692308	0.5092925133	0.0050929251
61.5000000000	0.5146945854	0.0051469459
61.5192307692	0.5200204194	0.0052002042
61.5384615385	0.5252701901	0.0052527019
61.5576923077	0.5304441116	0.0053044411
61.5769230769	0.5355424335	0.0053554243
61.5961538462	0.5405654355	0.0054056544
61.6153846154	0.5455134230	0.0054551342
61.6346153846	0.5503867219	0.0055038672
61.6538461538	0.5551856744	0.0055518567
61.6730769231	0.5599106333	0.0055991063
61.6923076923	0.5645619584	0.0056456196
61.7115384615	0.5691400107	0.0056914001
61.7307692308	0.5736451485	0.0057364515
61.7500000000	0.5780777230	0.0057807772
61.7692307692	0.5824380737	0.0058243807
61.7884615385	0.5867265246	0.0058672652
61.8076923077	0.5909433800	0.0059094338
61.8269230769	0.5950889214	0.0059508892
61.8461538462	0.5991634035	0.0059916340
61.8653846154	0.6031670513	0.0060316705
61.8846153846	0.6071000571	0.0060710006
61.9038461538	0.6109625781	0.0061096258
61.9230769231	0.6147547335	0.0061475473
61.9423076923	0.6184766030	0.0061847660
61.9615384615	0.6221282245	0.0062212822
61.9807692308	0.6257095929	0.0062570959
62.0000000000	0.6292206588	0.0062922066
62.0192307692	0.6326613272	0.0063266133
62.0384615385	0.6360314573	0.0063603146
62.0576923077	0.6393308618	0.0063933086
62.0769230769	0.6425593064	0.0064255931
62.0961538462	0.6457165106	0.0064571651
62.1153846154	0.6488021471	0.0064880215
62.1346153846	0.6518158431	0.0065181584
62.1538461538	0.6547571804	0.0065475718
62.1730769231	0.6576256966	0.0065762570
62.1923076923	0.6604208861	0.0066042089
62.2115384615	0.6631422012	0.0066314220
62.2307692308	0.6657890535	0.0066578905
62.2500000000	0.6683608155	0.0066836082
62.2692307692	0.6708568220	0.0067085682
62.2884615385	0.6732763718	0.0067327637
62.3076923077	0.6756187297	0.0067561873
62.3269230769	0.6778831278	0.0067788313
62.3461538462	0.6800687680	0.0068006877
62.3653846154	0.6821748232	0.0068217482
62.3846153846	0.6842004399	0.0068420044
62.4038461538	0.6861447395	0.0068614474
62.4230769231	0.6880068209	0.0068800682
62.4423076923	0.6897857618	0.0068978576
62.4615384615	0.6914806209	0.0069148062
62.4807692308	0.6930904399	0.0069309044
62.5000000000	0.6946142453	0.0069461425
62.5192307692	0.6960510500	0.0069605105
62.5384615385	0.6973998556	0.0069739986
62.5576923077	0.6986596538	0.0069865965
62.5769230769	0.6998294284	0.0069982943
62.5961538462	0.7009081569	0.0070090816
62.6153846154	0.7018948122	0.0070189481
62.6346153846	0.7027883647	0.0070278836
62.6538461538	0.7035877832	0.0070358778
62.6730769231	0.7042920374	0.0070429204
62.6923076923	0.7049000990	0.0070490010
62.7115384615	0.7054109437	0.0070541094
62.7307692308	0.7058235527	0.0070582355
62.7500000000	0.7061369142	0.0070613691
62.7692307692	0.7063500255	0.0070635003
62.7884615385	0.7064618946	0.0070646189
62.8076923077	0.7064715417	0.0070647154
62.8269230769	0.7063780012	0.0070637800
62.8461538462	0.7061803233	0.0070618032
62.8653846154	0.7058775764	0.0070587758
62.8846153846	0.7054688483	0.0070546885
62.9038461538	0.7049532486	0.0070495325
62.9230769231	0.7043299106	0.0070432991
62.9423076923	0.7035979931	0.0070359799
62.9615384615	0.7027566830	0.0070275668
62.9807692308	0.7018051970	0.0070180520
63.0000000000	0.7007427839	0.0070074278
63.0192307692	0.6995687270	0.0069956873
63.0384615385	0.6982823459	0.0069828235
63.0576923077	0.6968829995	0.0069688300
63.0769230769	0.6953700874	0.0069537009
63.0961538462	0.6937430530	0.0069374305
63.1153846154	0.6920013854	0.0069200139
63.1346153846	0.6901446215	0.0069014462
63.1538461538	0.6881723489	0.0068817235
63.1730769231	0.6860842073	0.0068608421
63.1923076923	0.6838798915	0.0068387989
63.2115384615	0.6815591527	0.0068155915
63.2307692308	0.6791218014	0.0067912180
63.2500000000	0.6765677084	0.0067656771
63.2692307692	0.6738968074	0.0067389681
63.2884615385	0.6711090962	0.0067110910
63.3076923077	0.6682046386	0.0066820464
63.3269230769	0.6651835656	0.0066518357
63.3461538462	0.6620460767	0.0066204608
63.3653846154	0.6587924409	0.0065879244
63.3846153846	0.6554229977	0.0065542300
63.4038461538	0.6519381578	0.0065193816
63.4230769231	0.6483384034	0.0064833840
63.4423076923	0.6446242884	0.0064462429
63.4615384615	0.6407964387	0.0064079644
63.4807692308	0.6368555515	0.0063685555
63.5000000000	0.6328023953	0.0063280240
63.5192307692	0.6286378088	0.0062863781
63.5384615385	0.6243627002	0.0062436270
63.5576923077	0.6199780458	0.0061997805
63.5769230769	0.6154848883	0.0061548489
63.5961538462	0.6108843358	0.0061088434
63.6153846154	0.6061775590	0.0060617756
63.6346153846	0.6013657893	0.0060136579
63.6538461538	0.5964503168	0.0059645032
63.6730769231	0.5914324869	0.0059143249
63.6923076923	0.5863136980	0.0058631370
63.7115384615	0.5810953982	0.0058109540
63.7307692308	0.5757790822	0.0057577908
63.7500000000	0.5703662877	0.0057036629
63.7692307692	0.5648585923	0.0056485859
63.7884615385	0.5592576092	0.0055925761
63.8076923077	0.5535649839	0.0055356498
63.8269230769	0.5477823903	0.0054778239
63.8461538462	0.5419115264	0.0054191153
63.8653846154	0.5359541109	0.0053595411
63.8846153846	0.5299118787	0.0052991188
63.9038461538	0.5237865769	0.0052378658
63.9230769231	0.5175799611	0.0051757996
63.9423076923	0.5112937914	0.0051129379
63.9615384615	0.5049298282	0.0050492983
63.9807692308	0.4984898288	0.0049848983
64.0000000000	0.4919755433	0.0049197554
64.0192307692	0.4853887113	0.0048538871
64.0384615385	0.4787310582	0.0047873106
64.0576923077	0.4720042924	0.0047200429
64.0769230769	0.4652101016	0.0046521010
64.0961538462	0.4583501502	0.0045835015
64.1153846154	0.4514260768	0.0045142608
64.1346153846	0.4444394912	0.0044443949
64.1538461538	0.4373919727	0.0043739197
64.1730769231	0.4302850678	0.0043028507
64.1923076923	0.4231202884	0.0042312029
64.2115384615	0.4158991105	0.0041589911
64.2307692308	0.4086229731	0.0040862297
64.2500000000	0.4012932769	0.0040129328
64.2692307692	0.3939113837	0.0039391138
64.2884615385	0.3864786161	0.0038647862
64.3076923077	0.3789962575	0.0037899626
64.3269230769	0.3714655519	0.0037146555
64.3461538462	0.3638877042	0.0036388770
64.3653846154	0.3562638812	0.0035626388
64.3846153846	0.3485952125	0.0034859521
64.4038461538	0.3408827908	0.0034088279
64.4230769231	0.3331276743	0.0033312767
64.4423076923	0.3253308875	0.0032533089
64.4615384615	0.3174934231	0.0031749342
64.4807692308	0.3096162440	0.0030961624
64.5000000000	0.3017002852	0.0030170029
64.5192307692	0.2937464563	0.0029374646
64.5384615385	0.2857556434	0.0028575564
64.5576923077	0.2777287121	0.0027772871
64.5769230769	0.2696665096	0.0026966651
64.5961538462	0.2615698677	0.0026156987
64.6153846154	0.2534396051	0.0025343961
64.6346153846	0.2452765307	0.0024527653
64.6538461538	0.2370814460	0.0023708145
64.6730769231	0.2288551478	0.0022885515
64.6923076923	0.2205984313	0.0022059843
64.7115384615	0.2123120929	0.0021231209
64.7307692308	0.2039969326	0.0020399693
64.7500000000	0.1956537567	0.0019565376
64.7692307692	0.1872833807	0.0018728338
64.7884615385	0.1788866318	0.0017888663
64.8076923077	0.1704643511	0.0017046435
64.8269230769	0.1620173958	0.0016201740
64.8461538462	0.1535466419	0.0015354664
64.8653846154	0.1450529861	0.0014505299
64.8846153846	0.1365373474	0.0013653735
64.9038461538	0.1280006693	0.0012800067
64.9230769231	0.1194439214	0.0011944392
64.9423076923	0.1108681008	0.0011086810
64.9615384615	0.1022742335	0.0010227423
64.9807692308	0.0936633757	0.0009366338
65.0000000000	0.0850366146	0.0008503661
65.0192307692	0.0763950693	0.0007639507
65.0384615385	0.0677398918	0.0006773989
65.0576923077	0.0590722671	0.0005907227
65.0769230769	0.0503934140	0.0005039341
65.0961538462	0.0417045848	0.0004170458
65.1153846154	0.0330070660	0.0003300707
65.1346153846	0.0243021774	0.0002430218
65.1538461538	0.0155912727	0.0001559127
65.1730769231	0.0068757384	0.0000687574
65.1923076923	-0.0018430064	-0.0000184301
65.2115384615	-0.0105635106	-0.0001056351
65.2307692308	-0.0192842923	-0.0001928429
65.2500000000	-0.0280038393	-0.0002800384
65.2692307692	-0.0367206105	-0.0003672061
65.2884615385	-0.0454330366	-0.0004543304
65.3076923077	-0.0541395221	-0.0005413952
65.3269230769	-0.0628384459	-0.0006283845
65.3461538462	-0.0715281633	-0.0007152816
65.3653846154	-0.0802070072	-0.0008020701
65.3846153846	-0.0888732902	-0.0008887329
65.4038461538	-0.0975253058	-0.0009752531
65.4230769231	-0.1061613304	-0.0010616133
65.4423076923	-0.1147796252	-0.0011477963
65.4615384615	-0.1233784381	-0.0012337844
65.4807692308	-0.1319560056	-0.0013195601
65.5000000000	-0.1405105549	-0.0014051055
65.5192307692	-0.1490403059	-0.0014904031
65.5384615385	-0.1575434731	-0.0015754347
65.5576923077	-0.1660182684	-0.0016601827
65.5769230769	-0.1744629023	-0.0017446290
65.5961538462	-0.1828755871	-0.0018287559
65.6153846154	-0.1912545384	-0.0019125454
65.6346153846	-0.1995979776	-0.0019959798
65.6538461538	-0.2079041343	-0.0020790413
65.6730769231	-0.2161712484	-0.0021617125
65.6923076923	-0.2243975723	-0.0022439757
65.7115384615	-0.2325813736	-0.0023258137
65.7307692308	-0.2407209369	-0.0024072094
65.7500000000	-0.2488145666	-0.0024881457
65.7692307692	-0.2568605885	-0.0025686059
65.7884615385	-0.2648573529	-0.0026485735
65.8076923077	-0.2728032362	-0.0027280324
65.8269230769	-0.2806966435	-0.0028069664
65.8461538462	-0.2885360108	-0.0028853601
65.8653846154	-0.2963198069	-0.0029631981
65.8846153846	-0.3040465358	-0.0030404654
65.9038461538	-0.3117147388	-0.0031171474
65.9230769231	-0.3193229965	-0.0031932300
65.9423076923	-0.3268699307	-0.0032686993
65.9615384615	-0.3343542067	-0.0033435421
65.9807692308	-0.3417745344	-0.0034177453
66.0000000000	-0.3491296712	-0.0034912967
66.0192307692	-0.3564184225	-0.0035641842
66.0384615385	-0.3636396443	-0.0036363964
66.0576923077	-0.3707922441	-0.0037079224
66.0769230769	-0.3778751825	-0.0037787518
66.0961538462	-0.3848874746	-0.0038488747
66.1153846154	-0.3918281908	-0.0039182819
66.1346153846	-0.3986964584	-0.0039869646
66.1538461538	-0.4054914616	-0.0040549146
66.1730769231	-0.4122124433	-0.0041221244
66.1923076923	-0.4188587047	-0.0041885870
66.2115384615	-0.4254296063	-0.0042542961
66.2307692308	-0.4319245680	-0.0043192457
66.2500000000	-0.4383430689	-0.0043834307
66.2692307692	-0.4446846477	-0.0044468465
66.2884615385	-0.4509489018	-0.0045094890
66.3076923077	-0.4571354873	-0.0045713549
66.3269230769	-0.4632441177	-0.0046324412
66.3461538462	-0.4692745638	-0.0046927456
66.3653846154	-0.4752266517	-0.0047522665
66.3846153846	-0.4811002624	-0.0048110026
66.4038461538	-0.4868953294	-0.0048689533
66.4230769231	-0.4926118376	-0.0049261184
66.4423076923	-0.4982498214	-0.0049824982
66.4615384615	-0.5038093619	-0.0050380936
66.4807692308	-0.5092905855	-0.0050929059
66.5000000000	-0.5146936608	-0.0051469366
66.5192307692	-0.5200187962	-0.0052001880
66.5384615385	-0.5252662367	-0.0052526624
66.5576923077	-0.5304362615	-0.0053043626
66.5769230769	-0.5355291803	-0.0053552918
66.5961538462	-0.5405453300	-0.0054054533
66.6153846154	-0.5454850717	-0.0054548507
66.6346153846	-0.5503487865	-0.0055034879
66.6538461538	-0.5551368725	-0.0055513687
66.6730769231	-0.5598497404	-0.0055984974
66.6923076923	-0.5644878101	-0.0056448781
66.7115384615	-0.5690515064	-0.0056905151
66.7307692308	-0.5735412556	-0.0057354126
66.7500000000	-0.5779574810	-0.0057795748
66.7692307692	-0.5823005991	-0.0058230060
66.7884615385	-0.5865710157	-0.0058657102
66.8076923077	-0.5907691220	-0.0059076912
66.8269230769	-0.5948952903	-0.0059489529
66.8461538462	-0.5989498708	-0.0059894987
66.8653846154	-0.6029331874	-0.0060293319
66.8846153846	-0.6068455341	-0.0060684553
66.9038461538	-0.6106871716	-0.0061068717
66.9230769231	-0.6144583241	-0.0061445832
66.9423076923	-0.6181591756	-0.0061815918
66.9615384615	-0.6217898672	-0.0062178987
66.9807692308	-0.6253504942	-0.0062535049
67.0000000000	-0.6288411035	-0.0062884110
67.0192307692	-0.6322616909	-0.0063226169
67.0384615385	-0.6356121992	-0.0063561220
67.0576923077	-0.6388925161	-0.0063889252
67.0769230769	-0.6421024726	-0.0064210247
67.0961538462	-0.6452418416	-0.0064524184
67.1153846154	-0.6483103363	-0.0064831034
67.1346153846	-0.6513076100	-0.0065130761
67.1538461538	-0.6542332552	-0.0065423326
67.1730769231	-0.6570868030	-0.0065708680
67.1923076923	-0.6598677237	-0.0065986772
67.2115384615	-0.6625754265	-0.0066257543
67.2307692308	-0.6652092605	-0.0066520926
67.2500000000	-0.6677685154	-0.0066776852
67.2692307692	-0.6702524226	-0.0067025242
67.2884615385	-0.6726601566	-0.0067266016
67.3076923077	-0.6749908370	-0.0067499084
67.3269230769	-0.6772435300	-0.0067724353
67.3461538462	-0.6794172512	-0.0067941725
67.3653846154	-0.6815109675	-0.0068151097
67.3846153846	-0.6835236002	-0.0068352360
67.4038461538	-0.6854540279	-0.0068545403
67.4230769231	-0.6873010893	-0.0068730109
67.4423076923	-0.6890635868	-0.0068906359
67.4615384615	-0.6907402903	-0.0069074029
67.4807692308	-0.6923299399	-0.0069232994
67.5000000000	-0.6938312509	-0.0069383125
67.5192307692	-0.6952429167	-0.0069524292
67.5384615385	-0.6965636134	-0.0069656361
67.5576923077	-0.6977920036	-0.0069779200
67.5769230769	-0.6989267409	-0.0069892674
67.5961538462	-0.6999664736	-0.0069996647
67.6153846154	-0.7009098495	-0.0070090985
67.6346153846	-0.7017555196	-0.0070175552
67.6538461538	-0.7025021427	-0.0070250214
67.6730769231	-0.7031483895	-0.0070314839
67.6923076923	-0.7036929466	-0.0070369295
67.7115384615	-0.7041345208	-0.0070413452
67.7307692308	-0.7044718428	-0.0070447184
67.7500000000	-0.7047036715	-0.0070470367
67.7692307692	-0.7048287973	-0.0070482880
67.7884615385	-0.7048460462	-0.0070484605
67.8076923077	-0.7047542828	-0.0070475428
67.8269230769	-0.7045524143	-0.0070455241
67.8461538462	-0.7042393930	-0.0070423939
67.8653846154	-0.7038142198	-0.0070381422
67.8846153846	-0.7032759468	-0.0070327595
67.9038461538	-0.7026236801	-0.0070262368
67.9230769231	-0.7018565818	-0.0070185658
67.9423076923	-0.7009738731	-0.0070097387
67.9615384615	-0.6999748352	-0.0069997484
67.9807692308	-0.6988588122	-0.0069885881
68.0000000000	-0.6976252118	-0.0069762521
68.0192307692	-0.6962735075	-0.0069627351
68.0384615385	-0.6948032393	-0.0069480324
68.0576923077	-0.6932140146	-0.0069321401
68.0769230769	-0.6915055094	-0.0069150551
68.0961538462	-0.6896774687	-0.0068967747
68.1153846154	-0.6877297068	-0.0068772971
68.1346153846	-0.6856621076	-0.0068566211
68.1538461538	-0.6834746245	-0.0068347462
68.1730769231	-0.6811672807	-0.0068116728
68.1923076923	-0.6787401682	-0.0067874017
68.2115384615	-0.6761934479	-0.0067619345
68.2307692308	-0.6735273487	-0.0067352735
68.2500000000	-0.6707421668	-0.0067074217
68.2692307692	-0.6678382649	-0.0066783826
68.2884615385	-0.6648160712	-0.0066481607
68.3076923077	-0.6616760783	-0.0066167608
68.3269230769	-0.6584188417	-0.0065841884
68.3461538462	-0.6550449790	-0.0065504498
68.3653846154	-0.6515551682	-0.0065155517
68.3846153846	-0.6479501465	-0.0064795015
68.4038461538	-0.6442307085	-0.0064423071
68.4230769231	-0.6403977048	-0.0064039770
68.4423076923	-0.6364520404	-0.0063645204
68.4615384615	-0.6323946734	-0.0063239467
68.4807692308	-0.6282266126	-0.0062822661
68.5000000000	-0.6239489166	-0.0062394892
68.5192307692	-0.6195626915	-0.0061956269
68.5384615385	-0.6150690896	-0.0061506909
68.5576923077	-0.6104693076	-0.0061046931
68.5769230769	-0.6057645847	-0.0060576458
68.5961538462	-0.6009562012	-0.0060095620
68.6153846154	-0.5960454765	-0.0059604548
68.6346153846	-0.5910337677	-0.0059103377
68.6538461538	-0.5859224676	-0.0058592247
68.6730769231	-0.5807130033	-0.0058071300
68.6923076923	-0.5754068344	-0.0057540683
68.7115384615	-0.5700054515	-0.0057000545
68.7307692308	-0.5645103743	-0.0056451037
68.7500000000	-0.5589231502	-0.0055892315
68.7692307692	-0.5532453527	-0.0055324535
68.7884615385	-0.5474785795	-0.0054747858
68.8076923077	-0.5416244513	-0.0054162445
68.8269230769	-0.5356846100	-0.0053568461
68.8461538462	-0.5296607170	-0.0052966072
68.8653846154	-0.5235544518	-0.0052355445
68.8846153846	-0.5173675103	-0.0051736751
68.9038461538	-0.5111016032	-0.0051110160
68.9230769231	-0.5047584543	-0.0050475845
68.9423076923	-0.4983397993	-0.0049833980
68.9615384615	-0.4918473836	-0.0049184738
68.9807692308	-0.4852829610	-0.0048528296
69.0000000000	-0.4786482920	-0.0047864829
69.0192307692	-0.4719451421	-0.0047194514
69.0384615385	-0.4651752803	-0.0046517528
69.0576923077	-0.4583404770	-0.0045834048
69.0769230769	-0.4514425029	-0.0045144250
69.0961538462	-0.4444831267	-0.0044448313
69.1153846154	-0.4374641137	-0.0043746411
69.1346153846	-0.4303872243	-0.0043038722
69.1538461538	-0.4232542118	-0.0042325421
69.1730769231	-0.4160668209	-0.0041606682
69.1923076923	-0.4088267862	-0.0040882679
69.2115384615	-0.4015358300	-0.0040153583
69.2307692308	-0.3941956612	-0.0039419566
69.2500000000	-0.3868079732	-0.0038680797
69.2692307692	-0.3793744424	-0.0037937444
69.2884615385	-0.3718967266	-0.0037189673
69.3076923077	-0.3643764633	-0.0036437646
69.3269230769	-0.3568152685	-0.0035681527
69.3461538462	-0.3492147348	-0.0034921473
69.3653846154	-0.3415764303	-0.0034157643
69.3846153846	-0.3339018970	-0.0033390190
69.4038461538	-0.3261926498	-0.0032619265
69.4230769231	-0.3184501749	-0.0031845017
69.4423076923	-0.3106759292	-0.0031067593
69.4615384615	-0.3028713387	-0.0030287134
69.4807692308	-0.2950377981	-0.0029503780
69.5000000000	-0.2871766695	-0.0028717667
69.5192307692	-0.2792892823	-0.0027928928
69.5384615385	-0.2713769318	-0.0027137693
69.5576923077	-0.2634408796	-0.0026344088
69.5769230769	-0.2554823524	-0.0025548235
69.5961538462	-0.2475025427	-0.0024750254
69.6153846154	-0.2395026078	-0.0023950261
69.6346153846	-0.2314836705	-0.0023148367
69.6538461538	-0.2234468191	-0.0022344682
69.6730769231	-0.2153931075	-0.0021539311
69.6923076923	-0.2073235560	-0.0020732356
69.7115384615	-0.1992391519	-0.0019923915
69.7307692308	-0.1911408497	-0.0019114085
69.7500000000	-0.1830295727	-0.0018302957
69.7692307692	-0.1749062134	-0.0017490621
69.7884615385	-0.1667716350	-0.0016677163
69.8076923077	-0.1586266724	-0.0015862667
69.8269230769	-0.1504721336	-0.0015047213
69.8461538462	-0.1423088014	-0.0014230880
69.8653846154	-0.1341374344	-0.0013413743
69.8846153846	-0.1259587692	-0.0012595877
69.9038461538	-0.1177735220	-0.0011777352
69.9230769231	-0.1095823900	-0.0010958239
69.9423076923	-0.1013860540	-0.0010138605
69.9615384615	-0.0931851795	-0.0009318518
69.9807692308	-0.0849804194	-0.0008498042
70.0000000000	-0.0767724156	-0.0007677242
70.0192307692	-0.0685618011	-0.0006856180
70.0384615385	-0.0603492022	-0.0006034920
70.0576923077	-0.0521352404	-0.0005213524
70.0769230769	-0.0439205343	-0.0004392053
70.0961538462	-0.0357057022	-0.0003570570
70.1153846154	-0.0274913634	-0.0002749136
70.1346153846	-0.0192781406	-0.0001927814
70.1538461538	-0.0110666617	-0.0001106666
70.1730769231	-0.0028575617	-0.0000285756
70.1923076923	0.0053485156	0.0000534852
70.2115384615	0.0135509159	0.0001355092
70.2307692308	0.0217489725	0.0002174897
70.2500000000	0.0299420052	0.0002994201
70.2692307692	0.0381293184	0.0003812932
70.2884615385	0.0463102000	0.0004631020
70.3076923077	0.0544839203	0.0005448392
70.3269230769	0.0626497304	0.0006264973
70.3461538462	0.0708068620	0.0007080686
70.3653846154	0.0789545255	0.0007895453
70.3846153846	0.0870919102	0.0008709191
70.4038461538	0.0952181830	0.0009521818
70.4230769231	0.1033324882	0.0010333249
70.4423076923	0.1114339472	0.0011143395
70.4615384615	0.1195216580	0.0011952166
70.4807692308	0.1275946953	0.0012759470
70.5000000000	0.1356521104	0.0013565211
70.5192307692	0.1436929312	0.0014369293
70.5384615385	0.1517161629	0.0015171616
70.5576923077	0.1597207877	0.0015972079
70.5769230769	0.1677057660	0.0016770577
70.5961538462	0.1756700362	0.0017567004
70.6153846154	0.1836125162	0.0018361252
70.6346153846	0.1915321036	0.0019153210
70.6538461538	0.1994276769	0.0019942768
70.6730769231	0.2072980961	0.0020729810
70.6923076923	0.2151422043	0.0021514220
70.7115384615	0.2229588284	0.0022295883
70.7307692308	0.2307467805	0.0023074678
70.7500000000	0.2385048591	0.0023850486
70.7692307692	0.2462318506	0.0024623185
70.7884615385	0.2539265303	0.0025392653
70.8076923077	0.2615876642	0.0026158766
70.8269230769	0.2692140105	0.0026921401
70.8461538462	0.2768043207	0.0027680432
70.8653846154	0.2843573416	0.0028435734
70.8846153846	0.2918718168	0.0029187182
70.9038461538	0.2993464879	0.0029934649
70.9230769231	0.3067800968	0.0030678010
70.9423076923	0.3141713866	0.0031417139
70.9615384615	0.3215191038	0.0032151910
70.9807692308	0.3288219997	0.0032882200
71.0000000000	0.3360788320	0.0033607883
71.0192307692	0.3432883666	0.0034328837
71.0384615385	0.3504493789	0.0035044938
71.0576923077	0.3575606559	0.0035756066
71.0769230769	0.3646209974	0.0036462100
71.0961538462	0.3716292179	0.0037162922
71.1153846154	0.3785841476	0.0037858415
71.1346153846	0.3854846348	0.0038548463
71.1538461538	0.3923295464	0.0039232955
71.1730769231	0.3991177703	0.0039911777
71.1923076923	0.4058482161	0.0040584822
71.2115384615	0.4125198169	0.0041251982
71.2307692308	0.4191315306	0.0041913153
71.2500000000	0.4256823408	0.0042568234
71.2692307692	0.4321712587	0.0043217126
71.2884615385	0.4385973238	0.0043859732
71.3076923077	0.4449596051	0.0044495961
71.3269230769	0.4512572021	0.0045125720
71.3461538462	0.4574892461	0.0045748925
71.3653846154	0.4636549007	0.0046365490
71.3846153846	0.4697533628	0.0046975336
71.4038461538	0.4757838635	0.0047578386
71.4230769231	0.4817456683	0.0048174567
71.4423076923	0.4876380780	0.0048763808
71.4615384615	0.4934604294	0.0049346043
71.4807692308	0.4992120947	0.0049921209
71.5000000000	0.5048924829	0.0050489248
71.5192307692	0.5105010389	0.0051050104
71.5384615385	0.5160372443	0.0051603724
71.5576923077	0.5215006167	0.0052150062
71.5769230769	0.5268907096	0.0052689071
71.5961538462	0.5322071121	0.0053220711
71.6153846154	0.5374494485	0.0053744945
71.6346153846	0.5426173770	0.0054261738
71.6538461538	0.5477105898	0.0054771059
71.6730769231	0.5527288112	0.0055272881
71.6923076923	0.5576717974	0.0055767180
71.7115384615	0.5625393345	0.0056253933
71.7307692308	0.5673312374	0.0056733124
71.7500000000	0.5720473486	0.0057204735
71.7692307692	0.5766875359	0.0057668754
71.7884615385	0.5812516910	0.0058125169
71.8076923077	0.5857397274	0.0058573973
71.8269230769	0.5901515786	0.0059015158
71.8461538462	0.5944871954	0.0059448720
71.8653846154	0.5987465439	0.0059874654
71.8846153846	0.6029296033	0.0060292960
71.9038461538	0.6070363628	0.0060703636
71.9230769231	0.6110668196	0.0061106682
71.9423076923	0.6150209757	0.0061502098
71.9615384615	0.6188988356	0.0061889884
71.9807692308	0.6227004032	0.0062270040
72.0000000000	0.6264256789	0.0062642568
72.0192307692	0.6300746571	0.0063007466
72.0384615385	0.6336473230	0.0063364732
72.0576923077	0.6371436497	0.0063714365
72.0769230769	0.6405635955	0.0064056360
72.0961538462	0.6439071012	0.0064390710
72.1153846154	0.6471740869	0.0064717409
72.1346153846	0.6503644498	0.0065036445
72.1538461538	0.6534780612	0.0065347806
72.1730769231	0.6565147640	0.0065651476
72.1923076923	0.6594743708	0.0065947437
72.2115384615	0.6623566609	0.0066235666
72.2307692308	0.6651613788	0.0066516138
72.2500000000	0.6678882320	0.0066788823
72.2692307692	0.6705368892	0.0067053689
72.2884615385	0.6731069788	0.0067310698
72.3076923077	0.6755980877	0.0067559809
72.3269230769	0.6780097596	0.0067800976
72.3461538462	0.6803414949	0.0068034149
72.3653846154	0.6825927495	0.0068259275
72.3846153846	0.6847629342	0.0068476293
72.4038461538	0.6868514151	0.0068685142
72.4230769231	0.6888575133	0.0068885751
72.4423076923	0.6907805052	0.0069078051
72.4615384615	0.6926196235	0.0069261962
72.4807692308	0.6943740575	0.0069437406
72.5000000000	0.6960429548	0.0069604295
72.5192307692	0.6976254224	0.0069762542
72.5384615385	0.6991205283	0.0069912053
72.5576923077	0.7005273038	0.0070052730
72.5769230769	0.7018447451	0.0070184475
72.5961538462	0.7030718163	0.0070307182
72.6153846154	0.7042074515	0.0070420745
72.6346153846	0.7052505580	0.0070525056
72.6538461538	0.7062000193	0.0070620002
72.6730769231	0.7070546981	0.0070705470
72.6923076923	0.7078134399	0.0070781344
72.7115384615	0.7084750766	0.0070847508
72.7307692308	0.7090384301	0.0070903843
72.7500000000	0.7095023161	0.0070950232
72.7692307692	0.7098655482	0.0070986555
72.7884615385	0.7101269417	0.0071012694
72.8076923077	0.7102853178	0.0071028532
72.8269230769	0.7103395075	0.0071033951
72.8461538462	0.7102883564	0.0071028836
72.8653846154	0.7101307277	0.0071013073
72.8846153846	0.7098655076	0.0070986551
72.9038461538	0.7094916083	0.0070949161
72.9230769231	0.7090079728	0.0070900797
72.9423076923	0.7084135784	0.0070841358
72.9615384615	0.7077074407	0.0070770744
72.9807692308	0.7068886173	0.0070688862
73.0000000000	0.7059562117	0.0070595621
73.0192307692	0.7049093763	0.0070490938
73.0384615385	0.7037473160	0.0070374732
73.0576923077	0.7024692911	0.0070246929
73.0769230769	0.7010746208	0.0070107462
73.0961538462	0.6995626851	0.0069956269
73.1153846154	0.6979329282	0.0069793293
73.1346153846	0.6961848601	0.0069618486
73.1538461538	0.6943180591	0.0069431806
73.1730769231	0.6923321736	0.0069233217
73.1923076923	0.6902269237	0.0069022692
73.2115384615	0.6880021026	0.0068800210
73.2307692308	0.6856575775	0.0068565758
73.2500000000	0.6831932910	0.0068319329
73.2692307692	0.6806092613	0.0068060926
73.2884615385	0.6779055827	0.0067790558
73.3076923077	0.6750824260	0.0067508243
73.3269230769	0.6721400383	0.0067214004
73.3461538462	0.6690787426	0.0066907874
73.3653846154	0.6658989374	0.0066589894
73.3846153846	0.6626010960	0.0066260110
73.4038461538	0.6591857653	0.0065918577
73.4230769231	0.6556535652	0.0065565357
73.4423076923	0.6520051867	0.0065200519
73.4615384615	0.6482413906	0.0064824139
73.4807692308	0.6443630057	0.0064436301
73.5000000000	0.6403709273	0.0064037093
73.5192307692	0.6362661147	0.0063626611
73.5384615385	0.6320495893	0.0063204959
73.5576923077	0.6277224323	0.0062772243
73.5769230769	0.6232857824	0.0062328578
73.5961538462	0.6187408330	0.0061874083
73.6153846154	0.6140888297	0.0061408883
73.6346153846	0.6093310679	0.0060933107
73.6538461538	0.6044688896	0.0060446889
73.6730769231	0.5995036808	0.0059950368
73.6923076923	0.5944368686	0.0059443687
73.7115384615	0.5892699183	0.0058926992
73.7307692308	0.5840043301	0.0058400433
73.7500000000	0.5786416368	0.0057864164
73.7692307692	0.5731834001	0.0057318340
73.7884615385	0.5676312080	0.0056763121
73.8076923077	0.5619866716	0.0056198667
73.8269230769	0.5562514223	0.0055625142
73.8461538462	0.5504271088	0.0055042711
73.8653846154	0.5445153938	0.0054451539
73.8846153846	0.5385179519	0.0053851795
73.9038461538	0.5324364658	0.0053243647
73.9230769231	0.5262726242	0.0052627262
73.9423076923	0.5200281188	0.0052002812
73.9615384615	0.5137046414	0.0051370464
73.9807692308	0.5073038818	0.0050730388
74.0000000000	0.5008275250	0.0050082752
74.0192307692	0.4942772484	0.0049427725
74.0384615385	0.4876547201	0.0048765472
74.0576923077	0.4809615962	0.0048096160
74.0769230769	0.4741995188	0.0047419952
74.0961538462	0.4673701139	0.0046737011
74.1153846154	0.4604749895	0.0046047499
74.1346153846	0.4535157334	0.0045351573
74.1538461538	0.4464939123	0.0044649391
74.1730769231	0.4394110694	0.0043941107
74.1923076923	0.4322687234	0.0043226872
74.2115384615	0.4250683669	0.0042506837
74.2307692308	0.4178114656	0.0041781147
74.2500000000	0.4104994570	0.0041049946
74.2692307692	0.4031337494	0.0040313375
74.2884615385	0.3957157215	0.0039571572
74.3076923077	0.3882467215	0.0038824672
74.3269230769	0.3807280669	0.0038072807
74.3461538462	0.3731610441	0.0037316104
74.3653846154	0.3655469084	0.0036554691
74.3846153846	0.3578868839	0.0035788688
74.4038461538	0.3501821640	0.0035018216
74.4230769231	0.3424339114	0.0034243391
74.4423076923	0.3346432590	0.0033464326
74.4615384615	0.3268113104	0.0032681131
74.4807692308	0.3189391407	0.0031893914
74.5000000000	0.3110277981	0.0031102780
74.5192307692	0.3030783043	0.0030307830
74.5384615385	0.2950916562	0.0029509166
74.5576923077	0.2870688277	0.0028706883
74.5769230769	0.2790107707	0.0027901077
74.5961538462	0.2709184174	0.0027091842
74.6153846154	0.2627926820	0.0026279268
74.6346153846	0.2546344625	0.0025463446
74.6538461538	0.2464446433	0.0024644464
74.6730769231	0.2382240971	0.0023822410
74.6923076923	0.2299736872	0.0022997369
74.7115384615	0.2216942700	0.0022169427
74.7307692308	0.2133866976	0.0021338670
74.7500000000	0.2050518200	0.0020505182
74.7692307692	0.1966904879	0.0019669049
74.7884615385	0.1883035553	0.0018830356
74.8076923077	0.1798918821	0.0017989188
74.8269230769	0.1714563364	0.0017145634
74.8461538462	0.1629977974	0.0016299780
74.8653846154	0.1545171580	0.0015451716
74.8846153846	0.1460153270	0.0014601533
74.9038461538	0.1374932319	0.0013749323
74.9230769231	0.1289518207	0.0012895182
74.9423076923	0.1203920649	0.0012039206
74.9615384615	0.1118149609	0.0011181496
74.9807692308	0.1032215326	0.0010322153
75.0000000000	0.0946128328	0.0009461283
75.0192307692	0.0859899453	0.0008598995
75.0384615385	0.0773539864	0.0007735399
75.0576923077	0.0687061057	0.0006870611
75.0769230769	0.0600474881	0.0006004749
75.0961538462	0.0513793544	0.0005137935
75.1153846154	0.0427029616	0.0004270296
75.1346153846	0.0340196042	0.0003401960
75.1538461538	0.0253306141	0.0002533061
75.1730769231	0.0166373606	0.0001663736
75.1923076923	0.0079412502	0.0000794125
75.2115384615	-0.0007562735	-0.0000075627
75.2307692308	-0.0094537308	-0.0000945373
75.2500000000	-0.0181496069	-0.0001814961
75.2692307692	-0.0268423525	-0.0002684235
75.2884615385	-0.0355303860	-0.0003553039
75.3076923077	-0.0442120944	-0.0004421209
75.3269230769	-0.0528858356	-0.0005288584
75.3461538462	-0.0615499403	-0.0006154994
75.3653846154	-0.0702027146	-0.0007020271
75.3846153846	-0.0788424420	-0.0007884244
75.4038461538	-0.0874673865	-0.0008746739
75.4230769231	-0.0960757952	-0.0009607580
75.4423076923	-0.1046659015	-0.0010466590
75.4615384615	-0.1132359281	-0.0011323593
75.4807692308	-0.1217840906	-0.0012178409
75.5000000000	-0.1303086003	-0.0013030860
75.5192307692	-0.1388076683	-0.0013880767
75.5384615385	-0.1472795089	-0.0014727951
75.5576923077	-0.1557223427	-0.0015572234
75.5769230769	-0.1641344009	-0.0016413440
75.5961538462	-0.1725139286	-0.0017251393
75.6153846154	-0.1808591884	-0.0018085919
75.6346153846	-0.1891684639	-0.0018916846
75.6538461538	-0.1974400637	-0.0019744006
75.6730769231	-0.2056723241	-0.0020567232
75.6923076923	-0.2138636130	-0.0021386361
75.7115384615	-0.2220123328	-0.0022201233
75.7307692308	-0.2301169237	-0.0023011692
75.7500000000	-0.2381758664	-0.0023817587
75.7692307692	-0.2461876852	-0.0024618769
75.7884615385	-0.2541509499	-0.0025415095
75.8076923077	-0.2620642789	-0.0026206428
75.8269230769	-0.2699263409	-0.0026992634
75.8461538462	-0.2777358566	-0.0027773586
75.8653846154	-0.2854916009	-0.0028549160
75.8846153846	-0.2931924039	-0.0029319240
75.9038461538	-0.3008371520	-0.0030083715
75.9230769231	-0.3084247890	-0.0030842479
75.9423076923	-0.3159543166	-0.0031595432
75.9615384615	-0.3234247947	-0.0032342479
75.9807692308	-0.3308353413	-0.0033083534
76.0000000000	-0.3381851327	-0.0033818513
76.0192307692	-0.3454734024	-0.0034547340
76.0384615385	-0.3526994411	-0.0035269944
76.0576923077	-0.3598625949	-0.0035986259
76.0769230769	-0.3669622646	-0.0036696226
76.0961538462	-0.3739979040	-0.0037399790
76.1153846154	-0.3809690181	-0.0038096902
76.1346153846	-0.3878751614	-0.0038787516
76.1538461538	-0.3947159354	-0.0039471594
76.1730769231	-0.4014909866	-0.0040149099
76.1923076923	-0.4082000037	-0.0040820000
76.2115384615	-0.4148427152	-0.0041484272
76.2307692308	-0.4214188864	-0.0042141889
76.2500000000	-0.4279283168	-0.0042792832
76.2692307692	-0.4343708365	-0.0043437084
76.2884615385	-0.4407463038	-0.0044074630
76.3076923077	-0.4470546014	-0.0044705460
76.3269230769	-0.4532956336	-0.0045329563
76.3461538462	-0.4594693232	-0.0045946932
76.3653846154	-0.4655756077	-0.0046557561
76.3846153846	-0.4716144367	-0.0047161444
76.4038461538	-0.4775857684	-0.0047758577
76.4230769231	-0.4834895664	-0.0048348957
76.4423076923	-0.4893257970	-0.0048932580
76.4615384615	-0.4950944258	-0.0049509443
76.4807692308	-0.5007954152	-0.0050079542
76.5000000000	-0.5064287214	-0.0050642872
76.5192307692	-0.5119942918	-0.0051199429
76.5384615385	-0.5174920626	-0.0051749206
76.5576923077	-0.5229219562	-0.0052292196
76.5769230769	-0.5282838794	-0.0052828388
76.5961538462	-0.5335777209	-0.0053357772
76.6153846154	-0.5388033500	-0.0053880335
76.6346153846	-0.5439606142	-0.0054396061
76.6538461538	-0.5490493384	-0.0054904934
76.6730769231	-0.5540693229	-0.0055406932
76.6923076923	-0.5590203428	-0.0055902034
76.7115384615	-0.5639021467	-0.0056390215
76.7307692308	-0.5687144561	-0.0056871446
76.7500000000	-0.5734569646	-0.0057345696
76.7692307692	-0.5781293374	-0.0057812934
76.7884615385	-0.5827312114	-0.0058273121
76.8076923077	-0.5872621945	-0.0058726219
76.8269230769	-0.5917218661	-0.0059172187
76.8461538462	-0.5961097771	-0.0059610978
76.8653846154	-0.6004254501	-0.0060042545
76.8846153846	-0.6046683798	-0.0060466838
76.9038461538	-0.6088380338	-0.0060883803
76.9230769231	-0.6129338530	-0.0061293385
76.9423076923	-0.6169552526	-0.0061695525
76.9615384615	-0.6209016225	-0.0062090162
76.9807692308	-0.6247723286	-0.0062477233
77.0000000000	-0.6285667136	-0.0062856671
77.0192307692	-0.6322840981	-0.0063228410
77.0384615385	-0.6359237817	-0.0063592378
77.0576923077	-0.6394850440	-0.0063948504
77.0769230769	-0.6429671456	-0.0064296715
77.0961538462	-0.6463693298	-0.0064636933
77.1153846154	-0.6496908233	-0.0064969082
77.1346153846	-0.6529308374	-0.0065293084
77.1538461538	-0.6560885696	-0.0065608857
77.1730769231	-0.6591632043	-0.0065916320
77.1923076923	-0.6621539142	-0.0066215391
77.2115384615	-0.6650598616	-0.0066505986
77.2307692308	-0.6678801993	-0.0066788020
77.2500000000	-0.6706140719	-0.0067061407
77.2692307692	-0.6732606167	-0.0067326062
77.2884615385	-0.6758189654	-0.0067581897
77.3076923077	-0.6782882443	-0.0067828824
77.3269230769	-0.6806675763	-0.0068066758
77.3461538462	-0.6829560810	-0.0068295608
77.3653846154	-0.6851528768	-0.0068515288
77.3846153846	-0.6872570811	-0.0068725708
77.4038461538	-0.6892678115	-0.0068926781
77.4230769231	-0.6911841874	-0.0069118419
77.4423076923	-0.6930053303	-0.0069300533
77.4615384615	-0.6947303652	-0.0069473037
77.4807692308	-0.6963584217	-0.0069635842
77.5000000000	-0.6978886348	-0.0069788863
77.5192307692	-0.6993201462	-0.0069932015
77.5384615385	-0.7006521056	-0.0070065211
77.5576923077	-0.7018836713	-0.0070188367
77.5769230769	-0.7030140116	-0.0070301401
77.5961538462	-0.7040423064	-0.0070404231
77.6153846154	-0.7049677476	-0.0070496775
77.6346153846	-0.7057895410	-0.0070578954
77.6538461538	-0.7065069075	-0.0070650691
77.6730769231	-0.7071190842	-0.0070711908
77.6923076923	-0.7076253258	-0.0070762533
77.7115384615	-0.7080249062	-0.0070802491
77.7307692308	-0.7083171198	-0.0070831712
77.7500000000	-0.7085012829	-0.0070850128
77.7692307692	-0.7085767353	-0.0070857674
77.7884615385	-0.7085428417	-0.0070854284
77.8076923077	-0.7083989933	-0.0070839899
77.8269230769	-0.7081446094	-0.0070814461
77.8461538462	-0.7077791389	-0.0070777914
77.8653846154	-0.7073020616	-0.0070730206
77.8846153846	-0.7067128903	-0.0070671289
77.9038461538	-0.7060111717	-0.0070601117
77.9230769231	-0.7051964886	-0.0070519649
77.9423076923	-0.7042684605	-0.0070426846
77.9615384615	-0.7032267460	-0.0070322675
77.9807692308	-0.7020710435	-0.0070207104
78.0000000000	-0.7008010927	-0.0070080109
78.0192307692	-0.6994166763	-0.0069941668
78.0384615385	-0.6979176204	-0.0069791762
78.0576923077	-0.6963037964	-0.0069630380
78.0769230769	-0.6945751217	-0.0069457512
78.0961538462	-0.6927315606	-0.0069273156
78.1153846154	-0.6907731251	-0.0069077313
78.1346153846	-0.6886998758	-0.0068869988
78.1538461538	-0.6865119224	-0.0068651192
78.1730769231	-0.6842094244	-0.0068420942
78.1923076923	-0.6817925912	-0.0068179259
78.2115384615	-0.6792616823	-0.0067926168
78.2307692308	-0.6766170078	-0.0067661701
78.2500000000	-0.6738589279	-0.0067385893
78.2692307692	-0.6709878531	-0.0067098785
78.2884615385	-0.6680042440	-0.0066800424
78.3076923077	-0.6649086103	-0.0066490861
78.3269230769	-0.6617015110	-0.0066170151
78.3461538462	-0.6583835533	-0.0065838355
78.3653846154	-0.6549553918	-0.0065495539
78.3846153846	-0.6514177279	-0.0065141773
78.4038461538	-0.6477713085	-0.0064777131
78.4230769231	-0.6440169250	-0.0064401692
78.4423076923	-0.6401554121	-0.0064015541
78.4615384615	-0.6361876467	-0.0063618765
78.4807692308	-0.6321145462	-0.0063211455
78.5000000000	-0.6279370671	-0.0062793707
78.5192307692	-0.6236562040	-0.0062365620
78.5384615385	-0.6192729874	-0.0061927299
78.5576923077	-0.6147884826	-0.0061478848
78.5769230769	-0.6102037878	-0.0061020379
78.5961538462	-0.6055200326	-0.0060552003
78.6153846154	-0.6007383766	-0.0060073838
78.6346153846	-0.5958600074	-0.0059586001
78.6538461538	-0.5908861392	-0.0059088614
78.6730769231	-0.5858180110	-0.0058581801
78.6923076923	-0.5806568856	-0.0058065689
78.7115384615	-0.5754040474	-0.0057540405
78.7307692308	-0.5700608012	-0.0057006080
78.7500000000	-0.5646284712	-0.0056462847
78.7692307692	-0.5591083988	-0.0055910840
78.7884615385	-0.5535019420	-0.0055350194
78.8076923077	-0.5478104740	-0.0054781047
78.8269230769	-0.5420353820	-0.0054203538
78.8461538462	-0.5361780659	-0.0053617807
78.8653846154	-0.5302399378	-0.0053023994
78.8846153846	-0.5242224207	-0.0052422242
78.9038461538	-0.5181269476	-0.0051812695
78.9230769231	-0.5119549611	-0.0051195496
78.9423076923	-0.5057079124	-0.0050570791
78.9615384615	-0.4993872604	-0.0049938726
78.9807692308	-0.4929944719	-0.0049299447
79.0000000000	-0.4865310202	-0.0048653102
79.0192307692	-0.4799983851	-0.0047999839
79.0384615385	-0.4733980525	-0.0047339805
79.0576923077	-0.4667315137	-0.0046673151
79.0769230769	-0.4600002653	-0.0046000027
79.0961538462	-0.4532058084	-0.0045320581
79.1153846154	-0.4463496490	-0.0044634965
79.1346153846	-0.4394332969	-0.0043943330
79.1538461538	-0.4324582656	-0.0043245827
79.1730769231	-0.4254260722	-0.0042542607
79.1923076923	-0.4183382366	-0.0041833824
79.2115384615	-0.4111962812	-0.0041119628
79.2307692308	-0.4040017305	-0.0040400173
79.2500000000	-0.3967561103	-0.0039675611
79.2692307692	-0.3894609475	-0.0038946095
79.2884615385	-0.3821177692	-0.0038211777
79.3076923077	-0.3747281020	-0.0037472810
79.3269230769	-0.3672934713	-0.0036729347
79.3461538462	-0.3598154001	-0.0035981540
79.3653846154	-0.3522954085	-0.0035229541
79.3846153846	-0.3447350126	-0.0034473501
79.4038461538	-0.3371357231	-0.0033713572
79.4230769231	-0.3294990441	-0.0032949904
79.4423076923	-0.3218264724	-0.0032182647
79.4615384615	-0.3141194954	-0.0031411950
79.4807692308	-0.3063795903	-0.0030637959
79.5000000000	-0.2986082222	-0.0029860822
79.5192307692	-0.2908068429	-0.0029080684
79.5384615385	-0.2829768891	-0.0028297689
79.5576923077	-0.2751197808	-0.0027511978
79.5769230769	-0.2672369199	-0.0026723692
79.5961538462	-0.2593296882	-0.0025932969
79.6153846154	-0.2513994459	-0.0025139945
79.6346153846	-0.2434475300	-0.0024344753
79.6538461538	-0.2354752525	-0.0023547525
79.6730769231	-0.2274838990	-0.0022748390
79.6923076923	-0.2194747270	-0.0021947473
79.7115384615	-0.2114489643	-0.0021144896
79.7307692308	-0.2034078081	-0.0020340781
79.7500000000	-0.1953524230	-0.0019535242
79.7692307692	-0.1872839401	-0.0018728394
79.7884615385	-0.1792034563	-0.0017920346
79.8076923077	-0.1711120325	-0.0017111203
79.8269230769	-0.1630106937	-0.0016301069
79.8461538462	-0.1549004276	-0.0015490043
79.8653846154	-0.1467821847	-0.0014678218
79.8846153846	-0.1386568778	-0.0013865688
79.9038461538	-0.1305253818	-0.0013052538
79.9230769231	-0.1223885340	-0.0012238853
79.9423076923	-0.1142471344	-0.0011424713
79.9615384615	-0.1061019460	-0.0010610195
79.9807692308	-0.0979536961	-0.0009795370
80.0000000000	-0.0898030766	-0.0008980308
80.0192307692	-0.0816507457	-0.0008165075
80.0384615385	-0.0734973293	-0.0007349733
80.0576923077	-0.0653434221	-0.0006534342
80.0769230769	-0.0571895904	-0.0005718959
80.0961538462	-0.0490363731	-0.0004903637
80.1153846154	-0.0408842849	-0.0004088428
80.1346153846	-0.0327338180	-0.0003273382
80.1538461538	-0.0245854452	-0.0002458545
80.1730769231	-0.0164396225	-0.0001643962
80.1923076923	-0.0082967921	-0.0000829679
80.2115384615	-0.0001573853	-0.0000015739
80.2307692308	0.0079781741	0.0000797817
80.2500000000	0.0161094666	0.0001610947
80.2692307692	0.0242360740	0.0002423607
80.2884615385	0.0323575752	0.0003235758
80.3076923077	0.0404735438	0.0004047354
80.3269230769	0.0485835438	0.0004858354
80.3461538462	0.0566871268	0.0005668713
80.3653846154	0.0647838282	0.0006478383
80.3846153846	0.0728731642	0.0007287316
80.4038461538	0.0809546285	0.0008095463
80.4230769231	0.0890276892	0.0008902769
80.4423076923	0.0970917857	0.0009709179
80.4615384615	0.1051463264	0.0010514633
80.4807692308	0.1131906855	0.0011319069
80.5000000000	0.1212242009	0.0012122420
80.5192307692	0.1292461721	0.0012924617
80.5384615385	0.1372558581	0.0013725586
80.5576923077	0.1452524759	0.0014525248
80.5769230769	0.1532351991	0.0015323520
80.5961538462	0.1612031565	0.0016120316
80.6153846154	0.1691554321	0.0016915543
80.6346153846	0.1770910636	0.0017709106
80.6538461538	0.1850090432	0.0018500904
80.6730769231	0.1929083172	0.0019290832
80.6923076923	0.2007877869	0.0020078779
80.7115384615	0.2086463091	0.0020864631
80.7307692308	0.2164826978	0.0021648270
80.7500000000	0.2242957250	0.0022429573
80.7692307692	0.2320841234	0.0023208412
80.7884615385	0.2398465879	0.0023984659
80.8076923077	0.2475817782	0.0024758178
80.8269230769	0.2552883220	0.0025528832
80.8461538462	0.2629648174	0.0026296482
80.8653846154	0.2706098365	0.0027060984
80.8846153846	0.2782219288	0.0027822193
80.9038461538	0.2857996250	0.0028579963
80.9230769231	0.2933414410	0.0029334144
80.9423076923	0.3008458816	0.0030084588
80.9615384615	0.3083114451	0.0030831145
80.9807692308	0.3157366274	0.0031573663
81.0000000000	0.3231199262	0.0032311993
81.0192307692	0.3304598459	0.0033045985
81.0384615385	0.3377549014	0.0033775490
81.0576923077	0.3450036231	0.0034500362
81.0769230769	0.3522045608	0.0035220456
81.0961538462	0.3593562883	0.0035935629
81.1153846154	0.3664574072	0.0036645741
81.1346153846	0.3735065513	0.0037350655
81.1538461538	0.3805023902	0.0038050239
81.1730769231	0.3874436327	0.0038744363
81.1923076923	0.3943290308	0.0039432903
81.2115384615	0.4011573823	0.0040115738
81.2307692308	0.4079275338	0.0040792753
81.2500000000	0.4146383833	0.0041463838
81.2692307692	0.4212888825	0.0042128888
81.2884615385	0.4278780383	0.0042787804
81.3076923077	0.4344049150	0.0043440491
81.3269230769	0.4408686345	0.0044086863
81.3461538462	0.4472683779	0.0044726838
81.3653846154	0.4536033855	0.0045360339
81.3846153846	0.4598729569	0.0045987296
81.4038461538	0.4660764503	0.0046607645
81.4230769231	0.4722132820	0.0047221328
81.4423076923	0.4782829252	0.0047828293
81.4615384615	0.4842849083	0.0048428491
81.4807692308	0.4902188127	0.0049021881
81.5000000000	0.4960842712	0.0049608427
81.5192307692	0.5018809647	0.0050188096
81.5384615385	0.5076086194	0.0050760862
81.5576923077	0.5132670037	0.0051326700
81.5769230769	0.5188559245	0.0051885592
81.5961538462	0.5243752235	0.0052437522
81.6153846154	0.5298247730	0.0052982477
81.6346153846	0.5352044720	0.0053520447
81.6538461538	0.5405142415	0.0054051424
81.6730769231	0.5457540203	0.0054575402
81.6923076923	0.5509237602	0.0055092376
81.7115384615	0.5560234212	0.0055602342
81.7307692308	0.5610529673	0.0056105297
81.7500000000	0.5660123614	0.0056601236
81.7692307692	0.5709015607	0.0057090156
81.7884615385	0.5757205125	0.0057572051
81.8076923077	0.5804691491	0.0058046915
81.8269230769	0.5851473843	0.0058514738
81.8461538462	0.5897551085	0.0058975511
81.8653846154	0.5942921853	0.0059429219
81.8846153846	0.5987584477	0.0059875845
81.9038461538	0.6031536943	0.0060315369
81.9230769231	0.6074776869	0.0060747769
81.9423076923	0.6117301467	0.0061173015
81.9615384615	0.6159107528	0.0061591075
81.9807692308	0.6200191391	0.0062001914
82.0000000000	0.6240548932	0.0062405489
82.0192307692	0.6280175546	0.0062801755
82.0384615385	0.6319066135	0.0063190661
82.0576923077	0.6357215106	0.0063572151
82.0769230769	0.6394616361	0.0063946164
82.0961538462	0.6431263307	0.0064312633
82.1153846154	0.6467148850	0.0064671489
82.1346153846	0.6502265412	0.0065022654
82.1538461538	0.6536604937	0.0065366049
82.1730769231	0.6570158910	0.0065701589
82.1923076923	0.6602918373	0.0066029184
82.2115384615	0.6634873951	0.0066348740
82.2307692308	0.6666015871	0.0066660159
82.2500000000	0.6696333994	0.0066963340
82.2692307692	0.6725817842	0.0067258178
82.2884615385	0.6754456634	0.0067544566
82.3076923077	0.6782239317	0.0067822393
82.3269230769	0.6809154603	0.0068091546
82.3461538462	0.6835191005	0.0068351910
82.3653846154	0.6860336879	0.0068603369
82.3846153846	0.6884580458	0.0068845805
82.4038461538	0.6907909896	0.0069079099
82.4230769231	0.6930313308	0.0069303133
82.4423076923	0.6951778803	0.0069517788
82.4615384615	0.6972294534	0.0069722945
82.4807692308	0.6991848727	0.0069918487
82.5000000000	0.7010429723	0.0070104297
82.5192307692	0.7028026016	0.0070280260
82.5384615385	0.7044626285	0.0070446263
82.5576923077	0.7060219428	0.0070602194
82.5769230769	0.7074794596	0.0070747946
82.5961538462	0.7088341220	0.0070883412
82.6153846154	0.7100849037	0.0071008490
82.6346153846	0.7112308121	0.0071123081
82.6538461538	0.7122708901	0.0071227089
82.6730769231	0.7132042181	0.0071320422
82.6923076923	0.7140299161	0.0071402992
82.7115384615	0.7147471449	0.0071474714
82.7307692308	0.7153551079	0.0071535511
82.7500000000	0.7158530513	0.0071585305
82.7692307692	0.7162402657	0.0071624027
82.7884615385	0.7165160862	0.0071651609
82.8076923077	0.7166798930	0.0071667989
82.8269230769	0.7167311110	0.0071673111
82.8461538462	0.7166692106	0.0071666921
82.8653846154	0.7164937065	0.0071649371
82.8846153846	0.7162041580	0.0071620416
82.9038461538	0.7158001679	0.0071580017
82.9230769231	0.7152813821	0.0071528138
82.9423076923	0.7146474888	0.0071464749
82.9615384615	0.7138982174	0.0071389822
82.9807692308	0.7130333377	0.0071303334
83.0000000000	0.7120526589	0.0071205266
83.0192307692	0.7109560282	0.0071095603
83.0384615385	0.7097433305	0.0070974333
83.0576923077	0.7084144868	0.0070841449
83.0769230769	0.7069694531	0.0070696945
83.0961538462	0.7054082201	0.0070540822
83.1153846154	0.7037308119	0.0070373081
83.1346153846	0.7019372851	0.0070193729
83.1538461538	0.7000277286	0.0070002773
83.1730769231	0.6980022624	0.0069800226
83.1923076923	0.6958610379	0.0069586104
83.2115384615	0.6936042367	0.0069360424
83.2307692308	0.6912320713	0.0069123207
83.2500000000	0.6887447843	0.0068874478
83.2692307692	0.6861426487	0.0068614265
83.2884615385	0.6834259684	0.0068342597
83.3076923077	0.6805950778	0.0068059508
83.3269230769	0.6776503432	0.0067765034
83.3461538462	0.6745921625	0.0067459216
83.3653846154	0.6714209662	0.0067142097
83.3846153846	0.6681372181	0.0066813722
83.4038461538	0.6647414163	0.0066474142
83.4230769231	0.6612340936	0.0066123409
83.4423076923	0.6576158191	0.0065761582
83.4615384615	0.6538871983	0.0065388720
83.4807692308	0.6500488749	0.0065004887
83.5000000000	0.6461015311	0.0064610153
83.5192307692	0.6420458888	0.0064204589
83.5384615385	0.6378827103	0.0063788271
83.5576923077	0.6336127993	0.0063361280
83.5769230769	0.6292370014	0.0062923700
83.5961538462	0.6247562044	0.0062475620
83.6153846154	0.6201713395	0.0062017134
83.6346153846	0.6154833808	0.0061548338
83.6538461538	0.6106933458	0.0061069335
83.6730769231	0.6058022953	0.0060580230
83.6923076923	0.6008113330	0.0060081133
83.7115384615	0.5957216052	0.0059572161
83.7307692308	0.5905343003	0.0059053430
83.7500000000	0.5852506472	0.0058525065
83.7692307692	0.5798719151	0.0057987192
83.7884615385	0.5743994114	0.0057439941
83.8076923077	0.5688344805	0.0056883448
83.8269230769	0.5631785018	0.0056317850
83.8461538462	0.5574328879	0.0055743289
83.8653846154	0.5515990821	0.0055159908
83.8846153846	0.5456785561	0.0054567856
83.9038461538	0.5396728071	0.0053967281
83.9230769231	0.5335833554	0.0053358336
83.9423076923	0.5274117411	0.0052741174
83.9615384615	0.5211595211	0.0052115952
83.9807692308	0.5148282656	0.0051482827
84.0000000000	0.5084195551	0.0050841956
84.0192307692	0.5019349770	0.0050193498
84.0384615385	0.4953761216	0.0049537612
84.0576923077	0.4887445792	0.0048874458
84.0769230769	0.4820419365	0.0048204194
84.0961538462	0.4752697727	0.0047526977
84.1153846154	0.4684296569	0.0046842966
84.1346153846	0.4615231440	0.0046152314
84.1538461538	0.4545517721	0.0045455177
84.1730769231	0.4475170592	0.0044751706
84.1923076923	0.4404205005	0.0044042050
84.2115384615	0.4332635658	0.0043326357
84.2307692308	0.4260476967	0.0042604770
84.2500000000	0.4187743049	0.0041877430
84.2692307692	0.4114447702	0.0041144477
84.2884615385	0.4040604385	0.0040406044
84.3076923077	0.3966226211	0.0039662262
84.3269230769	0.3891325934	0.0038913259
84.3461538462	0.3815915940	0.0038159159
84.3653846154	0.3740008250	0.0037400082
84.3846153846	0.3663614515	0.0036636145
84.4038461538	0.3586746023	0.0035867460
84.4230769231	0.3509413706	0.0035094137
84.4423076923	0.3431628148	0.0034316281
84.4615384615	0.3353399604	0.0033533996
84.4807692308	0.3274738014	0.0032747380
84.5000000000	0.3195653026	0.0031956530
84.5192307692	0.3116154018	0.0031161540
84.5384615385	0.3036250126	0.0030362501
84.5576923077	0.2955950273	0.0029559503
84.5769230769	0.2875263201	0.0028752632
84.5961538462	0.2794197504	0.0027941975
84.6153846154	0.2712761666	0.0027127617
84.6346153846	0.2630964096	0.0026309641
84.6538461538	0.2548813169	0.0025488132
84.6730769231	0.2466317263	0.0024663173
84.6923076923	0.2383484801	0.0023834848
84.7115384615	0.2300324292	0.0023003243
84.7307692308	0.2216844370	0.0022168444
84.7500000000	0.2133053834	0.0021330538
84.7692307692	0.2048961691	0.0020489617
84.7884615385	0.1964577186	0.0019645772
84.8076923077	0.1879909846	0.0018799098
84.8269230769	0.1794969513	0.0017949695
84.8461538462	0.1709766373	0.0017097664
84.8653846154	0.1624310991	0.0016243110
84.8846153846	0.1538614333	0.0015386143
84.9038461538	0.1452687796	0.0014526878
84.9230769231	0.1366543225	0.0013665432
84.9423076923	0.1280192931	0.0012801929
84.9615384615	0.1193649708	0.0011936497
84.9807692308	0.1106926838	0.0011069268
85.0000000000	0.1020038103	0.0010200381
85.0192307692	0.0932997782	0.0009329978
85.0384615385	0.0845820652	0.0008458207
85.0576923077	0.0758521981	0.0007585220
85.0769230769	0.0671117519	0.0006711175
85.0961538462	0.0583623480	0.0005836235
85.1153846154	0.0496056530	0.0004960565
85.1346153846	0.0408433758	0.0004084338
85.1538461538	0.0320772655	0.0003207727
85.1730769231	0.0233091084	0.0002330911
85.1923076923	0.0145407243	0.0001454072
85.2115384615	0.0057739633	0.0000577396
85.2307692308	-0.0029892980	-0.0000298930
85.2500000000	-0.0117471611	-0.0001174716
85.2692307692	-0.0204977097	-0.0002049771
85.2884615385	-0.0292390141	-0.0002923901
85.3076923077	-0.0379691365	-0.0003796914
85.3269230769	-0.0466861354	-0.0004668614
85.3461538462	-0.0553880704	-0.0005538807
85.3653846154	-0.0640730080	-0.0006407301
85.3846153846	-0.0727390259	-0.0007273903
85.4038461538	-0.0813842182	-0.0008138422
85.4230769231	-0.0900067006	-0.0009000670
85.4423076923	-0.0986046149	-0.0009860461
85.4615384615	-0.1071761342	-0.0010717613
85.4807692308	-0.1157194668	-0.0011571947
85.5000000000	-0.1242328611	-0.0012423286
85.5192307692	-0.1327146097	-0.0013271461
85.5384615385	-0.1411630529	-0.0014116305
85.5576923077	-0.1495765824	-0.0014957658
85.5769230769	-0.1579536449	-0.0015795364
85.5961538462	-0.1662927444	-0.0016629274
85.6153846154	-0.1745924453	-0.0017459245
85.6346153846	-0.1828513743	-0.0018285137
85.6538461538	-0.1910682219	-0.0019106822
85.6730769231	-0.1992417444	-0.0019924174
85.6923076923	-0.2073707643	-0.0020737076
85.7115384615	-0.2154541711	-0.0021545417
85.7307692308	-0.2234909214	-0.0022349092
85.7500000000	-0.2314800386	-0.0023148004
85.7692307692	-0.2394206119	-0.0023942061
85.7884615385	-0.2473117959	-0.0024731180
85.8076923077	-0.2551528082	-0.0025515281
85.8269230769	-0.2629429285	-0.0026294293
85.8461538462	-0.2706814955	-0.0027068150
85.8653846154	-0.2783679050	-0.0027836791
85.8846153846	-0.2860016069	-0.0028600161
85.9038461538	-0.2935821016	-0.0029358210
85.9230769231	-0.3011089375	-0.0030110894
85.9423076923	-0.3085817066	-0.0030858171
85.9615384615	-0.3160000412	-0.0031600004
85.9807692308	-0.3233636095	-0.0032336361
86.0000000000	-0.3306721119	-0.0033067211
86.0192307692	-0.3379252769	-0.0033792528
86.0384615385	-0.3451228564	-0.0034512286
86.0576923077	-0.3522646218	-0.0035226462
86.0769230769	-0.3593503597	-0.0035935036
86.0961538462	-0.3663798676	-0.0036637987
86.1153846154	-0.3733529501	-0.0037335295
86.1346153846	-0.3802694143	-0.0038026941
86.1538461538	-0.3871290667	-0.0038712907
86.1730769231	-0.3939317089	-0.0039393171
86.1923076923	-0.4006771345	-0.0040067713
86.2115384615	-0.4073651255	-0.0040736513
86.2307692308	-0.4139954496	-0.0041399545
86.2500000000	-0.4205678572	-0.0042056786
86.2692307692	-0.4270820791	-0.0042708208
86.2884615385	-0.4335378242	-0.0043353782
86.3076923077	-0.4399347777	-0.0043993478
86.3269230769	-0.4462725996	-0.0044627260
86.3461538462	-0.4525509234	-0.0045255092
86.3653846154	-0.4587693550	-0.0045876935
86.3846153846	-0.4649274725	-0.0046492747
86.4038461538	-0.4710248257	-0.0047102483
86.4230769231	-0.4770609361	-0.0047706094
86.4423076923	-0.4830352975	-0.0048303530
86.4615384615	-0.4889473765	-0.0048894738
86.4807692308	-0.4947966131	-0.0049479661
86.5000000000	-0.5005824226	-0.0050058242
86.5192307692	-0.5063041962	-0.0050630420
86.5384615385	-0.5119613034	-0.0051196130
86.5576923077	-0.5175530930	-0.0051755309
86.5769230769	-0.5230788960	-0.0052307890
86.5961538462	-0.5285380268	-0.0052853803
86.6153846154	-0.5339297864	-0.0053392979
86.6346153846	-0.5392534637	-0.0053925346
86.6538461538	-0.5445083390	-0.0054450834
86.6730769231	-0.5496936853	-0.0054969369
86.6923076923	-0.5548087717	-0.0055480877
86.7115384615	-0.5598528652	-0.0055985287
86.7307692308	-0.5648252331	-0.0056482523
86.7500000000	-0.5697251455	-0.0056972515
86.7692307692	-0.5745518772	-0.0057455188
86.7884615385	-0.5793047100	-0.0057930471
86.8076923077	-0.5839829341	-0.0058398293
86.8269230769	-0.5885858504	-0.0058858585
86.8461538462	-0.5931127714	-0.0059311277
86.8653846154	-0.5975630228	-0.0059756302
86.8846153846	-0.6019359448	-0.0060193594
86.9038461538	-0.6062308924	-0.0060623089
86.9230769231	-0.6104472365	-0.0061044724
86.9423076923	-0.6145843639	-0.0061458436
86.9615384615	-0.6186416777	-0.0061864168
86.9807692308	-0.6226185971	-0.0062261860
87.0000000000	-0.6265145567	-0.0062651456
87.0192307692	-0.6303290066	-0.0063032901
87.0384615385	-0.6340614107	-0.0063406141
87.0576923077	-0.6377112465	-0.0063771125
87.0769230769	-0.6412780031	-0.0064127800
87.0961538462	-0.6447611804	-0.0064476118
87.1153846154	-0.6481602869	-0.0064816029
87.1346153846	-0.6514748384	-0.0065147484
87.1538461538	-0.6547043560	-0.0065470436
87.1730769231	-0.6578483639	-0.0065784836
87.1923076923	-0.6609063877	-0.0066090639
87.2115384615	-0.6638779518	-0.0066387795
87.2307692308	-0.6667625779	-0.0066676258
87.2500000000	-0.6695597822	-0.0066955978
87.2692307692	-0.6722690737	-0.0067226907
87.2884615385	-0.6748899521	-0.0067488995
87.3076923077	-0.6774219055	-0.0067742191
87.3269230769	-0.6798644092	-0.0067986441
87.3461538462	-0.6822169230	-0.0068221692
87.3653846154	-0.6844788907	-0.0068447889
87.3846153846	-0.6866497377	-0.0068664974
87.4038461538	-0.6887288707	-0.0068872887
87.4230769231	-0.6907156759	-0.0069071568
87.4423076923	-0.6926095189	-0.0069260952
87.4615384615	-0.6944097440	-0.0069440974
87.4807692308	-0.6961156737	-0.0069611567
87.5000000000	-0.6977266092	-0.0069772661
87.5192307692	-0.6992418306	-0.0069924183
87.5384615385	-0.7006605973	-0.0070066060
87.5576923077	-0.7019821491	-0.0070198215
87.5769230769	-0.7032057075	-0.0070320571
87.5961538462	-0.7043304770	-0.0070433048
87.6153846154	-0.7053556469	-0.0070535565
87.6346153846	-0.7062803934	-0.0070628039
87.6538461538	-0.7071038821	-0.0070710388
87.6730769231	-0.7078252699	-0.0070782527
87.6923076923	-0.7084437086	-0.0070844371
87.7115384615	-0.7089583471	-0.0070895835
87.7307692308	-0.7093683352	-0.0070936834
87.7500000000	-0.7096728266	-0.0070967283
87.7692307692	-0.7098709824	-0.0070987098
87.7884615385	-0.7099619748	-0.0070996197
87.8076923077	-0.7099449906	-0.0070994499
87.8269230769	-0.7098192353	-0.0070981924
87.8461538462	-0.7095839364	-0.0070958394
87.8653846154	-0.7092383478	-0.0070923835
87.8846153846	-0.7087817527	-0.0070878175
87.9038461538	-0.7082134685	-0.0070821347
87.9230769231	-0.7075328492	-0.0070753285
87.9423076923	-0.7067392899	-0.0070673929
87.9615384615	-0.7058322296	-0.0070583223
87.9807692308	-0.7048111550	-0.0070481116
88.0000000000	-0.7036756031	-0.0070367560
88.0192307692	-0.7024251641	-0.0070242516
88.0384615385	-0.7010594844	-0.0070105948
88.0576923077	-0.6995782689	-0.0069957827
88.0769230769	-0.6979812829	-0.0069798128
88.0961538462	-0.6962683543	-0.0069626835
88.1153846154	-0.6944393751	-0.0069443938
88.1346153846	-0.6924943027	-0.0069249430
88.1538461538	-0.6904331610	-0.0069043316
88.1730769231	-0.6882560411	-0.0068825604
88.1923076923	-0.6859631019	-0.0068596310
88.2115384615	-0.6835545699	-0.0068355457
88.2307692308	-0.6810307393	-0.0068103074
88.2500000000	-0.6783919716	-0.0067839197
88.2692307692	-0.6756386950	-0.0067563869
88.2884615385	-0.6727714028	-0.0067277140
88.3076923077	-0.6697906530	-0.0066979065
88.3269230769	-0.6666970662	-0.0066669707
88.3461538462	-0.6634913243	-0.0066349132
88.3653846154	-0.6601741683	-0.0066017417
88.3846153846	-0.6567463966	-0.0065674640
88.4038461538	-0.6532088622	-0.0065320886
88.4230769231	-0.6495624709	-0.0064956247
88.4423076923	-0.6458081784	-0.0064580818
88.4615384615	-0.6419469877	-0.0064194699
88.4807692308	-0.6379799467	-0.0063797995
88.5000000000	-0.6339081453	-0.0063390815
88.5192307692	-0.6297327123	-0.0062973271
88.5384615385	-0.6254548132	-0.0062545481
88.5576923077	-0.6210756470	-0.0062107565
88.5769230769	-0.6165964438	-0.0061659644
88.5961538462	-0.6120184617	-0.0061201846
88.6153846154	-0.6073429845	-0.0060734298
88.6346153846	-0.6025713189	-0.0060257132
88.6538461538	-0.5977047925	-0.0059770479
88.6730769231	-0.5927447511	-0.0059274475
88.6923076923	-0.5876925564	-0.0058769256
88.7115384615	-0.5825495843	-0.0058254958
88.7307692308	-0.5773172228	-0.0057731722
88.7500000000	-0.5719968701	-0.0057199687
88.7692307692	-0.5665899332	-0.0056658993
88.7884615385	-0.5610978262	-0.0056109783
88.8076923077	-0.5555219691	-0.0055552197
88.8269230769	-0.5498637864	-0.0054986379
88.8461538462	-0.5441247064	-0.0054412471
88.8653846154	-0.5383061600	-0.0053830616
88.8846153846	-0.5324095800	-0.0053240958
88.9038461538	-0.5264364004	-0.0052643640
88.9230769231	-0.5203880560	-0.0052038806
88.9423076923	-0.5142659818	-0.0051426598
88.9615384615	-0.5080716126	-0.0050807161
88.9807692308	-0.5018063827	-0.0050180638
89.0000000000	-0.4954717260	-0.0049547173
89.0192307692	-0.4890690751	-0.0048906908
89.0384615385	-0.4825998620	-0.0048259986
89.0576923077	-0.4760655170	-0.0047606552
89.0769230769	-0.4694674695	-0.0046946747
89.0961538462	-0.4628071471	-0.0046280715
89.1153846154	-0.4560859758	-0.0045608598
89.1346153846	-0.4493053795	-0.0044930538
89.1538461538	-0.4424667799	-0.0044246678
89.1730769231	-0.4355715964	-0.0043557160
89.1923076923	-0.4286212449	-0.0042862124
89.2115384615	-0.4216171383	-0.0042161714
89.2307692308	-0.4145606851	-0.0041456069
89.2500000000	-0.4074532892	-0.0040745329
89.2692307692	-0.4002963490	-0.0040029635
89.2884615385	-0.3930912565	-0.0039309126
89.3076923077	-0.3858393965	-0.0038583940
89.3269230769	-0.3785421454	-0.0037854215
89.3461538462	-0.3712008702	-0.0037120087
89.3653846154	-0.3638169272	-0.0036381693
89.3846153846	-0.3563916609	-0.0035639166
89.4038461538	-0.3489264026	-0.0034892640
89.4230769231	-0.3414224687	-0.0034142247
89.4423076923	-0.3338811597	-0.0033388116
89.4615384615	-0.3263037588	-0.0032630376
89.4807692308	-0.3186915298	-0.0031869153
89.5000000000	-0.3110457163	-0.0031104572
89.5192307692	-0.3033675401	-0.0030336754
89.5384615385	-0.2956581994	-0.0029565820
89.5576923077	-0.2879188681	-0.0028791887
89.5769230769	-0.2801506939	-0.0028015069
89.5961538462	-0.2723547975	-0.0027235480
89.6153846154	-0.2645322715	-0.0026453227
89.6346153846	-0.2566841790	-0.0025668418
89.6538461538	-0.2488115536	-0.0024881155
89.6730769231	-0.2409153979	-0.0024091540
89.6923076923	-0.2329966836	-0.0023299668
89.7115384615	-0.2250563509	-0.0022505635
89.7307692308	-0.2170953084	-0.0021709531
89.7500000000	-0.2091144334	-0.0020911443
89.7692307692	-0.2011145722	-0.0020111457
89.7884615385	-0.1930965403	-0.0019309654
89.8076923077	-0.1850611236	-0.0018506112
89.8269230769	-0.1770090793	-0.0017700908
89.8461538462	-0.1689411370	-0.0016894114
89.8653846154	-0.1608580001	-0.0016085800
89.8846153846	-0.1527603480	-0.0015276035
89.9038461538	-0.1446488372	-0.0014464884
89.9230769231	-0.1365241044	-0.0013652410
89.9423076923	-0.1283867681	-0.0012838677
89.9615384615	-0.1202374312	-0.0012023743
89.9807692308	-0.1120766841	-0.0011207668
90.0000000000	-0.1039051073	-0.0010390511
90.0192307692	-0.0957232743	-0.0009572327
90.0384615385	-0.0875317547	-0.0008753175
90.0576923077	-0.0793311177	-0.0007933112
90.0769230769	-0.0711219352	-0.0007112194
90.0961538462	-0.0629047849	-0.0006290478
90.1153846154	-0.0546802539	-0.0005468025
90.1346153846	-0.0464489421	-0.0004644894
90.1538461538	-0.0382114651	-0.0003821147
90.1730769231	-0.0299684577	-0.0002996846
90.1923076923	-0.0217205772	-0.0002172058
90.2115384615	-0.0134685061	-0.0001346851
90.2307692308	-0.0052129549	-0.0000521295
90.2500000000	0.0030453349	0.0000304533
90.2692307692	0.0113055885	0.0001130559
90.2884615385	0.0195669954	0.0001956700
90.3076923077	0.0278287075	0.0002782871
90.3269230769	0.0360898375	0.0003608984
90.3461538462	0.0443494571	0.0004434946
90.3653846154	0.0526065961	0.0005260660
90.3846153846	0.0608602416	0.0006086024
90.4038461538	0.0691093373	0.0006910934
90.4230769231	0.0773527834	0.0007735278
90.4423076923	0.0855894371	0.0008558944
90.4615384615	0.0938181127	0.0009381811
90.4807692308	0.1020375829	0.0010203758
90.5000000000	0.1102465801	0.0011024658
90.5192307692	0.1184437974	0.0011844380
90.5384615385	0.1266278915	0.0012662789
90.5576923077	0.1347974843	0.0013479748
90.5769230769	0.1429511658	0.0014295117
90.5961538462	0.1510874972	0.0015108750
90.6153846154	0.1592050136	0.0015920501
90.6346153846	0.1673022281	0.0016730223
90.6538461538	0.1753776351	0.0017537764
90.6730769231	0.1834297143	0.0018342971
90.6923076923	0.1914569350	0.0019145693
90.7115384615	0.1994577602	0.0019945776
90.7307692308	0.2074306509	0.0020743065
90.7500000000	0.2153740710	0.0021537407
90.7692307692	0.2232864913	0.0022328649
90.7884615385	0.2311663943	0.0023116639
90.8076923077	0.2390122788	0.0023901228
90.8269230769	0.2468226644	0.0024682266
90.8461538462	0.2545960956	0.0025459610
90.8653846154	0.2623311463	0.0026233115
90.8846153846	0.2700264239	0.0027002642
90.9038461538	0.2776805731	0.0027768057
90.9230769231	0.2852922797	0.0028529228
90.9423076923	0.2928602738	0.0029286027
90.9615384615	0.3003833333	0.0030038333
90.9807692308	0.3078602863	0.0030786029
91.0000000000	0.3152900141	0.0031529001
91.0192307692	0.3226714527	0.0032267145
91.0384615385	0.3300035950	0.0033000360
91.0576923077	0.3372854921	0.0033728549
91.0769230769	0.3445162541	0.0034451625
91.0961538462	0.3516950507	0.0035169505
91.1153846154	0.3588211113	0.0035882111
91.1346153846	0.3658937246	0.0036589372
91.1538461538	0.3729122382	0.0037291224
91.1730769231	0.3798760569	0.0037987606
91.1923076923	0.3867846415	0.0038678464
91.2115384615	0.3936375068	0.0039363751
91.2307692308	0.4004342192	0.0040043422
91.2500000000	0.4071743936	0.0040717439
91.2692307692	0.4138576911	0.0041385769
91.2884615385	0.4204838148	0.0042048381
91.3076923077	0.4270525067	0.0042705251
91.3269230769	0.4335635432	0.0043356354
91.3461538462	0.4400167314	0.0044001673
91.3653846154	0.4464119044	0.0044641190
91.3846153846	0.4527489167	0.0045274892
91.4038461538	0.4590276396	0.0045902764
91.4230769231	0.4652479564	0.0046524796
91.4423076923	0.4714097573	0.0047140976
91.4615384615	0.4775129350	0.0047751293
91.4807692308	0.4835573793	0.0048355738
91.5000000000	0.4895429725	0.0048954297
91.5192307692	0.4954695849	0.0049546958
91.5384615385	0.5013370699	0.0050133707
91.5576923077	0.5071452597	0.0050714526
91.5769230769	0.5128939612	0.0051289396
91.5961538462	0.5185829518	0.0051858295
91.6153846154	0.5242119760	0.0052421198
91.6346153846	0.5297807416	0.0052978074
91.6538461538	0.5352889169	0.0053528892
91.6730769231	0.5407361278	0.0054073613
91.6923076923	0.5461219555	0.0054612196
91.7115384615	0.5514459342	0.0055144593
91.7307692308	0.5567075500	0.0055670755
91.7500000000	0.5619062388	0.0056190624
91.7692307692	0.5670413864	0.0056704139
91.7884615385	0.5721123275	0.0057211233
91.8076923077	0.5771183454	0.0057711835
91.8269230769	0.5820586733	0.0058205867
91.8461538462	0.5869324940	0.0058693249
91.8653846154	0.5917389417	0.0059173894
91.8846153846	0.5964771032	0.0059647710
91.9038461538	0.6011460199	0.0060114602
91.9230769231	0.6057446897	0.0060574469
91.9423076923	0.6102720698	0.0061027207
91.9615384615	0.6147270791	0.0061472708
91.9807692308	0.6191086014	0.0061910860
92.0000000000	0.6234154886	0.0062341549
92.0192307692	0.6276465639	0.0062764656
92.0384615385	0.6318006256	0.0063180063
92.0576923077	0.6358764507	0.0063587645
92.0769230769	0.6398727984	0.0063987280
92.0961538462	0.6437884143	0.0064378841
92.1153846154	0.6476220342	0.0064762203
92.1346153846	0.6513723875	0.0065137239
92.1538461538	0.6550382014	0.0065503820
92.1730769231	0.6586182047	0.0065861820
92.1923076923	0.6621111310	0.0066211113
92.2115384615	0.6655157223	0.0066551572
92.2307692308	0.6688307328	0.0066883073
92.2500000000	0.6720549311	0.0067205493
92.2692307692	0.6751871040	0.0067518710
92.2884615385	0.6782260588	0.0067822606
92.3076923077	0.6811706257	0.0068117063
92.3269230769	0.6840196603	0.0068401966
92.3461538462	0.6867720452	0.0068677205
92.3653846154	0.6894266919	0.0068942669
92.3846153846	0.6919825423	0.0069198254
92.4038461538	0.6944385694	0.0069443857
92.4230769231	0.6967937785	0.0069679378
92.4423076923	0.6990472079	0.0069904721
92.4615384615	0.7011979287	0.0070119793
92.4807692308	0.7032450456	0.0070324505
92.5000000000	0.7051876960	0.0070518770
92.5192307692	0.7070250502	0.0070702505
92.5384615385	0.7087563105	0.0070875631
92.5576923077	0.7103807107	0.0071038071
92.5769230769	0.7118975150	0.0071189751
92.5961538462	0.7133060171	0.0071330602
92.6153846154	0.7146055390	0.0071460554
92.6346153846	0.7157954300	0.0071579543
92.6538461538	0.7168750651	0.0071687507
92.6730769231	0.7178438442	0.0071784384
92.6923076923	0.7187011903	0.0071870119
92.7115384615	0.7194465489	0.0071944655
92.7307692308	0.7200793863	0.0072007939
92.7500000000	0.7205991888	0.0072059919
92.7692307692	0.7210054619	0.0072100546
92.7884615385	0.7212977292	0.0072129773
92.8076923077	0.7214755318	0.0072147553
92.8269230769	0.7215384281	0.0072153843
92.8461538462	0.7214859933	0.0072148599
92.8653846154	0.7213178192	0.0072131782
92.8846153846	0.7210335148	0.0072103351
92.9038461538	0.7206327063	0.0072063271
92.9230769231	0.7201150377	0.0072011504
92.9423076923	0.7194801722	0.0071948017
92.9615384615	0.7187277925	0.0071872779
92.9807692308	0.7178576029	0.0071785760
93.0000000000	0.7168693302	0.0071686933
93.0192307692	0.7157627259	0.0071576273
93.0384615385	0.7145375682	0.0071453757
93.0576923077	0.7131936638	0.0071319366
93.0769230769	0.7117308505	0.0071173085
93.0961538462	0.7101489997	0.0071014900
93.1153846154	0.7084480188	0.0070844802
93.1346153846	0.7066278540	0.0070662785
93.1538461538	0.7046884930	0.0070468849
93.1730769231	0.7026299680	0.0070262997
93.1923076923	0.7004523581	0.0070045236
93.2115384615	0.6981557924	0.0069815579
93.2307692308	0.6957404525	0.0069574045
93.2500000000	0.6932065752	0.0069320658
93.2692307692	0.6905544551	0.0069055446
93.2884615385	0.6877844465	0.0068778445
93.3076923077	0.6848969660	0.0068489697
93.3269230769	0.6818924941	0.0068189249
93.3461538462	0.6787715771	0.0067877158
93.3653846154	0.6755348283	0.0067553483
93.3846153846	0.6721829290	0.0067218293
93.4038461538	0.6687166293	0.0066871663
93.4230769231	0.6651367487	0.0066513675
93.4423076923	0.6614441758	0.0066144418
93.4615384615	0.6576398683	0.0065763987
93.4807692308	0.6537248518	0.0065372485
93.5000000000	0.6497002190	0.0064970022
93.5192307692	0.6455671281	0.0064556713
93.5384615385	0.6413268007	0.0064132680
93.5576923077	0.6369805196	0.0063698052
93.5769230769	0.6325296262	0.0063252963
93.5961538462	0.6279755168	0.0062797552
93.6153846154	0.6233196399	0.0062331964
93.6346153846	0.6185634918	0.0061856349
93.6538461538	0.6137086126	0.0061370861
93.6730769231	0.6087565820	0.0060875658
93.6923076923	0.6037090142	0.0060370901
93.7115384615	0.5985675533	0.0059856755
93.7307692308	0.5933338679	0.0059333387
93.7500000000	0.5880096459	0.0058800965
93.7692307692	0.5825965890	0.0058259659
93.7884615385	0.5770964075	0.0057709641
93.8076923077	0.5715108142	0.0057151081
93.8269230769	0.5658415194	0.0056584152
93.8461538462	0.5600902249	0.0056009022
93.8653846154	0.5542586189	0.0055425862
93.8846153846	0.5483483707	0.0054834837
93.9038461538	0.5423611254	0.0054236113
93.9230769231	0.5362984993	0.0053629850
93.9423076923	0.5301620751	0.0053016208
93.9615384615	0.5239533975	0.0052395340
93.9807692308	0.5176739694	0.0051767397
94.0000000000	0.5113252481	0.0051132525
94.0192307692	0.5049086424	0.0050490864
94.0384615385	0.4984255094	0.0049842551
94.0576923077	0.4918771526	0.0049187715
94.0769230769	0.4852648196	0.0048526482
94.0961538462	0.4785897013	0.0047858970
94.1153846154	0.4718529306	0.0047185293
94.1346153846	0.4650555822	0.0046505558
94.1538461538	0.4581986732	0.0045819867
94.1730769231	0.4512831632	0.0045128316
94.1923076923	0.4443099559	0.0044430996
94.2115384615	0.4372799010	0.0043727990
94.2307692308	0.4301937962	0.0043019380
94.2500000000	0.4230523900	0.0042305239
94.2692307692	0.4158563850	0.0041585638
94.2884615385	0.4086064417	0.0040860644
94.3076923077	0.4013031821	0.0040130318
94.3269230769	0.3939471948	0.0039394719
94.3461538462	0.3865390389	0.0038653904
94.3653846154	0.3790792502	0.0037907925
94.3846153846	0.3715683453	0.0037156835
94.4038461538	0.3640068282	0.0036400683
94.4230769231	0.3563951954	0.0035639520
94.4423076923	0.3487339420	0.0034873394
94.4615384615	0.3410235676	0.0034102357
94.4807692308	0.3332645820	0.0033326458
94.5000000000	0.3254575117	0.0032545751
94.5192307692	0.3176029049	0.0031760290
94.5384615385	0.3097013379	0.0030970134
94.5576923077	0.3017534206	0.0030175342
94.5769230769	0.2937598014	0.0029375980
94.5961538462	0.2857211725	0.0028572117
94.6153846154	0.2776382749	0.0027763827
94.6346153846	0.2695119022	0.0026951190
94.6538461538	0.2613429054	0.0026134291
94.6730769231	0.2531321958	0.0025313220
94.6923076923	0.2448807485	0.0024488075
94.7115384615	0.2365896051	0.0023658961
94.7307692308	0.2282598757	0.0022825988
94.7500000000	0.2198927405	0.0021989274
94.7692307692	0.2114894512	0.0021148945
94.7884615385	0.2030513314	0.0020305133
94.8076923077	0.1945797765	0.0019457978
94.8269230769	0.1860762533	0.0018607625
94.8461538462	0.1775422988	0.0017754230
94.8653846154	0.1689795187	0.0016897952
94.8846153846	0.1603895852	0.0016038959
94.9038461538	0.1517742340	0.0015177423
94.9230769231	0.1431352619	0.0014313526
94.9423076923	0.1344745221	0.0013447452
94.9615384615	0.1257939210	0.0012579392
94.9807692308	0.1170954135	0.0011709541
95.0000000000	0.1083809975	0.0010838100
95.0192307692	0.0996527099	0.0009965271
95.0384615385	0.0909126198	0.0009091262
95.0576923077	0.0821628238	0.0008216282
95.0769230769	0.0734054395	0.0007340544
95.0961538462	0.0646425995	0.0006464260
95.1153846154	0.0558764453	0.0005587645
95.1346153846	0.0471091211	0.0004710912
95.1538461538	0.0383427671	0.0003834277
95.1730769231	0.0295795136	0.0002957951
95.1923076923	0.0208214750	0.0002082147
95.2115384615	0.0120707432	0.0001207074
95.2307692308	0.0033293823	0.0000332938
95.2500000000	-0.0054005773	-0.0000540058
95.2692307692	-0.0141171443	-0.0001411714
95.2884615385	-0.0228183715	-0.0002281837
95.3076923077	-0.0315023604	-0.0003150236
95.3269230769	-0.0401672658	-0.0004016727
95.3461538462	-0.0488112997	-0.0004881130
95.3653846154	-0.0574327347	-0.0005743273
95.3846153846	-0.0660299071	-0.0006602991
95.4038461538	-0.0746012196	-0.0007460122
95.4230769231	-0.0831451434	-0.0008314514
95.4423076923	-0.0916602198	-0.0009166022
95.4615384615	-0.1001450613	-0.0010014506
95.4807692308	-0.1085983522	-0.0010859835
95.5000000000	-0.1170188488	-0.0011701885
95.5192307692	-0.1254053791	-0.0012540538
95.5384615385	-0.1337568417	-0.0013375684
95.5576923077	-0.1420722047	-0.0014207220
95.5769230769	-0.1503505036	-0.0015035050
95.5961538462	-0.1585908397	-0.0015859084
95.6153846154	-0.1667923770	-0.0016679238
95.6346153846	-0.1749543393	-0.0017495434
95.6538461538	-0.1830760071	-0.0018307601
95.6730769231	-0.1911567137	-0.0019115671
95.6923076923	-0.1991958418	-0.0019919584
95.7115384615	-0.2071928188	-0.0020719282
95.7307692308	-0.2151471130	-0.0021514711
95.7500000000	-0.2230582290	-0.0022305823
95.7692307692	-0.2309257029	-0.0023092570
95.7884615385	-0.2387490982	-0.0023874910
95.8076923077	-0.2465280010	-0.0024652800
95.8269230769	-0.2542620153	-0.0025426202
95.8461538462	-0.2619507585	-0.0026195076
95.8653846154	-0.2695938572	-0.0026959386
95.8846153846	-0.2771909429	-0.0027719094
95.9038461538	-0.2847416477	-0.0028474165
95.9230769231	-0.2922456008	-0.0029224560
95.9423076923	-0.2997024246	-0.0029970242
95.9615384615	-0.3071117318	-0.0030711173
95.9807692308	-0.3144731218	-0.0031447312
96.0000000000	-0.3217861788	-0.0032178618
96.0192307692	-0.3290504689	-0.0032905047
96.0384615385	-0.3362655385	-0.0033626554
96.0576923077	-0.3434309123	-0.0034343091
96.0769230769	-0.3505460929	-0.0035054609
96.0961538462	-0.3576105594	-0.0035761056
96.1153846154	-0.3646237672	-0.0036462377
96.1346153846	-0.3715851481	-0.0037158515
96.1538461538	-0.3784941106	-0.0037849411
96.1730769231	-0.3853500408	-0.0038535004
96.1923076923	-0.3921523034	-0.0039215230
96.2115384615	-0.3989002432	-0.0039890024
96.2307692308	-0.4055931870	-0.0040559319
96.2500000000	-0.4122304454	-0.0041223045
96.2692307692	-0.4188113154	-0.0041881132
96.2884615385	-0.4253350828	-0.0042533508
96.3076923077	-0.4318010251	-0.0043180103
96.3269230769	-0.4382084143	-0.0043820841
96.3461538462	-0.4445565198	-0.0044455652
96.3653846154	-0.4508446120	-0.0045084461
96.3846153846	-0.4570719648	-0.0045707196
96.4038461538	-0.4632378594	-0.0046323786
96.4230769231	-0.4693415871	-0.0046934159
96.4423076923	-0.4753824523	-0.0047538245
96.4615384615	-0.4813597760	-0.0048135978
96.4807692308	-0.4872728978	-0.0048727290
96.5000000000	-0.4931211792	-0.0049312118
96.5192307692	-0.4989040056	-0.0049890401
96.5384615385	-0.5046207887	-0.0050462079
96.5576923077	-0.5102709684	-0.0051027097
96.5769230769	-0.5158540139	-0.0051585401
96.5961538462	-0.5213694257	-0.0052136943
96.6153846154	-0.5268167356	-0.0052681674
96.6346153846	-0.5321955079	-0.0053219551
96.6538461538	-0.5375053392	-0.0053750534
96.6730769231	-0.5427458584	-0.0054274586
96.6923076923	-0.5479167254	-0.0054791673
96.7115384615	-0.5530176307	-0.0055301763
96.7307692308	-0.5580482937	-0.0055804829
96.7500000000	-0.5630084608	-0.0056300846
96.7692307692	-0.5678979029	-0.0056789790
96.7884615385	-0.5727164135	-0.0057271641
96.8076923077	-0.5774638049	-0.0057746380
96.8269230769	-0.5821399055	-0.0058213991
96.8461538462	-0.5867445560	-0.0058674456
96.8653846154	-0.5912776057	-0.0059127761
96.8846153846	-0.5957389083	-0.0059573891
96.9038461538	-0.6001283174	-0.0060012832
96.9230769231	-0.6044456826	-0.0060444568
96.9423076923	-0.6086908444	-0.0060869084
96.9615384615	-0.6128636301	-0.0061286363
96.9807692308	-0.6169638484	-0.0061696385
97.0000000000	-0.6209912853	-0.0062099129
97.0192307692	-0.6249456994	-0.0062494570
97.0384615385	-0.6288268172	-0.0062882682
97.0576923077	-0.6326343286	-0.0063263433
97.0769230769	-0.6363678829	-0.0063636788
97.0961538462	-0.6400270851	-0.0064002709
97.1153846154	-0.6436114913	-0.0064361149
97.1346153846	-0.6471206064	-0.0064712061
97.1538461538	-0.6505538801	-0.0065055388
97.1730769231	-0.6539107049	-0.0065391070
97.1923076923	-0.6571904131	-0.0065719041
97.2115384615	-0.6603922759	-0.0066039228
97.2307692308	-0.6635155013	-0.0066351550
97.2500000000	-0.6665592334	-0.0066655923
97.2692307692	-0.6695225522	-0.0066952255
97.2884615385	-0.6724044736	-0.0067240447
97.3076923077	-0.6752039500	-0.0067520395
97.3269230769	-0.6779198716	-0.0067791987
97.3461538462	-0.6805510682	-0.0068055107
97.3653846154	-0.6830963112	-0.0068309631
97.3846153846	-0.6855543166	-0.0068555432
97.4038461538	-0.6879237483	-0.0068792375
97.4230769231	-0.6902032215	-0.0069020322
97.4423076923	-0.6923913073	-0.0069239131
97.4615384615	-0.6944865372	-0.0069448654
97.4807692308	-0.6964874081	-0.0069648741
97.5000000000	-0.6983923879	-0.0069839239
97.5192307692	-0.7001999211	-0.0070019992
97.5384615385	-0.7019084351	-0.0070190844
97.5576923077	-0.7035163463	-0.0070351635
97.5769230769	-0.7050220667	-0.0070502207
97.5961538462	-0.7064240107	-0.0070642401
97.6153846154	-0.7077206020	-0.0070772060
97.6346153846	-0.7089102803	-0.0070891028
97.6538461538	-0.7099915084	-0.0070999151
97.6730769231	-0.7109627790	-0.0071096278
97.6923076923	-0.7118226215	-0.0071182262
97.7115384615	-0.7125696091	-0.0071256961
97.7307692308	-0.7132023648	-0.0071320236
97.7500000000	-0.7137195678	-0.0071371957
97.7692307692	-0.7141199602	-0.0071411996
97.7884615385	-0.7144023518	-0.0071440235
97.8076923077	-0.7145656265	-0.0071456563
97.8269230769	-0.7146087463	-0.0071460875
97.8461538462	-0.7145307571	-0.0071453076
97.8653846154	-0.7143307920	-0.0071433079
97.8846153846	-0.7140080754	-0.0071400808
97.9038461538	-0.7135619262	-0.0071356193
97.9230769231	-0.7129917607	-0.0071299176
97.9423076923	-0.7122970946	-0.0071229709
97.9615384615	-0.7114775448	-0.0071147754
97.9807692308	-0.7105328308	-0.0071053283
98.0000000000	-0.7094627749	-0.0070946277
98.0192307692	-0.7082673026	-0.0070826730
98.0384615385	-0.7069464425	-0.0070694644
98.0576923077	-0.7055003246	-0.0070550032
98.0769230769	-0.7039291797	-0.0070392918
98.0961538462	-0.7022333370	-0.0070223334
98.1153846154	-0.7004132222	-0.0070041322
98.1346153846	-0.6984693542	-0.0069846935
98.1538461538	-0.6964023426	-0.0069640234
98.1730769231	-0.6942128837	-0.0069421288
98.1923076923	-0.6919017568	-0.0069190176
98.2115384615	-0.6894698202	-0.0068946982
98.2307692308	-0.6869180068	-0.0068691801
98.2500000000	-0.6842473194	-0.0068424732
98.2692307692	-0.6814588258	-0.0068145883
98.2884615385	-0.6785536542	-0.0067855365
98.3076923077	-0.6755329882	-0.0067553299
98.3269230769	-0.6723980613	-0.0067239806
98.3461538462	-0.6691501525	-0.0066915015
98.3653846154	-0.6657905806	-0.0066579058
98.3846153846	-0.6623206997	-0.0066232070
98.4038461538	-0.6587418942	-0.0065874189
98.4230769231	-0.6550555739	-0.0065505557
98.4423076923	-0.6512631697	-0.0065126317
98.4615384615	-0.6473661289	-0.0064736613
98.4807692308	-0.6433659112	-0.0064336591
98.5000000000	-0.6392639850	-0.0063926399
98.5192307692	-0.6350618235	-0.0063506182
98.5384615385	-0.6307609011	-0.0063076090
98.5576923077	-0.6263626911	-0.0062636269
98.5769230769	-0.6218686620	-0.0062186866
98.5961538462	-0.6172802759	-0.0061728028
98.6153846154	-0.6125989858	-0.0061259899
98.6346153846	-0.6078262341	-0.0060782623
98.6538461538	-0.6029634511	-0.0060296345
98.6730769231	-0.5980120535	-0.0059801205
98.6923076923	-0.5929734442	-0.0059297344
98.7115384615	-0.5878490109	-0.0058784901
98.7307692308	-0.5826401265	-0.0058264013
98.7500000000	-0.5773481487	-0.0057734815
98.7692307692	-0.5719744204	-0.0057197442
98.7884615385	-0.5665202697	-0.0056652027
98.8076923077	-0.5609870111	-0.0056098701
98.8269230769	-0.5553759458	-0.0055537595
98.8461538462	-0.5496883631	-0.0054968836
98.8653846154	-0.5439255407	-0.0054392554
98.8846153846	-0.5380887467	-0.0053808875
98.9038461538	-0.5321792403	-0.0053217924
98.9230769231	-0.5261982730	-0.0052619827
98.9423076923	-0.5201470902	-0.0052014709
98.9615384615	-0.5140269319	-0.0051402693
98.9807692308	-0.5078390344	-0.0050783903
99.0000000000	-0.5015846314	-0.0050158463
99.0192307692	-0.4952649545	-0.0049526495
99.0384615385	-0.4888812347	-0.0048888123
99.0576923077	-0.4824347030	-0.0048243470
99.0769230769	-0.4759265910	-0.0047592659
99.0961538462	-0.4693581316	-0.0046935813
99.1153846154	-0.4627305590	-0.0046273056
99.1346153846	-0.4560451093	-0.0045604511
99.1538461538	-0.4493030202	-0.0044930302
99.1730769231	-0.4425055309	-0.0044250553
99.1923076923	-0.4356538815	-0.0043565388
99.2115384615	-0.4287493130	-0.0042874931
99.2307692308	-0.4217930657	-0.0042179307
99.2500000000	-0.4147863791	-0.0041478638
99.2692307692	-0.4077304902	-0.0040773049
99.2884615385	-0.4006266328	-0.0040062663
99.3076923077	-0.3934760356	-0.0039347604
99.3269230769	-0.3862799210	-0.0038627992
99.3461538462	-0.3790395035	-0.0037903950
99.3653846154	-0.3717559879	-0.0037175599
99.3846153846	-0.3644305678	-0.0036443057
99.4038461538	-0.3570644234	-0.0035706442
99.4230769231	-0.3496587201	-0.0034965872
99.4423076923	-0.3422146065	-0.0034221461
99.4615384615	-0.3347332128	-0.0033473321
99.4807692308	-0.3272156488	-0.0032721565
99.5000000000	-0.3196630026	-0.0031966300
99.5192307692	-0.3120763389	-0.0031207634
99.5384615385	-0.3044566977	-0.0030445670
99.5576923077	-0.2968050930	-0.0029680509
99.5769230769	-0.2891225115	-0.0028912251
99.5961538462	-0.2814099121	-0.0028140991
99.6153846154	-0.2736682252	-0.0027366823
99.6346153846	-0.2658983515	-0.0026589835
99.6538461538	-0.2581011629	-0.0025810116
99.6730769231	-0.2502775014	-0.0025027750
99.6923076923	-0.2424281803	-0.0024242818
99.7115384615	-0.2345539837	-0.0023455398
99.7307692308	-0.2266556684	-0.0022665567
99.7500000000	-0.2187339638	-0.0021873396
99.7692307692	-0.2107895741	-0.0021078957
99.7884615385	-0.2028231792	-0.0020282318
99.8076923077	-0.1948354369	-0.0019483544
99.8269230769	-0.1868269846	-0.0018682698
99.8461538462	-0.1787984419	-0.0017879844
99.8653846154	-0.1707504127	-0.0017075041
99.8846153846	-0.1626834880	-0.0016268349
99.9038461538	-0.1545982486	-0.0015459825
99.9230769231	-0.1464952683	-0.0014649527
99.9423076923	-0.1383751169	-0.0013837512
99.9615384615	-0.1302383632	-0.0013023836
99.9807692308	-0.1220855785	-0.0012208558
100.0000000000	-0.1139173396	-0.0011391734
