# time	stress	strain
0.0000000000	0.0000000000	0.0000000000
0.0192307692	0.0085232304	0.0000852323
0.0384615385	0.0170452226	0.0001704522
0.0576923077	0.0255647387	0.0002556474
0.0769230769	0.0340805408	0.0003408054
0.0961538462	0.0425913919	0.0004259139
0.1153846154	0.0510960556	0.0005109606
0.1346153846	0.0595932964	0.0005959330
0.1538461538	0.0680818800	0.0006808188
0.1730769231	0.0765605737	0.0007656057
0.1923076923	0.0850281462	0.0008502815
0.2115384615	0.0934833683	0.0009348337
0.2307692308	0.1019250130	0.0010192501
0.2500000000	0.1103518558	0.0011035186
0.2692307692	0.1187626752	0.0011876268
0.2884615385	0.1271562529	0.0012715625
0.3076923077	0.1355313743	0.0013553137
0.3269230769	0.1438868285	0.0014388683
0.3461538462	0.1522214094	0.0015222141
0.3653846154	0.1605339154	0.0016053392
0.3846153846	0.1688231505	0.0016882315
0.4038461538	0.1770879240	0.0017708792
0.4230769231	0.1853270517	0.0018532705
0.4423076923	0.1935393555	0.0019353936
0.4615384615	0.2017236646	0.0020172366
0.4807692308	0.2098788154	0.0020987882
0.5000000000	0.2180036520	0.0021800365
0.5192307692	0.2260970268	0.0022609703
0.5384615385	0.2341578004	0.0023415780
0.5576923077	0.2421848422	0.0024218484
0.5769230769	0.2501770306	0.0025017703
0.5961538462	0.2581332531	0.0025813325
0.6153846154	0.2660524067	0.0026605241
0.6346153846	0.2739333976	0.0027393340
0.6538461538	0.2817751416	0.0028177514
0.6730769231	0.2895765642	0.0028957656
0.6923076923	0.2973365998	0.0029733660
0.7115384615	0.3050541925	0.0030505419
0.7307692308	0.3127282951	0.0031272830
0.7500000000	0.3203578693	0.0032035787
0.7692307692	0.3279418851	0.0032794189
0.7884615385	0.3354793204	0.0033547932
0.8076923077	0.3429691607	0.0034296916
0.8269230769	0.3504103982	0.0035041040
0.8461538462	0.3578020315	0.0035780203
0.8653846154	0.3651430648	0.0036514306
0.8846153846	0.3724325071	0.0037243251
0.9038461538	0.3796693718	0.0037966937
0.9230769231	0.3868526753	0.0038685268
0.9423076923	0.3939814366	0.0039398144
0.9615384615	0.4010546766	0.0040105468
0.9807692308	0.4080714167	0.0040807142
1.0000000000	0.4150306785	0.0041503068
1.0192307692	0.4219314826	0.0042193148
1.0384615385	0.4287728480	0.0042877285
1.0576923077	0.4355537913	0.0043555379
1.0769230769	0.4422733259	0.0044227333
1.0961538462	0.4489304613	0.0044893046
1.1153846154	0.4555242026	0.0045552420
1.1346153846	0.4620535499	0.0046205355
1.1538461538	0.4685174982	0.0046851750
1.1730769231	0.4749150364	0.0047491504
1.1923076923	0.4812451479	0.0048124515
1.2115384615	0.4875068098	0.0048750681
1.2307692308	0.4936989936	0.0049369899
1.2500000000	0.4998206648	0.0049982066
1.2692307692	0.5058707838	0.0050587078
1.2884615385	0.5118483058	0.0051184831
1.3076923077	0.5177521821	0.0051775218
1.3269230769	0.5235813602	0.0052358136
1.3461538462	0.5293347853	0.0052933479
1.3653846154	0.5350114012	0.0053501140
1.3846153846	0.5406101516	0.0054061015
1.4038461538	0.5461299815	0.0054612998
1.4230769231	0.5515698387	0.0055156984
1.4423076923	0.5569286757	0.0055692868
1.4615384615	0.5622054512	0.0056220545
1.4807692308	0.5673991326	0.0056739913
1.5000000000	0.5725086974	0.0057250870
1.5192307692	0.5775331358	0.0057753314
1.5384615385	0.5824714526	0.0058247145
1.5576923077	0.5873226698	0.0058732267
1.5769230769	0.5920858289	0.0059208583
1.5961538462	0.5967599929	0.0059675999
1.6153846154	0.6013442490	0.0060134425
1.6346153846	0.6058377108	0.0060583771
1.6538461538	0.6102395208	0.0061023952
1.6730769231	0.6145488523	0.0061454885
1.6923076923	0.6187649118	0.0061876491
1.7115384615	0.6228869411	0.0062288694
1.7307692308	0.6269142193	0.0062691422
1.7500000000	0.6308460643	0.0063084606
1.7692307692	0.6346818349	0.0063468183
1.7884615385	0.6384209320	0.0063842093
1.8076923077	0.6420627999	0.0064206280
1.8269230769	0.6456069274	0.0064560693
1.8461538462	0.6490528489	0.0064905285
1.8653846154	0.6524001445	0.0065240014
1.8846153846	0.6556484408	0.0065564844
1.9038461538	0.6587974111	0.0065879741
1.9230769231	0.6618467744	0.0066184677
1.9423076923	0.6647962962	0.0066479630
1.9615384615	0.6676457867	0.0066764579
1.9807692308	0.6703951003	0.0067039510
2.0000000000	0.6730441346	0.0067304413
2.0192307692	0.6755928283	0.0067559283
2.0384615385	0.6780411596	0.0067804116
2.0576923077	0.6803891445	0.0068038914
2.0769230769	0.6826368342	0.0068263683
2.0961538462	0.6847843125	0.0068478431
2.1153846154	0.6868316936	0.0068683169
2.1346153846	0.6887791185	0.0068877912
2.1538461538	0.6906267525	0.0069062675
2.1730769231	0.6923747820	0.0069237478
2.1923076923	0.6940234108	0.0069402341
2.2115384615	0.6955728568	0.0069557286
2.2307692308	0.6970233489	0.0069702335
2.2500000000	0.6983751231	0.0069837512
2.2692307692	0.6996284191	0.0069962842
2.2884615385	0.7007834767	0.0070078348
2.3076923077	0.7018405328	0.0070184053
2.3269230769	0.7027998174	0.0070279982
2.3461538462	0.7036615509	0.0070366155
2.3653846154	0.7044259407	0.0070442594
2.3846153846	0.7050931785	0.0070509318
2.4038461538	0.7056634374	0.0070566344
2.4230769231	0.7061368693	0.0070613687
2.4423076923	0.7065136032	0.0070651360
2.4615384615	0.7067937423	0.0070679374
2.4807692308	0.7069773635	0.0070697736
2.5000000000	0.7070645148	0.0070706451
2.5192307692	0.7070552151	0.0070705522
2.5384615385	0.7069494532	0.0070694945
2.5576923077	0.7067471875	0.0070674719
2.5769230769	0.7064483457	0.0070644835
2.5961538462	0.7060528256	0.0070605283
2.6153846154	0.7055604956	0.0070556050
2.6346153846	0.7049711953	0.0070497120
2.6538461538	0.7042847380	0.0070428474
2.6730769231	0.7035009111	0.0070350091
2.6923076923	0.7026194792	0.0070261948
2.7115384615	0.7016401861	0.0070164019
2.7307692308	0.7005627574	0.0070056276
2.7500000000	0.6993869035	0.0069938690
2.7692307692	0.6981123230	0.0069811232
2.7884615385	0.6967387056	0.0069673871
2.8076923077	0.6952657364	0.0069526574
2.8269230769	0.6936930993	0.0069369310
2.8461538462	0.6920204807	0.0069202048
2.8653846154	0.6902475740	0.0069024757
2.8846153846	0.6883740835	0.0068837408
2.9038461538	0.6863997282	0.0068639973
2.9230769231	0.6843242465	0.0068432425
2.9423076923	0.6821473998	0.0068214740
2.9615384615	0.6798689766	0.0067986898
2.9807692308	0.6774887967	0.0067748880
3.0000000000	0.6750067146	0.0067500671
3.0192307692	0.6724226231	0.0067242262
3.0384615385	0.6697364569	0.0066973646
3.0576923077	0.6669481957	0.0066694820
3.0769230769	0.6640578669	0.0066405787
3.0961538462	0.6610655483	0.0066106555
3.1153846154	0.6579713707	0.0065797137
3.1346153846	0.6547755193	0.0065477552
3.1538461538	0.6514782356	0.0065147824
3.1730769231	0.6480798187	0.0064807982
3.1923076923	0.6445806264	0.0064458063
3.2115384615	0.6409810751	0.0064098108
3.2307692308	0.6372816407	0.0063728164
3.2500000000	0.6334828575	0.0063348286
3.2692307692	0.6295853186	0.0062958532
3.2884615385	0.6255896741	0.0062558967
3.3076923077	0.6214966300	0.0062149663
3.3269230769	0.6173069466	0.0061730695
3.3461538462	0.6130214366	0.0061302144
3.3653846154	0.6086409624	0.0060864096
3.3846153846	0.6041664337	0.0060416643
3.4038461538	0.5995988047	0.0059959880
3.4230769231	0.5949390708	0.0059493907
3.4423076923	0.5901882653	0.0059018827
3.4615384615	0.5853474560	0.0058534746
3.4807692308	0.5804177415	0.0058041774
3.5000000000	0.5754002473	0.0057540025
3.5192307692	0.5702961223	0.0057029612
3.5384615385	0.5651065343	0.0056510653
3.5576923077	0.5598326668	0.0055983267
3.5769230769	0.5544757148	0.0055447571
3.5961538462	0.5490368808	0.0054903688
3.6153846154	0.5435173715	0.0054351737
3.6346153846	0.5379183938	0.0053791839
3.6538461538	0.5322411519	0.0053224115
3.6730769231	0.5264868435	0.0052648684
3.6923076923	0.5206566572	0.0052065666
3.7115384615	0.5147517693	0.0051475177
3.7307692308	0.5087733419	0.0050877334
3.7500000000	0.5027225201	0.0050272252
3.7692307692	0.4966004304	0.0049660043
3.7884615385	0.4904081790	0.0049040818
3.8076923077	0.4841468505	0.0048414685
3.8269230769	0.4778175070	0.0047781751
3.8461538462	0.4714211876	0.0047142119
3.8653846154	0.4649589080	0.0046495891
3.8846153846	0.4584316605	0.0045843166
3.9038461538	0.4518404150	0.0045184041
3.9230769231	0.4451861188	0.0044518612
3.9423076923	0.4384696986	0.0043846970
3.9615384615	0.4316920614	0.0043169206
3.9807692308	0.4248540962	0.0042485410
4.0000000000	0.4179566760	0.0041795668
4.0192307692	0.4110006601	0.0041100066
4.0384615385	0.4039868962	0.0040398690
4.0576923077	0.3969162231	0.0039691622
4.0769230769	0.3897894736	0.0038978947
4.0961538462	0.3826074772	0.0038260748
4.1153846154	0.3753710629	0.0037537106
4.1346153846	0.3680810628	0.0036808106
4.1538461538	0.3607383147	0.0036073831
4.1730769231	0.3533436650	0.0035334367
4.1923076923	0.3458979725	0.0034589797
4.2115384615	0.3384021106	0.0033840211
4.2307692308	0.3308569706	0.0033085697
4.2500000000	0.3232634644	0.0032326346
4.2692307692	0.3156225269	0.0031562253
4.2884615385	0.3079351188	0.0030793512
4.3076923077	0.3002022284	0.0030020223
4.3269230769	0.2924248737	0.0029242487
4.3461538462	0.2846041041	0.0028460410
4.3653846154	0.2767410020	0.0027674100
4.3846153846	0.2688366837	0.0026883668
4.4038461538	0.2608923003	0.0026089230
4.4230769231	0.2529090382	0.0025290904
4.4423076923	0.2448881194	0.0024488812
4.4615384615	0.2368308010	0.0023683080
4.4807692308	0.2287383752	0.0022873838
4.5000000000	0.2206121681	0.0022061217
4.5192307692	0.2124535387	0.0021245354
4.5384615385	0.2042638774	0.0020426388
4.5576923077	0.1960446043	0.0019604460
4.5769230769	0.1877971671	0.0018779717
4.5961538462	0.1795230386	0.0017952304
4.6153846154	0.1712237146	0.0017122371
4.6346153846	0.1629007105	0.0016290071
4.6538461538	0.1545555585	0.0015455556
4.6730769231	0.1461898044	0.0014618980
4.6923076923	0.1378050045	0.0013780500
4.7115384615	0.1294027214	0.0012940272
4.7307692308	0.1209845213	0.0012098452
4.7500000000	0.1125519696	0.0011255197
4.7692307692	0.1041066276	0.0010410663
4.7884615385	0.0956500491	0.0009565005
4.8076923077	0.0871837760	0.0008718378
4.8269230769	0.0787093355	0.0007870934
4.8461538462	0.0702282365	0.0007022824
4.8653846154	0.0617419658	0.0006174197
4.8846153846	0.0532519857	0.0005325199
4.9038461538	0.0447597305	0.0004475973
4.9230769231	0.0362666040	0.0003626660
4.9423076923	0.0277739772	0.0002777398
4.9615384615	0.0192831857	0.0001928319
4.9807692308	0.0107955283	0.0001079553
5.0000000000	0.0023122650	0.0000231226
5.0192307692	-0.0061653842	-0.0000616538
5.0384615385	-0.0146362397	-0.0001463624
5.0576923077	-0.0230991637	-0.0002309916
5.0769230769	-0.0315530596	-0.0003155306
5.0961538462	-0.0399968723	-0.0003999687
5.1153846154	-0.0484295877	-0.0004842959
5.1346153846	-0.0568502314	-0.0005685023
5.1538461538	-0.0652578681	-0.0006525787
5.1730769231	-0.0736515994	-0.0007365160
5.1923076923	-0.0820305623	-0.0008203056
5.2115384615	-0.0903939267	-0.0009039393
5.2307692308	-0.0987408934	-0.0009874089
5.2500000000	-0.1070706906	-0.0010707069
5.2692307692	-0.1153825713	-0.0011538257
5.2884615385	-0.1236758102	-0.0012367581
5.3076923077	-0.1319496998	-0.0013194970
5.3269230769	-0.1402035470	-0.0014020355
5.3461538462	-0.1484366695	-0.0014843667
5.3653846154	-0.1566483917	-0.0015664839
5.3846153846	-0.1648380409	-0.0016483804
5.4038461538	-0.1730049432	-0.0017300494
5.4230769231	-0.1811484201	-0.0018114842
5.4423076923	-0.1892677837	-0.0018926778
5.4615384615	-0.1973623337	-0.0019736233
5.4807692308	-0.2054313532	-0.0020543135
5.5000000000	-0.2134741052	-0.0021347411
5.5192307692	-0.2214898295	-0.0022148983
5.5384615385	-0.2294777390	-0.0022947774
5.5576923077	-0.2374370171	-0.0023743702
5.5769230769	-0.2453668150	-0.0024536682
5.5961538462	-0.2532662491	-0.0025326625
5.6153846154	-0.2611343991	-0.0026113440
5.6346153846	-0.2689703060	-0.0026897031
5.6538461538	-0.2767729711	-0.0027677297
5.6730769231	-0.2845413545	-0.0028454135
5.6923076923	-0.2922743748	-0.0029227437
5.7115384615	-0.2999709085	-0.0029997091
5.7307692308	-0.3076297905	-0.0030762979
5.7500000000	-0.3152498143	-0.0031524981
5.7692307692	-0.3228297330	-0.0032282973
5.7884615385	-0.3303682604	-0.0033036826
5.8076923077	-0.3378640733	-0.0033786407
5.8269230769	-0.3453158125	-0.0034531581
5.8461538462	-0.3527220861	-0.0035272209
5.8653846154	-0.3600814718	-0.0036008147
5.8846153846	-0.3673925198	-0.0036739252
5.9038461538	-0.3746537565	-0.0037465376
5.9230769231	-0.3818636877	-0.0038186369
5.9423076923	-0.3890208027	-0.0038902080
5.9615384615	-0.3961235780	-0.0039612358
5.9807692308	-0.4031704817	-0.0040317048
6.0000000000	-0.4101599779	-0.0041015998
6.0192307692	-0.4170905309	-0.0041709053
6.0384615385	-0.4239606096	-0.0042396061
6.0576923077	-0.4307686926	-0.0043076869
6.0769230769	-0.4375132719	-0.0043751327
6.0961538462	-0.4441928579	-0.0044419286
6.1153846154	-0.4508059839	-0.0045080598
6.1346153846	-0.4573512097	-0.0045735121
6.1538461538	-0.4638271264	-0.0046382713
6.1730769231	-0.4702323600	-0.0047023236
6.1923076923	-0.4765655752	-0.0047656558
6.2115384615	-0.4828254788	-0.0048282548
6.2307692308	-0.4890108229	-0.0048901082
6.2500000000	-0.4951204078	-0.0049512041
6.2692307692	-0.5011530847	-0.0050115308
6.2884615385	-0.5071077575	-0.0050710776
6.3076923077	-0.5129833852	-0.0051298339
6.3269230769	-0.5187789829	-0.0051877898
6.3461538462	-0.5244936232	-0.0052449362
6.3653846154	-0.5301264368	-0.0053012644
6.3846153846	-0.5356766125	-0.0053567661
6.4038461538	-0.5411433975	-0.0054114340
6.4230769231	-0.5465260968	-0.0054652610
6.4423076923	-0.5518240720	-0.0055182407
6.4615384615	-0.5570367402	-0.0055703674
6.4807692308	-0.5621635726	-0.0056216357
6.5000000000	-0.5672040919	-0.0056720409
6.5192307692	-0.5721578706	-0.0057215787
6.5384615385	-0.5770245277	-0.0057702453
6.5576923077	-0.5818037263	-0.0058180373
6.5769230769	-0.5864951700	-0.0058649517
6.5961538462	-0.5910985997	-0.0059109860
6.6153846154	-0.5956137898	-0.0059561379
6.6346153846	-0.6000405445	-0.0060004054
6.6538461538	-0.6043786938	-0.0060437869
6.6730769231	-0.6086280895	-0.0060862809
6.6923076923	-0.6127886011	-0.0061278860
6.7115384615	-0.6168601116	-0.0061686011
6.7307692308	-0.6208425135	-0.0062084251
6.7500000000	-0.6247357048	-0.0062473570
6.7692307692	-0.6285395849	-0.0062853958
6.7884615385	-0.6322540508	-0.0063225405
6.8076923077	-0.6358789936	-0.0063587899
6.8269230769	-0.6394142946	-0.0063941429
6.8461538462	-0.6428598226	-0.0064285982
6.8653846154	-0.6462154303	-0.0064621543
6.8846153846	-0.6494809521	-0.0064948095
6.9038461538	-0.6526562013	-0.0065265620
6.9230769231	-0.6557409680	-0.0065574097
6.9423076923	-0.6587350176	-0.0065873502
6.9615384615	-0.6616380891	-0.0066163809
6.9807692308	-0.6644498942	-0.0066444989
7.0000000000	-0.6671701165	-0.0066717012
7.0192307692	-0.6697984115	-0.0066979841
7.0384615385	-0.6723344063	-0.0067233441
7.0576923077	-0.6747777004	-0.0067477770
7.0769230769	-0.6771278661	-0.0067712787
7.0961538462	-0.6793844505	-0.0067938445
7.1153846154	-0.6815469762	-0.0068154698
7.1346153846	-0.6836149438	-0.0068361494
7.1538461538	-0.6855878339	-0.0068558783
7.1730769231	-0.6874651095	-0.0068746511
7.1923076923	-0.6892462191	-0.0068924622
7.2115384615	-0.6909305996	-0.0069093060
7.2307692308	-0.6925176795	-0.0069251768
7.2500000000	-0.6940068826	-0.0069400688
7.2692307692	-0.6953976312	-0.0069539763
7.2884615385	-0.6966893504	-0.0069668935
7.3076923077	-0.6978814712	-0.0069788147
7.3269230769	-0.6989734353	-0.0069897344
7.3461538462	-0.6999646980	-0.0069996470
7.3653846154	-0.7008547330	-0.0070085473
7.3846153846	-0.7016430355	-0.0070164304
7.4038461538	-0.7023291264	-0.0070232913
7.4230769231	-0.7029125556	-0.0070291256
7.4423076923	-0.7033929058	-0.0070339291
7.4615384615	-0.7037697953	-0.0070376980
7.4807692308	-0.7040428816	-0.0070404288
7.5000000000	-0.7042118636	-0.0070421186
7.5192307692	-0.7042764846	-0.0070427648
7.5384615385	-0.7042365343	-0.0070423653
7.5576923077	-0.7040918510	-0.0070409185
7.5769230769	-0.7038423227	-0.0070384232
7.5961538462	-0.7034878887	-0.0070348789
7.6153846154	-0.7030285406	-0.0070302854
7.6346153846	-0.7024643224	-0.0070246432
7.6538461538	-0.7017953311	-0.0070179533
7.6730769231	-0.7010217161	-0.0070102172
7.6923076923	-0.7001436792	-0.0070014368
7.7115384615	-0.6991614729	-0.0069916147
7.7307692308	-0.6980753999	-0.0069807540
7.7500000000	-0.6968858108	-0.0069688581
7.7692307692	-0.6955931026	-0.0069559310
7.7884615385	-0.6941977163	-0.0069419772
7.8076923077	-0.6927001347	-0.0069270013
7.8269230769	-0.6911008789	-0.0069110088
7.8461538462	-0.6894005059	-0.0068940051
7.8653846154	-0.6875996052	-0.0068759961
7.8846153846	-0.6856987954	-0.0068569880
7.9038461538	-0.6836987206	-0.0068369872
7.9230769231	-0.6816000467	-0.0068160005
7.9423076923	-0.6794034580	-0.0067940346
7.9615384615	-0.6771096529	-0.0067710965
7.9807692308	-0.6747193405	-0.0067471934
8.0000000000	-0.6722332366	-0.0067223324
8.0192307692	-0.6696520600	-0.0066965206
8.0384615385	-0.6669765291	-0.0066697653
8.0576923077	-0.6642073581	-0.0066420736
8.0769230769	-0.6613452537	-0.0066134525
8.0961538462	-0.6583909121	-0.0065839091
8.1153846154	-0.6553450156	-0.0065534502
8.1346153846	-0.6522082303	-0.0065220823
8.1538461538	-0.6489812035	-0.0064898120
8.1730769231	-0.6456645612	-0.0064566456
8.1923076923	-0.6422589064	-0.0064225891
8.2115384615	-0.6387648175	-0.0063876482
8.2307692308	-0.6351828471	-0.0063518285
8.2500000000	-0.6315135206	-0.0063151352
8.2692307692	-0.6277573362	-0.0062775734
8.2884615385	-0.6239147640	-0.0062391476
8.3076923077	-0.6199862465	-0.0061998625
8.3269230769	-0.6159721988	-0.0061597220
8.3461538462	-0.6118730094	-0.0061187301
8.3653846154	-0.6076890413	-0.0060768904
8.3846153846	-0.6034206332	-0.0060342063
8.4038461538	-0.5990681014	-0.0059906810
8.4230769231	-0.5946317417	-0.0059463174
8.4423076923	-0.5901118315	-0.0059011183
8.4615384615	-0.5855086323	-0.0058550863
8.4807692308	-0.5808223928	-0.0058082239
8.5000000000	-0.5760533512	-0.0057605335
8.5192307692	-0.5712017386	-0.0057120174
8.5384615385	-0.5662677823	-0.0056626778
8.5576923077	-0.5612517089	-0.0056125171
8.5769230769	-0.5561537478	-0.0055615375
8.5961538462	-0.5509741350	-0.0055097414
8.6153846154	-0.5457131160	-0.0054571312
8.6346153846	-0.5403709499	-0.0054037095
8.6538461538	-0.5349479124	-0.0053494791
8.6730769231	-0.5294442999	-0.0052944430
8.6923076923	-0.5238604318	-0.0052386043
8.7115384615	-0.5181966550	-0.0051819665
8.7307692308	-0.5124533458	-0.0051245335
8.7500000000	-0.5066309137	-0.0050663091
8.7692307692	-0.5007298037	-0.0050072980
8.7884615385	-0.4947504988	-0.0049475050
8.8076923077	-0.4886935228	-0.0048869352
8.8269230769	-0.4825594417	-0.0048255944
8.8461538462	-0.4763488659	-0.0047634887
8.8653846154	-0.4700624520	-0.0047006245
8.8846153846	-0.4637009034	-0.0046370090
8.9038461538	-0.4572649719	-0.0045726497
8.9230769231	-0.4507554581	-0.0045075546
8.9423076923	-0.4441732120	-0.0044417321
8.9615384615	-0.4375191328	-0.0043751913
8.9807692308	-0.4307941692	-0.0043079417
9.0000000000	-0.4239993187	-0.0042399932
9.0192307692	-0.4171356267	-0.0041713563
9.0384615385	-0.4102041860	-0.0041020419
9.0576923077	-0.4032061351	-0.0040320614
9.0769230769	-0.3961426569	-0.0039614266
9.0961538462	-0.3890149773	-0.0038901498
9.1153846154	-0.3818243626	-0.0038182436
9.1346153846	-0.3745721181	-0.0037457212
9.1538461538	-0.3672595854	-0.0036725959
9.1730769231	-0.3598881402	-0.0035988814
9.1923076923	-0.3524591896	-0.0035245919
9.2115384615	-0.3449741694	-0.0034497417
9.2307692308	-0.3374345416	-0.0033743454
9.2500000000	-0.3298417912	-0.0032984179
9.2692307692	-0.3221974237	-0.0032219742
9.2884615385	-0.3145029621	-0.0031450296
9.3076923077	-0.3067599437	-0.0030675994
9.3269230769	-0.2989699176	-0.0029896992
9.3461538462	-0.2911344420	-0.0029113444
9.3653846154	-0.2832550809	-0.0028325508
9.3846153846	-0.2753334016	-0.0027533340
9.4038461538	-0.2673709726	-0.0026737097
9.4230769231	-0.2593693602	-0.0025936936
9.4423076923	-0.2513301269	-0.0025133013
9.4615384615	-0.2432548288	-0.0024325483
9.4807692308	-0.2351450136	-0.0023514501
9.5000000000	-0.2270022185	-0.0022700222
9.5192307692	-0.2188279688	-0.0021882797
9.5384615385	-0.2106237760	-0.0021062378
9.5576923077	-0.2023911363	-0.0020239114
9.5769230769	-0.1941315296	-0.0019413153
9.5961538462	-0.1858464184	-0.0018584642
9.6153846154	-0.1775372466	-0.0017753725
9.6346153846	-0.1692054393	-0.0016920544
9.6538461538	-0.1608524018	-0.0016085240
9.6730769231	-0.1524795194	-0.0015247952
9.6923076923	-0.1440881572	-0.0014408816
9.7115384615	-0.1356796601	-0.0013567966
9.7307692308	-0.1272553528	-0.0012725535
9.7500000000	-0.1188165398	-0.0011881654
9.7692307692	-0.1103645065	-0.0011036451
9.7884615385	-0.1019005186	-0.0010190052
9.8076923077	-0.0934258237	-0.0009342582
9.8269230769	-0.0849416514	-0.0008494165
9.8461538462	-0.0764492141	-0.0007644921
9.8653846154	-0.0679497080	-0.0006794971
9.8846153846	-0.0594443141	-0.0005944431
9.9038461538	-0.0509341986	-0.0005093420
9.9230769231	-0.0424205144	-0.0004242051
9.9423076923	-0.0339044022	-0.0003390440
9.9615384615	-0.0253869907	-0.0002538699
9.9807692308	-0.0168693988	-0.0001686940
10.0000000000	-0.0083527355	-0.0000835274
10.0192307692	0.0001618984	0.0000016190
10.0384615385	0.0086734096	0.0000867341
10.0576923077	0.0171807112	0.0001718071
10.0769230769	0.0256827219	0.0002568272
10.0961538462	0.0341783650	0.0003417837
10.1153846154	0.0426665680	0.0004266657
10.1346153846	0.0511462611	0.0005114626
10.1538461538	0.0596163770	0.0005961638
10.1730769231	0.0680758503	0.0006807585
10.1923076923	0.0765236163	0.0007652362
10.2115384615	0.0849586110	0.0008495861
10.2307692308	0.0933797707	0.0009337977
10.2500000000	0.1017860307	0.0010178603
10.2692307692	0.1101763260	0.0011017633
10.2884615385	0.1185495901	0.0011854959
10.3076923077	0.1269047552	0.0012690476
10.3269230769	0.1352407515	0.0013524075
10.3461538462	0.1435565077	0.0014355651
10.3653846154	0.1518509499	0.0015185095
10.3846153846	0.1601230023	0.0016012300
10.4038461538	0.1683715865	0.0016837159
10.4230769231	0.1765956216	0.0017659562
10.4423076923	0.1847940242	0.0018479402
10.4615384615	0.1929657083	0.0019296571
10.4807692308	0.2011095854	0.0020110959
10.5000000000	0.2092245639	0.0020922456
10.5192307692	0.2173095498	0.0021730955
10.5384615385	0.2253634463	0.0022536345
10.5576923077	0.2333851538	0.0023338515
10.5769230769	0.2413735700	0.0024137357
10.5961538462	0.2493275898	0.0024932759
10.6153846154	0.2572461054	0.0025724611
10.6346153846	0.2651280060	0.0026512801
10.6538461538	0.2729721783	0.0027297218
10.6730769231	0.2807775059	0.0028077751
10.6923076923	0.2885428698	0.0028854287
10.7115384615	0.2962671484	0.0029626715
10.7307692308	0.3039492170	0.0030394922
10.7500000000	0.3115879484	0.0031158795
10.7692307692	0.3191822129	0.0031918221
10.7884615385	0.3267308782	0.0032673088
10.8076923077	0.3342328095	0.0033423281
10.8269230769	0.3416868698	0.0034168687
10.8461538462	0.3490919202	0.0034909192
10.8653846154	0.3564468198	0.0035644682
10.8846153846	0.3637504263	0.0036375043
10.9038461538	0.3710015962	0.0037100160
10.9230769231	0.3781991851	0.0037819919
10.9423076923	0.3853420483	0.0038534205
10.9615384615	0.3924290414	0.0039242904
10.9807692308	0.3994590205	0.0039945902
11.0000000000	0.4064308432	0.0040643084
11.0192307692	0.4133433693	0.0041334337
11.0384615385	0.4201954613	0.0042019546
11.0576923077	0.4269859856	0.0042698599
11.0769230769	0.4337138132	0.0043371381
11.0961538462	0.4403778207	0.0044037782
11.1153846154	0.4469768914	0.0044697689
11.1346153846	0.4535099163	0.0045350992
11.1538461538	0.4599757957	0.0045997580
11.1730769231	0.4663734398	0.0046637344
11.1923076923	0.4727017701	0.0047270177
11.2115384615	0.4789597213	0.0047895972
11.2307692308	0.4851462416	0.0048514624
11.2500000000	0.4912602950	0.0049126029
11.2692307692	0.4973008620	0.0049730086
11.2884615385	0.5032669413	0.0050326694
11.3076923077	0.5091575511	0.0050915755
11.3269230769	0.5149717301	0.0051497173
11.3461538462	0.5207085393	0.0052070854
11.3653846154	0.5263670628	0.0052636706
11.3846153846	0.5319464093	0.0053194641
11.4038461538	0.5374457130	0.0053744571
11.4230769231	0.5428641348	0.0054286413
11.4423076923	0.5482008631	0.0054820086
11.4615384615	0.5534551150	0.0055345511
11.4807692308	0.5586261364	0.0055862614
11.5000000000	0.5637132035	0.0056371320
11.5192307692	0.5687156226	0.0056871562
11.5384615385	0.5736327307	0.0057363273
11.5576923077	0.5784638961	0.0057846390
11.5769230769	0.5832085178	0.0058320852
11.5961538462	0.5878660260	0.0058786603
11.6153846154	0.5924358819	0.0059243588
11.6346153846	0.5969175769	0.0059691758
11.6538461538	0.6013106325	0.0060131063
11.6730769231	0.6056145996	0.0060561460
11.6923076923	0.6098290576	0.0060982906
11.7115384615	0.6139536136	0.0061395361
11.7307692308	0.6179879010	0.0061798790
11.7500000000	0.6219315788	0.0062193158
11.7692307692	0.6257843299	0.0062578433
11.7884615385	0.6295458599	0.0062954586
11.8076923077	0.6332158952	0.0063321590
11.8269230769	0.6367941821	0.0063679418
11.8461538462	0.6402804843	0.0064028048
11.8653846154	0.6436745818	0.0064367458
11.8846153846	0.6469762687	0.0064697627
11.9038461538	0.6501853517	0.0065018535
11.9230769231	0.6533016481	0.0065330165
11.9423076923	0.6563249841	0.0065632498
11.9615384615	0.6592551928	0.0065925519
11.9807692308	0.6620921129	0.0066209211
12.0000000000	0.6648355866	0.0066483559
12.0192307692	0.6674854581	0.0066748546
12.0384615385	0.6700415721	0.0067004157
12.0576923077	0.6725037727	0.0067250377
12.0769230769	0.6748719015	0.0067487190
12.0961538462	0.6771457969	0.0067714580
12.1153846154	0.6793252929	0.0067932529
12.1346153846	0.6814102185	0.0068141022
12.1538461538	0.6834003966	0.0068340040
12.1730769231	0.6852956438	0.0068529564
12.1923076923	0.6870957699	0.0068709577
12.2115384615	0.6888005778	0.0068880058
12.2307692308	0.6904098637	0.0069040986
12.2500000000	0.6919234170	0.0069192342
12.2692307692	0.6933410209	0.0069334102
12.2884615385	0.6946624531	0.0069466245
12.3076923077	0.6958874861	0.0069588749
12.3269230769	0.6970158889	0.0069701589
12.3461538462	0.6980474274	0.0069804743
12.3653846154	0.6989818658	0.0069898187
12.3846153846	0.6998189685	0.0069981897
12.4038461538	0.7005585007	0.0070055850
12.4230769231	0.7012002310	0.0070120023
12.4423076923	0.7017439324	0.0070174393
12.4615384615	0.7021893844	0.0070218938
12.4807692308	0.7025363747	0.0070253637
12.5000000000	0.7027847013	0.0070278470
12.5192307692	0.7029341742	0.0070293417
12.5384615385	0.7029846173	0.0070298462
12.5576923077	0.7029358705	0.0070293587
12.5769230769	0.7027877911	0.0070278779
12.5961538462	0.7025402561	0.0070254026
12.6153846154	0.7021931634	0.0070219316
12.6346153846	0.7017464335	0.0070174643
12.6538461538	0.7012000114	0.0070120001
12.6730769231	0.7005538670	0.0070055387
12.6923076923	0.6998079971	0.0069980800
12.7115384615	0.6989624259	0.0069896243
12.7307692308	0.6980172062	0.0069801721
12.7500000000	0.6969724195	0.0069697242
12.7692307692	0.6958281767	0.0069582818
12.7884615385	0.6945846184	0.0069458462
12.8076923077	0.6932419147	0.0069324191
12.8269230769	0.6918002649	0.0069180026
12.8461538462	0.6902598974	0.0069025990
12.8653846154	0.6886210684	0.0068862107
12.8846153846	0.6868840620	0.0068688406
12.9038461538	0.6850491880	0.0068504919
12.9230769231	0.6831167816	0.0068311678
12.9423076923	0.6810872012	0.0068108720
12.9615384615	0.6789608273	0.0067896083
12.9807692308	0.6767380606	0.0067673806
13.0000000000	0.6744193198	0.0067441932
13.0192307692	0.6720050399	0.0067200504
13.0384615385	0.6694956701	0.0066949567
13.0576923077	0.6668916711	0.0066689167
13.0769230769	0.6641935136	0.0066419351
13.0961538462	0.6614016753	0.0066140168
13.1153846154	0.6585166391	0.0065851664
13.1346153846	0.6555388905	0.0065553889
13.1538461538	0.6524689156	0.0065246892
13.1730769231	0.6493071988	0.0064930720
13.1923076923	0.6460542209	0.0064605422
13.2115384615	0.6427104569	0.0064271046
13.2307692308	0.6392763742	0.0063927637
13.2500000000	0.6357524314	0.0063575243
13.2692307692	0.6321390762	0.0063213908
13.2884615385	0.6284367445	0.0062843674
13.3076923077	0.6246458594	0.0062464586
13.3269230769	0.6207668301	0.0062076683
13.3461538462	0.6168000516	0.0061680005
13.3653846154	0.6127459043	0.0061274590
13.3846153846	0.6086047537	0.0060860475
13.4038461538	0.6043769513	0.0060437695
13.4230769231	0.6000628344	0.0060006283
13.4423076923	0.5956627270	0.0059566273
13.4615384615	0.5911769414	0.0059117694
13.4807692308	0.5866057787	0.0058660578
13.5000000000	0.5819495310	0.0058194953
13.5192307692	0.5772084830	0.0057720848
13.5384615385	0.5723829141	0.0057238291
13.5576923077	0.5674731005	0.0056747310
13.5769230769	0.5624793181	0.0056247932
13.5961538462	0.5574018448	0.0055740184
13.6153846154	0.5522409634	0.0055224096
13.6346153846	0.5469969647	0.0054699696
13.6538461538	0.5416701505	0.0054167015
13.6730769231	0.5362608369	0.0053626084
13.6923076923	0.5307693573	0.0053076936
13.7115384615	0.5251960657	0.0052519607
13.7307692308	0.5195413401	0.0051954134
13.7500000000	0.5138055857	0.0051380559
13.7692307692	0.5079892380	0.0050798924
13.7884615385	0.5020927656	0.0050209277
13.8076923077	0.4961166738	0.0049611667
13.8269230769	0.4900615066	0.0049006151
13.8461538462	0.4839278500	0.0048392785
13.8653846154	0.4777163340	0.0047771633
13.8846153846	0.4714276349	0.0047142763
13.9038461538	0.4650624773	0.0046506248
13.9230769231	0.4586216355	0.0045862164
13.9423076923	0.4521059352	0.0045210594
13.9615384615	0.4455162544	0.0044551625
13.9807692308	0.4388535240	0.0043885352
14.0000000000	0.4321187286	0.0043211873
14.0192307692	0.4253129060	0.0042531291
14.0384615385	0.4184371473	0.0041843715
14.0576923077	0.4114925963	0.0041149260
14.0769230769	0.4044804484	0.0040448045
14.0961538462	0.3974019491	0.0039740195
14.1153846154	0.3902583927	0.0039025839
14.1346153846	0.3830511201	0.0038305112
14.1538461538	0.3757815166	0.0037578152
14.1730769231	0.3684510094	0.0036845101
14.1923076923	0.3610610644	0.0036106106
14.2115384615	0.3536131836	0.0035361318
14.2307692308	0.3461089013	0.0034610890
14.2500000000	0.3385497808	0.0033854978
14.2692307692	0.3309374107	0.0033093741
14.2884615385	0.3232734008	0.0032327340
14.3076923077	0.3155593783	0.0031555938
14.3269230769	0.3077969839	0.0030779698
14.3461538462	0.2999878672	0.0029998787
14.3653846154	0.2921336829	0.0029213368
14.3846153846	0.2842360867	0.0028423609
14.4038461538	0.2762967310	0.0027629673
14.4230769231	0.2683172611	0.0026831726
14.4423076923	0.2602993112	0.0026029931
14.4615384615	0.2522445008	0.0025224450
14.4807692308	0.2441544309	0.0024415443
14.5000000000	0.2360306809	0.0023603068
14.5192307692	0.2278748055	0.0022787481
14.5384615385	0.2196883316	0.0021968833
14.5576923077	0.2114727559	0.0021147276
14.5769230769	0.2032295426	0.0020322954
14.5961538462	0.1949601217	0.0019496012
14.6153846154	0.1866658867	0.0018666589
14.6346153846	0.1783481942	0.0017834819
14.6538461538	0.1700083625	0.0017000836
14.6730769231	0.1616476710	0.0016164767
14.6923076923	0.1532673605	0.0015326736
14.7115384615	0.1448686330	0.0014486863
14.7307692308	0.1364526522	0.0013645265
14.7500000000	0.1280205450	0.0012802054
14.7692307692	0.1195734020	0.0011957340
14.7884615385	0.1111122798	0.0011111228
14.8076923077	0.1026382025	0.0010263820
14.8269230769	0.0941521642	0.0009415216
14.8461538462	0.0856551312	0.0008565513
14.8653846154	0.0771480453	0.0007714805
14.8846153846	0.0686318261	0.0006863183
14.9038461538	0.0601073750	0.0006010737
14.9230769231	0.0515755777	0.0005157558
14.9423076923	0.0430373087	0.0004303731
14.9615384615	0.0344934340	0.0003449343
14.9807692308	0.0259448155	0.0002594482
15.0000000000	0.0173923145	0.0001739231
15.0192307692	0.0088367953	0.0000883680
15.0384615385	0.0002791293	0.0000027913
15.0576923077	-0.0082798018	-0.0000827980
15.0769230769	-0.0168391020	-0.0001683910
15.0961538462	-0.0253978576	-0.0002539786
15.1153846154	-0.0339551342	-0.0003395513
15.1346153846	-0.0425099733	-0.0004250997
15.1538461538	-0.0510613895	-0.0005106139
15.1730769231	-0.0596083680	-0.0005960837
15.1923076923	-0.0681498621	-0.0006814986
15.2115384615	-0.0766847909	-0.0007668479
15.2307692308	-0.0852120380	-0.0008521204
15.2500000000	-0.0937304498	-0.0009373045
15.2692307692	-0.1022388343	-0.0010223883
15.2884615385	-0.1107359606	-0.0011073596
15.3076923077	-0.1192205583	-0.0011922056
15.3269230769	-0.1276913176	-0.0012769132
15.3461538462	-0.1361468896	-0.0013614689
15.3653846154	-0.1445858870	-0.0014458589
15.3846153846	-0.1530068854	-0.0015300689
15.4038461538	-0.1614084242	-0.0016140842
15.4230769231	-0.1697890090	-0.0016978901
15.4423076923	-0.1781471132	-0.0017814711
15.4615384615	-0.1864811806	-0.0018648118
15.4807692308	-0.1947896281	-0.0019478963
15.5000000000	-0.2030708486	-0.0020307085
15.5192307692	-0.2113232144	-0.0021132321
15.5384615385	-0.2195450803	-0.0021954508
15.5576923077	-0.2277347874	-0.0022773479
15.5769230769	-0.2358906669	-0.0023589067
15.5961538462	-0.2440110439	-0.0024401104
15.6153846154	-0.2520942414	-0.0025209424
15.6346153846	-0.2601385846	-0.0026013858
15.6538461538	-0.2681424044	-0.0026814240
15.6730769231	-0.2761040422	-0.0027610404
15.6923076923	-0.2840218533	-0.0028402185
15.7115384615	-0.2918942113	-0.0029189421
15.7307692308	-0.2997195116	-0.0029971951
15.7500000000	-0.3074961756	-0.0030749618
15.7692307692	-0.3152226536	-0.0031522265
15.7884615385	-0.3228974288	-0.0032289743
15.8076923077	-0.3305190199	-0.0033051902
15.8269230769	-0.3380859843	-0.0033808598
15.8461538462	-0.3455969207	-0.0034559692
15.8653846154	-0.3530504710	-0.0035305047
15.8846153846	-0.3604453228	-0.0036044532
15.9038461538	-0.3677802111	-0.0036778021
15.9230769231	-0.3750539189	-0.0037505392
15.9423076923	-0.3822652793	-0.0038226528
15.9615384615	-0.3894131750	-0.0038941317
15.9807692308	-0.3964965394	-0.0039649654
16.0000000000	-0.4035143562	-0.0040351436
16.0192307692	-0.4104656591	-0.0041046566
16.0384615385	-0.4173495307	-0.0041734953
16.0576923077	-0.4241651020	-0.0042416510
16.0769230769	-0.4309115501	-0.0043091155
16.0961538462	-0.4375880976	-0.0043758810
16.1153846154	-0.4441940094	-0.0044419401
16.1346153846	-0.4507285911	-0.0045072859
16.1538461538	-0.4571911866	-0.0045719119
16.1730769231	-0.4635811746	-0.0046358117
16.1923076923	-0.4698979665	-0.0046989797
16.2115384615	-0.4761410026	-0.0047614100
16.2307692308	-0.4823097492	-0.0048230975
16.2500000000	-0.4884036954	-0.0048840370
16.2692307692	-0.4944223492	-0.0049442235
16.2884615385	-0.5003652347	-0.0050036523
16.3076923077	-0.5062318878	-0.0050623189
16.3269230769	-0.5120218537	-0.0051202185
16.3461538462	-0.5177346828	-0.0051773468
16.3653846154	-0.5233699281	-0.0052336993
16.3846153846	-0.5289271413	-0.0052892714
16.4038461538	-0.5344058705	-0.0053440587
16.4230769231	-0.5398056572	-0.0053980566
16.4423076923	-0.5451260335	-0.0054512603
16.4615384615	-0.5503665201	-0.0055036652
16.4807692308	-0.5555266240	-0.0055552662
16.5000000000	-0.5606058368	-0.0056060584
16.5192307692	-0.5656036332	-0.0056560363
16.5384615385	-0.5705194699	-0.0057051947
16.5576923077	-0.5753527847	-0.0057535278
16.5769230769	-0.5801029958	-0.0058010300
16.5961538462	-0.5847695019	-0.0058476950
16.6153846154	-0.5893516823	-0.0058935168
16.6346153846	-0.5938488973	-0.0059384890
16.6538461538	-0.5982604892	-0.0059826049
16.6730769231	-0.6025857834	-0.0060258578
16.6923076923	-0.6068240900	-0.0060682409
16.7115384615	-0.6109747054	-0.0061097471
16.7307692308	-0.6150369148	-0.0061503691
16.7500000000	-0.6190099941	-0.0061900999
16.7692307692	-0.6228932131	-0.0062289321
16.7884615385	-0.6266858379	-0.0062668584
16.8076923077	-0.6303871340	-0.0063038713
16.8269230769	-0.6339963701	-0.0063399637
16.8461538462	-0.6375128206	-0.0063751282
16.8653846154	-0.6409357699	-0.0064093577
16.8846153846	-0.6442645155	-0.0064426452
16.9038461538	-0.6474983719	-0.0064749837
16.9230769231	-0.6506366740	-0.0065063667
16.9423076923	-0.6536787809	-0.0065367878
16.9615384615	-0.6566240793	-0.0065662408
16.9807692308	-0.6594719871	-0.0065947199
17.0000000000	-0.6622219567	-0.0066222196
17.0192307692	-0.6648734781	-0.0066487348
17.0384615385	-0.6674260819	-0.0066742608
17.0576923077	-0.6698793423	-0.0066987934
17.0769230769	-0.6722328790	-0.0067223288
17.0961538462	-0.6744863603	-0.0067448636
17.1153846154	-0.6766395042	-0.0067663950
17.1346153846	-0.6786920807	-0.0067869208
17.1538461538	-0.6806439126	-0.0068064391
17.1730769231	-0.6824948766	-0.0068249488
17.1923076923	-0.6842449038	-0.0068424490
17.2115384615	-0.6858939802	-0.0068589398
17.2307692308	-0.6874421460	-0.0068744215
17.2500000000	-0.6888894951	-0.0068888950
17.2692307692	-0.6902361744	-0.0069023617
17.2884615385	-0.6914823825	-0.0069148238
17.3076923077	-0.6926283673	-0.0069262837
17.3269230769	-0.6936744246	-0.0069367442
17.3461538462	-0.6946208955	-0.0069462090
17.3653846154	-0.6954681632	-0.0069546816
17.3846153846	-0.6962166506	-0.0069621665
17.4038461538	-0.6968668163	-0.0069686682
17.4230769231	-0.6974191514	-0.0069741915
17.4423076923	-0.6978741750	-0.0069787418
17.4615384615	-0.6982324312	-0.0069823243
17.4807692308	-0.6984944835	-0.0069849448
17.5000000000	-0.6986609116	-0.0069866091
17.5192307692	-0.6987323062	-0.0069873231
17.5384615385	-0.6987092646	-0.0069870926
17.5576923077	-0.6985923861	-0.0069859239
17.5769230769	-0.6983822676	-0.0069838227
17.5961538462	-0.6980794987	-0.0069807950
17.6153846154	-0.6976846576	-0.0069768466
17.6346153846	-0.6971983066	-0.0069719831
17.6538461538	-0.6966209879	-0.0069662099
17.6730769231	-0.6959532196	-0.0069595322
17.6923076923	-0.6951954920	-0.0069519549
17.7115384615	-0.6943482642	-0.0069434826
17.7307692308	-0.6934119607	-0.0069341196
17.7500000000	-0.6923869683	-0.0069238697
17.7692307692	-0.6912736342	-0.0069127363
17.7884615385	-0.6900722632	-0.0069007226
17.8076923077	-0.6887831159	-0.0068878312
17.8269230769	-0.6874064076	-0.0068740641
17.8461538462	-0.6859423072	-0.0068594231
17.8653846154	-0.6843909362	-0.0068439094
17.8846153846	-0.6827523692	-0.0068275237
17.9038461538	-0.6810266336	-0.0068102663
17.9230769231	-0.6792137105	-0.0067921371
17.9423076923	-0.6773135356	-0.0067731354
17.9615384615	-0.6753260011	-0.0067532600
17.9807692308	-0.6732509574	-0.0067325096
18.0000000000	-0.6710882153	-0.0067108822
18.0192307692	-0.6688375488	-0.0066883755
18.0384615385	-0.6664986981	-0.0066649870
18.0576923077	-0.6640713731	-0.0066407137
18.0769230769	-0.6615552567	-0.0066155526
18.0961538462	-0.6589500090	-0.0065895001
18.1153846154	-0.6562552715	-0.0065625527
18.1346153846	-0.6534706713	-0.0065347067
18.1538461538	-0.6505958258	-0.0065059583
18.1730769231	-0.6476303471	-0.0064763035
18.1923076923	-0.6445738474	-0.0064457385
18.2115384615	-0.6414259431	-0.0064142594
18.2307692308	-0.6381862601	-0.0063818626
18.2500000000	-0.6348544389	-0.0063485444
18.2692307692	-0.6314301387	-0.0063143014
18.2884615385	-0.6279130430	-0.0062791304
18.3076923077	-0.6243028635	-0.0062430286
18.3269230769	-0.6205993452	-0.0062059935
18.3461538462	-0.6168022700	-0.0061680227
18.3653846154	-0.6129114616	-0.0061291146
18.3846153846	-0.6089267883	-0.0060892679
18.4038461538	-0.6048481677	-0.0060484817
18.4230769231	-0.6006755689	-0.0060067557
18.4423076923	-0.5964090160	-0.0059640902
18.4615384615	-0.5920485907	-0.0059204859
18.4807692308	-0.5875944342	-0.0058759443
18.5000000000	-0.5830467493	-0.0058304675
18.5192307692	-0.5784058020	-0.0057840580
18.5384615385	-0.5736719221	-0.0057367192
18.5576923077	-0.5688455045	-0.0056884550
18.5769230769	-0.5639270089	-0.0056392701
18.5961538462	-0.5589169604	-0.0055891696
18.6153846154	-0.5538159485	-0.0055381595
18.6346153846	-0.5486246264	-0.0054862463
18.6538461538	-0.5433437099	-0.0054334371
18.6730769231	-0.5379739758	-0.0053797398
18.6923076923	-0.5325162600	-0.0053251626
18.7115384615	-0.5269714555	-0.0052697146
18.7307692308	-0.5213405097	-0.0052134051
18.7500000000	-0.5156244216	-0.0051562442
18.7692307692	-0.5098242391	-0.0050982424
18.7884615385	-0.5039410559	-0.0050394106
18.8076923077	-0.4979760077	-0.0049797601
18.8269230769	-0.4919302691	-0.0049193027
18.8461538462	-0.4858050498	-0.0048580505
18.8653846154	-0.4796015908	-0.0047960159
18.8846153846	-0.4733211610	-0.0047332116
18.9038461538	-0.4669650531	-0.0046696505
18.9230769231	-0.4605345798	-0.0046053458
18.9423076923	-0.4540310704	-0.0045403107
18.9615384615	-0.4474558666	-0.0044745587
18.9807692308	-0.4408103194	-0.0044081032
19.0000000000	-0.4340957857	-0.0043409579
19.0192307692	-0.4273136244	-0.0042731362
19.0384615385	-0.4204651938	-0.0042046519
19.0576923077	-0.4135518488	-0.0041355185
19.0769230769	-0.4065749377	-0.0040657494
19.0961538462	-0.3995358001	-0.0039953580
19.1153846154	-0.3924357646	-0.0039243576
19.1346153846	-0.3852761466	-0.0038527615
19.1538461538	-0.3780582472	-0.0037805825
19.1730769231	-0.3707833513	-0.0037078335
19.1923076923	-0.3634527265	-0.0036345273
19.2115384615	-0.3560676227	-0.0035606762
19.2307692308	-0.3486292712	-0.0034862927
19.2500000000	-0.3411388844	-0.0034113888
19.2692307692	-0.3335976562	-0.0033359766
19.2884615385	-0.3260067621	-0.0032600676
19.3076923077	-0.3183673596	-0.0031836736
19.3269230769	-0.3106805893	-0.0031068059
19.3461538462	-0.3029475760	-0.0030294758
19.3653846154	-0.2951694295	-0.0029516943
19.3846153846	-0.2873472467	-0.0028734725
19.4038461538	-0.2794821129	-0.0027948211
19.4230769231	-0.2715751035	-0.0027157510
19.4423076923	-0.2636272863	-0.0026362729
19.4615384615	-0.2556397233	-0.0025563972
19.4807692308	-0.2476134730	-0.0024761347
19.5000000000	-0.2395495925	-0.0023954959
19.5192307692	-0.2314491400	-0.0023144914
19.5384615385	-0.2233131767	-0.0022331318
19.5576923077	-0.2151427694	-0.0021514277
19.5769230769	-0.2069389926	-0.0020693899
19.5961538462	-0.1987029307	-0.0019870293
19.6153846154	-0.1904356804	-0.0019043568
19.6346153846	-0.1821383520	-0.0018213835
19.6538461538	-0.1738120720	-0.0017381207
19.6730769231	-0.1654579847	-0.0016545798
19.6923076923	-0.1570772537	-0.0015707725
19.7115384615	-0.1486710633	-0.0014867106
19.7307692308	-0.1402406197	-0.0014024062
19.7500000000	-0.1317871526	-0.0013178715
19.7692307692	-0.1233119155	-0.0012331192
19.7884615385	-0.1148161864	-0.0011481619
19.8076923077	-0.1063012687	-0.0010630127
19.8269230769	-0.0977684909	-0.0009776849
19.8461538462	-0.0892192069	-0.0008921921
19.8653846154	-0.0806547959	-0.0008065480
19.8846153846	-0.0720766615	-0.0007207666
19.9038461538	-0.0634862316	-0.0006348623
19.9230769231	-0.0548849573	-0.0005488496
19.9423076923	-0.0462743118	-0.0004627431
19.9615384615	-0.0376557893	-0.0003765579
19.9807692308	-0.0290309036	-0.0002903090
20.0000000000	-0.0204011866	-0.0002040119
20.0192307692	-0.0117681863	-0.0001176819
20.0384615385	-0.0031334652	-0.0000313347
20.0576923077	0.0055014016	0.0000550140
20.0769230769	0.0141348286	0.0001413483
20.0961538462	0.0227652221	0.0002276522
20.1153846154	0.0313909822	0.0003139098
20.1346153846	0.0400105052	0.0004001051
20.1538461538	0.0486221858	0.0004862219
20.1730769231	0.0572244195	0.0005722442
20.1923076923	0.0658156048	0.0006581560
20.2115384615	0.0743941452	0.0007439415
20.2307692308	0.0829584521	0.0008295845
20.2500000000	0.0915069461	0.0009150695
20.2692307692	0.1000380596	0.0010003806
20.2884615385	0.1085502388	0.0010855024
20.3076923077	0.1170419453	0.0011704195
20.3269230769	0.1255116581	0.0012551166
20.3461538462	0.1339578751	0.0013395788
20.3653846154	0.1423791147	0.0014237911
20.3846153846	0.1507739171	0.0015077392
20.4038461538	0.1591408456	0.0015914085
20.4230769231	0.1674784877	0.0016747849
20.4423076923	0.1757854558	0.0017578546
20.4615384615	0.1840603881	0.0018406039
20.4807692308	0.1923019495	0.0019230195
20.5000000000	0.2005088313	0.0020050883
20.5192307692	0.2086797522	0.0020867975
20.5384615385	0.2168134581	0.0021681346
20.5576923077	0.2249087221	0.0022490872
20.5769230769	0.2329643444	0.0023296434
20.5961538462	0.2409791521	0.0024097915
20.6153846154	0.2489519985	0.0024895200
20.6346153846	0.2568817629	0.0025688176
20.6538461538	0.2647673499	0.0026476735
20.6730769231	0.2726076886	0.0027260769
20.6923076923	0.2804017317	0.0028040173
20.7115384615	0.2881484549	0.0028814845
20.7307692308	0.2958468556	0.0029584686
20.7500000000	0.3034959524	0.0030349595
20.7692307692	0.3110947835	0.0031109478
20.7884615385	0.3186424062	0.0031864241
20.8076923077	0.3261378955	0.0032613790
20.8269230769	0.3335803430	0.0033358034
20.8461538462	0.3409688561	0.0034096886
20.8653846154	0.3483025569	0.0034830256
20.8846153846	0.3555805809	0.0035558058
20.9038461538	0.3628020764	0.0036280208
20.9230769231	0.3699662035	0.0036996620
20.9423076923	0.3770721329	0.0037707213
20.9615384615	0.3841190457	0.0038411905
20.9807692308	0.3911061318	0.0039110613
21.0000000000	0.3980325902	0.0039803259
21.0192307692	0.4048976275	0.0040489763
21.0384615385	0.4117004579	0.0041170046
21.0576923077	0.4184403026	0.0041844030
21.0769230769	0.4251163893	0.0042511639
21.0961538462	0.4317279520	0.0043172795
21.1153846154	0.4382742308	0.0043827423
21.1346153846	0.4447544715	0.0044475447
21.1538461538	0.4511679260	0.0045116793
21.1730769231	0.4575138516	0.0045751385
21.1923076923	0.4637915115	0.0046379151
21.2115384615	0.4700001750	0.0047000017
21.2307692308	0.4761391170	0.0047613912
21.2500000000	0.4822076190	0.0048220762
21.2692307692	0.4882049688	0.0048820497
21.2884615385	0.4941304610	0.0049413046
21.3076923077	0.4999833972	0.0049998340
21.3269230769	0.5057630865	0.0050576309
21.3461538462	0.5114688455	0.0051146885
21.3653846154	0.5170999992	0.0051710000
21.3846153846	0.5226558809	0.0052265588
21.4038461538	0.5281358328	0.0052813583
21.4230769231	0.5335392063	0.0053353921
21.4423076923	0.5388653625	0.0053886536
21.4615384615	0.5441136723	0.0054411367
21.4807692308	0.5492835172	0.0054928352
21.5000000000	0.5543742890	0.0055437429
21.5192307692	0.5593853905	0.0055938539
21.5384615385	0.5643162358	0.0056431624
21.5576923077	0.5691662505	0.0056916625
21.5769230769	0.5739348717	0.0057393487
21.5961538462	0.5786215484	0.0057862155
21.6153846154	0.5832257417	0.0058322574
21.6346153846	0.5877469249	0.0058774692
21.6538461538	0.5921845836	0.0059218458
21.6730769231	0.5965382156	0.0059653822
21.6923076923	0.6008073313	0.0060080733
21.7115384615	0.6049914536	0.0060499145
21.7307692308	0.6090901177	0.0060909012
21.7500000000	0.6131028714	0.0061310287
21.7692307692	0.6170292750	0.0061702928
21.7884615385	0.6208689011	0.0062086890
21.8076923077	0.6246213347	0.0062462133
21.8269230769	0.6282861731	0.0062828617
21.8461538462	0.6318630259	0.0063186303
21.8653846154	0.6353515147	0.0063535151
21.8846153846	0.6387512733	0.0063875127
21.9038461538	0.6420619475	0.0064206195
21.9230769231	0.6452831950	0.0064528319
21.9423076923	0.6484146852	0.0064841469
21.9615384615	0.6514560994	0.0065145610
21.9807692308	0.6544071305	0.0065440713
22.0000000000	0.6572674831	0.0065726748
22.0192307692	0.6600368731	0.0066003687
22.0384615385	0.6627150280	0.0066271503
22.0576923077	0.6653016866	0.0066530169
22.0769230769	0.6677965991	0.0066779660
22.0961538462	0.6701995267	0.0067019953
22.1153846154	0.6725102421	0.0067251024
22.1346153846	0.6747285285	0.0067472853
22.1538461538	0.6768541806	0.0067685418
22.1730769231	0.6788870035	0.0067888700
22.1923076923	0.6808268133	0.0068082681
22.2115384615	0.6826734366	0.0068267344
22.2307692308	0.6844267102	0.0068442671
22.2500000000	0.6860864814	0.0068608648
22.2692307692	0.6876526075	0.0068765261
22.2884615385	0.6891249553	0.0068912496
22.3076923077	0.6905034014	0.0069050340
22.3269230769	0.6917878315	0.0069178783
22.3461538462	0.6929781401	0.0069297814
22.3653846154	0.6940742305	0.0069407423
22.3846153846	0.6950760139	0.0069507601
22.4038461538	0.6959834091	0.0069598341
22.4230769231	0.6967963425	0.0069679634
22.4423076923	0.6975147467	0.0069751475
22.4615384615	0.6981385610	0.0069813856
22.4807692308	0.6986677300	0.0069866773
22.5000000000	0.6991022036	0.0069910220
22.5192307692	0.6994419358	0.0069944194
22.5384615385	0.6996868847	0.0069968688
22.5576923077	0.6998370115	0.0069983701
22.5769230769	0.6998922799	0.0069989228
22.5961538462	0.6998526556	0.0069985266
22.6153846154	0.6997181053	0.0069971811
22.6346153846	0.6994885966	0.0069948860
22.6538461538	0.6991640968	0.0069916410
22.6730769231	0.6987445729	0.0069874457
22.6923076923	0.6982299906	0.0069822999
22.7115384615	0.6976203142	0.0069762031
22.7307692308	0.6969155055	0.0069691551
22.7500000000	0.6961155243	0.0069611552
22.7692307692	0.6952203273	0.0069522033
22.7884615385	0.6942298683	0.0069422987
22.8076923077	0.6931440980	0.0069314410
22.8269230769	0.6919629635	0.0069196296
22.8461538462	0.6906864090	0.0069068641
22.8653846154	0.6893143754	0.0068931438
22.8846153846	0.6878468008	0.0068784680
22.9038461538	0.6862836208	0.0068628362
22.9230769231	0.6846247689	0.0068462477
22.9423076923	0.6828701770	0.0068287018
22.9615384615	0.6810197765	0.0068101978
22.9807692308	0.6790734986	0.0067907350
23.0000000000	0.6770312756	0.0067703128
23.0192307692	0.6748930418	0.0067489304
23.0384615385	0.6726587349	0.0067265873
23.0576923077	0.6703282970	0.0067032830
23.0769230769	0.6679016760	0.0066790168
23.0961538462	0.6653788274	0.0066537883
23.1153846154	0.6627597155	0.0066275972
23.1346153846	0.6600443154	0.0066004432
23.1538461538	0.6572326144	0.0065723261
23.1730769231	0.6543246139	0.0065432461
23.1923076923	0.6513203316	0.0065132033
23.2115384615	0.6482198027	0.0064821980
23.2307692308	0.6450230822	0.0064502308
23.2500000000	0.6417302468	0.0064173025
23.2692307692	0.6383413966	0.0063834140
23.2884615385	0.6348566571	0.0063485666
23.3076923077	0.6312761811	0.0063127618
23.3269230769	0.6276001501	0.0062760015
23.3461538462	0.6238287763	0.0062382878
23.3653846154	0.6199623041	0.0061996230
23.3846153846	0.6160010118	0.0061600101
23.4038461538	0.6119452125	0.0061194521
23.4230769231	0.6077952558	0.0060779526
23.4423076923	0.6035515289	0.0060355153
23.4615384615	0.5992144572	0.0059921446
23.4807692308	0.5947845054	0.0059478451
23.5000000000	0.5902621780	0.0059026218
23.5192307692	0.5856480197	0.0058564802
23.5384615385	0.5809426158	0.0058094262
23.5576923077	0.5761465919	0.0057614659
23.5769230769	0.5712606141	0.0057126061
23.5961538462	0.5662853884	0.0056628539
23.6153846154	0.5612216603	0.0056122166
23.6346153846	0.5560702138	0.0055607021
23.6538461538	0.5508318706	0.0055083187
23.6730769231	0.5455074888	0.0054550749
23.6923076923	0.5400979618	0.0054009796
23.7115384615	0.5346042161	0.0053460422
23.7307692308	0.5290272106	0.0052902721
23.7500000000	0.5233679339	0.0052336793
23.7692307692	0.5176274023	0.0051762740
23.7884615385	0.5118066584	0.0051180666
23.8076923077	0.5059067678	0.0050590677
23.8269230769	0.4999288176	0.0049992882
23.8461538462	0.4938739135	0.0049387391
23.8653846154	0.4877431772	0.0048774318
23.8846153846	0.4815377443	0.0048153774
23.9038461538	0.4752587612	0.0047525876
23.9230769231	0.4689073829	0.0046890738
23.9423076923	0.4624847703	0.0046248477
23.9615384615	0.4559920876	0.0045599209
23.9807692308	0.4494305001	0.0044943050
24.0000000000	0.4428011715	0.0044280117
24.0192307692	0.4361052620	0.0043610526
24.0384615385	0.4293439257	0.0042934393
24.0576923077	0.4225183090	0.0042251831
24.0769230769	0.4156295487	0.0041562955
24.0961538462	0.4086787700	0.0040867877
24.1153846154	0.4016670856	0.0040166709
24.1346153846	0.3945955938	0.0039459559
24.1538461538	0.3874653778	0.0038746538
24.1730769231	0.3802775048	0.0038027750
24.1923076923	0.3730330255	0.0037303303
24.2115384615	0.3657329736	0.0036573297
24.2307692308	0.3583783654	0.0035837837
24.2500000000	0.3509702007	0.0035097020
24.2692307692	0.3435094624	0.0034350946
24.2884615385	0.3359971174	0.0033599712
24.3076923077	0.3284341175	0.0032843412
24.3269230769	0.3208214005	0.0032082140
24.3461538462	0.3131598914	0.0031315989
24.3653846154	0.3054505036	0.0030545050
24.3846153846	0.2976941415	0.0029769414
24.4038461538	0.2898917013	0.0028989170
24.4230769231	0.2820440738	0.0028204407
24.4423076923	0.2741521464	0.0027415215
24.4615384615	0.2662168054	0.0026621681
24.4807692308	0.2582389382	0.0025823894
24.5000000000	0.2502194363	0.0025021944
24.5192307692	0.2421591977	0.0024215920
24.5384615385	0.2340591293	0.0023405913
24.5576923077	0.2259201499	0.0022592015
24.5769230769	0.2177431926	0.0021774319
24.5961538462	0.2095292075	0.0020952921
24.6153846154	0.2012791643	0.0020127916
24.6346153846	0.1929940546	0.0019299405
24.6538461538	0.1846748946	0.0018467489
24.6730769231	0.1763227271	0.0017632273
24.6923076923	0.1679386235	0.0016793862
24.7115384615	0.1595236861	0.0015952369
24.7307692308	0.1510790496	0.0015107905
24.7500000000	0.1426058826	0.0014260588
24.7692307692	0.1341053893	0.0013410539
24.7884615385	0.1255788101	0.0012557881
24.8076923077	0.1170274228	0.0011702742
24.8269230769	0.1084525431	0.0010845254
24.8461538462	0.0998555251	0.0009985553
24.8653846154	0.0912377609	0.0009123776
24.8846153846	0.0826006810	0.0008260068
24.9038461538	0.0739457535	0.0007394575
24.9230769231	0.0652744835	0.0006527448
24.9423076923	0.0565884119	0.0005658841
24.9615384615	0.0478891145	0.0004788911
24.9807692308	0.0391781999	0.0003917820
25.0000000000	0.0304573086	0.0003045731
25.0192307692	0.0217281100	0.0002172811
25.0384615385	0.0129923013	0.0001299230
25.0576923077	0.0042516040	0.0000425160
25.0769230769	-0.0044922378	-0.0000449224
25.0961538462	-0.0132374605	-0.0001323746
25.1153846154	-0.0219822839	-0.0002198228
25.1346153846	-0.0307249141	-0.0003072491
25.1538461538	-0.0394635466	-0.0003946355
25.1730769231	-0.0481963693	-0.0004819637
25.1923076923	-0.0569215663	-0.0005692157
25.2115384615	-0.0656373201	-0.0006563732
25.2307692308	-0.0743418157	-0.0007434182
25.2500000000	-0.0830332435	-0.0008303324
25.2692307692	-0.0917098023	-0.0009170980
25.2884615385	-0.1003697025	-0.0010036970
25.3076923077	-0.1090111688	-0.0010901117
25.3269230769	-0.1176324435	-0.0011763244
25.3461538462	-0.1262317888	-0.0012623179
25.3653846154	-0.1348074895	-0.0013480749
25.3846153846	-0.1433578551	-0.0014335786
25.4038461538	-0.1518812224	-0.0015188122
25.4230769231	-0.1603759568	-0.0016037596
25.4423076923	-0.1688404547	-0.0016884045
25.4615384615	-0.1772731443	-0.0017727314
25.4807692308	-0.1856724874	-0.0018567249
25.5000000000	-0.1940369800	-0.0019403698
25.5192307692	-0.2023651532	-0.0020236515
25.5384615385	-0.2106555735	-0.0021065557
25.5576923077	-0.2189068432	-0.0021890684
25.5769230769	-0.2271176002	-0.0022711760
25.5961538462	-0.2352865180	-0.0023528652
25.6153846154	-0.2434123048	-0.0024341230
25.6346153846	-0.2514937029	-0.0025149370
25.6538461538	-0.2595294880	-0.0025952949
25.6730769231	-0.2675184677	-0.0026751847
25.6923076923	-0.2754594802	-0.0027545948
25.7115384615	-0.2833513931	-0.0028335139
25.7307692308	-0.2911931012	-0.0029119310
25.7500000000	-0.2989835255	-0.0029898353
25.7692307692	-0.3067216104	-0.0030672161
25.7884615385	-0.3144063226	-0.0031440632
25.8076923077	-0.3220366484	-0.0032203665
25.8269230769	-0.3296115921	-0.0032961159
25.8461538462	-0.3371301738	-0.0033713017
25.8653846154	-0.3445914272	-0.0034459143
25.8846153846	-0.3519943978	-0.0035199440
25.9038461538	-0.3593381409	-0.0035933814
25.9230769231	-0.3666217197	-0.0036662172
25.9423076923	-0.3738442035	-0.0037384420
25.9615384615	-0.3810046663	-0.0038100467
25.9807692308	-0.3881021850	-0.0038810219
26.0000000000	-0.3951358386	-0.0039513584
26.0192307692	-0.4021047063	-0.0040210471
26.0384615385	-0.4090078675	-0.0040900787
26.0576923077	-0.4158444002	-0.0041584440
26.0769230769	-0.4226133812	-0.0042261338
26.0961538462	-0.4293138856	-0.0042931389
26.1153846154	-0.4359449866	-0.0043594499
26.1346153846	-0.4425057560	-0.0044250576
26.1538461538	-0.4489952644	-0.0044899526
26.1730769231	-0.4554125822	-0.0045541258
26.1923076923	-0.4617567802	-0.0046175678
26.2115384615	-0.4680269311	-0.0046802693
26.2307692308	-0.4742221104	-0.0047422211
26.2500000000	-0.4803413987	-0.0048034140
26.2692307692	-0.4863838829	-0.0048638388
26.2884615385	-0.4923486582	-0.0049234866
26.3076923077	-0.4982348308	-0.0049823483
26.3269230769	-0.5040415194	-0.0050404152
26.3461538462	-0.5097678581	-0.0050976786
26.3653846154	-0.5154129989	-0.0051541300
26.3846153846	-0.5209761142	-0.0052097611
26.4038461538	-0.5264563990	-0.0052645640
26.4230769231	-0.5318530744	-0.0053185307
26.4423076923	-0.5371653896	-0.0053716539
26.4615384615	-0.5423926248	-0.0054239262
26.4807692308	-0.5475340936	-0.0054753409
26.5000000000	-0.5525891455	-0.0055258915
26.5192307692	-0.5575571688	-0.0055755717
26.5384615385	-0.5624375919	-0.0056243759
26.5576923077	-0.5672298862	-0.0056722989
26.5769230769	-0.5719335676	-0.0057193357
26.5961538462	-0.5765481982	-0.0057654820
26.6153846154	-0.5810733880	-0.0058107339
26.6346153846	-0.5855087957	-0.0058550880
26.6538461538	-0.5898541302	-0.0058985413
26.6730769231	-0.5941091506	-0.0059410915
26.6923076923	-0.5982736671	-0.0059827367
26.7115384615	-0.6023475409	-0.0060234754
26.7307692308	-0.6063306837	-0.0060633068
26.7500000000	-0.6102230574	-0.0061022306
26.7692307692	-0.6140246731	-0.0061402467
26.7884615385	-0.6177355898	-0.0061773559
26.8076923077	-0.6213559128	-0.0062135591
26.8269230769	-0.6248857921	-0.0062488579
26.8461538462	-0.6283254198	-0.0062832542
26.8653846154	-0.6316750278	-0.0063167503
26.8846153846	-0.6349348852	-0.0063493489
26.9038461538	-0.6381052949	-0.0063810529
26.9230769231	-0.6411865904	-0.0064118659
26.9423076923	-0.6441791325	-0.0064417913
26.9615384615	-0.6470833052	-0.0064708331
26.9807692308	-0.6498995119	-0.0064989951
27.0000000000	-0.6526281715	-0.0065262817
27.0192307692	-0.6552697138	-0.0065526971
27.0384615385	-0.6578245753	-0.0065782458
27.0576923077	-0.6602931950	-0.0066029320
27.0769230769	-0.6626760099	-0.0066267601
27.0961538462	-0.6649734502	-0.0066497345
27.1153846154	-0.6671859353	-0.0066718594
27.1346153846	-0.6693138692	-0.0066931387
27.1538461538	-0.6713576364	-0.0067135764
27.1730769231	-0.6733175975	-0.0067331760
27.1923076923	-0.6751940856	-0.0067519409
27.2115384615	-0.6769874019	-0.0067698740
27.2307692308	-0.6786978126	-0.0067869781
27.2500000000	-0.6803255455	-0.0068032555
27.2692307692	-0.6818707865	-0.0068187079
27.2884615385	-0.6833336773	-0.0068333368
27.3076923077	-0.6847143125	-0.0068471431
27.3269230769	-0.6860127378	-0.0068601274
27.3461538462	-0.6872289478	-0.0068722895
27.3653846154	-0.6883628850	-0.0068836289
27.3846153846	-0.6894144385	-0.0068941444
27.4038461538	-0.6903834431	-0.0069038344
27.4230769231	-0.6912696796	-0.0069126968
27.4423076923	-0.6920728743	-0.0069207287
27.4615384615	-0.6927926999	-0.0069279270
27.4807692308	-0.6934287763	-0.0069342878
27.5000000000	-0.6939806718	-0.0069398067
27.5192307692	-0.6944479049	-0.0069444790
27.5384615385	-0.6948299465	-0.0069482995
27.5576923077	-0.6951262219	-0.0069512622
27.5769230769	-0.6953361137	-0.0069533611
27.5961538462	-0.6954589653	-0.0069545897
27.6153846154	-0.6954940835	-0.0069549408
27.6346153846	-0.6954407429	-0.0069544074
27.6538461538	-0.6952981892	-0.0069529819
27.6730769231	-0.6950656436	-0.0069506564
27.6923076923	-0.6947423073	-0.0069474231
27.7115384615	-0.6943273656	-0.0069432737
27.7307692308	-0.6938199928	-0.0069381999
27.7500000000	-0.6932193566	-0.0069321936
27.7692307692	-0.6925246234	-0.0069252462
27.7884615385	-0.6917349627	-0.0069173496
27.8076923077	-0.6908495521	-0.0069084955
27.8269230769	-0.6898675822	-0.0068986758
27.8461538462	-0.6887882610	-0.0068878826
27.8653846154	-0.6876108190	-0.0068761082
27.8846153846	-0.6863345135	-0.0068633451
27.9038461538	-0.6849586330	-0.0068495863
27.9230769231	-0.6834825012	-0.0068348250
27.9423076923	-0.6819054816	-0.0068190548
27.9615384615	-0.6802269807	-0.0068022698
27.9807692308	-0.6784464514	-0.0067844645
28.0000000000	-0.6765633971	-0.0067656340
28.0192307692	-0.6745773735	-0.0067457737
28.0384615385	-0.6724879921	-0.0067248799
28.0576923077	-0.6702949223	-0.0067029492
28.0769230769	-0.6679978929	-0.0066799789
28.0961538462	-0.6655966946	-0.0066559669
28.1153846154	-0.6630911805	-0.0066309118
28.1346153846	-0.6604812675	-0.0066048127
28.1538461538	-0.6577669367	-0.0065776694
28.1730769231	-0.6549482337	-0.0065494823
28.1923076923	-0.6520252685	-0.0065202527
28.2115384615	-0.6489982152	-0.0064899822
28.2307692308	-0.6458673109	-0.0064586731
28.2500000000	-0.6426328550	-0.0064263285
28.2692307692	-0.6392952076	-0.0063929521
28.2884615385	-0.6358547880	-0.0063585479
28.3076923077	-0.6323120727	-0.0063231207
28.3269230769	-0.6286675932	-0.0062866759
28.3461538462	-0.6249219338	-0.0062492193
28.3653846154	-0.6210757288	-0.0062107573
28.3846153846	-0.6171296599	-0.0061712966
28.4038461538	-0.6130844535	-0.0061308445
28.4230769231	-0.6089408771	-0.0060894088
28.4423076923	-0.6046997369	-0.0060469974
28.4615384615	-0.6003618742	-0.0060036187
28.4807692308	-0.5959281621	-0.0059592816
28.5000000000	-0.5913995026	-0.0059139950
28.5192307692	-0.5867768233	-0.0058677682
28.5384615385	-0.5820610740	-0.0058206107
28.5576923077	-0.5772532235	-0.0057725322
28.5769230769	-0.5723542572	-0.0057235426
28.5961538462	-0.5673651734	-0.0056736517
28.6153846154	-0.5622869809	-0.0056228698
28.6346153846	-0.5571206962	-0.0055712070
28.6538461538	-0.5518673413	-0.0055186734
28.6730769231	-0.5465279408	-0.0054652794
28.6923076923	-0.5411035204	-0.0054110352
28.7115384615	-0.5355951048	-0.0053559510
28.7307692308	-0.5300037156	-0.0053000372
28.7500000000	-0.5243303706	-0.0052433037
28.7692307692	-0.5185760821	-0.0051857608
28.7884615385	-0.5127418557	-0.0051274186
28.8076923077	-0.5068286902	-0.0050682869
28.8269230769	-0.5008375766	-0.0050083758
28.8461538462	-0.4947694980	-0.0049476950
28.8653846154	-0.4886254296	-0.0048862543
28.8846153846	-0.4824063386	-0.0048240634
28.9038461538	-0.4761131852	-0.0047611319
28.9230769231	-0.4697469226	-0.0046974692
28.9423076923	-0.4633084980	-0.0046330850
28.9615384615	-0.4567988538	-0.0045679885
28.9807692308	-0.4502189286	-0.0045021893
29.0000000000	-0.4435696583	-0.0044356966
29.0192307692	-0.4368519780	-0.0043685198
29.0384615385	-0.4300668229	-0.0043006682
29.0576923077	-0.4232151306	-0.0042321513
29.0769230769	-0.4162978426	-0.0041629784
29.0961538462	-0.4093159057	-0.0040931591
29.1153846154	-0.4022702743	-0.0040227027
29.1346153846	-0.3951619120	-0.0039516191
29.1538461538	-0.3879917935	-0.0038799179
29.1730769231	-0.3807609063	-0.0038076091
29.1923076923	-0.3734702525	-0.0037347025
29.2115384615	-0.3661208504	-0.0036612085
29.2307692308	-0.3587137363	-0.0035871374
29.2500000000	-0.3512499657	-0.0035124997
29.2692307692	-0.3437306150	-0.0034373062
29.2884615385	-0.3361567827	-0.0033615678
29.3076923077	-0.3285295904	-0.0032852959
29.3269230769	-0.3208501836	-0.0032085018
29.3461538462	-0.3131197330	-0.0031311973
29.3653846154	-0.3053394348	-0.0030533943
29.3846153846	-0.2975105111	-0.0029751051
29.4038461538	-0.2896342105	-0.0028963421
29.4230769231	-0.2817118078	-0.0028171181
29.4423076923	-0.2737446042	-0.0027374460
29.4615384615	-0.2657339267	-0.0026573393
29.4807692308	-0.2576811281	-0.0025768113
29.5000000000	-0.2495875857	-0.0024958759
29.5192307692	-0.2414547012	-0.0024145470
29.5384615385	-0.2332838991	-0.0023328390
29.5576923077	-0.2250766257	-0.0022507663
29.5769230769	-0.2168343480	-0.0021683435
29.5961538462	-0.2085585521	-0.0020855855
29.6153846154	-0.2002507414	-0.0020025074
29.6346153846	-0.1919124352	-0.0019191244
29.6538461538	-0.1835451669	-0.0018354517
29.6730769231	-0.1751504818	-0.0017515048
29.6923076923	-0.1667299356	-0.0016672994
29.7115384615	-0.1582850919	-0.0015828509
29.7307692308	-0.1498175207	-0.0014981752
29.7500000000	-0.1413287957	-0.0014132880
29.7692307692	-0.1328204929	-0.0013282049
29.7884615385	-0.1242941880	-0.0012429419
29.8076923077	-0.1157514547	-0.0011575145
29.8269230769	-0.1071938625	-0.0010719386
29.8461538462	-0.0986229753	-0.0009862298
29.8653846154	-0.0900403486	-0.0009004035
29.8846153846	-0.0814475289	-0.0008144753
29.9038461538	-0.0728460512	-0.0007284605
29.9230769231	-0.0642374378	-0.0006423744
29.9423076923	-0.0556231970	-0.0005562320
29.9615384615	-0.0470048216	-0.0004700482
29.9807692308	-0.0383837881	-0.0003838379
30.0000000000	-0.0297615553	-0.0002976156
30.0192307692	-0.0211395640	-0.0002113956
30.0384615385	-0.0125192361	-0.0001251924
30.0576923077	-0.0039019739	-0.0000390197
30.0769230769	0.0047108396	0.0000471084
30.0961538462	0.0133178416	0.0001331784
30.1153846154	0.0219176888	0.0002191769
30.1346153846	0.0305090576	0.0003050906
30.1538461538	0.0390906438	0.0003909064
30.1730769231	0.0476611618	0.0004766116
30.1923076923	0.0562193443	0.0005621934
30.2115384615	0.0647639416	0.0006476394
30.2307692308	0.0732937202	0.0007329372
30.2500000000	0.0818074624	0.0008180746
30.2692307692	0.0903039651	0.0009030397
30.2884615385	0.0987820383	0.0009878204
30.3076923077	0.1072405042	0.0010724050
30.3269230769	0.1156781957	0.0011567820
30.3461538462	0.1240939554	0.0012409396
30.3653846154	0.1324866335	0.0013248663
30.3846153846	0.1408550873	0.0014085509
30.4038461538	0.1491981792	0.0014919818
30.4230769231	0.1575147754	0.0015751478
30.4423076923	0.1658037449	0.0016580374
30.4615384615	0.1740639578	0.0017406396
30.4807692308	0.1822942843	0.0018229428
30.5000000000	0.1904935934	0.0019049359
30.5192307692	0.1986607518	0.0019866075
30.5384615385	0.2067946230	0.0020679462
30.5576923077	0.2148940665	0.0021489407
30.5769230769	0.2229579369	0.0022295794
30.5961538462	0.2309850830	0.0023098508
30.6153846154	0.2389743479	0.0023897435
30.6346153846	0.2469245681	0.0024692457
30.6538461538	0.2548345736	0.0025483457
30.6730769231	0.2627031874	0.0026270319
30.6923076923	0.2705292263	0.0027052923
30.7115384615	0.2783115003	0.0027831150
30.7307692308	0.2860488136	0.0028604881
30.7500000000	0.2937399649	0.0029373996
30.7692307692	0.3013837480	0.0030138375
30.7884615385	0.3089789529	0.0030897895
30.8076923077	0.3165243665	0.0031652437
30.8269230769	0.3240187739	0.0032401877
30.8461538462	0.3314609596	0.0033146096
30.8653846154	0.3388497086	0.0033884971
30.8846153846	0.3461838085	0.0034618381
30.9038461538	0.3534620505	0.0035346205
30.9230769231	0.3606832312	0.0036068323
30.9423076923	0.3678461547	0.0036784615
30.9615384615	0.3749496338	0.0037494963
30.9807692308	0.3819924924	0.0038199249
31.0000000000	0.3889735675	0.0038897357
31.0192307692	0.3958917105	0.0039589171
31.0384615385	0.4027457898	0.0040274579
31.0576923077	0.4095346926	0.0040953469
31.0769230769	0.4162573267	0.0041625733
31.0961538462	0.4229126228	0.0042291262
31.1153846154	0.4294995358	0.0042949954
31.1346153846	0.4360170475	0.0043601705
31.1538461538	0.4424641677	0.0044246417
31.1730769231	0.4488399362	0.0044883994
31.1923076923	0.4551434245	0.0045514342
31.2115384615	0.4613737372	0.0046137374
31.2307692308	0.4675300136	0.0046753001
31.2500000000	0.4736114289	0.0047361143
31.2692307692	0.4796171955	0.0047961720
31.2884615385	0.4855465641	0.0048554656
31.3076923077	0.4913988243	0.0049139882
31.3269230769	0.4971733059	0.0049717331
31.3461538462	0.5028693793	0.0050286938
31.3653846154	0.5084864558	0.0050848646
31.3846153846	0.5140239882	0.0051402399
31.4038461538	0.5194814708	0.0051948147
31.4230769231	0.5248584396	0.0052485844
31.4423076923	0.5301544718	0.0053015447
31.4615384615	0.5353691857	0.0053536919
31.4807692308	0.5405022402	0.0054050224
31.5000000000	0.5455533339	0.0054555333
31.5192307692	0.5505222046	0.0055052220
31.5384615385	0.5554086282	0.0055540863
31.5576923077	0.5602124175	0.0056021242
31.5769230769	0.5649334208	0.0056493342
31.5961538462	0.5695715208	0.0056957152
31.6153846154	0.5741266329	0.0057412663
31.6346153846	0.5785987031	0.0057859870
31.6538461538	0.5829877069	0.0058298771
31.6730769231	0.5872936469	0.0058729365
31.6923076923	0.5915165508	0.0059151655
31.7115384615	0.5956564693	0.0059565647
31.7307692308	0.5997134738	0.0059971347
31.7500000000	0.6036876545	0.0060368765
31.7692307692	0.6075791172	0.0060757912
31.7884615385	0.6113879816	0.0061138798
31.8076923077	0.6151143786	0.0061511438
31.8269230769	0.6187584476	0.0061875845
31.8461538462	0.6223203340	0.0062232033
31.8653846154	0.6258001867	0.0062580019
31.8846153846	0.6291981557	0.0062919816
31.9038461538	0.6325143889	0.0063251439
31.9230769231	0.6357490304	0.0063574903
31.9423076923	0.6389022173	0.0063890222
31.9615384615	0.6419740775	0.0064197408
31.9807692308	0.6449647272	0.0064496473
32.0000000000	0.6478742686	0.0064787427
32.0192307692	0.6507027874	0.0065070279
32.0384615385	0.6534503511	0.0065345035
32.0576923077	0.6561170060	0.0065611701
32.0769230769	0.6587027763	0.0065870278
32.0961538462	0.6612076612	0.0066120766
32.1153846154	0.6636316339	0.0066363163
32.1346153846	0.6659746393	0.0066597464
32.1538461538	0.6682365933	0.0066823659
32.1730769231	0.6704173809	0.0067041738
32.1923076923	0.6725168551	0.0067251686
32.2115384615	0.6745348362	0.0067453484
32.2307692308	0.6764711109	0.0067647111
32.2500000000	0.6783254314	0.0067832543
32.2692307692	0.6800975153	0.0068009752
32.2884615385	0.6817870455	0.0068178705
32.3076923077	0.6833936694	0.0068339367
32.3269230769	0.6849170002	0.0068491700
32.3461538462	0.6863566164	0.0068635662
32.3653846154	0.6877120626	0.0068771206
32.3846153846	0.6889828505	0.0068898285
32.4038461538	0.6901684597	0.0069016846
32.4230769231	0.6912683391	0.0069126834
32.4423076923	0.6922819080	0.0069228191
32.4615384615	0.6932085580	0.0069320856
32.4807692308	0.6940476546	0.0069404765
32.5000000000	0.6947985392	0.0069479854
32.5192307692	0.6954605314	0.0069546053
32.5384615385	0.6960329313	0.0069603293
32.5576923077	0.6965150217	0.0069651502
32.5769230769	0.6969060711	0.0069690607
32.5961538462	0.6972053365	0.0069720534
32.6153846154	0.6974120658	0.0069741207
32.6346153846	0.6975255015	0.0069752550
32.6538461538	0.6975448833	0.0069754488
32.6730769231	0.6974694514	0.0069746945
32.6923076923	0.6972984500	0.0069729845
32.7115384615	0.6970311303	0.0069703113
32.7307692308	0.6966667541	0.0069666675
32.7500000000	0.6962045969	0.0069620460
32.7692307692	0.6956439513	0.0069564395
32.7884615385	0.6949841306	0.0069498413
32.8076923077	0.6942244718	0.0069422447
32.8269230769	0.6933643386	0.0069336434
32.8461538462	0.6924031252	0.0069240313
32.8653846154	0.6913402587	0.0069134026
32.8846153846	0.6901752024	0.0069017520
32.9038461538	0.6889074585	0.0068890746
32.9230769231	0.6875365704	0.0068753657
32.9423076923	0.6860621259	0.0068606213
32.9615384615	0.6844837588	0.0068448376
32.9807692308	0.6828011513	0.0068280115
33.0000000000	0.6810140359	0.0068101404
33.0192307692	0.6791221969	0.0067912220
33.0384615385	0.6771254721	0.0067712547
33.0576923077	0.6750237538	0.0067502375
33.0769230769	0.6728169898	0.0067281699
33.0961538462	0.6705051841	0.0067050518
33.1153846154	0.6680883974	0.0066808840
33.1346153846	0.6655667473	0.0066556675
33.1538461538	0.6629404080	0.0066294041
33.1730769231	0.6602096104	0.0066020961
33.1923076923	0.6573746411	0.0065737464
33.2115384615	0.6544358420	0.0065443584
33.2307692308	0.6513936088	0.0065139361
33.2500000000	0.6482483900	0.0064824839
33.2692307692	0.6450006853	0.0064500069
33.2884615385	0.6416510439	0.0064165104
33.3076923077	0.6382000625	0.0063820006
33.3269230769	0.6346483833	0.0063464838
33.3461538462	0.6309966916	0.0063099669
33.3653846154	0.6272457134	0.0062724571
33.3846153846	0.6233962132	0.0062339621
33.4038461538	0.6194489907	0.0061944899
33.4230769231	0.6154048784	0.0061540488
33.4423076923	0.6112647391	0.0061126474
33.4615384615	0.6070294622	0.0060702946
33.4807692308	0.6026999617	0.0060269996
33.5000000000	0.5982771726	0.0059827717
33.5192307692	0.5937620484	0.0059376205
33.5384615385	0.5891555580	0.0058915556
33.5576923077	0.5844586832	0.0058445868
33.5769230769	0.5796724157	0.0057967242
33.5961538462	0.5747977544	0.0057479775
33.6153846154	0.5698357033	0.0056983570
33.6346153846	0.5647872686	0.0056478727
33.6538461538	0.5596534569	0.0055965346
33.6730769231	0.5544352728	0.0055443527
33.6923076923	0.5491337173	0.0054913372
33.7115384615	0.5437497858	0.0054374979
33.7307692308	0.5382844666	0.0053828447
33.7500000000	0.5327387399	0.0053273874
33.7692307692	0.5271135763	0.0052711358
33.7884615385	0.5214099362	0.0052140994
33.8076923077	0.5156287690	0.0051562877
33.8269230769	0.5097710127	0.0050977101
33.8461538462	0.5038375936	0.0050383759
33.8653846154	0.4978294262	0.0049782943
33.8846153846	0.4917474136	0.0049174741
33.9038461538	0.4855924479	0.0048559245
33.9230769231	0.4793654105	0.0047936541
33.9423076923	0.4730671731	0.0047306717
33.9615384615	0.4666985985	0.0046669860
33.9807692308	0.4602605419	0.0046026054
34.0000000000	0.4537538517	0.0045375385
34.0192307692	0.4471793714	0.0044717937
34.0384615385	0.4405379407	0.0044053794
34.0576923077	0.4338303972	0.0043383040
34.0769230769	0.4270575780	0.0042705758
34.0961538462	0.4202203214	0.0042022032
34.1153846154	0.4133194685	0.0041331947
34.1346153846	0.4063558651	0.0040635587
34.1538461538	0.3993303636	0.0039933036
34.1730769231	0.3922438243	0.0039224382
34.1923076923	0.3850971173	0.0038509712
34.2115384615	0.3778911243	0.0037789112
34.2307692308	0.3706267397	0.0037062674
34.2500000000	0.3633048727	0.0036330487
34.2692307692	0.3559264479	0.0035592645
34.2884615385	0.3484924072	0.0034849241
34.3076923077	0.3410037106	0.0034100371
34.3269230769	0.3334613372	0.0033346134
34.3461538462	0.3258662858	0.0032586629
34.3653846154	0.3182195762	0.0031821958
34.3846153846	0.3105222489	0.0031052225
34.4038461538	0.3027753660	0.0030277537
34.4230769231	0.2949800112	0.0029498001
34.4423076923	0.2871372897	0.0028713729
34.4615384615	0.2792483281	0.0027924833
34.4807692308	0.2713142740	0.0027131427
34.5000000000	0.2633362957	0.0026333630
34.5192307692	0.2553155811	0.0025531558
34.5384615385	0.2472533377	0.0024725334
34.5576923077	0.2391507906	0.0023915079
34.5769230769	0.2310091826	0.0023100918
34.5961538462	0.2228297721	0.0022282977
34.6153846154	0.2146138325	0.0021461383
34.6346153846	0.2063626504	0.0020636265
34.6538461538	0.1980775246	0.0019807752
34.6730769231	0.1897597644	0.0018975976
34.6923076923	0.1814106885	0.0018141069
34.7115384615	0.1730316229	0.0017303162
34.7307692308	0.1646239001	0.0016462390
34.7500000000	0.1561888575	0.0015618886
34.7692307692	0.1477278355	0.0014772784
34.7884615385	0.1392421771	0.0013924218
34.8076923077	0.1307332259	0.0013073323
34.8269230769	0.1222023250	0.0012220233
34.8461538462	0.1136508166	0.0011365082
34.8653846154	0.1050800403	0.0010508004
34.8846153846	0.0964913329	0.0009649133
34.9038461538	0.0878860272	0.0008788603
34.9230769231	0.0792654520	0.0007926545
34.9423076923	0.0706309319	0.0007063093
34.9615384615	0.0619837863	0.0006198379
34.9807692308	0.0533253305	0.0005332533
35.0000000000	0.0446568752	0.0004465688
35.0192307692	0.0359797268	0.0003597973
35.0384615385	0.0272951887	0.0002729519
35.0576923077	0.0186045612	0.0001860456
35.0769230769	0.0099091427	0.0000990914
35.0961538462	0.0012102309	0.0000121023
35.1153846154	-0.0074908763	-0.0000749088
35.1346153846	-0.0161928794	-0.0001619288
35.1538461538	-0.0248944758	-0.0002489448
35.1730769231	-0.0335943583	-0.0003359436
35.1923076923	-0.0422912137	-0.0004229121
35.2115384615	-0.0509837208	-0.0005098372
35.2307692308	-0.0596705487	-0.0005967055
35.2500000000	-0.0683503554	-0.0006835036
35.2692307692	-0.0770217857	-0.0007702179
35.2884615385	-0.0856834695	-0.0008568347
35.3076923077	-0.0943340203	-0.0009433402
35.3269230769	-0.1029720332	-0.0010297203
35.3461538462	-0.1115960839	-0.0011159608
35.3653846154	-0.1202047267	-0.0012020473
35.3846153846	-0.1287964937	-0.0012879649
35.4038461538	-0.1373698932	-0.0013736989
35.4230769231	-0.1459234090	-0.0014592341
35.4423076923	-0.1544554998	-0.0015445550
35.4615384615	-0.1629645980	-0.0016296460
35.4807692308	-0.1714491103	-0.0017144911
35.5000000000	-0.1799074168	-0.0017990742
35.5192307692	-0.1883378717	-0.0018833787
35.5384615385	-0.1967388034	-0.0019673880
35.5576923077	-0.2051085156	-0.0020510852
35.5769230769	-0.2134452883	-0.0021344529
35.5961538462	-0.2217473788	-0.0022174738
35.6153846154	-0.2300130237	-0.0023001302
35.6346153846	-0.2382404406	-0.0023824044
35.6538461538	-0.2464278303	-0.0024642783
35.6730769231	-0.2545733797	-0.0025457338
35.6923076923	-0.2626752641	-0.0026267526
35.7115384615	-0.2707316505	-0.0027073165
35.7307692308	-0.2787407008	-0.0027874070
35.7500000000	-0.2867005756	-0.0028670058
35.7692307692	-0.2946094375	-0.0029460944
35.7884615385	-0.3024654557	-0.0030246546
35.8076923077	-0.3102668094	-0.0031026681
35.8269230769	-0.3180116927	-0.0031801169
35.8461538462	-0.3256983187	-0.0032569832
35.8653846154	-0.3333249239	-0.0033332492
35.8846153846	-0.3408897731	-0.0034088977
35.9038461538	-0.3483911637	-0.0034839116
35.9230769231	-0.3558274303	-0.0035582743
35.9423076923	-0.3631969494	-0.0036319695
35.9615384615	-0.3704981435	-0.0037049814
35.9807692308	-0.3777294862	-0.0037772949
36.0000000000	-0.3848895054	-0.0038488951
36.0192307692	-0.3919767882	-0.0039197679
36.0384615385	-0.3989899844	-0.0039898998
36.0576923077	-0.4059278102	-0.0040592781
36.0769230769	-0.4127890512	-0.0041278905
36.0961538462	-0.4195725659	-0.0041957257
36.1153846154	-0.4262772884	-0.0042627729
36.1346153846	-0.4329022302	-0.0043290223
36.1538461538	-0.4394464830	-0.0043944648
36.1730769231	-0.4459092195	-0.0044590922
36.1923076923	-0.4522896953	-0.0045228970
36.2115384615	-0.4585872491	-0.0045858725
36.2307692308	-0.4648013036	-0.0046480130
36.2500000000	-0.4709313648	-0.0047093136
36.2692307692	-0.4769770217	-0.0047697702
36.2884615385	-0.4829379455	-0.0048293795
36.3076923077	-0.4888138876	-0.0048881389
36.3269230769	-0.4946046784	-0.0049460468
36.3461538462	-0.5003102241	-0.0050031022
36.3653846154	-0.5059305048	-0.0050593050
36.3846153846	-0.5114655705	-0.0051146557
36.4038461538	-0.5169155383	-0.0051691554
36.4230769231	-0.5222805877	-0.0052228059
36.4423076923	-0.5275609567	-0.0052756096
36.4615384615	-0.5327569374	-0.0053275694
36.4807692308	-0.5378688705	-0.0053786887
36.5000000000	-0.5428971405	-0.0054289714
36.5192307692	-0.5478421705	-0.0054784217
36.5384615385	-0.5527044160	-0.0055270442
36.5576923077	-0.5574843598	-0.0055748436
36.5769230769	-0.5621825058	-0.0056218251
36.5961538462	-0.5667993731	-0.0056679937
36.6153846154	-0.5713354904	-0.0057133549
36.6346153846	-0.5757913894	-0.0057579139
36.6538461538	-0.5801675996	-0.0058016760
36.6730769231	-0.5844646421	-0.0058446464
36.6923076923	-0.5886830240	-0.0058868302
36.7115384615	-0.5928232331	-0.0059282323
36.7307692308	-0.5968857322	-0.0059688573
36.7500000000	-0.6008709544	-0.0060087095
36.7692307692	-0.6047792985	-0.0060477930
36.7884615385	-0.6086111240	-0.0060861112
36.8076923077	-0.6123667472	-0.0061236675
36.8269230769	-0.6160464378	-0.0061604644
36.8461538462	-0.6196504152	-0.0061965042
36.8653846154	-0.6231788453	-0.0062317885
36.8846153846	-0.6266318386	-0.0062663184
36.9038461538	-0.6300094478	-0.0063000945
36.9230769231	-0.6333116660	-0.0063331167
36.9423076923	-0.6365384258	-0.0063653843
36.9615384615	-0.6396895986	-0.0063968960
36.9807692308	-0.6427649942	-0.0064276499
37.0000000000	-0.6457643612	-0.0064576436
37.0192307692	-0.6486873875	-0.0064868739
37.0384615385	-0.6515337016	-0.0065153370
37.0576923077	-0.6543028741	-0.0065430287
37.0769230769	-0.6569944197	-0.0065699442
37.0961538462	-0.6596077993	-0.0065960780
37.1153846154	-0.6621424232	-0.0066214242
37.1346153846	-0.6645976537	-0.0066459765
37.1538461538	-0.6669728088	-0.0066697281
37.1730769231	-0.6692671657	-0.0066926717
37.1923076923	-0.6714799648	-0.0067147996
37.2115384615	-0.6736104136	-0.0067361041
37.2307692308	-0.6756576916	-0.0067565769
37.2500000000	-0.6776209538	-0.0067762095
37.2692307692	-0.6794993362	-0.0067949934
37.2884615385	-0.6812919597	-0.0068129196
37.3076923077	-0.6829979353	-0.0068299794
37.3269230769	-0.6846163683	-0.0068461637
37.3461538462	-0.6861463631	-0.0068614636
37.3653846154	-0.6875870277	-0.0068758703
37.3846153846	-0.6889374782	-0.0068893748
37.4038461538	-0.6901968426	-0.0069019684
37.4230769231	-0.6913642656	-0.0069136427
37.4423076923	-0.6924389117	-0.0069243891
37.4615384615	-0.6934199693	-0.0069341997
37.4807692308	-0.6943066541	-0.0069430665
37.5000000000	-0.6950982116	-0.0069509821
37.5192307692	-0.6957939207	-0.0069579392
37.5384615385	-0.6963930954	-0.0069639310
37.5576923077	-0.6968950874	-0.0069689509
37.5769230769	-0.6972992878	-0.0069729929
37.5961538462	-0.6976051284	-0.0069760513
37.6153846154	-0.6978120829	-0.0069781208
37.6346153846	-0.6979196679	-0.0069791967
37.6538461538	-0.6979274426	-0.0069792744
37.6730769231	-0.6978350098	-0.0069783501
37.6923076923	-0.6976420150	-0.0069764202
37.7115384615	-0.6973481460	-0.0069734815
37.7307692308	-0.6969531321	-0.0069695313
37.7500000000	-0.6964567430	-0.0069645674
37.7692307692	-0.6958587873	-0.0069585879
37.7884615385	-0.6951591111	-0.0069515911
37.8076923077	-0.6943575956	-0.0069435760
37.8269230769	-0.6934541560	-0.0069345416
37.8461538462	-0.6924487384	-0.0069244874
37.8653846154	-0.6913413181	-0.0069134132
37.8846153846	-0.6901318970	-0.0069013190
37.9038461538	-0.6888205012	-0.0068882050
37.9230769231	-0.6874071786	-0.0068740718
37.9423076923	-0.6858919960	-0.0068589200
37.9615384615	-0.6842750373	-0.0068427504
37.9807692308	-0.6825564005	-0.0068255640
38.0000000000	-0.6807361957	-0.0068073620
38.0192307692	-0.6788145429	-0.0067881454
38.0384615385	-0.6767915697	-0.0067679157
38.0576923077	-0.6746674097	-0.0067466741
38.0769230769	-0.6724422006	-0.0067244220
38.0961538462	-0.6701160828	-0.0067011608
38.1153846154	-0.6676891978	-0.0066768920
38.1346153846	-0.6651616877	-0.0066516169
38.1538461538	-0.6625336939	-0.0066253369
38.1730769231	-0.6598053571	-0.0065980536
38.1923076923	-0.6569768163	-0.0065697682
38.2115384615	-0.6540482096	-0.0065404821
38.2307692308	-0.6510196739	-0.0065101967
38.2500000000	-0.6478913460	-0.0064789135
38.2692307692	-0.6446633628	-0.0064466336
38.2884615385	-0.6413358630	-0.0064133586
38.3076923077	-0.6379089880	-0.0063790899
38.3269230769	-0.6343828840	-0.0063438288
38.3461538462	-0.6307577031	-0.0063075770
38.3653846154	-0.6270336063	-0.0062703361
38.3846153846	-0.6232107646	-0.0062321076
38.4038461538	-0.6192893624	-0.0061928936
38.4230769231	-0.6152695994	-0.0061526960
38.4423076923	-0.6111516936	-0.0061115169
38.4615384615	-0.6069358839	-0.0060693588
38.4807692308	-0.6026224330	-0.0060262243
38.5000000000	-0.5982116301	-0.0059821163
38.5192307692	-0.5937037941	-0.0059370379
38.5384615385	-0.5890992762	-0.0058909928
38.5576923077	-0.5843984629	-0.0058439846
38.5769230769	-0.5796017786	-0.0057960178
38.5961538462	-0.5747096884	-0.0057470969
38.6153846154	-0.5697227004	-0.0056972270
38.6346153846	-0.5646413686	-0.0056464137
38.6538461538	-0.5594662944	-0.0055946629
38.6730769231	-0.5541981293	-0.0055419813
38.6923076923	-0.5488375760	-0.0054883758
38.7115384615	-0.5433853906	-0.0054338539
38.7307692308	-0.5378423835	-0.0053784238
38.7500000000	-0.5322094205	-0.0053220942
38.7692307692	-0.5264874236	-0.0052648742
38.7884615385	-0.5206773713	-0.0052067737
38.8076923077	-0.5147802990	-0.0051478030
38.8269230769	-0.5087972985	-0.0050879730
38.8461538462	-0.5027295178	-0.0050272952
38.8653846154	-0.4965781601	-0.0049657816
38.8846153846	-0.4903444828	-0.0049034448
38.9038461538	-0.4840297960	-0.0048402980
38.9230769231	-0.4776354610	-0.0047763546
38.9423076923	-0.4711628880	-0.0047116289
38.9615384615	-0.4646135341	-0.0046461353
38.9807692308	-0.4579889006	-0.0045798890
39.0000000000	-0.4512905303	-0.0045129053
39.0192307692	-0.4445200044	-0.0044452000
39.0384615385	-0.4376789394	-0.0043767894
39.0576923077	-0.4307689838	-0.0043076898
39.0769230769	-0.4237918142	-0.0042379181
39.0961538462	-0.4167491320	-0.0041674913
39.1153846154	-0.4096426595	-0.0040964266
39.1346153846	-0.4024741358	-0.0040247414
39.1538461538	-0.3952453131	-0.0039524531
39.1730769231	-0.3879579527	-0.0038795795
39.1923076923	-0.3806138211	-0.0038061382
39.2115384615	-0.3732146858	-0.0037321469
39.2307692308	-0.3657623116	-0.0036576231
39.2500000000	-0.3582584570	-0.0035825846
39.2692307692	-0.3507048700	-0.0035070487
39.2884615385	-0.3431032849	-0.0034310328
39.3076923077	-0.3354554189	-0.0033545542
39.3269230769	-0.3277629687	-0.0032776297
39.3461538462	-0.3200276072	-0.0032002761
39.3653846154	-0.3122509814	-0.0031225098
39.3846153846	-0.3044347091	-0.0030443471
39.4038461538	-0.2965803768	-0.0029658038
39.4230769231	-0.2886895377	-0.0028868954
39.4423076923	-0.2807637096	-0.0028076371
39.4615384615	-0.2728043737	-0.0027280437
39.4807692308	-0.2648129730	-0.0026481297
39.5000000000	-0.2567909117	-0.0025679091
39.5192307692	-0.2487395542	-0.0024873955
39.5384615385	-0.2406602248	-0.0024066022
39.5576923077	-0.2325542078	-0.0023255421
39.5769230769	-0.2244227475	-0.0022442275
39.5961538462	-0.2162670488	-0.0021626705
39.6153846154	-0.2080882778	-0.0020808828
39.6346153846	-0.1998875631	-0.0019988756
39.6538461538	-0.1916659968	-0.0019166600
39.6730769231	-0.1834246361	-0.0018342464
39.6923076923	-0.1751645051	-0.0017516451
39.7115384615	-0.1668865968	-0.0016688660
39.7307692308	-0.1585918750	-0.0015859187
39.7500000000	-0.1502812767	-0.0015028128
39.7692307692	-0.1419557148	-0.0014195571
39.7884615385	-0.1336160802	-0.0013361608
39.8076923077	-0.1252632450	-0.0012526324
39.8269230769	-0.1168980647	-0.0011689806
39.8461538462	-0.1085213818	-0.0010852138
39.8653846154	-0.1001340278	-0.0010013403
39.8846153846	-0.0917368269	-0.0009173683
39.9038461538	-0.0833305983	-0.0008333060
39.9230769231	-0.0749161596	-0.0007491616
39.9423076923	-0.0664943292	-0.0006649433
39.9615384615	-0.0580659293	-0.0005806593
39.9807692308	-0.0496317887	-0.0004963179
40.0000000000	-0.0411927451	-0.0004119275
40.0192307692	-0.0327496479	-0.0003274965
40.0384615385	-0.0243033605	-0.0002430336
40.0576923077	-0.0158547624	-0.0001585476
40.0769230769	-0.0074047514	-0.0000740475
40.0961538462	0.0010457547	0.0000104575
40.1153846154	0.0094958161	0.0000949582
40.1346153846	0.0179444694	0.0001794447
40.1538461538	0.0263907268	0.0002639073
40.1730769231	0.0348335742	0.0003483357
40.1923076923	0.0432719708	0.0004327197
40.2115384615	0.0517048482	0.0005170485
40.2307692308	0.0601311095	0.0006013111
40.2500000000	0.0685496296	0.0006854963
40.2692307692	0.0769592544	0.0007695925
40.2884615385	0.0853588013	0.0008535880
40.3076923077	0.0937470589	0.0009374706
40.3269230769	0.1021227883	0.0010212279
40.3461538462	0.1104847226	0.0011048472
40.3653846154	0.1188315685	0.0011883157
40.3846153846	0.1271620069	0.0012716201
40.4038461538	0.1354746940	0.0013547469
40.4230769231	0.1437682624	0.0014376826
40.4423076923	0.1520413227	0.0015204132
40.4615384615	0.1602924646	0.0016029246
40.4807692308	0.1685202589	0.0016852026
40.5000000000	0.1767232590	0.0017672326
40.5192307692	0.1849000023	0.0018490000
40.5384615385	0.1930490127	0.0019304901
40.5576923077	0.2011688020	0.0020116880
40.5769230769	0.2092578720	0.0020925787
40.5961538462	0.2173147163	0.0021731472
40.6153846154	0.2253378228	0.0022533782
40.6346153846	0.2333256751	0.0023332568
40.6538461538	0.2412767552	0.0024127676
40.6730769231	0.2491895449	0.0024918954
40.6923076923	0.2570625285	0.0025706253
40.7115384615	0.2648941941	0.0026489419
40.7307692308	0.2726830366	0.0027268304
40.7500000000	0.2804275585	0.0028042756
40.7692307692	0.2881262729	0.0028812627
40.7884615385	0.2957777048	0.0029577770
40.8076923077	0.3033803932	0.0030338039
40.8269230769	0.3109328930	0.0031093289
40.8461538462	0.3184337767	0.0031843378
40.8653846154	0.3258816361	0.0032588164
40.8846153846	0.3332750841	0.0033327508
40.9038461538	0.3406127562	0.0034061276
40.9230769231	0.3478933123	0.0034789331
40.9423076923	0.3551154380	0.0035511544
40.9615384615	0.3622778465	0.0036227785
40.9807692308	0.3693792794	0.0036937928
41.0000000000	0.3764185086	0.0037641851
41.0192307692	0.3833943374	0.0038339434
41.0384615385	0.3903056018	0.0039030560
41.0576923077	0.3971511716	0.0039715117
41.0769230769	0.4039299519	0.0040392995
41.0961538462	0.4106408839	0.0041064088
41.1153846154	0.4172829460	0.0041728295
41.1346153846	0.4238551548	0.0042385515
41.1538461538	0.4303565662	0.0043035657
41.1730769231	0.4367862760	0.0043678628
41.1923076923	0.4431434209	0.0044314342
41.2115384615	0.4494271792	0.0044942718
41.2307692308	0.4556367715	0.0045563677
41.2500000000	0.4617714613	0.0046177146
41.2692307692	0.4678305556	0.0046783056
41.2884615385	0.4738134050	0.0047381340
41.3076923077	0.4797194046	0.0047971940
41.3269230769	0.4855479941	0.0048554799
41.3461538462	0.4912986577	0.0049129866
41.3653846154	0.4969709246	0.0049697092
41.3846153846	0.5025643687	0.0050256437
41.4038461538	0.5080786085	0.0050807861
41.4230769231	0.5135133070	0.0051351331
41.4423076923	0.5188681714	0.0051886817
41.4615384615	0.5241429521	0.0052414295
41.4807692308	0.5293374428	0.0052933744
41.5000000000	0.5344514789	0.0053445148
41.5192307692	0.5394849374	0.0053948494
41.5384615385	0.5444377354	0.0054443774
41.5576923077	0.5493098287	0.0054930983
41.5769230769	0.5541012110	0.0055410121
41.5961538462	0.5588119118	0.0055881191
41.6153846154	0.5634419952	0.0056344200
41.6346153846	0.5679915577	0.0056799156
41.6538461538	0.5724607264	0.0057246073
41.6730769231	0.5768496568	0.0057684966
41.6923076923	0.5811585306	0.0058115853
41.7115384615	0.5853875531	0.0058538755
41.7307692308	0.5895369508	0.0058953695
41.7500000000	0.5936069687	0.0059360697
41.7692307692	0.5975978673	0.0059759787
41.7884615385	0.6015099198	0.0060150992
41.8076923077	0.6053434090	0.0060534341
41.8269230769	0.6090986244	0.0060909862
41.8461538462	0.6127758588	0.0061277586
41.8653846154	0.6163754048	0.0061637540
41.8846153846	0.6198975523	0.0061989755
41.9038461538	0.6233425842	0.0062334258
41.9230769231	0.6267107738	0.0062671077
41.9423076923	0.6300023810	0.0063000238
41.9615384615	0.6332176494	0.0063321765
41.9807692308	0.6363568029	0.0063635680
42.0000000000	0.6394200422	0.0063942004
42.0192307692	0.6424075422	0.0064240754
42.0384615385	0.6453194487	0.0064531945
42.0576923077	0.6481558758	0.0064815588
42.0769230769	0.6509169027	0.0065091690
42.0961538462	0.6536025716	0.0065360257
42.1153846154	0.6562128853	0.0065621289
42.1346153846	0.6587478047	0.0065874780
42.1538461538	0.6612072473	0.0066120725
42.1730769231	0.6635910849	0.0066359108
42.1923076923	0.6658991426	0.0066589914
42.2115384615	0.6681311977	0.0066813120
42.2307692308	0.6702869782	0.0067028698
42.2500000000	0.6723661623	0.0067236616
42.2692307692	0.6743683786	0.0067436838
42.2884615385	0.6762932053	0.0067629321
42.3076923077	0.6781401706	0.0067814017
42.3269230769	0.6799087535	0.0067990875
42.3461538462	0.6815983843	0.0068159838
42.3653846154	0.6832084458	0.0068320845
42.3846153846	0.6847382750	0.0068473827
42.4038461538	0.6861871642	0.0068618716
42.4230769231	0.6875543634	0.0068755436
42.4423076923	0.6888390827	0.0068883908
42.4615384615	0.6900404941	0.0069004049
42.4807692308	0.6911577352	0.0069115774
42.5000000000	0.6921899113	0.0069218991
42.5192307692	0.6931360990	0.0069313610
42.5384615385	0.6939953497	0.0069399535
42.5576923077	0.6947666928	0.0069476669
42.5769230769	0.6954491396	0.0069544914
42.5961538462	0.6960416872	0.0069604169
42.6153846154	0.6965433220	0.0069654332
42.6346153846	0.6969530244	0.0069695302
42.6538461538	0.6972697722	0.0069726977
42.6730769231	0.6974925450	0.0069749254
42.6923076923	0.6976203283	0.0069762033
42.7115384615	0.6976521175	0.0069765212
42.7307692308	0.6975869222	0.0069758692
42.7500000000	0.6974237695	0.0069742377
42.7692307692	0.6971617089	0.0069716171
42.7884615385	0.6967998150	0.0069679981
42.8076923077	0.6963371920	0.0069633719
42.8269230769	0.6957729768	0.0069577298
42.8461538462	0.6951063423	0.0069510634
42.8653846154	0.6943365007	0.0069433650
42.8846153846	0.6934627064	0.0069346271
42.9038461538	0.6924842586	0.0069248426
42.9230769231	0.6914005042	0.0069140050
42.9423076923	0.6902108393	0.0069021084
42.9615384615	0.6889147121	0.0068891471
42.9807692308	0.6875116243	0.0068751162
43.0000000000	0.6860011323	0.0068600113
43.0192307692	0.6843828492	0.0068438285
43.0384615385	0.6826564452	0.0068265645
43.0576923077	0.6808216487	0.0068082165
43.0769230769	0.6788782468	0.0067887825
43.0961538462	0.6768260855	0.0067682609
43.1153846154	0.6746650698	0.0067466507
43.1346153846	0.6723951638	0.0067239516
43.1538461538	0.6700163898	0.0067001639
43.1730769231	0.6675288283	0.0066752883
43.1923076923	0.6649326169	0.0066493262
43.2115384615	0.6622279495	0.0066222795
43.2307692308	0.6594150753	0.0065941508
43.2500000000	0.6564942973	0.0065649430
43.2692307692	0.6534659714	0.0065346597
43.2884615385	0.6503305045	0.0065033050
43.3076923077	0.6470883533	0.0064708835
43.3269230769	0.6437400225	0.0064374002
43.3461538462	0.6402860632	0.0064028606
43.3653846154	0.6367270709	0.0063672707
43.3846153846	0.6330636844	0.0063306368
43.4038461538	0.6292965833	0.0062929658
43.4230769231	0.6254264865	0.0062542649
43.4423076923	0.6214541507	0.0062145415
43.4615384615	0.6173803683	0.0061738037
43.4807692308	0.6132059658	0.0061320597
43.5000000000	0.6089318021	0.0060893180
43.5192307692	0.6045587670	0.0060455877
43.5384615385	0.6000877794	0.0060008778
43.5576923077	0.5955197860	0.0059551979
43.5769230769	0.5908557598	0.0059085576
43.5961538462	0.5860966986	0.0058609670
43.6153846154	0.5812436236	0.0058124362
43.6346153846	0.5762975785	0.0057629758
43.6538461538	0.5712596278	0.0057125963
43.6730769231	0.5661308562	0.0056613086
43.6923076923	0.5609123668	0.0056091237
43.7115384615	0.5556052809	0.0055560528
43.7307692308	0.5502107362	0.0055021074
43.7500000000	0.5447298862	0.0054472989
43.7692307692	0.5391638993	0.0053916390
43.7884615385	0.5335139577	0.0053351396
43.8076923077	0.5277812567	0.0052778126
43.8269230769	0.5219670036	0.0052196700
43.8461538462	0.5160724166	0.0051607242
43.8653846154	0.5100987243	0.0051009872
43.8846153846	0.5040471647	0.0050404716
43.9038461538	0.4979189837	0.0049791898
43.9230769231	0.4917154348	0.0049171543
43.9423076923	0.4854377775	0.0048543778
43.9615384615	0.4790872764	0.0047908728
43.9807692308	0.4726652002	0.0047266520
44.0000000000	0.4661728203	0.0046617282
44.0192307692	0.4596114097	0.0045961141
44.0384615385	0.4529822415	0.0045298224
44.0576923077	0.4462865879	0.0044628659
44.0769230769	0.4395257185	0.0043952572
44.0961538462	0.4327008990	0.0043270090
44.1153846154	0.4258133897	0.0042581339
44.1346153846	0.4188644442	0.0041886444
44.1538461538	0.4118553075	0.0041185531
44.1730769231	0.4047872148	0.0040478721
44.1923076923	0.3976613898	0.0039766139
44.2115384615	0.3904790433	0.0039047904
44.2307692308	0.3832413716	0.0038324137
44.2500000000	0.3759495550	0.0037594956
44.2692307692	0.3686047567	0.0036860476
44.2884615385	0.3612081211	0.0036120812
44.3076923077	0.3537607727	0.0035376077
44.3269230769	0.3462638150	0.0034626381
44.3461538462	0.3387183294	0.0033871833
44.3653846154	0.3311253744	0.0033112537
44.3846153846	0.3234859845	0.0032348598
44.4038461538	0.3158011702	0.0031580117
44.4230769231	0.3080719170	0.0030807192
44.4423076923	0.3002991854	0.0030029919
44.4615384615	0.2924839111	0.0029248391
44.4807692308	0.2846270047	0.0028462700
44.5000000000	0.2767293526	0.0027672935
44.5192307692	0.2687918173	0.0026879182
44.5384615385	0.2608152385	0.0026081524
44.5576923077	0.2528004341	0.0025280043
44.5769230769	0.2447482015	0.0024474820
44.5961538462	0.2366593195	0.0023665932
44.6153846154	0.2285345498	0.0022853455
44.6346153846	0.2203746393	0.0022037464
44.6538461538	0.2121803226	0.0021218032
44.6730769231	0.2039523240	0.0020395232
44.6923076923	0.1956913609	0.0019569136
44.7115384615	0.1873981463	0.0018739815
44.7307692308	0.1790733922	0.0017907339
44.7500000000	0.1707178131	0.0017071781
44.7692307692	0.1623321287	0.0016233213
44.7884615385	0.1539170686	0.0015391707
44.8076923077	0.1454733750	0.0014547337
44.8269230769	0.1370018070	0.0013700181
44.8461538462	0.1285031444	0.0012850314
44.8653846154	0.1199781913	0.0011997819
44.8846153846	0.1114277802	0.0011142778
44.9038461538	0.1028527756	0.0010285278
44.9230769231	0.0942540779	0.0009425408
44.9423076923	0.0856326269	0.0008563263
44.9615384615	0.0769894052	0.0007698941
44.9807692308	0.0683254419	0.0006832544
45.0000000000	0.0596418153	0.0005964182
45.0192307692	0.0509396563	0.0005093966
45.0384615385	0.0422201505	0.0004222015
45.0576923077	0.0334845412	0.0003348454
45.0769230769	0.0247341311	0.0002473413
45.0961538462	0.0159702840	0.0001597028
45.1153846154	0.0071944267	0.0000719443
45.1346153846	-0.0015919507	-0.0000159195
45.1538461538	-0.0103872933	-0.0001038729
45.1730769231	-0.0191899819	-0.0001918998
45.1923076923	-0.0279983330	-0.0002799833
45.2115384615	-0.0368105989	-0.0003681060
45.2307692308	-0.0456249695	-0.0004562497
45.2500000000	-0.0544395731	-0.0005443957
45.2692307692	-0.0632524789	-0.0006325248
45.2884615385	-0.0720616989	-0.0007206170
45.3076923077	-0.0808651908	-0.0008086519
45.3269230769	-0.0896608614	-0.0008966086
45.3461538462	-0.0984465698	-0.0009844657
45.3653846154	-0.1072201318	-0.0010722013
45.3846153846	-0.1159793238	-0.0011597932
45.4038461538	-0.1247218880	-0.0012472189
45.4230769231	-0.1334455369	-0.0013344554
45.4423076923	-0.1421479589	-0.0014214796
45.4615384615	-0.1508268239	-0.0015082682
45.4807692308	-0.1594797889	-0.0015947979
45.5000000000	-0.1681045038	-0.0016810450
45.5192307692	-0.1766986180	-0.0017669862
45.5384615385	-0.1852597863	-0.0018525979
45.5576923077	-0.1937856752	-0.0019378568
45.5769230769	-0.2022739693	-0.0020227397
45.5961538462	-0.2107223775	-0.0021072238
45.6153846154	-0.2191286396	-0.0021912864
45.6346153846	-0.2274905318	-0.0022749053
45.6538461538	-0.2358058735	-0.0023580587
45.6730769231	-0.2440725325	-0.0024407253
45.6923076923	-0.2522884309	-0.0025228843
45.7115384615	-0.2604515505	-0.0026045155
45.7307692308	-0.2685599377	-0.0026855994
45.7500000000	-0.2766117083	-0.0027661171
45.7692307692	-0.2846050515	-0.0028460505
45.7884615385	-0.2925382347	-0.0029253823
45.8076923077	-0.3004096060	-0.0030040961
45.8269230769	-0.3082175979	-0.0030821760
45.8461538462	-0.3159607297	-0.0031596073
45.8653846154	-0.3236376098	-0.0032363761
45.8846153846	-0.3312469367	-0.0033124694
45.9038461538	-0.3387875010	-0.0033878750
45.9230769231	-0.3462581850	-0.0034625818
45.9423076923	-0.3536579633	-0.0035365796
45.9615384615	-0.3609859023	-0.0036098590
45.9807692308	-0.3682411588	-0.0036824116
46.0000000000	-0.3754229788	-0.0037542298
46.0192307692	-0.3825306955	-0.0038253070
46.0384615385	-0.3895637263	-0.0038956373
46.0576923077	-0.3965215704	-0.0039652157
46.0769230769	-0.4034038052	-0.0040340381
46.0961538462	-0.4102100822	-0.0041021008
46.1153846154	-0.4169401232	-0.0041694012
46.1346153846	-0.4235937154	-0.0042359372
46.1538461538	-0.4301707069	-0.0043017071
46.1730769231	-0.4366710012	-0.0043667100
46.1923076923	-0.4430945521	-0.0044309455
46.2115384615	-0.4494413579	-0.0044944136
46.2307692308	-0.4557114561	-0.0045571146
46.2500000000	-0.4619049173	-0.0046190492
46.2692307692	-0.4680218392	-0.0046802184
46.2884615385	-0.4740623412	-0.0047406234
46.3076923077	-0.4800265583	-0.0048002656
46.3269230769	-0.4859146354	-0.0048591464
46.3461538462	-0.4917267217	-0.0049172672
46.3653846154	-0.4974629651	-0.0049746297
46.3846153846	-0.5031235074	-0.0050312351
46.4038461538	-0.5087084788	-0.0050870848
46.4230769231	-0.5142179935	-0.0051421799
46.4423076923	-0.5196521453	-0.0051965215
46.4615384615	-0.5250110035	-0.0052501100
46.4807692308	-0.5302946094	-0.0053029461
46.5000000000	-0.5355029727	-0.0053550297
46.5192307692	-0.5406360693	-0.0054063607
46.5384615385	-0.5456938383	-0.0054569384
46.5576923077	-0.5506761804	-0.0055067618
46.5769230769	-0.5555829567	-0.0055558296
46.5961538462	-0.5604139870	-0.0056041399
46.6153846154	-0.5651690502	-0.0056516905
46.6346153846	-0.5698478836	-0.0056984788
46.6538461538	-0.5744501836	-0.0057445018
46.6730769231	-0.5789756067	-0.0057897561
46.6923076923	-0.5834237706	-0.0058342377
46.7115384615	-0.5877942561	-0.0058779426
46.7307692308	-0.5920866092	-0.0059208661
46.7500000000	-0.5963003435	-0.0059630034
46.7692307692	-0.6004349433	-0.0060043494
46.7884615385	-0.6044898664	-0.0060448987
46.8076923077	-0.6084645479	-0.0060846455
46.8269230769	-0.6123584038	-0.0061235840
46.8461538462	-0.6161708345	-0.0061617083
46.8653846154	-0.6199012291	-0.0061990123
46.8846153846	-0.6235489697	-0.0062354897
46.9038461538	-0.6271134350	-0.0062711344
46.9230769231	-0.6305940052	-0.0063059401
46.9423076923	-0.6339900658	-0.0063399007
46.9615384615	-0.6373010115	-0.0063730101
46.9807692308	-0.6405262510	-0.0064052625
47.0000000000	-0.6436652099	-0.0064366521
47.0192307692	-0.6467173353	-0.0064671734
47.0384615385	-0.6496820985	-0.0064968210
47.0576923077	-0.6525589986	-0.0065255900
47.0769230769	-0.6553475656	-0.0065534757
47.0961538462	-0.6580473623	-0.0065804736
47.1153846154	-0.6606579873	-0.0066065799
47.1346153846	-0.6631790762	-0.0066317908
47.1538461538	-0.6656103036	-0.0066561030
47.1730769231	-0.6679513837	-0.0066795138
47.1923076923	-0.6702020712	-0.0067020207
47.2115384615	-0.6723621614	-0.0067236216
47.2307692308	-0.6744314899	-0.0067443149
47.2500000000	-0.6764099319	-0.0067640993
47.2692307692	-0.6782974013	-0.0067829740
47.2884615385	-0.6800938490	-0.0068009385
47.3076923077	-0.6817992608	-0.0068179926
47.3269230769	-0.6834136554	-0.0068341366
47.3461538462	-0.6849370816	-0.0068493708
47.3653846154	-0.6863696150	-0.0068636962
47.3846153846	-0.6877113551	-0.0068771136
47.4038461538	-0.6889624212	-0.0068896242
47.4230769231	-0.6901229489	-0.0069012295
47.4423076923	-0.6911930856	-0.0069119309
47.4615384615	-0.6921729868	-0.0069217299
47.4807692308	-0.6930628111	-0.0069306281
47.5000000000	-0.6938627162	-0.0069386272
47.5192307692	-0.6945728540	-0.0069457285
47.5384615385	-0.6951933664	-0.0069519337
47.5576923077	-0.6957243807	-0.0069572438
47.5769230769	-0.6961660053	-0.0069616601
47.5961538462	-0.6965183251	-0.0069651833
47.6153846154	-0.6967813983	-0.0069678140
47.6346153846	-0.6969552516	-0.0069695525
47.6538461538	-0.6970398773	-0.0069703988
47.6730769231	-0.6970352299	-0.0069703523
47.6923076923	-0.6969412232	-0.0069694122
47.7115384615	-0.6967577277	-0.0069675773
47.7307692308	-0.6964845686	-0.0069648457
47.7500000000	-0.6961215240	-0.0069612152
47.7692307692	-0.6956683238	-0.0069566832
47.7884615385	-0.6951246490	-0.0069512465
47.8076923077	-0.6944901311	-0.0069449013
47.8269230769	-0.6937643529	-0.0069376435
47.8461538462	-0.6929468486	-0.0069294685
47.8653846154	-0.6920371058	-0.0069203711
47.8846153846	-0.6910345666	-0.0069103457
47.9038461538	-0.6899386301	-0.0068993863
47.9230769231	-0.6887486554	-0.0068874866
47.9423076923	-0.6874639645	-0.0068746396
47.9615384615	-0.6860838462	-0.0068608385
47.9807692308	-0.6846075599	-0.0068460756
48.0000000000	-0.6830343405	-0.0068303434
48.0192307692	-0.6813634031	-0.0068136340
48.0384615385	-0.6795939480	-0.0067959395
48.0576923077	-0.6777251667	-0.0067772517
48.0769230769	-0.6757562472	-0.0067575625
48.0961538462	-0.6736863800	-0.0067368638
48.1153846154	-0.6715147645	-0.0067151476
48.1346153846	-0.6692406154	-0.0066924062
48.1538461538	-0.6668631682	-0.0066686317
48.1730769231	-0.6643816866	-0.0066438169
48.1923076923	-0.6617954682	-0.0066179547
48.2115384615	-0.6591038509	-0.0065910385
48.2307692308	-0.6563062190	-0.0065630622
48.2500000000	-0.6534020094	-0.0065340201
48.2692307692	-0.6503907170	-0.0065039072
48.2884615385	-0.6472719006	-0.0064727190
48.3076923077	-0.6440451877	-0.0064404519
48.3269230769	-0.6407102798	-0.0064071028
48.3461538462	-0.6372669565	-0.0063726696
48.3653846154	-0.6337150797	-0.0063371508
48.3846153846	-0.6300545975	-0.0063005460
48.4038461538	-0.6262855470	-0.0062628555
48.4230769231	-0.6224080570	-0.0062240806
48.4423076923	-0.6184223506	-0.0061842235
48.4615384615	-0.6143287465	-0.0061432875
48.4807692308	-0.6101276599	-0.0061012766
48.5000000000	-0.6058196039	-0.0060581960
48.5192307692	-0.6014051885	-0.0060140519
48.5384615385	-0.5968851209	-0.0059688512
48.5576923077	-0.5922602040	-0.0059226020
48.5769230769	-0.5875313352	-0.0058753134
48.5961538462	-0.5826995040	-0.0058269950
48.6153846154	-0.5777657896	-0.0057776579
48.6346153846	-0.5727313579	-0.0057273136
48.6538461538	-0.5675974580	-0.0056759746
48.6730769231	-0.5623654183	-0.0056236542
48.6923076923	-0.5570366424	-0.0055703664
48.7115384615	-0.5516126043	-0.0055161260
48.7307692308	-0.5460948434	-0.0054609484
48.7500000000	-0.5404849599	-0.0054048496
48.7692307692	-0.5347846087	-0.0053478461
48.7884615385	-0.5289954941	-0.0052899549
48.8076923077	-0.5231193641	-0.0052311936
48.8269230769	-0.5171580048	-0.0051715800
48.8461538462	-0.5111132337	-0.0051111323
48.8653846154	-0.5049868949	-0.0050498689
48.8846153846	-0.4987808523	-0.0049878085
48.9038461538	-0.4924969842	-0.0049249698
48.9230769231	-0.4861371776	-0.0048613718
48.9423076923	-0.4797033225	-0.0047970332
48.9615384615	-0.4731973068	-0.0047319731
48.9807692308	-0.4666210107	-0.0046662101
49.0000000000	-0.4599763024	-0.0045997630
49.0192307692	-0.4532650329	-0.0045326503
49.0384615385	-0.4464890320	-0.0044648903
49.0576923077	-0.4396501046	-0.0043965010
49.0769230769	-0.4327500263	-0.0043275003
49.0961538462	-0.4257905410	-0.0042579054
49.1153846154	-0.4187733573	-0.0041877336
49.1346153846	-0.4117001467	-0.0041170015
49.1538461538	-0.4045725410	-0.0040457254
49.1730769231	-0.3973921307	-0.0039739213
49.1923076923	-0.3901604640	-0.0039016046
49.2115384615	-0.3828790455	-0.0038287905
49.2307692308	-0.3755493360	-0.0037554934
49.2500000000	-0.3681727522	-0.0036817275
49.2692307692	-0.3607506672	-0.0036075067
49.2884615385	-0.3532844106	-0.0035328441
49.3076923077	-0.3457752698	-0.0034577527
49.3269230769	-0.3382244913	-0.0033822449
49.3461538462	-0.3306332816	-0.0033063328
49.3653846154	-0.3230028098	-0.0032300281
49.3846153846	-0.3153342087	-0.0031533421
49.4038461538	-0.3076285777	-0.0030762858
49.4230769231	-0.2998869849	-0.0029988698
49.4423076923	-0.2921104693	-0.0029211047
49.4615384615	-0.2843000442	-0.0028430004
49.4807692308	-0.2764566989	-0.0027645670
49.5000000000	-0.2685814023	-0.0026858140
49.5192307692	-0.2606751053	-0.0026067511
49.5384615385	-0.2527387434	-0.0025273874
49.5576923077	-0.2447732400	-0.0024477324
49.5769230769	-0.2367795086	-0.0023677951
49.5961538462	-0.2287584555	-0.0022875846
49.6153846154	-0.2207109825	-0.0022071098
49.6346153846	-0.2126379890	-0.0021263799
49.6538461538	-0.2045403745	-0.0020454037
49.6730769231	-0.1964190405	-0.0019641904
49.6923076923	-0.1882748924	-0.0018827489
49.7115384615	-0.1801088412	-0.0018010884
49.7307692308	-0.1719218052	-0.0017192181
49.7500000000	-0.1637147108	-0.0016371471
49.7692307692	-0.1554884944	-0.0015548849
49.7884615385	-0.1472441026	-0.0014724410
49.8076923077	-0.1389824930	-0.0013898249
49.8269230769	-0.1307046350	-0.0013070464
49.8461538462	-0.1224115098	-0.0012241151
49.8653846154	-0.1141041107	-0.0011410411
49.8846153846	-0.1057834427	-0.0010578344
49.9038461538	-0.0974505225	-0.0009745052
49.9230769231	-0.0891063782	-0.0008910638
49.9423076923	-0.0807520485	-0.0008075205
49.9615384615	-0.0723885820	-0.0007238858
49.9807692308	-0.0640170368	-0.0006401704
50.0000000000	-0.0556384794	-0.0005563848
50.0192307692	-0.0472539837	-0.0004725398
50.0384615385	-0.0388646304	-0.0003886463
50.0576923077	-0.0304715056	-0.0003047151
50.0769230769	-0.0220757002	-0.0002207570
50.0961538462	-0.0136783088	-0.0001367831
50.1153846154	-0.0052804285	-0.0000528043
50.1346153846	0.0031168413	0.0000311684
50.1538461538	0.0115124003	0.0001151240
50.1730769231	0.0199051480	0.0001990515
50.1923076923	0.0282939838	0.0002829398
50.2115384615	0.0366778079	0.0003667781
50.2307692308	0.0450555217	0.0004505552
50.2500000000	0.0534260277	0.0005342603
50.2692307692	0.0617882300	0.0006178823
50.2884615385	0.0701410340	0.0007014103
50.3076923077	0.0784833460	0.0007848335
50.3269230769	0.0868140735	0.0008681407
50.3461538462	0.0951321238	0.0009513212
50.3653846154	0.1034364043	0.0010343640
50.3846153846	0.1117258209	0.0011172582
50.4038461538	0.1199992776	0.0011999928
50.4230769231	0.1282556754	0.0012825568
50.4423076923	0.1364939109	0.0013649391
50.4615384615	0.1447128755	0.0014471288
50.4807692308	0.1529114536	0.0015291145
50.5000000000	0.1610885218	0.0016108852
50.5192307692	0.1692429471	0.0016924295
50.5384615385	0.1773735856	0.0017737359
50.5576923077	0.1854792814	0.0018547928
50.5769230769	0.1935588647	0.0019355886
50.5961538462	0.2016111509	0.0020161115
50.6153846154	0.2096349393	0.0020963494
50.6346153846	0.2176290119	0.0021762901
50.6538461538	0.2255921323	0.0022559213
50.6730769231	0.2335230449	0.0023352304
50.6923076923	0.2414204742	0.0024142047
50.7115384615	0.2492831242	0.0024928312
50.7307692308	0.2571096783	0.0025710968
50.7500000000	0.2648987988	0.0026489880
50.7692307692	0.2726491272	0.0027264913
50.7884615385	0.2803592847	0.0028035928
50.8076923077	0.2880278726	0.0028802787
50.8269230769	0.2956534735	0.0029565347
50.8461538462	0.3032346521	0.0030323465
50.8653846154	0.3107699568	0.0031076996
50.8846153846	0.3182579215	0.0031825792
50.9038461538	0.3256970676	0.0032569707
50.9230769231	0.3330859063	0.0033308591
50.9423076923	0.3404229409	0.0034042294
50.9615384615	0.3477066700	0.0034770667
50.9807692308	0.3549355902	0.0035493559
51.0000000000	0.3621081997	0.0036210820
51.0192307692	0.3692230015	0.0036922300
51.0384615385	0.3762785072	0.0037627851
51.0576923077	0.3832732409	0.0038327324
51.0769230769	0.3902057431	0.0039020574
51.0961538462	0.3970745752	0.0039707458
51.1153846154	0.4038783228	0.0040387832
51.1346153846	0.4106156008	0.0041061560
51.1538461538	0.4172850576	0.0041728506
51.1730769231	0.4238853786	0.0042388538
51.1923076923	0.4304152914	0.0043041529
51.2115384615	0.4368735694	0.0043687357
51.2307692308	0.4432590358	0.0044325904
51.2500000000	0.4495705676	0.0044957057
51.2692307692	0.4558070994	0.0045580710
51.2884615385	0.4619676269	0.0046196763
51.3076923077	0.4680512097	0.0046805121
51.3269230769	0.4740569748	0.0047405697
51.3461538462	0.4799841191	0.0047998412
51.3653846154	0.4858319114	0.0048583191
51.3846153846	0.4915996949	0.0049159969
51.4038461538	0.4972868884	0.0049728689
51.4230769231	0.5028929874	0.0050289299
51.4423076923	0.5084175653	0.0050841757
51.4615384615	0.5138602733	0.0051386027
51.4807692308	0.5192208405	0.0051922084
51.5000000000	0.5244990733	0.0052449907
51.5192307692	0.5296948543	0.0052969485
51.5384615385	0.5348081407	0.0053480814
51.5576923077	0.5398389628	0.0053983896
51.5769230769	0.5447874211	0.0054478742
51.5961538462	0.5496536837	0.0054965368
51.6153846154	0.5544379833	0.0055443798
51.6346153846	0.5591406129	0.0055914061
51.6538461538	0.5637619224	0.0056376192
51.6730769231	0.5683023137	0.0056830231
51.6923076923	0.5727622364	0.0057276224
51.7115384615	0.5771421824	0.0057714218
51.7307692308	0.5814426804	0.0058144268
51.7500000000	0.5856642909	0.0058566429
51.7692307692	0.5898075998	0.0058980760
51.7884615385	0.5938732128	0.0059387321
51.8076923077	0.5978617492	0.0059786175
51.8269230769	0.6017738356	0.0060177384
51.8461538462	0.6056100997	0.0060561010
51.8653846154	0.6093711641	0.0060937116
51.8846153846	0.6130576400	0.0061305764
51.9038461538	0.6166701211	0.0061667012
51.9230769231	0.6202091776	0.0062020918
51.9423076923	0.6236753501	0.0062367535
51.9615384615	0.6270691442	0.0062706914
51.9807692308	0.6303910248	0.0063039102
52.0000000000	0.6336414111	0.0063364141
52.0192307692	0.6368206716	0.0063682067
52.0384615385	0.6399291194	0.0063992912
52.0576923077	0.6429670083	0.0064296701
52.0769230769	0.6459345290	0.0064593453
52.0961538462	0.6488318052	0.0064883181
52.1153846154	0.6516588914	0.0065165889
52.1346153846	0.6544157699	0.0065441577
52.1538461538	0.6571023486	0.0065710235
52.1730769231	0.6597184600	0.0065971846
52.1923076923	0.6622638597	0.0066226386
52.2115384615	0.6647382259	0.0066473823
52.2307692308	0.6671411592	0.0066714116
52.2500000000	0.6694721834	0.0066947218
52.2692307692	0.6717307455	0.0067173075
52.2884615385	0.6739162178	0.0067391622
52.3076923077	0.6760278993	0.0067602790
52.3269230769	0.6780650179	0.0067806502
52.3461538462	0.6800267332	0.0068002673
52.3653846154	0.6819121390	0.0068191214
52.3846153846	0.6837202673	0.0068372027
52.4038461538	0.6854500917	0.0068545009
52.4230769231	0.6871005314	0.0068710053
52.4423076923	0.6886704554	0.0068867046
52.4615384615	0.6901586874	0.0069015869
52.4807692308	0.6915640104	0.0069156401
52.5000000000	0.6928851717	0.0069288517
52.5192307692	0.6941208877	0.0069412089
52.5384615385	0.6952698499	0.0069526985
52.5576923077	0.6963307293	0.0069633073
52.5769230769	0.6973021827	0.0069730218
52.5961538462	0.6981828572	0.0069818286
52.6153846154	0.6989713964	0.0069897140
52.6346153846	0.6996664452	0.0069966645
52.6538461538	0.7002666552	0.0070026666
52.6730769231	0.7007706900	0.0070077069
52.6923076923	0.7011772300	0.0070117723
52.7115384615	0.7014849776	0.0070148498
52.7307692308	0.7016926615	0.0070169266
52.7500000000	0.7017990415	0.0070179904
52.7692307692	0.7018029126	0.0070180291
52.7884615385	0.7017031091	0.0070170311
52.8076923077	0.7014985087	0.0070149851
52.8269230769	0.7011880353	0.0070118804
52.8461538462	0.7007706632	0.0070077066
52.8653846154	0.7002454193	0.0070024542
52.8846153846	0.6996113863	0.0069961139
52.9038461538	0.6988677050	0.0069886771
52.9230769231	0.6980135765	0.0069801358
52.9423076923	0.6970482640	0.0069704826
52.9615384615	0.6959710944	0.0069597109
52.9807692308	0.6947814597	0.0069478146
53.0000000000	0.6934788181	0.0069347882
53.0192307692	0.6920626948	0.0069206269
53.0384615385	0.6905326827	0.0069053268
53.0576923077	0.6888884424	0.0068888844
53.0769230769	0.6871297027	0.0068712970
53.0961538462	0.6852562604	0.0068525626
53.1153846154	0.6832679801	0.0068326798
53.1346153846	0.6811647937	0.0068116479
53.1538461538	0.6789466997	0.0067894670
53.1730769231	0.6766137628	0.0067661376
53.1923076923	0.6741661126	0.0067416611
53.2115384615	0.6716039429	0.0067160394
53.2307692308	0.6689275107	0.0066892751
53.2500000000	0.6661371344	0.0066613713
53.2692307692	0.6632331931	0.0066323319
53.2884615385	0.6602161254	0.0066021613
53.3076923077	0.6570864270	0.0065708643
53.3269230769	0.6538446506	0.0065384465
53.3461538462	0.6504914031	0.0065049140
53.3653846154	0.6470273450	0.0064702734
53.3846153846	0.6434531884	0.0064345319
53.4038461538	0.6397696953	0.0063976970
53.4230769231	0.6359776764	0.0063597768
53.4423076923	0.6320779891	0.0063207799
53.4615384615	0.6280715359	0.0062807154
53.4807692308	0.6239592628	0.0062395926
53.5000000000	0.6197421577	0.0061974216
53.5192307692	0.6154212484	0.0061542125
53.5384615385	0.6109976012	0.0061099760
53.5576923077	0.6064723191	0.0060647232
53.5769230769	0.6018465396	0.0060184654
53.5961538462	0.5971214337	0.0059712143
53.6153846154	0.5922982034	0.0059229820
53.6346153846	0.5873780802	0.0058737808
53.6538461538	0.5823623229	0.0058236232
53.6730769231	0.5772522163	0.0057725222
53.6923076923	0.5720490685	0.0057204907
53.7115384615	0.5667542093	0.0056675421
53.7307692308	0.5613689884	0.0056136899
53.7500000000	0.5558947727	0.0055589477
53.7692307692	0.5503329447	0.0055033294
53.7884615385	0.5446849001	0.0054468490
53.8076923077	0.5389520458	0.0053895205
53.8269230769	0.5331357975	0.0053313580
53.8461538462	0.5272375775	0.0052723758
53.8653846154	0.5212588124	0.0052125881
53.8846153846	0.5152009309	0.0051520093
53.9038461538	0.5090653614	0.0050906536
53.9230769231	0.5028535298	0.0050285353
53.9423076923	0.4965668569	0.0049656686
53.9615384615	0.4902067565	0.0049020676
53.9807692308	0.4837746330	0.0048377463
54.0000000000	0.4772718792	0.0047727188
54.0192307692	0.4706998741	0.0047069987
54.0384615385	0.4640599807	0.0046405998
54.0576923077	0.4573535444	0.0045735354
54.0769230769	0.4505818907	0.0045058189
54.0961538462	0.4437463234	0.0044374632
54.1153846154	0.4368481232	0.0043684812
54.1346153846	0.4298885461	0.0042988855
54.1538461538	0.4228688217	0.0042286882
54.1730769231	0.4157901525	0.0041579015
54.1923076923	0.4086537124	0.0040865371
54.2115384615	0.4014606462	0.0040146065
54.2307692308	0.3942120685	0.0039421207
54.2500000000	0.3869090640	0.0038690906
54.2692307692	0.3795526865	0.0037955269
54.2884615385	0.3721439596	0.0037214396
54.3076923077	0.3646838764	0.0036468388
54.3269230769	0.3571734003	0.0035717340
54.3461538462	0.3496134656	0.0034961347
54.3653846154	0.3420049788	0.0034200498
54.3846153846	0.3343488193	0.0033434882
54.4038461538	0.3266458413	0.0032664584
54.4230769231	0.3188968750	0.0031889687
54.4423076923	0.3111027291	0.0031110273
54.4615384615	0.3032641927	0.0030326419
54.4807692308	0.2953820373	0.0029538204
54.5000000000	0.2874570198	0.0028745702
54.5192307692	0.2794898850	0.0027948989
54.5384615385	0.2714813685	0.0027148137
54.5576923077	0.2634321997	0.0026343220
54.5769230769	0.2553431050	0.0025534311
54.5961538462	0.2472148110	0.0024721481
54.6153846154	0.2390480477	0.0023904805
54.6346153846	0.2308435523	0.0023084355
54.6538461538	0.2226020722	0.0022260207
54.6730769231	0.2143243688	0.0021432437
54.6923076923	0.2060112203	0.0020601122
54.7115384615	0.1976634262	0.0019766343
54.7307692308	0.1892818094	0.0018928181
54.7500000000	0.1808672202	0.0018086722
54.7692307692	0.1724205393	0.0017242054
54.7884615385	0.1639426807	0.0016394268
54.8076923077	0.1554345944	0.0015543459
54.8269230769	0.1468972693	0.0014689727
54.8461538462	0.1383317355	0.0013833174
54.8653846154	0.1297390664	0.0012973907
54.8846153846	0.1211203809	0.0012112038
54.9038461538	0.1124768449	0.0011247684
54.9230769231	0.1038096727	0.0010380967
54.9423076923	0.0951201284	0.0009512013
54.9615384615	0.0864095263	0.0008640953
54.9807692308	0.0776792320	0.0007767923
55.0000000000	0.0689306618	0.0006893066
55.0192307692	0.0601652835	0.0006016528
55.0384615385	0.0513846150	0.0005138462
55.0576923077	0.0425902245	0.0004259022
55.0769230769	0.0337837286	0.0003378373
55.0961538462	0.0249667914	0.0002496679
55.1153846154	0.0161411226	0.0001614112
55.1346153846	0.0073084754	0.0000730848
55.1538461538	-0.0015293553	-0.0000152936
55.1730769231	-0.0103705360	-0.0001037054
55.1923076923	-0.0192131973	-0.0001921320
55.2115384615	-0.0280554364	-0.0002805544
55.2307692308	-0.0368953211	-0.0003689532
55.2500000000	-0.0457308925	-0.0004573089
55.2692307692	-0.0545601692	-0.0005456017
55.2884615385	-0.0633811507	-0.0006338115
55.3076923077	-0.0721918210	-0.0007219182
55.3269230769	-0.0809901532	-0.0008099015
55.3461538462	-0.0897741129	-0.0008977411
55.3653846154	-0.0985416623	-0.0009854166
55.3846153846	-0.1072907645	-0.0010729076
55.4038461538	-0.1160193873	-0.0011601939
55.4230769231	-0.1247255071	-0.0012472551
55.4423076923	-0.1334071131	-0.0013340711
55.4615384615	-0.1420622105	-0.0014206221
55.4807692308	-0.1506888247	-0.0015068882
55.5000000000	-0.1592850047	-0.0015928500
55.5192307692	-0.1678488261	-0.0016784883
55.5384615385	-0.1763783947	-0.0017637839
55.5576923077	-0.1848718491	-0.0018487185
55.5769230769	-0.1933273637	-0.0019332736
55.5961538462	-0.2017431509	-0.0020174315
55.6153846154	-0.2101174635	-0.0021011746
55.6346153846	-0.2184485967	-0.0021844860
55.6538461538	-0.2267348896	-0.0022673489
55.6730769231	-0.2349747270	-0.0023497473
55.6923076923	-0.2431665400	-0.0024316654
55.7115384615	-0.2513088075	-0.0025130881
55.7307692308	-0.2594000564	-0.0025940006
55.7500000000	-0.2674388621	-0.0026743886
55.7692307692	-0.2754238483	-0.0027542385
55.7884615385	-0.2833536872	-0.0028335369
55.8076923077	-0.2912270992	-0.0029122710
55.8269230769	-0.2990428515	-0.0029904285
55.8461538462	-0.3067997580	-0.0030679976
55.8653846154	-0.3144966780	-0.0031449668
55.8846153846	-0.3221325148	-0.0032213251
55.9038461538	-0.3297062145	-0.0032970621
55.9230769231	-0.3372167644	-0.0033721676
55.9423076923	-0.3446631913	-0.0034466319
55.9615384615	-0.3520445600	-0.0035204456
55.9807692308	-0.3593599711	-0.0035935997
56.0000000000	-0.3666085595	-0.0036660856
56.0192307692	-0.3737894922	-0.0037378949
56.0384615385	-0.3809019666	-0.0038090197
56.0576923077	-0.3879452088	-0.0038794521
56.0769230769	-0.3949184713	-0.0039491847
56.0961538462	-0.4018210317	-0.0040182103
56.1153846154	-0.4086521908	-0.0040865219
56.1346153846	-0.4154112711	-0.0041541127
56.1538461538	-0.4220976151	-0.0042209762
56.1730769231	-0.4287105846	-0.0042871058
56.1923076923	-0.4352495587	-0.0043524956
56.2115384615	-0.4417139334	-0.0044171393
56.2307692308	-0.4481031207	-0.0044810312
56.2500000000	-0.4544165475	-0.0045441655
56.2692307692	-0.4606536557	-0.0046065366
56.2884615385	-0.4668139016	-0.0046681390
56.3076923077	-0.4728967557	-0.0047289676
56.3269230769	-0.4789017029	-0.0047890170
56.3461538462	-0.4848282430	-0.0048482824
56.3653846154	-0.4906758906	-0.0049067589
56.3846153846	-0.4964441763	-0.0049644418
56.4038461538	-0.5021326468	-0.0050213265
56.4230769231	-0.5077408665	-0.0050774087
56.4423076923	-0.5132684179	-0.0051326842
56.4615384615	-0.5187149031	-0.0051871490
56.4807692308	-0.5240799451	-0.0052407995
56.5000000000	-0.5293631887	-0.0052936319
56.5192307692	-0.5345643020	-0.0053456430
56.5384615385	-0.5396829782	-0.0053968298
56.5576923077	-0.5447189362	-0.0054471894
56.5769230769	-0.5496719228	-0.0054967192
56.5961538462	-0.5545417132	-0.0055454171
56.6153846154	-0.5593281130	-0.0055932811
56.6346153846	-0.5640309589	-0.0056403096
56.6538461538	-0.5686501197	-0.0056865012
56.6730769231	-0.5731854978	-0.0057318550
56.6923076923	-0.5776370290	-0.0057763703
56.7115384615	-0.5820046841	-0.0058200468
56.7307692308	-0.5862884684	-0.0058628847
56.7500000000	-0.5904884224	-0.0059048842
56.7692307692	-0.5946046215	-0.0059460462
56.7884615385	-0.5986371757	-0.0059863718
56.8076923077	-0.6025862290	-0.0060258623
56.8269230769	-0.6064519585	-0.0060645196
56.8461538462	-0.6102345732	-0.0061023457
56.8653846154	-0.6139343128	-0.0061393431
56.8846153846	-0.6175514457	-0.0061755145
56.9038461538	-0.6210862673	-0.0062108627
56.9230769231	-0.6245390973	-0.0062453910
56.9423076923	-0.6279102775	-0.0062791028
56.9615384615	-0.6312001687	-0.0063120017
56.9807692308	-0.6344091479	-0.0063440915
57.0000000000	-0.6375376048	-0.0063753760
57.0192307692	-0.6405859380	-0.0064058594
57.0384615385	-0.6435545518	-0.0064355455
57.0576923077	-0.6464438518	-0.0064644385
57.0769230769	-0.6492542410	-0.0064925424
57.0961538462	-0.6519861156	-0.0065198612
57.1153846154	-0.6546398605	-0.0065463986
57.1346153846	-0.6572158450	-0.0065721585
57.1538461538	-0.6597144185	-0.0065971442
57.1730769231	-0.6621359058	-0.0066213591
57.1923076923	-0.6644806029	-0.0066448060
57.2115384615	-0.6667487723	-0.0066674877
57.2307692308	-0.6689406392	-0.0066894064
57.2500000000	-0.6710563870	-0.0067105639
57.2692307692	-0.6730961535	-0.0067309615
57.2884615385	-0.6750600271	-0.0067506003
57.3076923077	-0.6769480430	-0.0067694804
57.3269230769	-0.6787601804	-0.0067876018
57.3461538462	-0.6804963591	-0.0068049636
57.3653846154	-0.6821564370	-0.0068215644
57.3846153846	-0.6837402078	-0.0068374021
57.4038461538	-0.6852473989	-0.0068524740
57.4230769231	-0.6866776700	-0.0068667767
57.4423076923	-0.6880306118	-0.0068803061
57.4615384615	-0.6893057455	-0.0068930575
57.4807692308	-0.6905025223	-0.0069050252
57.5000000000	-0.6916203239	-0.0069162032
57.5192307692	-0.6926584627	-0.0069265846
57.5384615385	-0.6936161833	-0.0069361618
57.5576923077	-0.6944926640	-0.0069449266
57.5769230769	-0.6952870186	-0.0069528702
57.5961538462	-0.6959982993	-0.0069599830
57.6153846154	-0.6966254990	-0.0069662550
57.6346153846	-0.6971675557	-0.0069716756
57.6538461538	-0.6976233550	-0.0069762336
57.6730769231	-0.6979917356	-0.0069799174
57.6923076923	-0.6982714927	-0.0069827149
57.7115384615	-0.6984613836	-0.0069846138
57.7307692308	-0.6985601327	-0.0069856013
57.7500000000	-0.6985664370	-0.0069856644
57.7692307692	-0.6984789720	-0.0069847897
57.7884615385	-0.6982963973	-0.0069829640
57.8076923077	-0.6980173630	-0.0069801736
57.8269230769	-0.6976405163	-0.0069764052
57.8461538462	-0.6971645071	-0.0069716451
57.8653846154	-0.6965879953	-0.0069658800
57.8846153846	-0.6959096567	-0.0069590966
57.9038461538	-0.6951281897	-0.0069512819
57.9230769231	-0.6942423215	-0.0069424232
57.9423076923	-0.6932508147	-0.0069325081
57.9615384615	-0.6921524732	-0.0069215247
57.9807692308	-0.6909461483	-0.0069094615
58.0000000000	-0.6896307444	-0.0068963074
58.0192307692	-0.6882052244	-0.0068820522
58.0384615385	-0.6866686151	-0.0068666862
58.0576923077	-0.6850200121	-0.0068502001
58.0769230769	-0.6832585841	-0.0068325858
58.0961538462	-0.6813835774	-0.0068138358
58.1153846154	-0.6793943197	-0.0067939432
58.1346153846	-0.6772902232	-0.0067729022
58.1538461538	-0.6750707878	-0.0067507079
58.1730769231	-0.6727356035	-0.0067273560
58.1923076923	-0.6702843525	-0.0067028435
58.2115384615	-0.6677168110	-0.0066771681
58.2307692308	-0.6650328500	-0.0066503285
58.2500000000	-0.6622324362	-0.0066223244
58.2692307692	-0.6593156323	-0.0065931563
58.2884615385	-0.6562825965	-0.0065628260
58.3076923077	-0.6531335823	-0.0065313358
58.3269230769	-0.6498689368	-0.0064986894
58.3461538462	-0.6464890998	-0.0064648910
58.3653846154	-0.6429946016	-0.0064299460
58.3846153846	-0.6393860610	-0.0063938606
58.4038461538	-0.6356641823	-0.0063566418
58.4230769231	-0.6318297527	-0.0063182975
58.4423076923	-0.6278836391	-0.0062788364
58.4615384615	-0.6238267847	-0.0062382678
58.4807692308	-0.6196602050	-0.0061966021
58.5000000000	-0.6153849843	-0.0061538498
58.5192307692	-0.6110022713	-0.0061100227
58.5384615385	-0.6065132752	-0.0060651328
58.5576923077	-0.6019192615	-0.0060191926
58.5769230769	-0.5972215473	-0.0059722155
58.5961538462	-0.5924214972	-0.0059242150
58.6153846154	-0.5875205189	-0.0058752052
58.6346153846	-0.5825200590	-0.0058252006
58.6538461538	-0.5774215982	-0.0057742160
58.6730769231	-0.5722266479	-0.0057222665
58.6923076923	-0.5669367455	-0.0056693675
58.7115384615	-0.5615534509	-0.0056155345
58.7307692308	-0.5560783424	-0.0055607834
58.7500000000	-0.5505130133	-0.0055051301
58.7692307692	-0.5448590686	-0.0054485907
58.7884615385	-0.5391181215	-0.0053911812
58.8076923077	-0.5332917911	-0.0053329179
58.8269230769	-0.5273816990	-0.0052738170
58.8461538462	-0.5213894672	-0.0052138947
58.8653846154	-0.5153167161	-0.0051531672
58.8846153846	-0.5091650619	-0.0050916506
58.9038461538	-0.5029361157	-0.0050293612
58.9230769231	-0.4966314815	-0.0049663148
58.9423076923	-0.4902527551	-0.0049025276
58.9615384615	-0.4838015233	-0.0048380152
58.9807692308	-0.4772793629	-0.0047727936
59.0000000000	-0.4706878403	-0.0047068784
59.0192307692	-0.4640285109	-0.0046402851
59.0384615385	-0.4573029195	-0.0045730292
59.0576923077	-0.4505125996	-0.0045051260
59.0769230769	-0.4436590739	-0.0044365907
59.0961538462	-0.4367438544	-0.0043674385
59.1153846154	-0.4297684427	-0.0042976844
59.1346153846	-0.4227343308	-0.0042273433
59.1538461538	-0.4156430011	-0.0041564300
59.1730769231	-0.4084959269	-0.0040849593
59.1923076923	-0.4012945736	-0.0040129457
59.2115384615	-0.3940403984	-0.0039404040
59.2307692308	-0.3867348512	-0.0038673485
59.2500000000	-0.3793793752	-0.0037937938
59.2692307692	-0.3719754070	-0.0037197541
59.2884615385	-0.3645243771	-0.0036452438
59.3076923077	-0.3570277099	-0.0035702771
59.3269230769	-0.3494868243	-0.0034948682
59.3461538462	-0.3419031334	-0.0034190313
59.3653846154	-0.3342780441	-0.0033427804
59.3846153846	-0.3266129577	-0.0032661296
59.4038461538	-0.3189092687	-0.0031890927
59.4230769231	-0.3111683646	-0.0031116836
59.4423076923	-0.3033916255	-0.0030339163
59.4615384615	-0.2955804231	-0.0029558042
59.4807692308	-0.2877361197	-0.0028773612
59.5000000000	-0.2798600675	-0.0027986007
59.5192307692	-0.2719536069	-0.0027195361
59.5384615385	-0.2640180662	-0.0026401807
59.5576923077	-0.2560547593	-0.0025605476
59.5769230769	-0.2480649849	-0.0024806498
59.5961538462	-0.2400500248	-0.0024005002
59.6153846154	-0.2320111426	-0.0023201114
59.6346153846	-0.2239495821	-0.0022394958
59.6538461538	-0.2158665656	-0.0021586657
59.6730769231	-0.2077632926	-0.0020776329
59.6923076923	-0.1996409385	-0.0019964094
59.7115384615	-0.1915006529	-0.0019150065
59.7307692308	-0.1833435583	-0.0018334356
59.7500000000	-0.1751707493	-0.0017517075
59.7692307692	-0.1669832910	-0.0016698329
59.7884615385	-0.1587822184	-0.0015878222
59.8076923077	-0.1505685357	-0.0015056854
59.8269230769	-0.1423432153	-0.0014234322
59.8461538462	-0.1341071979	-0.0013410720
59.8653846154	-0.1258613922	-0.0012586139
59.8846153846	-0.1176066747	-0.0011760667
59.9038461538	-0.1093438904	-0.0010934389
59.9230769231	-0.1010738531	-0.0010107385
59.9423076923	-0.0927973464	-0.0009279735
59.9615384615	-0.0845151245	-0.0008451512
59.9807692308	-0.0762279140	-0.0007622791
60.0000000000	-0.0679364149	-0.0006793641
60.0192307692	-0.0596413031	-0.0005964130
60.0384615385	-0.0513432320	-0.0005134323
60.0576923077	-0.0430428351	-0.0004304284
60.0769230769	-0.0347407286	-0.0003474073
60.0961538462	-0.0264375142	-0.0002643751
60.1153846154	-0.0181337821	-0.0001813378
60.1346153846	-0.0098301141	-0.0000983011
60.1538461538	-0.0015270872	-0.0000152709
60.1730769231	0.0067747233	0.0000677472
60.1923076923	0.0150747395	0.0001507474
60.2115384615	0.0233723779	0.0002337238
60.2307692308	0.0316670454	0.0003166705
60.2500000000	0.0399581351	0.0003995814
60.2692307692	0.0482450232	0.0004824502
60.2884615385	0.0565270646	0.0005652706
60.3076923077	0.0648035897	0.0006480359
60.3269230769	0.0730739004	0.0007307390
60.3461538462	0.0813372668	0.0008133727
60.3653846154	0.0895929238	0.0008959292
60.3846153846	0.0978400682	0.0009784007
60.4038461538	0.1060778553	0.0010607786
60.4230769231	0.1143053969	0.0011430540
60.4423076923	0.1225217582	0.0012252176
60.4615384615	0.1307259562	0.0013072596
60.4807692308	0.1389169578	0.0013891696
60.5000000000	0.1470936784	0.0014709368
60.5192307692	0.1552549807	0.0015525498
60.5384615385	0.1633996742	0.0016339967
60.5576923077	0.1715265147	0.0017152651
60.5769230769	0.1796342048	0.0017963420
60.5961538462	0.1877213939	0.0018772139
60.6153846154	0.1957866799	0.0019578668
60.6346153846	0.2038286095	0.0020382861
60.6538461538	0.2118456811	0.0021184568
60.6730769231	0.2198363463	0.0021983635
60.6923076923	0.2277990124	0.0022779901
60.7115384615	0.2357320461	0.0023573205
60.7307692308	0.2436337758	0.0024363378
60.7500000000	0.2515024963	0.0025150250
60.7692307692	0.2593364721	0.0025933647
60.7884615385	0.2671339420	0.0026713394
60.8076923077	0.2748931238	0.0027489312
60.8269230769	0.2826122188	0.0028261222
60.8461538462	0.2902894173	0.0029028942
60.8653846154	0.2979229035	0.0029792290
60.8846153846	0.3055108611	0.0030551086
60.9038461538	0.3130514787	0.0031305148
60.9230769231	0.3205429553	0.0032054296
60.9423076923	0.3279835062	0.0032798351
60.9615384615	0.3353713683	0.0033537137
60.9807692308	0.3427048058	0.0034270481
61.0000000000	0.3499821155	0.0034998212
61.0192307692	0.3572016326	0.0035720163
61.0384615385	0.3643617353	0.0036436174
61.0576923077	0.3714608503	0.0037146085
61.0769230769	0.3784974570	0.0037849746
61.0961538462	0.3854700928	0.0038547009
61.1153846154	0.3923773563	0.0039237736
61.1346153846	0.3992179120	0.0039921791
61.1538461538	0.4059904934	0.0040599049
61.1730769231	0.4126939060	0.0041269391
61.1923076923	0.4193270304	0.0041932703
61.2115384615	0.4258888244	0.0042588882
61.2307692308	0.4323783247	0.0043237832
61.2500000000	0.4387946485	0.0043879465
61.2692307692	0.4451369944	0.0044513699
61.2884615385	0.4514046429	0.0045140464
61.3076923077	0.4575969562	0.0045759696
61.3269230769	0.4637133782	0.0046371338
61.3461538462	0.4697534331	0.0046975343
61.3653846154	0.4757167242	0.0047571672
61.3846153846	0.4816029322	0.0048160293
61.4038461538	0.4874118128	0.0048741181
61.4230769231	0.4931431943	0.0049314319
61.4423076923	0.4987969742	0.0049879697
61.4615384615	0.5043731159	0.0050437312
61.4807692308	0.5098716453	0.0050987165
61.5000000000	0.5152926463	0.0051529265
61.5192307692	0.5206362566	0.0052063626
61.5384615385	0.5259026632	0.0052590266
61.5576923077	0.5310920975	0.0053109210
61.5769230769	0.5362048305	0.0053620483
61.5961538462	0.5412411673	0.0054124117
61.6153846154	0.5462014421	0.0054620144
61.6346153846	0.5510860129	0.0055108601
61.6538461538	0.5558952561	0.0055589526
61.6730769231	0.5606295610	0.0056062956
61.6923076923	0.5652893246	0.0056528932
61.7115384615	0.5698749463	0.0056987495
61.7307692308	0.5743868229	0.0057438682
61.7500000000	0.5788253430	0.0057882534
61.7692307692	0.5831908829	0.0058319088
61.7884615385	0.5874838012	0.0058748380
61.8076923077	0.5917044351	0.0059170444
61.8269230769	0.5958530953	0.0059585310
61.8461538462	0.5999300626	0.0059993006
61.8653846154	0.6039355842	0.0060393558
61.8846153846	0.6078698701	0.0060786987
61.9038461538	0.6117330901	0.0061173309
61.9230769231	0.6155253712	0.0061552537
61.9423076923	0.6192467949	0.0061924679
61.9615384615	0.6228973954	0.0062289740
61.9807692308	0.6264771578	0.0062647716
62.0000000000	0.6299860165	0.0062998602
62.0192307692	0.6334238544	0.0063342385
62.0384615385	0.6367905023	0.0063679050
62.0576923077	0.6400857379	0.0064008574
62.0769230769	0.6433092863	0.0064330929
62.0961538462	0.6464608203	0.0064646082
62.1153846154	0.6495399604	0.0064953996
62.1346153846	0.6525462761	0.0065254628
62.1538461538	0.6554792864	0.0065547929
62.1730769231	0.6583384620	0.0065833846
62.1923076923	0.6611232260	0.0066112323
62.2115384615	0.6638329559	0.0066383296
62.2307692308	0.6664669857	0.0066646699
62.2500000000	0.6690246078	0.0066902461
62.2692307692	0.6715050753	0.0067150508
62.2884615385	0.6739076041	0.0067390760
62.3076923077	0.6762313758	0.0067623138
62.3269230769	0.6784755398	0.0067847554
62.3461538462	0.6806392160	0.0068063922
62.3653846154	0.6827214975	0.0068272150
62.3846153846	0.6847214530	0.0068472145
62.4038461538	0.6866381297	0.0068663813
62.4230769231	0.6884705557	0.0068847056
62.4423076923	0.6902177426	0.0069021774
62.4615384615	0.6918786881	0.0069187869
62.4807692308	0.6934523786	0.0069345238
62.5000000000	0.6949377913	0.0069493779
62.5192307692	0.6963338968	0.0069633390
62.5384615385	0.6976396614	0.0069763966
62.5576923077	0.6988540490	0.0069885405
62.5769230769	0.6999760236	0.0069997602
62.5961538462	0.7010045510	0.0070100455
62.6153846154	0.7019386009	0.0070193860
62.6346153846	0.7027771486	0.0070277715
62.6538461538	0.7035191768	0.0070351918
62.6730769231	0.7041636776	0.0070416368
62.6923076923	0.7047096535	0.0070470965
62.7115384615	0.7051561195	0.0070515612
62.7307692308	0.7055021043	0.0070550210
62.7500000000	0.7057466517	0.0070574665
62.7692307692	0.7058888222	0.0070588882
62.7884615385	0.7059276941	0.0070592769
62.8076923077	0.7058623652	0.0070586237
62.8269230769	0.7056919536	0.0070569195
62.8461538462	0.7054155994	0.0070541560
62.8653846154	0.7050324659	0.0070503247
62.8846153846	0.7045417409	0.0070454174
62.9038461538	0.7039426381	0.0070394264
62.9230769231	0.7032343981	0.0070323440
62.9423076923	0.7024162904	0.0070241629
62.9615384615	0.7014876143	0.0070148761
62.9807692308	0.7004477007	0.0070044770
63.0000000000	0.6992959134	0.0069929591
63.0192307692	0.6980316505	0.0069803165
63.0384615385	0.6966543464	0.0069665435
63.0576923077	0.6951634731	0.0069516347
63.0769230769	0.6935585421	0.0069355854
63.0961538462	0.6918391057	0.0069183911
63.1153846154	0.6900047591	0.0069000476
63.1346153846	0.6880551422	0.0068805514
63.1538461538	0.6859899410	0.0068598994
63.1730769231	0.6838088895	0.0068380889
63.1923076923	0.6815117718	0.0068151177
63.2115384615	0.6790984232	0.0067909842
63.2307692308	0.6765687327	0.0067656873
63.2500000000	0.6739226438	0.0067392264
63.2692307692	0.6711601571	0.0067116016
63.2884615385	0.6682813309	0.0066828133
63.3076923077	0.6652862834	0.0066528628
63.3269230769	0.6621751937	0.0066217519
63.3461538462	0.6589483030	0.0065894830
63.3653846154	0.6556059162	0.0065560592
63.3846153846	0.6521484022	0.0065214840
63.4038461538	0.6485761954	0.0064857620
63.4230769231	0.6448897960	0.0064488980
63.4423076923	0.6410897704	0.0064108977
63.4615384615	0.6371767518	0.0063717675
63.4807692308	0.6331514403	0.0063315144
63.5000000000	0.6290146022	0.0062901460
63.5192307692	0.6247670706	0.0062476707
63.5384615385	0.6204097440	0.0062040974
63.5576923077	0.6159435858	0.0061594359
63.5769230769	0.6113696236	0.0061136962
63.5961538462	0.6066889473	0.0060668895
63.6153846154	0.6019027081	0.0060190271
63.6346153846	0.5970121168	0.0059701212
63.6538461538	0.5920184411	0.0059201844
63.6730769231	0.5869230045	0.0058692300
63.6923076923	0.5817271831	0.0058172718
63.7115384615	0.5764324031	0.0057643240
63.7307692308	0.5710401383	0.0057104014
63.7500000000	0.5655519069	0.0056555191
63.7692307692	0.5599692681	0.0055996927
63.7884615385	0.5542938193	0.0055429382
63.8076923077	0.5485271921	0.0054852719
63.8269230769	0.5426710492	0.0054267105
63.8461538462	0.5367270801	0.0053672708
63.8653846154	0.5306969980	0.0053069700
63.8846153846	0.5245825354	0.0052458254
63.9038461538	0.5183854405	0.0051838544
63.9230769231	0.5121074732	0.0051210747
63.9423076923	0.5057504013	0.0050575040
63.9615384615	0.4993159966	0.0049931600
63.9807692308	0.4928060307	0.0049280603
64.0000000000	0.4862222719	0.0048622227
64.0192307692	0.4795664809	0.0047956648
64.0384615385	0.4728404077	0.0047284041
64.0576923077	0.4660457878	0.0046604579
64.0769230769	0.4591843391	0.0045918434
64.0961538462	0.4522577588	0.0045225776
64.1153846154	0.4452677203	0.0044526772
64.1346153846	0.4382158708	0.0043821587
64.1538461538	0.4311038282	0.0043110383
64.1730769231	0.4239331795	0.0042393318
64.1923076923	0.4167054783	0.0041670548
64.2115384615	0.4094222429	0.0040942224
64.2307692308	0.4020849553	0.0040208496
64.2500000000	0.3946950595	0.0039469506
64.2692307692	0.3872539605	0.0038725396
64.2884615385	0.3797630238	0.0037976302
64.3076923077	0.3722235745	0.0037222357
64.3269230769	0.3646368979	0.0036463690
64.3461538462	0.3570042386	0.0035700424
64.3653846154	0.3493268017	0.0034932680
64.3846153846	0.3416057527	0.0034160575
64.4038461538	0.3338422192	0.0033384222
64.4230769231	0.3260372909	0.0032603729
64.4423076923	0.3181920220	0.0031819202
64.4615384615	0.3103074322	0.0031030743
64.4807692308	0.3023845083	0.0030238451
64.5000000000	0.2944242068	0.0029442421
64.5192307692	0.2864274553	0.0028642746
64.5384615385	0.2783951553	0.0027839516
64.5576923077	0.2703281845	0.0027032818
64.5769230769	0.2622273993	0.0026222740
64.5961538462	0.2540936375	0.0025409364
64.6153846154	0.2459277209	0.0024592772
64.6346153846	0.2377304587	0.0023773046
64.6538461538	0.2295026497	0.0022950265
64.6730769231	0.2212450855	0.0022124509
64.6923076923	0.2129585536	0.0021295855
64.7115384615	0.2046438402	0.0020464384
64.7307692308	0.1963017330	0.0019630173
64.7500000000	0.1879330243	0.0018793302
64.7692307692	0.1795385137	0.0017953851
64.7884615385	0.1711190108	0.0017111901
64.8076923077	0.1626753380	0.0016267534
64.8269230769	0.1542083332	0.0015420833
64.8461538462	0.1457188518	0.0014571885
64.8653846154	0.1372077695	0.0013720777
64.8846153846	0.1286759844	0.0012867598
64.9038461538	0.1201244190	0.0012012442
64.9230769231	0.1115540221	0.0011155402
64.9423076923	0.1029657704	0.0010296577
64.9615384615	0.0943606706	0.0009436067
64.9807692308	0.0857397602	0.0008573976
65.0000000000	0.0771041091	0.0007710411
65.0192307692	0.0684548207	0.0006845482
65.0384615385	0.0597930324	0.0005979303
65.0576923077	0.0511199166	0.0005111992
65.0769230769	0.0424366811	0.0004243668
65.0961538462	0.0337445697	0.0003374457
65.1153846154	0.0250448617	0.0002504486
65.1346153846	0.0163388727	0.0001633887
65.1538461538	0.0076279534	0.0000762795
65.1730769231	-0.0010865096	-0.0000108651
65.1923076923	-0.0098030954	-0.0000980310
65.2115384615	-0.0185203490	-0.0001852035
65.2307692308	-0.0272367820	-0.0002723678
65.2500000000	-0.0359508742	-0.0003595087
65.2692307692	-0.0446610739	-0.0004466107
65.2884615385	-0.0533658002	-0.0005336580
65.3076923077	-0.0620634434	-0.0006206344
65.3269230769	-0.0707523672	-0.0007075237
65.3461538462	-0.0794309102	-0.0007943091
65.3653846154	-0.0880973873	-0.0008809739
65.3846153846	-0.0967500920	-0.0009675009
65.4038461538	-0.1053872981	-0.0010538730
65.4230769231	-0.1140072618	-0.0011400726
65.4423076923	-0.1226082234	-0.0012260822
65.4615384615	-0.1311884102	-0.0013118841
65.4807692308	-0.1397460379	-0.0013974604
65.5000000000	-0.1482793134	-0.0014827931
65.5192307692	-0.1567864369	-0.0015678644
65.5384615385	-0.1652656042	-0.0016526560
65.5576923077	-0.1737150092	-0.0017371501
65.5769230769	-0.1821328463	-0.0018213285
65.5961538462	-0.1905173126	-0.0019051731
65.6153846154	-0.1988666106	-0.0019886661
65.6346153846	-0.2071789504	-0.0020717895
65.6538461538	-0.2154525526	-0.0021545255
65.6730769231	-0.2236856501	-0.0022368565
65.6923076923	-0.2318764910	-0.0023187649
65.7115384615	-0.2400233409	-0.0024002334
65.7307692308	-0.2481244852	-0.0024812449
65.7500000000	-0.2561782317	-0.0025617823
65.7692307692	-0.2641829127	-0.0026418291
65.7884615385	-0.2721368875	-0.0027213689
65.8076923077	-0.2800385448	-0.0028003854
65.8269230769	-0.2878863047	-0.0028788630
65.8461538462	-0.2956786207	-0.0029567862
65.8653846154	-0.3034139825	-0.0030341398
65.8846153846	-0.3110909177	-0.0031109092
65.9038461538	-0.3187079934	-0.0031870799
65.9230769231	-0.3262638192	-0.0032626382
65.9423076923	-0.3337570479	-0.0033375705
65.9615384615	-0.3411863782	-0.0034118638
65.9807692308	-0.3485505559	-0.0034855056
66.0000000000	-0.3558483756	-0.0035584838
66.0192307692	-0.3630786826	-0.0036307868
66.0384615385	-0.3702403737	-0.0037024037
66.0576923077	-0.3773323989	-0.0037733240
66.0769230769	-0.3843537624	-0.0038435376
66.0961538462	-0.3913035239	-0.0039130352
66.1153846154	-0.3981807992	-0.0039818080
66.1346153846	-0.4049847613	-0.0040498476
66.1538461538	-0.4117146406	-0.0041171464
66.1730769231	-0.4183697261	-0.0041836973
66.1923076923	-0.4249493652	-0.0042494937
66.2115384615	-0.4314529638	-0.0043145296
66.2307692308	-0.4378799868	-0.0043787999
66.2500000000	-0.4442299577	-0.0044422996
66.2692307692	-0.4505024581	-0.0045050246
66.2884615385	-0.4566971276	-0.0045669713
66.3076923077	-0.4628136629	-0.0046281366
66.3269230769	-0.4688518166	-0.0046885182
66.3461538462	-0.4748113971	-0.0047481140
66.3653846154	-0.4806922662	-0.0048069227
66.3846153846	-0.4864943386	-0.0048649434
66.4038461538	-0.4922175799	-0.0049221758
66.4230769231	-0.4978620049	-0.0049786200
66.4423076923	-0.5034276755	-0.0050342768
66.4615384615	-0.5089146988	-0.0050891470
66.4807692308	-0.5143232245	-0.0051432322
66.5000000000	-0.5196534429	-0.0051965344
66.5192307692	-0.5249055815	-0.0052490558
66.5384615385	-0.5300799028	-0.0053007990
66.5576923077	-0.5351767012	-0.0053517670
66.5769230769	-0.5401962999	-0.0054019630
66.5961538462	-0.5451390473	-0.0054513905
66.6153846154	-0.5500053144	-0.0055000531
66.6346153846	-0.5547954907	-0.0055479549
66.6538461538	-0.5595099809	-0.0055950998
66.6730769231	-0.5641492012	-0.0056414920
66.6923076923	-0.5687135758	-0.0056871358
66.7115384615	-0.5732035328	-0.0057320353
66.7307692308	-0.5776195009	-0.0057761950
66.7500000000	-0.5819619051	-0.0058196191
66.7692307692	-0.5862311629	-0.0058623116
66.7884615385	-0.5904276811	-0.0059042768
66.8076923077	-0.5945518512	-0.0059455185
66.8269230769	-0.5986040464	-0.0059860405
66.8461538462	-0.6025846174	-0.0060258462
66.8653846154	-0.6064938890	-0.0060649389
66.8846153846	-0.6103321567	-0.0061033216
66.9038461538	-0.6140996833	-0.0061409968
66.9230769231	-0.6177966955	-0.0061779670
66.9423076923	-0.6214233808	-0.0062142338
66.9615384615	-0.6249798850	-0.0062497988
66.9807692308	-0.6284663088	-0.0062846631
67.0000000000	-0.6318827058	-0.0063188271
67.0192307692	-0.6352290798	-0.0063522908
67.0384615385	-0.6385053828	-0.0063850538
67.0576923077	-0.6417115130	-0.0064171151
67.0769230769	-0.6448473134	-0.0064484731
67.0961538462	-0.6479125702	-0.0064791257
67.1153846154	-0.6509070115	-0.0065090701
67.1346153846	-0.6538303068	-0.0065383031
67.1538461538	-0.6566820660	-0.0065668207
67.1730769231	-0.6594618396	-0.0065946184
67.1923076923	-0.6621691181	-0.0066216912
67.2115384615	-0.6648033326	-0.0066480333
67.2307692308	-0.6673638550	-0.0066736386
67.2500000000	-0.6698499994	-0.0066985000
67.2692307692	-0.6722610224	-0.0067226102
67.2884615385	-0.6745961251	-0.0067459613
67.3076923077	-0.6768544544	-0.0067685445
67.3269230769	-0.6790351052	-0.0067903511
67.3461538462	-0.6811371219	-0.0068113712
67.3653846154	-0.6831595016	-0.0068315950
67.3846153846	-0.6851011962	-0.0068510120
67.4038461538	-0.6869611154	-0.0068696112
67.4230769231	-0.6887381296	-0.0068873813
67.4423076923	-0.6904310734	-0.0069043107
67.4615384615	-0.6920387489	-0.0069203875
67.4807692308	-0.6935599290	-0.0069355993
67.5000000000	-0.6949933618	-0.0069499336
67.5192307692	-0.6963377736	-0.0069633777
67.5384615385	-0.6975918735	-0.0069759187
67.5576923077	-0.6987543571	-0.0069875436
67.5769230769	-0.6998239110	-0.0069982391
67.5961538462	-0.7007992163	-0.0070079922
67.6153846154	-0.7016789534	-0.0070167895
67.6346153846	-0.7024618060	-0.0070246181
67.6538461538	-0.7031464654	-0.0070314647
67.6730769231	-0.7037316343	-0.0070373163
67.6923076923	-0.7042160313	-0.0070421603
67.7115384615	-0.7045983952	-0.0070459840
67.7307692308	-0.7048774882	-0.0070487749
67.7500000000	-0.7050521005	-0.0070505210
67.7692307692	-0.7051210540	-0.0070512105
67.7884615385	-0.7050832054	-0.0070508321
67.8076923077	-0.7049374506	-0.0070493745
67.8269230769	-0.7046827273	-0.0070468273
67.8461538462	-0.7043180186	-0.0070431802
67.8653846154	-0.7038423559	-0.0070384236
67.8846153846	-0.7032548218	-0.0070325482
67.9038461538	-0.7025545525	-0.0070255455
67.9230769231	-0.7017407408	-0.0070174074
67.9423076923	-0.7008126376	-0.0070081264
67.9615384615	-0.6997695547	-0.0069976955
67.9807692308	-0.6986108659	-0.0069861087
68.0000000000	-0.6973360090	-0.0069733601
68.0192307692	-0.6959444872	-0.0069594449
68.0384615385	-0.6944358700	-0.0069443587
68.0576923077	-0.6928097945	-0.0069280979
68.0769230769	-0.6910659656	-0.0069106597
68.0961538462	-0.6892041572	-0.0068920416
68.1153846154	-0.6872242120	-0.0068722421
68.1346153846	-0.6851260418	-0.0068512604
68.1538461538	-0.6829096277	-0.0068290963
68.1730769231	-0.6805750192	-0.0068057502
68.1923076923	-0.6781223346	-0.0067812233
68.2115384615	-0.6755517597	-0.0067555176
68.2307692308	-0.6728635476	-0.0067286355
68.2500000000	-0.6700580174	-0.0067005802
68.2692307692	-0.6671355536	-0.0066713555
68.2884615385	-0.6640966045	-0.0066409660
68.3076923077	-0.6609416816	-0.0066094168
68.3269230769	-0.6576713574	-0.0065767136
68.3461538462	-0.6542862647	-0.0065428626
68.3653846154	-0.6507870948	-0.0065078709
68.3846153846	-0.6471745959	-0.0064717460
68.4038461538	-0.6434495713	-0.0064344957
68.4230769231	-0.6396128781	-0.0063961288
68.4423076923	-0.6356654252	-0.0063566543
68.4615384615	-0.6316081717	-0.0063160817
68.4807692308	-0.6274421249	-0.0062744212
68.5000000000	-0.6231683387	-0.0062316834
68.5192307692	-0.6187879118	-0.0061878791
68.5384615385	-0.6143019858	-0.0061430199
68.5576923077	-0.6097117435	-0.0060971174
68.5769230769	-0.6050184073	-0.0060501841
68.5961538462	-0.6002232371	-0.0060022324
68.6153846154	-0.5953275287	-0.0059532753
68.6346153846	-0.5903326122	-0.0059033261
68.6538461538	-0.5852398506	-0.0058523985
68.6730769231	-0.5800506373	-0.0058005064
68.6923076923	-0.5747663953	-0.0057476640
68.7115384615	-0.5693885755	-0.0056938858
68.7307692308	-0.5639186545	-0.0056391865
68.7500000000	-0.5583581340	-0.0055835813
68.7692307692	-0.5527085385	-0.0055270854
68.7884615385	-0.5469714144	-0.0054697141
68.8076923077	-0.5411483282	-0.0054114833
68.8269230769	-0.5352408650	-0.0053524087
68.8461538462	-0.5292506275	-0.0052925063
68.8653846154	-0.5231792340	-0.0052317923
68.8846153846	-0.5170283176	-0.0051702832
68.9038461538	-0.5107995243	-0.0051079952
68.9230769231	-0.5044945118	-0.0050449451
68.9423076923	-0.4981149482	-0.0049811495
68.9615384615	-0.4916625104	-0.0049166251
68.9807692308	-0.4851388829	-0.0048513888
69.0000000000	-0.4785457561	-0.0047854576
69.0192307692	-0.4718848249	-0.0047188482
69.0384615385	-0.4651577877	-0.0046515779
69.0576923077	-0.4583663443	-0.0045836634
69.0769230769	-0.4515121946	-0.0045151219
69.0961538462	-0.4445970375	-0.0044459704
69.1153846154	-0.4376225687	-0.0043762257
69.1346153846	-0.4305904798	-0.0043059048
69.1538461538	-0.4235024561	-0.0042350246
69.1730769231	-0.4163601758	-0.0041636018
69.1923076923	-0.4091653076	-0.0040916531
69.2115384615	-0.4019195096	-0.0040191951
69.2307692308	-0.3946244279	-0.0039462443
69.2500000000	-0.3872816943	-0.0038728169
69.2692307692	-0.3798929255	-0.0037989293
69.2884615385	-0.3724597209	-0.0037245972
69.3076923077	-0.3649836615	-0.0036498366
69.3269230769	-0.3574663083	-0.0035746631
69.3461538462	-0.3499092005	-0.0034990920
69.3653846154	-0.3423138544	-0.0034231385
69.3846153846	-0.3346817622	-0.0033468176
69.4038461538	-0.3270143898	-0.0032701439
69.4230769231	-0.3193131767	-0.0031931318
69.4423076923	-0.3115795339	-0.0031157953
69.4615384615	-0.3038148432	-0.0030381484
69.4807692308	-0.2960204561	-0.0029602046
69.5000000000	-0.2881976930	-0.0028819769
69.5192307692	-0.2803478422	-0.0028034784
69.5384615385	-0.2724721594	-0.0027247216
69.5576923077	-0.2645718668	-0.0026457187
69.5769230769	-0.2566481533	-0.0025664815
69.5961538462	-0.2487021734	-0.0024870217
69.6153846154	-0.2407350477	-0.0024073505
69.6346153846	-0.2327478623	-0.0023274786
69.6538461538	-0.2247416696	-0.0022474167
69.6730769231	-0.2167174877	-0.0021671749
69.6923076923	-0.2086763017	-0.0020867630
69.7115384615	-0.2006190636	-0.0020061906
69.7307692308	-0.1925466933	-0.0019254669
69.7500000000	-0.1844600795	-0.0018446008
69.7692307692	-0.1763600805	-0.0017636008
69.7884615385	-0.1682475257	-0.0016824753
69.8076923077	-0.1601232164	-0.0016012322
69.8269230769	-0.1519879277	-0.0015198793
69.8461538462	-0.1438424098	-0.0014384241
69.8653846154	-0.1356873896	-0.0013568739
69.8846153846	-0.1275235726	-0.0012752357
69.9038461538	-0.1193516450	-0.0011935164
69.9230769231	-0.1111722751	-0.0011117228
69.9423076923	-0.1029861158	-0.0010298612
69.9615384615	-0.0947938068	-0.0009479381
69.9807692308	-0.0865959763	-0.0008659598
70.0000000000	-0.0783932437	-0.0007839324
70.0192307692	-0.0701862216	-0.0007018622
70.0384615385	-0.0619755182	-0.0006197552
70.0576923077	-0.0537617394	-0.0005376174
70.0769230769	-0.0455454915	-0.0004554549
70.0961538462	-0.0373273828	-0.0003732738
70.1153846154	-0.0291080265	-0.0002910803
70.1346153846	-0.0208880424	-0.0002088804
70.1538461538	-0.0126680595	-0.0001266806
70.1730769231	-0.0044487173	-0.0000444872
70.1923076923	0.0037693313	0.0000376933
70.2115384615	0.0119854189	0.0001198542
70.2307692308	0.0201988614	0.0002019886
70.2500000000	0.0284089566	0.0002840896
70.2692307692	0.0366149824	0.0003661498
70.2884615385	0.0448161956	0.0004481620
70.3076923077	0.0530118307	0.0005301183
70.3269230769	0.0612010984	0.0006120110
70.3461538462	0.0693831852	0.0006938319
70.3653846154	0.0775572523	0.0007755725
70.3846153846	0.0857224348	0.0008572243
70.4038461538	0.0938778414	0.0009387784
70.4230769231	0.1020225543	0.0010202255
70.4423076923	0.1101556286	0.0011015563
70.4615384615	0.1182760926	0.0011827609
70.4807692308	0.1263829479	0.0012638295
70.5000000000	0.1344751696	0.0013447517
70.5192307692	0.1425517072	0.0014255171
70.5384615385	0.1506114845	0.0015061148
70.5576923077	0.1586534010	0.0015865340
70.5769230769	0.1666763326	0.0016667633
70.5961538462	0.1746791327	0.0017467913
70.6153846154	0.1826606329	0.0018266063
70.6346153846	0.1906196450	0.0019061965
70.6538461538	0.1985549620	0.0019855496
70.6730769231	0.2064653592	0.0020646536
70.6923076923	0.2143495966	0.0021434960
70.7115384615	0.2222064196	0.0022220642
70.7307692308	0.2300345614	0.0023003456
70.7500000000	0.2378327444	0.0023783274
70.7692307692	0.2455996820	0.0024559968
70.7884615385	0.2533340805	0.0025333408
70.8076923077	0.2610346409	0.0026103464
70.8269230769	0.2687000608	0.0026870006
70.8461538462	0.2763290360	0.0027632904
70.8653846154	0.2839202629	0.0028392026
70.8846153846	0.2914724399	0.0029147244
70.9038461538	0.2989842693	0.0029898427
70.9230769231	0.3064544592	0.0030645446
70.9423076923	0.3138817251	0.0031388173
70.9615384615	0.3212647918	0.0032126479
70.9807692308	0.3286023951	0.0032860240
71.0000000000	0.3358932830	0.0033589328
71.0192307692	0.3431362179	0.0034313622
71.0384615385	0.3503299775	0.0035032998
71.0576923077	0.3574733567	0.0035747336
71.0769230769	0.3645651686	0.0036456517
71.0961538462	0.3716042459	0.0037160425
71.1153846154	0.3785894424	0.0037858944
71.1346153846	0.3855196337	0.0038551963
71.1538461538	0.3923937186	0.0039239372
71.1730769231	0.3992106198	0.0039921062
71.1923076923	0.4059692853	0.0040596929
71.2115384615	0.4126686886	0.0041266869
71.2307692308	0.4193078303	0.0041930783
71.2500000000	0.4258857378	0.0042588574
71.2692307692	0.4324014669	0.0043240147
71.2884615385	0.4388541016	0.0043885410
71.3076923077	0.4452427551	0.0044524276
71.3269230769	0.4515665700	0.0045156657
71.3461538462	0.4578247186	0.0045782472
71.3653846154	0.4640164033	0.0046401640
71.3846153846	0.4701408570	0.0047014086
71.4038461538	0.4761973426	0.0047619734
71.4230769231	0.4821851539	0.0048218515
71.4423076923	0.4881036150	0.0048810362
71.4615384615	0.4939520808	0.0049395208
71.4807692308	0.4997299364	0.0049972994
71.5000000000	0.5054365971	0.0050543660
71.5192307692	0.5110715082	0.0051107151
71.5384615385	0.5166341449	0.0051663414
71.5576923077	0.5221240114	0.0052212401
71.5769230769	0.5275406411	0.0052754064
71.5961538462	0.5328835954	0.0053288360
71.6153846154	0.5381524637	0.0053815246
71.6346153846	0.5433468624	0.0054334686
71.6538461538	0.5484664345	0.0054846643
71.6730769231	0.5535108480	0.0055351085
71.6923076923	0.5584797962	0.0055847980
71.7115384615	0.5633729956	0.0056337300
71.7307692308	0.5681901854	0.0056819019
71.7500000000	0.5729311264	0.0057293113
71.7692307692	0.5775955995	0.0057759560
71.7884615385	0.5821834044	0.0058218340
71.8076923077	0.5866943585	0.0058669436
71.8269230769	0.5911282950	0.0059112830
71.8461538462	0.5954850618	0.0059548506
71.8653846154	0.5997645193	0.0059976452
71.8846153846	0.6039665391	0.0060396654
71.9038461538	0.6080910020	0.0060809100
71.9230769231	0.6121377960	0.0061213780
71.9423076923	0.6161068147	0.0061610681
71.9615384615	0.6199979550	0.0061999795
71.9807692308	0.6238111149	0.0062381111
72.0000000000	0.6275461920	0.0062754619
72.0192307692	0.6312030804	0.0063120308
72.0384615385	0.6347816693	0.0063478167
72.0576923077	0.6382818405	0.0063828184
72.0769230769	0.6417034660	0.0064170347
72.0961538462	0.6450464059	0.0064504641
72.1153846154	0.6483105061	0.0064831051
72.1346153846	0.6514955964	0.0065149560
72.1538461538	0.6546014877	0.0065460149
72.1730769231	0.6576279705	0.0065762797
72.1923076923	0.6605748124	0.0066057481
72.2115384615	0.6634417561	0.0066344176
72.2307692308	0.6662285178	0.0066622852
72.2500000000	0.6689347850	0.0066893478
72.2692307692	0.6715602151	0.0067156022
72.2884615385	0.6741044336	0.0067410443
72.3076923077	0.6765670326	0.0067656703
72.3269230769	0.6789475699	0.0067894757
72.3461538462	0.6812455674	0.0068124557
72.3653846154	0.6834605103	0.0068346051
72.3846153846	0.6855918465	0.0068559185
72.4038461538	0.6876389859	0.0068763899
72.4230769231	0.6896013001	0.0068960130
72.4423076923	0.6914781221	0.0069147812
72.4615384615	0.6932687466	0.0069326875
72.4807692308	0.6949724302	0.0069497243
72.5000000000	0.6965883918	0.0069658839
72.5192307692	0.6981158139	0.0069811581
72.5384615385	0.6995538428	0.0069955384
72.5576923077	0.7009015907	0.0070090159
72.5769230769	0.7021581367	0.0070215814
72.5961538462	0.7033225286	0.0070332253
72.6153846154	0.7043937850	0.0070439378
72.6346153846	0.7053708974	0.0070537090
72.6538461538	0.7062528327	0.0070625283
72.6730769231	0.7070385358	0.0070703854
72.6923076923	0.7077269323	0.0070772693
72.7115384615	0.7083169318	0.0070831693
72.7307692308	0.7088074309	0.0070880743
72.7500000000	0.7091973166	0.0070919732
72.7692307692	0.7094854699	0.0070948547
72.7884615385	0.7096707692	0.0070967077
72.8076923077	0.7097520946	0.0070975209
72.8269230769	0.7097283313	0.0070972833
72.8461538462	0.7095983737	0.0070959837
72.8653846154	0.7093611293	0.0070936113
72.8846153846	0.7090155232	0.0070901552
72.9038461538	0.7085605015	0.0070856050
72.9230769231	0.7079950362	0.0070799504
72.9423076923	0.7073181284	0.0070731813
72.9615384615	0.7065288130	0.0070652881
72.9807692308	0.7056261624	0.0070562616
73.0000000000	0.7046092904	0.0070460929
73.0192307692	0.7034773561	0.0070347736
73.0384615385	0.7022295674	0.0070222957
73.0576923077	0.7008651847	0.0070086518
73.0769230769	0.6993835244	0.0069938352
73.0961538462	0.6977839618	0.0069778396
73.1153846154	0.6960659345	0.0069606593
73.1346153846	0.6942289450	0.0069422895
73.1538461538	0.6922725635	0.0069227256
73.1730769231	0.6901964300	0.0069019643
73.1923076923	0.6880002571	0.0068800026
73.2115384615	0.6856838312	0.0068568383
73.2307692308	0.6832470148	0.0068324701
73.2500000000	0.6806897477	0.0068068975
73.2692307692	0.6780120478	0.0067801205
73.2884615385	0.6752140126	0.0067521401
73.3076923077	0.6722958196	0.0067229582
73.3269230769	0.6692577264	0.0066925773
73.3461538462	0.6661000713	0.0066610007
73.3653846154	0.6628232725	0.0066282327
73.3846153846	0.6594278283	0.0065942783
73.4038461538	0.6559143158	0.0065591432
73.4230769231	0.6522833903	0.0065228339
73.4423076923	0.6485357842	0.0064853578
73.4615384615	0.6446723050	0.0064467231
73.4807692308	0.6406938344	0.0064069383
73.5000000000	0.6366013255	0.0063660133
73.5192307692	0.6323958017	0.0063239580
73.5384615385	0.6280783534	0.0062807835
73.5576923077	0.6236501362	0.0062365014
73.5769230769	0.6191123680	0.0061911237
73.5961538462	0.6144663261	0.0061446633
73.6153846154	0.6097133445	0.0060971334
73.6346153846	0.6048548102	0.0060485481
73.6538461538	0.5998921608	0.0059989216
73.6730769231	0.5948268806	0.0059482688
73.6923076923	0.5896604974	0.0058966050
73.7115384615	0.5843945787	0.0058439458
73.7307692308	0.5790307289	0.0057903073
73.7500000000	0.5735705849	0.0057357058
73.7692307692	0.5680158131	0.0056801581
73.7884615385	0.5623681054	0.0056236811
73.8076923077	0.5566291757	0.0055662918
73.8269230769	0.5508007565	0.0055080076
73.8461538462	0.5448845951	0.0054488460
73.8653846154	0.5388824500	0.0053888245
73.8846153846	0.5327960878	0.0053279609
73.9038461538	0.5266272794	0.0052662728
73.9230769231	0.5203777970	0.0052037780
73.9423076923	0.5140494107	0.0051404941
73.9615384615	0.5076438853	0.0050764389
73.9807692308	0.5011629774	0.0050116298
74.0000000000	0.4946084327	0.0049460843
74.0192307692	0.4879819828	0.0048798198
74.0384615385	0.4812853430	0.0048128534
74.0576923077	0.4745202096	0.0047452021
74.0769230769	0.4676882576	0.0046768826
74.0961538462	0.4607911385	0.0046079114
74.1153846154	0.4538304787	0.0045383048
74.1346153846	0.4468078770	0.0044680788
74.1538461538	0.4397249036	0.0043972490
74.1730769231	0.4325830982	0.0043258310
74.1923076923	0.4253839691	0.0042538397
74.2115384615	0.4181289917	0.0041812899
74.2307692308	0.4108196081	0.0041081961
74.2500000000	0.4034572259	0.0040345723
74.2692307692	0.3960432178	0.0039604322
74.2884615385	0.3885789218	0.0038857892
74.3076923077	0.3810656402	0.0038106564
74.3269230769	0.3735046404	0.0037350464
74.3461538462	0.3658971548	0.0036589715
74.3653846154	0.3582443812	0.0035824438
74.3846153846	0.3505474836	0.0035054748
74.4038461538	0.3428075929	0.0034280759
74.4230769231	0.3350258077	0.0033502581
74.4423076923	0.3272031958	0.0032720320
74.4615384615	0.3193407952	0.0031934080
74.4807692308	0.3114396157	0.0031143962
74.5000000000	0.3035006405	0.0030350064
74.5192307692	0.2955248279	0.0029552483
74.5384615385	0.2875131130	0.0028751311
74.5576923077	0.2794664100	0.0027946641
74.5769230769	0.2713856144	0.0027138561
74.5961538462	0.2632716048	0.0026327160
74.6153846154	0.2551252454	0.0025512525
74.6346153846	0.2469473887	0.0024694739
74.6538461538	0.2387388774	0.0023873888
74.6730769231	0.2305005475	0.0023050055
74.6923076923	0.2222332303	0.0022223323
74.7115384615	0.2139377556	0.0021393776
74.7307692308	0.2056149537	0.0020561495
74.7500000000	0.1972656585	0.0019726566
74.7692307692	0.1888907100	0.0018889071
74.7884615385	0.1804909568	0.0018049096
74.8076923077	0.1720672584	0.0017206726
74.8269230769	0.1636204885	0.0016362049
74.8461538462	0.1551515364	0.0015515154
74.8653846154	0.1466613102	0.0014666131
74.8846153846	0.1381507387	0.0013815074
74.9038461538	0.1296207734	0.0012962077
74.9230769231	0.1210723909	0.0012107239
74.9423076923	0.1125065944	0.0011250659
74.9615384615	0.1039244160	0.0010392442
74.9807692308	0.0953269177	0.0009532692
75.0000000000	0.0867151933	0.0008671519
75.0192307692	0.0780903691	0.0007809037
75.0384615385	0.0694536058	0.0006945361
75.0576923077	0.0608060985	0.0006080610
75.0769230769	0.0521490780	0.0005214908
75.0961538462	0.0434838108	0.0004348381
75.1153846154	0.0348115999	0.0003481160
75.1346153846	0.0261337842	0.0002613378
75.1538461538	0.0174517387	0.0001745174
75.1730769231	0.0087668740	0.0000876687
75.1923076923	0.0000806356	0.0000008064
75.2115384615	-0.0086054968	-0.0000860550
75.2307692308	-0.0172900107	-0.0001729001
75.2500000000	-0.0259713617	-0.0002597136
75.2692307692	-0.0346479753	-0.0003464798
75.2884615385	-0.0433182485	-0.0004331825
75.3076923077	-0.0519805519	-0.0005198055
75.3269230769	-0.0606332313	-0.0006063323
75.3461538462	-0.0692746107	-0.0006927461
75.3653846154	-0.0779029941	-0.0007790299
75.3846153846	-0.0865166687	-0.0008651667
75.4038461538	-0.0951139072	-0.0009511391
75.4230769231	-0.1036929707	-0.0010369297
75.4423076923	-0.1122521121	-0.0011225211
75.4615384615	-0.1207895789	-0.0012078958
75.4807692308	-0.1293036163	-0.0012930362
75.5000000000	-0.1377924708	-0.0013779247
75.5192307692	-0.1462543931	-0.0014625439
75.5384615385	-0.1546876417	-0.0015468764
75.5576923077	-0.1630904862	-0.0016309049
75.5769230769	-0.1714612104	-0.0017146121
75.5961538462	-0.1797981160	-0.0017979812
75.6153846154	-0.1880995255	-0.0018809953
75.6346153846	-0.1963637857	-0.0019636379
75.6538461538	-0.2045892706	-0.0020458927
75.6730769231	-0.2127743844	-0.0021277438
75.6923076923	-0.2209175646	-0.0022091756
75.7115384615	-0.2290172846	-0.0022901728
75.7307692308	-0.2370720566	-0.0023707206
75.7500000000	-0.2450804337	-0.0024508043
75.7692307692	-0.2530410122	-0.0025304101
75.7884615385	-0.2609524342	-0.0026095243
75.8076923077	-0.2688133890	-0.0026881339
75.8269230769	-0.2766226150	-0.0027662261
75.8461538462	-0.2843789009	-0.0028437890
75.8653846154	-0.2920810875	-0.0029208109
75.8846153846	-0.2997280683	-0.0029972807
75.9038461538	-0.3073187903	-0.0030731879
75.9230769231	-0.3148522545	-0.0031485225
75.9423076923	-0.3223275167	-0.0032232752
75.9615384615	-0.3297436867	-0.0032974369
75.9807692308	-0.3370999288	-0.0033709993
76.0000000000	-0.3443954612	-0.0034439546
76.0192307692	-0.3516295551	-0.0035162956
76.0384615385	-0.3588015341	-0.0035880153
76.0576923077	-0.3659107729	-0.0036591077
76.0769230769	-0.3729566961	-0.0037295670
76.0961538462	-0.3799387767	-0.0037993878
76.1153846154	-0.3868565341	-0.0038685653
76.1346153846	-0.3937095325	-0.0039370953
76.1538461538	-0.4004973788	-0.0040049738
76.1730769231	-0.4072197202	-0.0040721972
76.1923076923	-0.4138762419	-0.0041387624
76.2115384615	-0.4204666648	-0.0042046666
76.2307692308	-0.4269907424	-0.0042699074
76.2500000000	-0.4334482588	-0.0043344826
76.2692307692	-0.4398390254	-0.0043983903
76.2884615385	-0.4461628782	-0.0044616288
76.3076923077	-0.4524196751	-0.0045241968
76.3269230769	-0.4586092927	-0.0045860929
76.3461538462	-0.4647316237	-0.0046473162
76.3653846154	-0.4707865737	-0.0047078657
76.3846153846	-0.4767740586	-0.0047677406
76.4038461538	-0.4826940015	-0.0048269400
76.4230769231	-0.4885463302	-0.0048854633
76.4423076923	-0.4943309741	-0.0049433097
76.4615384615	-0.5000478620	-0.0050004786
76.4807692308	-0.5056969191	-0.0050569692
76.5000000000	-0.5112780648	-0.0051127806
76.5192307692	-0.5167912105	-0.0051679121
76.5384615385	-0.5222362570	-0.0052223626
76.5576923077	-0.5276130929	-0.0052761309
76.5769230769	-0.5329215921	-0.0053292159
76.5961538462	-0.5381616125	-0.0053816161
76.6153846154	-0.5433329942	-0.0054333299
76.6346153846	-0.5484355578	-0.0054843556
76.6538461538	-0.5534691035	-0.0055346910
76.6730769231	-0.5584334094	-0.0055843341
76.6923076923	-0.5633282309	-0.0056332823
76.7115384615	-0.5681532997	-0.0056815330
76.7307692308	-0.5729083230	-0.0057290832
76.7500000000	-0.5775929831	-0.0057759298
76.7692307692	-0.5822069367	-0.0058220694
76.7884615385	-0.5867498152	-0.0058674982
76.8076923077	-0.5912212238	-0.0059122122
76.8269230769	-0.5956207423	-0.0059562074
76.8461538462	-0.5999479244	-0.0059994792
76.8653846154	-0.6042022989	-0.0060420230
76.8846153846	-0.6083833690	-0.0060838337
76.9038461538	-0.6124906136	-0.0061249061
76.9230769231	-0.6165234875	-0.0061652349
76.9423076923	-0.6204814218	-0.0062048142
76.9615384615	-0.6243638252	-0.0062436383
76.9807692308	-0.6281700841	-0.0062817008
77.0000000000	-0.6318995639	-0.0063189956
77.0192307692	-0.6355516098	-0.0063555161
77.0384615385	-0.6391255475	-0.0063912555
77.0576923077	-0.6426206842	-0.0064262068
77.0769230769	-0.6460363100	-0.0064603631
77.0961538462	-0.6493716982	-0.0064937170
77.1153846154	-0.6526261071	-0.0065262611
77.1346153846	-0.6557987804	-0.0065579878
77.1538461538	-0.6588889485	-0.0065888895
77.1730769231	-0.6618958295	-0.0066189583
77.1923076923	-0.6648186304	-0.0066481863
77.2115384615	-0.6676565478	-0.0066765655
77.2307692308	-0.6704087692	-0.0067040877
77.2500000000	-0.6730744739	-0.0067307447
77.2692307692	-0.6756528341	-0.0067565283
77.2884615385	-0.6781430159	-0.0067814302
77.3076923077	-0.6805441799	-0.0068054418
77.3269230769	-0.6828554830	-0.0068285548
77.3461538462	-0.6850760786	-0.0068507608
77.3653846154	-0.6872051180	-0.0068720512
77.3846153846	-0.6892417513	-0.0068924175
77.4038461538	-0.6911851284	-0.0069118513
77.4230769231	-0.6930343998	-0.0069303440
77.4423076923	-0.6947887180	-0.0069478872
77.4615384615	-0.6964472381	-0.0069644724
77.4807692308	-0.6980091190	-0.0069800912
77.5000000000	-0.6994735248	-0.0069947352
77.5192307692	-0.7008396252	-0.0070083963
77.5384615385	-0.7021065971	-0.0070210660
77.5576923077	-0.7032736255	-0.0070327363
77.5769230769	-0.7043399051	-0.0070433991
77.5961538462	-0.7053046407	-0.0070530464
77.6153846154	-0.7061670493	-0.0070616705
77.6346153846	-0.7069263609	-0.0070692636
77.6538461538	-0.7075818198	-0.0070758182
77.6730769231	-0.7081326861	-0.0070813269
77.6923076923	-0.7085782373	-0.0070857824
77.7115384615	-0.7089177691	-0.0070891777
77.7307692308	-0.7091505975	-0.0070915060
77.7500000000	-0.7092760602	-0.0070927606
77.7692307692	-0.7092935176	-0.0070929352
77.7884615385	-0.7092023550	-0.0070920235
77.8076923077	-0.7090019837	-0.0070900198
77.8269230769	-0.7086918431	-0.0070869184
77.8461538462	-0.7082714017	-0.0070827140
77.8653846154	-0.7077401589	-0.0070774016
77.8846153846	-0.7070976468	-0.0070709765
77.9038461538	-0.7063434316	-0.0070634343
77.9230769231	-0.7054771150	-0.0070547712
77.9423076923	-0.7044983361	-0.0070449834
77.9615384615	-0.7034067725	-0.0070340677
77.9807692308	-0.7022021420	-0.0070220214
78.0000000000	-0.7008842037	-0.0070088420
78.0192307692	-0.6994527597	-0.0069945276
78.0384615385	-0.6979076560	-0.0069790766
78.0576923077	-0.6962487839	-0.0069624878
78.0769230769	-0.6944760809	-0.0069447608
78.0961538462	-0.6925895319	-0.0069258953
78.1153846154	-0.6905891696	-0.0069058917
78.1346153846	-0.6884750760	-0.0068847508
78.1538461538	-0.6862473823	-0.0068624738
78.1730769231	-0.6839062700	-0.0068390627
78.1923076923	-0.6814519709	-0.0068145197
78.2115384615	-0.6788847678	-0.0067888477
78.2307692308	-0.6762049939	-0.0067620499
78.2500000000	-0.6734130338	-0.0067341303
78.2692307692	-0.6705093225	-0.0067050932
78.2884615385	-0.6674943455	-0.0066749435
78.3076923077	-0.6643686385	-0.0066436864
78.3269230769	-0.6611327864	-0.0066113279
78.3461538462	-0.6577874233	-0.0065778742
78.3653846154	-0.6543332310	-0.0065433323
78.3846153846	-0.6507709386	-0.0065077094
78.4038461538	-0.6471013211	-0.0064710132
78.4230769231	-0.6433251985	-0.0064332520
78.4423076923	-0.6394434343	-0.0063944343
78.4615384615	-0.6354569342	-0.0063545693
78.4807692308	-0.6313666449	-0.0063136664
78.5000000000	-0.6271735521	-0.0062717355
78.5192307692	-0.6228786794	-0.0062287868
78.5384615385	-0.6184830862	-0.0061848309
78.5576923077	-0.6139878662	-0.0061398787
78.5769230769	-0.6093941457	-0.0060939415
78.5961538462	-0.6047030817	-0.0060470308
78.6153846154	-0.5999158599	-0.0059991586
78.6346153846	-0.5950336935	-0.0059503369
78.6538461538	-0.5900578207	-0.0059005782
78.6730769231	-0.5849895034	-0.0058498950
78.6923076923	-0.5798300249	-0.0057983002
78.7115384615	-0.5745806888	-0.0057458069
78.7307692308	-0.5692428168	-0.0056924282
78.7500000000	-0.5638177474	-0.0056381775
78.7692307692	-0.5583068339	-0.0055830683
78.7884615385	-0.5527114431	-0.0055271144
78.8076923077	-0.5470329540	-0.0054703295
78.8269230769	-0.5412727561	-0.0054127276
78.8461538462	-0.5354322481	-0.0053543225
78.8653846154	-0.5295128369	-0.0052951284
78.8846153846	-0.5235159363	-0.0052351594
78.9038461538	-0.5174429661	-0.0051744297
78.9230769231	-0.5112953506	-0.0051129535
78.9423076923	-0.5050745184	-0.0050507452
78.9615384615	-0.4987819012	-0.0049878190
78.9807692308	-0.4924189332	-0.0049241893
79.0000000000	-0.4859870502	-0.0048598705
79.0192307692	-0.4794876893	-0.0047948769
79.0384615385	-0.4729222885	-0.0047292229
79.0576923077	-0.4662922858	-0.0046629229
79.0769230769	-0.4595991190	-0.0045959912
79.0961538462	-0.4528442258	-0.0045284423
79.1153846154	-0.4460290426	-0.0044602904
79.1346153846	-0.4391550052	-0.0043915501
79.1538461538	-0.4322235477	-0.0043222355
79.1730769231	-0.4252361029	-0.0042523610
79.1923076923	-0.4181941018	-0.0041819410
79.2115384615	-0.4110989733	-0.0041109897
79.2307692308	-0.4039521444	-0.0040395214
79.2500000000	-0.3967550393	-0.0039675504
79.2692307692	-0.3895090796	-0.0038950908
79.2884615385	-0.3822156839	-0.0038221568
79.3076923077	-0.3748762675	-0.0037487627
79.3269230769	-0.3674922418	-0.0036749224
79.3461538462	-0.3600650141	-0.0036006501
79.3653846154	-0.3525959871	-0.0035259599
79.3846153846	-0.3450865580	-0.0034508656
79.4038461538	-0.3375381186	-0.0033753812
79.4230769231	-0.3299520537	-0.0032995205
79.4423076923	-0.3223297413	-0.0032232974
79.4615384615	-0.3146725510	-0.0031467255
79.4807692308	-0.3069818436	-0.0030698184
79.5000000000	-0.2992589700	-0.0029925897
79.5192307692	-0.2915052703	-0.0029150527
79.5384615385	-0.2837220728	-0.0028372207
79.5576923077	-0.2759106924	-0.0027591069
79.5769230769	-0.2680724304	-0.0026807243
79.5961538462	-0.2602085724	-0.0026020857
79.6153846154	-0.2523203877	-0.0025232039
79.6346153846	-0.2444091277	-0.0024440913
79.6538461538	-0.2364760251	-0.0023647603
79.6730769231	-0.2285222920	-0.0022852229
79.6923076923	-0.2205491196	-0.0022054912
79.7115384615	-0.2125576761	-0.0021255768
79.7307692308	-0.2045491063	-0.0020454911
79.7500000000	-0.1965245300	-0.0019652453
79.7692307692	-0.1884850411	-0.0018848504
79.7884615385	-0.1804317066	-0.0018043171
79.8076923077	-0.1723655661	-0.0017236557
79.8269230769	-0.1642876304	-0.0016428763
79.8461538462	-0.1561988812	-0.0015619888
79.8653846154	-0.1481002705	-0.0014810027
79.8846153846	-0.1399927202	-0.0013999272
79.9038461538	-0.1318771219	-0.0013187712
79.9230769231	-0.1237543363	-0.0012375434
79.9423076923	-0.1156251941	-0.0011562519
79.9615384615	-0.1074904955	-0.0010749050
79.9807692308	-0.0993510106	-0.0009935101
80.0000000000	-0.0912074807	-0.0009120748
80.0192307692	-0.0830606179	-0.0008306062
80.0384615385	-0.0749111071	-0.0007491111
80.0576923077	-0.0667596064	-0.0006675961
80.0769230769	-0.0586067488	-0.0005860675
80.0961538462	-0.0504531433	-0.0005045314
80.1153846154	-0.0422993771	-0.0004229938
80.1346153846	-0.0341460168	-0.0003414602
80.1538461538	-0.0259936108	-0.0002599361
80.1730769231	-0.0178426913	-0.0001784269
80.1923076923	-0.0096937767	-0.0000969378
80.2115384615	-0.0015473740	-0.0000154737
80.2307692308	0.0065960188	0.0000659602
80.2500000000	0.0147359099	0.0001473591
80.2692307692	0.0228718111	0.0002287181
80.2884615385	0.0310032345	0.0003100323
80.3076923077	0.0391296904	0.0003912969
80.3269230769	0.0472506837	0.0004725068
80.3461538462	0.0553657113	0.0005536571
80.3653846154	0.0634742591	0.0006347426
80.3846153846	0.0715757989	0.0007157580
80.4038461538	0.0796697860	0.0007966979
80.4230769231	0.0877556558	0.0008775566
80.4423076923	0.0958328215	0.0009583282
80.4615384615	0.1039006713	0.0010390067
80.4807692308	0.1119585660	0.0011195857
80.5000000000	0.1200058365	0.0012000584
80.5192307692	0.1280417819	0.0012804178
80.5384615385	0.1360656673	0.0013606567
80.5576923077	0.1440767218	0.0014407672
80.5769230769	0.1520741377	0.0015207414
80.5961538462	0.1600570682	0.0016005707
80.6153846154	0.1680246271	0.0016802463
80.6346153846	0.1759758876	0.0017597589
80.6538461538	0.1839098818	0.0018390988
80.6730769231	0.1918256005	0.0019182560
80.6923076923	0.1997219931	0.0019972199
80.7115384615	0.2075979684	0.0020759797
80.7307692308	0.2154523944	0.0021545239
80.7500000000	0.2232840999	0.0022328410
80.7692307692	0.2310918754	0.0023109188
80.7884615385	0.2388744748	0.0023887447
80.8076923077	0.2466306169	0.0024663062
80.8269230769	0.2543589877	0.0025435899
80.8461538462	0.2620582427	0.0026205824
80.8653846154	0.2697270094	0.0026972701
80.8846153846	0.2773638901	0.0027736389
80.9038461538	0.2849674652	0.0028496747
80.9230769231	0.2925362961	0.0029253630
80.9423076923	0.3000689289	0.0030006893
80.9615384615	0.3075638979	0.0030756390
80.9807692308	0.3150197291	0.0031501973
81.0000000000	0.3224349447	0.0032243494
81.0192307692	0.3298080663	0.0032980807
81.0384615385	0.3371376194	0.0033713762
81.0576923077	0.3444221371	0.0034442214
81.0769230769	0.3516601644	0.0035166016
81.0961538462	0.3588502620	0.0035885026
81.1153846154	0.3659910104	0.0036599101
81.1346153846	0.3730810138	0.0037308101
81.1538461538	0.3801189036	0.0038011890
81.1730769231	0.3871033423	0.0038710334
81.1923076923	0.3940330270	0.0039403303
81.2115384615	0.4009066922	0.0040090669
81.2307692308	0.4077231136	0.0040772311
81.2500000000	0.4144811102	0.0041448111
81.2692307692	0.4211795473	0.0042117955
81.2884615385	0.4278173383	0.0042781734
81.3076923077	0.4343934474	0.0043439345
81.3269230769	0.4409068905	0.0044090689
81.3461538462	0.4473567369	0.0044735674
81.3653846154	0.4537421100	0.0045374211
81.3846153846	0.4600621885	0.0046006219
81.4038461538	0.4663162059	0.0046631621
81.4230769231	0.4725034507	0.0047250345
81.4423076923	0.4786232662	0.0047862327
81.4615384615	0.4846750493	0.0048467505
81.4807692308	0.4906582495	0.0049065825
81.5000000000	0.4965723670	0.0049657237
81.5192307692	0.5024169515	0.0050241695
81.5384615385	0.5081915994	0.0050819160
81.5576923077	0.5138959514	0.0051389595
81.5769230769	0.5195296898	0.0051952969
81.5961538462	0.5250925353	0.0052509254
81.6153846154	0.5305842439	0.0053058424
81.6346153846	0.5360046027	0.0053600460
81.6538461538	0.5413534269	0.0054135343
81.6730769231	0.5466305552	0.0054663056
81.6923076923	0.5518358461	0.0055183585
81.7115384615	0.5569691734	0.0055696917
81.7307692308	0.5620304221	0.0056203042
81.7500000000	0.5670194838	0.0056701948
81.7692307692	0.5719362527	0.0057193625
81.7884615385	0.5767806208	0.0057678062
81.8076923077	0.5815524738	0.0058155247
81.8269230769	0.5862516867	0.0058625169
81.8461538462	0.5908781199	0.0059087812
81.8653846154	0.5954316148	0.0059543161
81.8846153846	0.5999119905	0.0059991199
81.9038461538	0.6043190395	0.0060431904
81.9230769231	0.6086525248	0.0060865252
81.9423076923	0.6129121765	0.0061291218
81.9615384615	0.6170976889	0.0061709769
81.9807692308	0.6212087180	0.0062120872
82.0000000000	0.6252448788	0.0062524488
82.0192307692	0.6292057439	0.0062920574
82.0384615385	0.6330908414	0.0063309084
82.0576923077	0.6368996539	0.0063689965
82.0769230769	0.6406316174	0.0064063162
82.0961538462	0.6442861206	0.0064428612
82.1153846154	0.6478625050	0.0064786250
82.1346153846	0.6513600648	0.0065136006
82.1538461538	0.6547780477	0.0065477805
82.1730769231	0.6581156552	0.0065811566
82.1923076923	0.6613720447	0.0066137204
82.2115384615	0.6645463301	0.0066454633
82.2307692308	0.6676375843	0.0066763758
82.2500000000	0.6706448412	0.0067064484
82.2692307692	0.6735670980	0.0067356710
82.2884615385	0.6764033181	0.0067640332
82.3076923077	0.6791524341	0.0067915243
82.3269230769	0.6818133507	0.0068181335
82.3461538462	0.6843849485	0.0068438495
82.3653846154	0.6868660871	0.0068686609
82.3846153846	0.6892556090	0.0068925561
82.4038461538	0.6915523434	0.0069155234
82.4230769231	0.6937551099	0.0069375511
82.4423076923	0.6958627227	0.0069586272
82.4615384615	0.6978739943	0.0069787399
82.4807692308	0.6997877394	0.0069978774
82.5000000000	0.7016027793	0.0070160278
82.5192307692	0.7033179450	0.0070331795
82.5384615385	0.7049320816	0.0070493208
82.5576923077	0.7064440517	0.0070644405
82.5769230769	0.7078527390	0.0070785274
82.5961538462	0.7091570517	0.0070915705
82.6153846154	0.7103559255	0.0071035593
82.6346153846	0.7114483273	0.0071144833
82.6538461538	0.7124332571	0.0071243326
82.6730769231	0.7133097516	0.0071330975
82.6923076923	0.7140768857	0.0071407689
82.7115384615	0.7147337756	0.0071473378
82.7307692308	0.7152795798	0.0071527958
82.7500000000	0.7157135016	0.0071571350
82.7692307692	0.7160347902	0.0071603479
82.7884615385	0.7162427419	0.0071624274
82.8076923077	0.7163367012	0.0071633670
82.8269230769	0.7163160617	0.0071631606
82.8461538462	0.7161802662	0.0071618027
82.8653846154	0.7159288077	0.0071592881
82.8846153846	0.7155612290	0.0071556123
82.9038461538	0.7150771227	0.0071507712
82.9230769231	0.7144761314	0.0071447613
82.9423076923	0.7137579470	0.0071375795
82.9615384615	0.7129223100	0.0071292231
82.9807692308	0.7119690094	0.0071196901
83.0000000000	0.7108978814	0.0071089788
83.0192307692	0.7097088090	0.0070970881
83.0384615385	0.7084017210	0.0070840172
83.0576923077	0.7069765908	0.0070697659
83.0769230769	0.7054334358	0.0070543344
83.0961538462	0.7037723161	0.0070377232
83.1153846154	0.7019933337	0.0070199333
83.1346153846	0.7000966314	0.0070009663
83.1538461538	0.6980823920	0.0069808239
83.1730769231	0.6959508373	0.0069595084
83.1923076923	0.6937022272	0.0069370223
83.2115384615	0.6913368589	0.0069133686
83.2307692308	0.6888550665	0.0068885507
83.2500000000	0.6862572199	0.0068625722
83.2692307692	0.6835437246	0.0068354372
83.2884615385	0.6807150211	0.0068071502
83.3076923077	0.6777715846	0.0067777158
83.3269230769	0.6747139246	0.0067471392
83.3461538462	0.6715425848	0.0067154258
83.3653846154	0.6682581429	0.0066825814
83.3846153846	0.6648612106	0.0066486121
83.4038461538	0.6613524336	0.0066135243
83.4230769231	0.6577324919	0.0065773249
83.4423076923	0.6540020995	0.0065400210
83.4615384615	0.6501620048	0.0065016200
83.4807692308	0.6462129907	0.0064621299
83.5000000000	0.6421558752	0.0064215588
83.5192307692	0.6379915107	0.0063799151
83.5384615385	0.6337207852	0.0063372079
83.5576923077	0.6293446216	0.0062934462
83.5769230769	0.6248639782	0.0062486398
83.5961538462	0.6202798487	0.0062027985
83.6153846154	0.6155932620	0.0061559326
83.6346153846	0.6108052821	0.0061080528
83.6538461538	0.6059170079	0.0060591701
83.6730769231	0.6009295727	0.0060092957
83.6923076923	0.5958441436	0.0059584414
83.7115384615	0.5906619215	0.0059066192
83.7307692308	0.5853841393	0.0058538414
83.7500000000	0.5800120616	0.0058001206
83.7692307692	0.5745469837	0.0057454698
83.7884615385	0.5689902298	0.0056899023
83.8076923077	0.5633431519	0.0056334315
83.8269230769	0.5576071285	0.0055760713
83.8461538462	0.5517835620	0.0055178356
83.8653846154	0.5458738777	0.0054587388
83.8846153846	0.5398795213	0.0053987952
83.9038461538	0.5338019568	0.0053380196
83.9230769231	0.5276426641	0.0052764266
83.9423076923	0.5214031367	0.0052140314
83.9615384615	0.5150848791	0.0051508488
83.9807692308	0.5086894043	0.0050868940
84.0000000000	0.5022182310	0.0050221823
84.0192307692	0.4956728810	0.0049567288
84.0384615385	0.4890548763	0.0048905488
84.0576923077	0.4823657364	0.0048236574
84.0769230769	0.4756069758	0.0047560698
84.0961538462	0.4687801009	0.0046878010
84.1153846154	0.4618866077	0.0046188661
84.1346153846	0.4549279790	0.0045492798
84.1538461538	0.4479056821	0.0044790568
84.1730769231	0.4408211665	0.0044082117
84.1923076923	0.4336758616	0.0043367586
84.2115384615	0.4264711748	0.0042647117
84.2307692308	0.4192084898	0.0041920849
84.2500000000	0.4118891646	0.0041188916
84.2692307692	0.4045145307	0.0040451453
84.2884615385	0.3970858913	0.0039708589
84.3076923077	0.3896045212	0.0038960452
84.3269230769	0.3820716653	0.0038207167
84.3461538462	0.3744885390	0.0037448854
84.3653846154	0.3668563278	0.0036685633
84.3846153846	0.3591761875	0.0035917619
84.4038461538	0.3514492447	0.0035144924
84.4230769231	0.3436765978	0.0034367660
84.4423076923	0.3358593178	0.0033585932
84.4615384615	0.3279984498	0.0032799845
84.4807692308	0.3200950146	0.0032009501
84.5000000000	0.3121500106	0.0031215001
84.5192307692	0.3041644158	0.0030416442
84.5384615385	0.2961391902	0.0029613919
84.5576923077	0.2880752785	0.0028807528
84.5769230769	0.2799736125	0.0027997361
84.5961538462	0.2718351143	0.0027183511
84.6153846154	0.2636606995	0.0026366070
84.6346153846	0.2554512798	0.0025545128
84.6538461538	0.2472077669	0.0024720777
84.6730769231	0.2389310752	0.0023893108
84.6923076923	0.2306221259	0.0023062213
84.7115384615	0.2222818497	0.0022228185
84.7307692308	0.2139111906	0.0021391119
84.7500000000	0.2055111087	0.0020551111
84.7692307692	0.1970825841	0.0019708258
84.7884615385	0.1886266194	0.0018862662
84.8076923077	0.1801442427	0.0018014424
84.8269230769	0.1716365110	0.0017163651
84.8461538462	0.1631045119	0.0016310451
84.8653846154	0.1545493665	0.0015454937
84.8846153846	0.1459722316	0.0014597223
84.9038461538	0.1373743011	0.0013737430
84.9230769231	0.1287568080	0.0012875681
84.9423076923	0.1201210255	0.0012012103
84.9615384615	0.1114682679	0.0011146827
84.9807692308	0.1027998913	0.0010279989
85.0000000000	0.0941172937	0.0009411729
85.0192307692	0.0854219152	0.0008542192
85.0384615385	0.0767152374	0.0007671524
85.0576923077	0.0679987827	0.0006799878
85.0769230769	0.0592741131	0.0005927411
85.0961538462	0.0505428289	0.0005054283
85.1153846154	0.0418065664	0.0004180657
85.1346153846	0.0330669965	0.0003306700
85.1538461538	0.0243258218	0.0002432582
85.1730769231	0.0155847738	0.0001558477
85.1923076923	0.0068456100	0.0000684561
85.2115384615	-0.0018898891	-0.0000188989
85.2307692308	-0.0106199242	-0.0001061992
85.2500000000	-0.0193426802	-0.0001934268
85.2692307692	-0.0280563307	-0.0002805633
85.2884615385	-0.0367590417	-0.0003675904
85.3076923077	-0.0454489759	-0.0004544898
85.3269230769	-0.0541242969	-0.0005412430
85.3461538462	-0.0627831739	-0.0006278317
85.3653846154	-0.0714237856	-0.0007142379
85.3846153846	-0.0800443249	-0.0008004432
85.4038461538	-0.0886430031	-0.0008864300
85.4230769231	-0.0972180541	-0.0009721805
85.4423076923	-0.1057677388	-0.0010576774
85.4615384615	-0.1142903491	-0.0011429035
85.4807692308	-0.1227842114	-0.0012278421
85.5000000000	-0.1312476907	-0.0013124769
85.5192307692	-0.1396791939	-0.0013967919
85.5384615385	-0.1480771732	-0.0014807717
85.5576923077	-0.1564401286	-0.0015644013
85.5769230769	-0.1647666111	-0.0016476661
85.5961538462	-0.1730552247	-0.0017305522
85.6153846154	-0.1813046285	-0.0018130463
85.6346153846	-0.1895135387	-0.0018951354
85.6538461538	-0.1976807294	-0.0019768073
85.6730769231	-0.2058050339	-0.0020580503
85.6923076923	-0.2138853456	-0.0021388535
85.7115384615	-0.2219206175	-0.0022192062
85.7307692308	-0.2299098629	-0.0022990986
85.7500000000	-0.2378521545	-0.0023785215
85.7692307692	-0.2457466237	-0.0024574662
85.7884615385	-0.2535924593	-0.0025359246
85.8076923077	-0.2613889064	-0.0026138891
85.8269230769	-0.2691352640	-0.0026913526
85.8461538462	-0.2768308834	-0.0027683088
85.8653846154	-0.2844751654	-0.0028447517
85.8846153846	-0.2920675582	-0.0029206756
85.9038461538	-0.2996075539	-0.0029960755
85.9230769231	-0.3070946857	-0.0030709469
85.9423076923	-0.3145285245	-0.0031452852
85.9615384615	-0.3219086758	-0.0032190868
85.9807692308	-0.3292347756	-0.0032923478
86.0000000000	-0.3365064871	-0.0033650649
86.0192307692	-0.3437234969	-0.0034372350
86.0384615385	-0.3508855112	-0.0035088551
86.0576923077	-0.3579922519	-0.0035799225
86.0769230769	-0.3650434532	-0.0036504345
86.0961538462	-0.3720388575	-0.0037203886
86.1153846154	-0.3789782119	-0.0037897821
86.1346153846	-0.3858612650	-0.0038586126
86.1538461538	-0.3926877631	-0.0039268776
86.1730769231	-0.3994574472	-0.0039945745
86.1923076923	-0.4061700501	-0.0040617005
86.2115384615	-0.4128252932	-0.0041282529
86.2307692308	-0.4194228844	-0.0041942288
86.2500000000	-0.4259625152	-0.0042596252
86.2692307692	-0.4324438593	-0.0043244386
86.2884615385	-0.4388665699	-0.0043886657
86.3076923077	-0.4452302789	-0.0044523028
86.3269230769	-0.4515345952	-0.0045153460
86.3461538462	-0.4577791041	-0.0045777910
86.3653846154	-0.4639633659	-0.0046396337
86.3846153846	-0.4700869164	-0.0047008692
86.4038461538	-0.4761492659	-0.0047614927
86.4230769231	-0.4821499001	-0.0048214990
86.4423076923	-0.4880882799	-0.0048808828
86.4615384615	-0.4939638424	-0.0049396384
86.4807692308	-0.4997760017	-0.0049977600
86.5000000000	-0.5055241502	-0.0050552415
86.5192307692	-0.5112076595	-0.0051120766
86.5384615385	-0.5168258824	-0.0051682588
86.5576923077	-0.5223781544	-0.0052237815
86.5769230769	-0.5278637953	-0.0052786380
86.5961538462	-0.5332821117	-0.0053328211
86.6153846154	-0.5386323983	-0.0053863240
86.6346153846	-0.5439139407	-0.0054391394
86.6538461538	-0.5491260172	-0.0054912602
86.6730769231	-0.5542679008	-0.0055426790
86.6923076923	-0.5593388620	-0.0055933886
86.7115384615	-0.5643381703	-0.0056433817
86.7307692308	-0.5692650964	-0.0056926510
86.7500000000	-0.5741189146	-0.0057411891
86.7692307692	-0.5788989041	-0.0057889890
86.7884615385	-0.5836043515	-0.0058360435
86.8076923077	-0.5882345515	-0.0058823455
86.8269230769	-0.5927888093	-0.0059278881
86.8461538462	-0.5972664415	-0.0059726644
86.8653846154	-0.6016667771	-0.0060166678
86.8846153846	-0.6059891585	-0.0060598916
86.9038461538	-0.6102329423	-0.0061023294
86.9230769231	-0.6143975001	-0.0061439750
86.9423076923	-0.6184822178	-0.0061848222
86.9615384615	-0.6224864970	-0.0062248650
86.9807692308	-0.6264097536	-0.0062640975
87.0000000000	-0.6302514183	-0.0063025142
87.0192307692	-0.6340109356	-0.0063401094
87.0384615385	-0.6376877631	-0.0063768776
87.0576923077	-0.6412813706	-0.0064128137
87.0769230769	-0.6447912389	-0.0064479124
87.0961538462	-0.6482168584	-0.0064821686
87.1153846154	-0.6515577278	-0.0065155773
87.1346153846	-0.6548133526	-0.0065481335
87.1538461538	-0.6579832429	-0.0065798324
87.1730769231	-0.6610669124	-0.0066106691
87.1923076923	-0.6640638758	-0.0066406388
87.2115384615	-0.6669736474	-0.0066697365
87.2307692308	-0.6697957390	-0.0066979574
87.2500000000	-0.6725296582	-0.0067252966
87.2692307692	-0.6751749062	-0.0067517491
87.2884615385	-0.6777309764	-0.0067773098
87.3076923077	-0.6801973524	-0.0068019735
87.3269230769	-0.6825735065	-0.0068257351
87.3461538462	-0.6848588981	-0.0068485890
87.3653846154	-0.6870529726	-0.0068705297
87.3846153846	-0.6891551599	-0.0068915516
87.4038461538	-0.6911648736	-0.0069116487
87.4230769231	-0.6930815105	-0.0069308151
87.4423076923	-0.6949044493	-0.0069490445
87.4615384615	-0.6966330511	-0.0069663305
87.4807692308	-0.6982666587	-0.0069826666
87.5000000000	-0.6998045973	-0.0069980460
87.5192307692	-0.7012461744	-0.0070124617
87.5384615385	-0.7025906809	-0.0070259068
87.5576923077	-0.7038373919	-0.0070383739
87.5769230769	-0.7049855679	-0.0070498557
87.5961538462	-0.7060344562	-0.0070603446
87.6153846154	-0.7069832932	-0.0070698329
87.6346153846	-0.7078313055	-0.0070783131
87.6538461538	-0.7085777128	-0.0070857771
87.6730769231	-0.7092217301	-0.0070922173
87.6923076923	-0.7097625704	-0.0070976257
87.7115384615	-0.7101994474	-0.0071019945
87.7307692308	-0.7105315787	-0.0071053158
87.7500000000	-0.7107581888	-0.0071075819
87.7692307692	-0.7108785124	-0.0071087851
87.7884615385	-0.7108917981	-0.0071089180
87.8076923077	-0.7107973113	-0.0071079731
87.8269230769	-0.7105943381	-0.0071059434
87.8461538462	-0.7102821887	-0.0071028219
87.8653846154	-0.7098602010	-0.0070986020
87.8846153846	-0.7093277442	-0.0070932774
87.9038461538	-0.7086842219	-0.0070868422
87.9230769231	-0.7079290759	-0.0070792908
87.9423076923	-0.7070617892	-0.0070706179
87.9615384615	-0.7060818893	-0.0070608189
87.9807692308	-0.7049889511	-0.0070498895
88.0000000000	-0.7037825998	-0.0070378260
88.0192307692	-0.7024625132	-0.0070246251
88.0384615385	-0.7010284248	-0.0070102842
88.0576923077	-0.6994801252	-0.0069948013
88.0769230769	-0.6978174645	-0.0069781746
88.0961538462	-0.6960403538	-0.0069604035
88.1153846154	-0.6941487667	-0.0069414877
88.1346153846	-0.6921427404	-0.0069214274
88.1538461538	-0.6900223764	-0.0069002238
88.1730769231	-0.6877878414	-0.0068778784
88.1923076923	-0.6854393671	-0.0068543937
88.2115384615	-0.6829772505	-0.0068297725
88.2307692308	-0.6804018536	-0.0068040185
88.2500000000	-0.6777136026	-0.0067771360
88.2692307692	-0.6749129873	-0.0067491299
88.2884615385	-0.6720005597	-0.0067200056
88.3076923077	-0.6689769332	-0.0066897693
88.3269230769	-0.6658427803	-0.0066584278
88.3461538462	-0.6625988312	-0.0066259883
88.3653846154	-0.6592458719	-0.0065924587
88.3846153846	-0.6557847418	-0.0065578474
88.4038461538	-0.6522163313	-0.0065221633
88.4230769231	-0.6485415796	-0.0064854158
88.4423076923	-0.6447614720	-0.0064476147
88.4615384615	-0.6408770370	-0.0064087704
88.4807692308	-0.6368893438	-0.0063688934
88.5000000000	-0.6327994996	-0.0063279950
88.5192307692	-0.6286086462	-0.0062860865
88.5384615385	-0.6243179579	-0.0062431796
88.5576923077	-0.6199286380	-0.0061992864
88.5769230769	-0.6154419165	-0.0061544192
88.5961538462	-0.6108590471	-0.0061085905
88.6153846154	-0.6061813045	-0.0060618130
88.6346153846	-0.6014099822	-0.0060140998
88.6538461538	-0.5965463896	-0.0059654639
88.6730769231	-0.5915918498	-0.0059159185
88.6923076923	-0.5865476975	-0.0058654770
88.7115384615	-0.5814152767	-0.0058141528
88.7307692308	-0.5761959390	-0.0057619594
88.7500000000	-0.5708910419	-0.0057089104
88.7692307692	-0.5655019469	-0.0056550195
88.7884615385	-0.5600300180	-0.0056003002
88.8076923077	-0.5544766211	-0.0055447662
88.8269230769	-0.5488431219	-0.0054884312
88.8461538462	-0.5431308859	-0.0054313089
88.8653846154	-0.5373412769	-0.0053734128
88.8846153846	-0.5314756566	-0.0053147566
88.9038461538	-0.5255353843	-0.0052553538
88.9230769231	-0.5195218161	-0.0051952182
88.9423076923	-0.5134363048	-0.0051343630
88.9615384615	-0.5072802001	-0.0050728020
88.9807692308	-0.5010548477	-0.0050105485
89.0000000000	-0.4947615902	-0.0049476159
89.0192307692	-0.4884017666	-0.0048840177
89.0384615385	-0.4819767126	-0.0048197671
89.0576923077	-0.4754877607	-0.0047548776
89.0769230769	-0.4689362403	-0.0046893624
89.0961538462	-0.4623234783	-0.0046232348
89.1153846154	-0.4556507984	-0.0045565080
89.1346153846	-0.4489195220	-0.0044891952
89.1538461538	-0.4421309681	-0.0044213097
89.1730769231	-0.4352864530	-0.0043528645
89.1923076923	-0.4283872906	-0.0042838729
89.2115384615	-0.4214347922	-0.0042143479
89.2307692308	-0.4144302660	-0.0041443027
89.2500000000	-0.4073750175	-0.0040737502
89.2692307692	-0.4002703484	-0.0040027035
89.2884615385	-0.3931175564	-0.0039311756
89.3076923077	-0.3859179348	-0.0038591793
89.3269230769	-0.3786727714	-0.0037867277
89.3461538462	-0.3713833480	-0.0037138335
89.3653846154	-0.3640509392	-0.0036405094
89.3846153846	-0.3566768120	-0.0035667681
89.4038461538	-0.3492622238	-0.0034926222
89.4230769231	-0.3418084222	-0.0034180842
89.4423076923	-0.3343166429	-0.0033431664
89.4615384615	-0.3267881091	-0.0032678811
89.4807692308	-0.3192240297	-0.0031922403
89.5000000000	-0.3116255982	-0.0031162560
89.5192307692	-0.3039939910	-0.0030399399
89.5384615385	-0.2963303664	-0.0029633037
89.5576923077	-0.2886358631	-0.0028863586
89.5769230769	-0.2809115985	-0.0028091160
89.5961538462	-0.2731586679	-0.0027315867
89.6153846154	-0.2653781431	-0.0026537814
89.6346153846	-0.2575710712	-0.0025757107
89.6538461538	-0.2497384738	-0.0024973847
89.6730769231	-0.2418813457	-0.0024188135
89.6923076923	-0.2340006546	-0.0023400065
89.7115384615	-0.2260973402	-0.0022609734
89.7307692308	-0.2181723139	-0.0021817231
89.7500000000	-0.2102264585	-0.0021022646
89.7692307692	-0.2022606282	-0.0020226063
89.7884615385	-0.1942756487	-0.0019427565
89.8076923077	-0.1862723176	-0.0018627232
89.8269230769	-0.1782514051	-0.0017825141
89.8461538462	-0.1702136546	-0.0017021365
89.8653846154	-0.1621597838	-0.0016215978
89.8846153846	-0.1540904862	-0.0015409049
89.9038461538	-0.1460064324	-0.0014600643
89.9230769231	-0.1379082719	-0.0013790827
89.9423076923	-0.1297966349	-0.0012979663
89.9615384615	-0.1216721347	-0.0012167213
89.9807692308	-0.1135353698	-0.0011353537
90.0000000000	-0.1053869266	-0.0010538693
90.0192307692	-0.0972273822	-0.0009722738
90.0384615385	-0.0890573067	-0.0008905731
90.0576923077	-0.0808772669	-0.0008087727
90.0769230769	-0.0726878288	-0.0007268783
90.0961538462	-0.0644895612	-0.0006448956
90.1153846154	-0.0562830386	-0.0005628304
90.1346153846	-0.0480688446	-0.0004806884
90.1538461538	-0.0398475750	-0.0003984758
90.1730769231	-0.0316198416	-0.0003161984
90.1923076923	-0.0233862746	-0.0002338627
90.2115384615	-0.0151475264	-0.0001514753
90.2307692308	-0.0069042743	-0.0000690427
90.2500000000	0.0013427766	0.0000134278
90.2692307692	0.0095928905	0.0000959289
90.2884615385	0.0178452984	0.0001784530
90.3076923077	0.0260991959	0.0002609920
90.3269230769	0.0343537408	0.0003435374
90.3461538462	0.0426080517	0.0004260805
90.3653846154	0.0508612058	0.0005086121
90.3846153846	0.0591122383	0.0005911224
90.4038461538	0.0673601407	0.0006736014
90.4230769231	0.0756038610	0.0007560386
90.4423076923	0.0838423026	0.0008384230
90.4615384615	0.0920743250	0.0009207432
90.4807692308	0.1002987436	0.0010029874
90.5000000000	0.1085143310	0.0010851433
90.5192307692	0.1167198180	0.0011671982
90.5384615385	0.1249138949	0.0012491389
90.5576923077	0.1330952133	0.0013309521
90.5769230769	0.1412623888	0.0014126239
90.5961538462	0.1494140028	0.0014941400
90.6153846154	0.1575486059	0.0015754861
90.6346153846	0.1656647207	0.0016566472
90.6538461538	0.1737608454	0.0017376085
90.6730769231	0.1818354574	0.0018183546
90.6923076923	0.1898870173	0.0018988702
90.7115384615	0.1979139726	0.0019791397
90.7307692308	0.2059147627	0.0020591476
90.7500000000	0.2138878226	0.0021388782
90.7692307692	0.2218315878	0.0022183159
90.7884615385	0.2297444989	0.0022974450
90.8076923077	0.2376250062	0.0023762501
90.8269230769	0.2454715742	0.0024547157
90.8461538462	0.2532826866	0.0025328269
90.8653846154	0.2610568501	0.0026105685
90.8846153846	0.2687925998	0.0026879260
90.9038461538	0.2764885026	0.0027648850
90.9230769231	0.2841431618	0.0028414316
90.9423076923	0.2917552210	0.0029175522
90.9615384615	0.2993233675	0.0029932337
90.9807692308	0.3068463355	0.0030684634
91.0000000000	0.3143229099	0.0031432291
91.0192307692	0.3217519282	0.0032175193
91.0384615385	0.3291322833	0.0032913228
91.0576923077	0.3364629253	0.0033646293
91.0769230769	0.3437428632	0.0034374286
91.0961538462	0.3509711660	0.0035097117
91.1153846154	0.3581469634	0.0035814696
91.1346153846	0.3652694463	0.0036526945
91.1538461538	0.3723378662	0.0037233787
91.1730769231	0.3793515353	0.0037935154
91.1923076923	0.3863098249	0.0038630982
91.2115384615	0.3932121641	0.0039321216
91.2307692308	0.4000580380	0.0040005804
91.2500000000	0.4068469855	0.0040684699
91.2692307692	0.4135785964	0.0041357860
91.2884615385	0.4202525084	0.0042025251
91.3076923077	0.4268684038	0.0042686840
91.3269230769	0.4334260054	0.0043342601
91.3461538462	0.4399250732	0.0043992507
91.3653846154	0.4463653991	0.0044636540
91.3846153846	0.4527468033	0.0045274680
91.4038461538	0.4590691288	0.0045906913
91.4230769231	0.4653322369	0.0046533224
91.4423076923	0.4715360024	0.0047153600
91.4615384615	0.4776803077	0.0047768031
91.4807692308	0.4837650386	0.0048376504
91.5000000000	0.4897900783	0.0048979008
91.5192307692	0.4957553031	0.0049575530
91.5384615385	0.5016605766	0.0050166058
91.5576923077	0.5075057453	0.0050750575
91.5769230769	0.5132906336	0.0051329063
91.5961538462	0.5190150395	0.0051901504
91.6153846154	0.5246787298	0.0052467873
91.6346153846	0.5302814366	0.0053028144
91.6538461538	0.5358228531	0.0053582285
91.6730769231	0.5413026303	0.0054130263
91.6923076923	0.5467203741	0.0054672037
91.7115384615	0.5520756422	0.0055207564
91.7307692308	0.5573679419	0.0055736794
91.7500000000	0.5625967285	0.0056259673
91.7692307692	0.5677614033	0.0056776140
91.7884615385	0.5728613128	0.0057286131
91.8076923077	0.5778957481	0.0057789575
91.8269230769	0.5828639445	0.0058286394
91.8461538462	0.5877650819	0.0058776508
91.8653846154	0.5925982854	0.0059259829
91.8846153846	0.5973626265	0.0059736263
91.9038461538	0.6020571242	0.0060205712
91.9230769231	0.6066807475	0.0060668075
91.9423076923	0.6112324169	0.0061123242
91.9615384615	0.6157110077	0.0061571101
91.9807692308	0.6201153524	0.0062011535
92.0000000000	0.6244442442	0.0062444424
92.0192307692	0.6286964403	0.0062869644
92.0384615385	0.6328706658	0.0063287067
92.0576923077	0.6369656174	0.0063696562
92.0769230769	0.6409799675	0.0064097997
92.0961538462	0.6449123685	0.0064491237
92.1153846154	0.6487614571	0.0064876146
92.1346153846	0.6525258585	0.0065252586
92.1538461538	0.6562041909	0.0065620419
92.1730769231	0.6597950698	0.0065979507
92.1923076923	0.6632971122	0.0066329711
92.2115384615	0.6667089412	0.0066670894
92.2307692308	0.6700291894	0.0067002919
92.2500000000	0.6732565036	0.0067325650
92.2692307692	0.6763895482	0.0067638955
92.2884615385	0.6794270086	0.0067942701
92.3076923077	0.6823675950	0.0068236759
92.3269230769	0.6852100452	0.0068521005
92.3461538462	0.6879531274	0.0068795313
92.3653846154	0.6905956430	0.0069059564
92.3846153846	0.6931364287	0.0069313643
92.4038461538	0.6955743585	0.0069557436
92.4230769231	0.6979083454	0.0069790835
92.4423076923	0.7001373427	0.0070013734
92.4615384615	0.7022603452	0.0070226035
92.4807692308	0.7042763897	0.0070427639
92.5000000000	0.7061845559	0.0070618456
92.5192307692	0.7079839661	0.0070798397
92.5384615385	0.7096737857	0.0070967379
92.5576923077	0.7112532223	0.0071125322
92.5769230769	0.7127215256	0.0071272153
92.5961538462	0.7140779864	0.0071407799
92.6153846154	0.7153219361	0.0071532194
92.6346153846	0.7164527448	0.0071645274
92.6538461538	0.7174698210	0.0071746982
92.6730769231	0.7183726098	0.0071837261
92.6923076923	0.7191605915	0.0071916059
92.7115384615	0.7198332805	0.0071983328
92.7307692308	0.7203902232	0.0072039022
92.7500000000	0.7208309975	0.0072083100
92.7692307692	0.7211552105	0.0072115521
92.7884615385	0.7213624978	0.0072136250
92.8076923077	0.7214525219	0.0072145252
92.8269230769	0.7214249713	0.0072142497
92.8461538462	0.7212795591	0.0072127956
92.8653846154	0.7210160229	0.0072101602
92.8846153846	0.7206341236	0.0072063412
92.9038461538	0.7201336448	0.0072013364
92.9230769231	0.7195143931	0.0071951439
92.9423076923	0.7187761977	0.0071877620
92.9615384615	0.7179189105	0.0071791891
92.9807692308	0.7169424066	0.0071694241
93.0000000000	0.7158465850	0.0071584659
93.0192307692	0.7146313694	0.0071463137
93.0384615385	0.7132967089	0.0071329671
93.0576923077	0.7118425798	0.0071184258
93.0769230769	0.7102689866	0.0071026899
93.0961538462	0.7085759637	0.0070857596
93.1153846154	0.7067635773	0.0070676358
93.1346153846	0.7048319272	0.0070483193
93.1538461538	0.7027811486	0.0070278115
93.1730769231	0.7006114148	0.0070061141
93.1923076923	0.6983229386	0.0069832294
93.2115384615	0.6959159750	0.0069591598
93.2307692308	0.6933908232	0.0069339082
93.2500000000	0.6907478290	0.0069074783
93.2692307692	0.6879873864	0.0068798739
93.2884615385	0.6851099403	0.0068510994
93.3076923077	0.6821159879	0.0068211599
93.3269230769	0.6790060807	0.0067900608
93.3461538462	0.6757808259	0.0067578083
93.3653846154	0.6724408881	0.0067244089
93.3846153846	0.6689869901	0.0066898699
93.4038461538	0.6654199141	0.0066541991
93.4230769231	0.6617405019	0.0066174050
93.4423076923	0.6579496556	0.0065794966
93.4615384615	0.6540483376	0.0065404834
93.4807692308	0.6500375699	0.0065003757
93.5000000000	0.6459184338	0.0064591843
93.5192307692	0.6416920687	0.0064169207
93.5384615385	0.6373596708	0.0063735967
93.5576923077	0.6329224910	0.0063292249
93.5769230769	0.6283818337	0.0062838183
93.5961538462	0.6237390532	0.0062373905
93.6153846154	0.6189955519	0.0061899555
93.6346153846	0.6141527767	0.0061415278
93.6538461538	0.6092122157	0.0060921222
93.6730769231	0.6041753944	0.0060417539
93.6923076923	0.5990438720	0.0059904387
93.7115384615	0.5938192371	0.0059381924
93.7307692308	0.5885031031	0.0058850310
93.7500000000	0.5830971038	0.0058309710
93.7692307692	0.5776028886	0.0057760289
93.7884615385	0.5720221178	0.0057202212
93.8076923077	0.5663564575	0.0056635646
93.8269230769	0.5606075747	0.0056060757
93.8461538462	0.5547771324	0.0055477713
93.8653846154	0.5488667849	0.0054886678
93.8846153846	0.5428781725	0.0054287817
93.9038461538	0.5368129174	0.0053681292
93.9230769231	0.5306726188	0.0053067262
93.9423076923	0.5244588487	0.0052445885
93.9615384615	0.5181731478	0.0051817315
93.9807692308	0.5118170220	0.0051181702
94.0000000000	0.5053919385	0.0050539194
94.0192307692	0.4988993230	0.0049889932
94.0384615385	0.4923405568	0.0049234056
94.0576923077	0.4857169745	0.0048571697
94.0769230769	0.4790298619	0.0047902986
94.0961538462	0.4722804547	0.0047228045
94.1153846154	0.4654699375	0.0046546994
94.1346153846	0.4585994429	0.0045859944
94.1538461538	0.4516700518	0.0045167005
94.1730769231	0.4446827934	0.0044468279
94.1923076923	0.4376386462	0.0043763865
94.2115384615	0.4305385394	0.0043053854
94.2307692308	0.4233833546	0.0042338335
94.2500000000	0.4161739278	0.0041617393
94.2692307692	0.4089110524	0.0040891105
94.2884615385	0.4015954821	0.0040159548
94.3076923077	0.3942279344	0.0039422793
94.3269230769	0.3868090943	0.0038680909
94.3461538462	0.3793396184	0.0037933962
94.3653846154	0.3718201396	0.0037182014
94.3846153846	0.3642512715	0.0036425127
94.4038461538	0.3566336134	0.0035663361
94.4230769231	0.3489677555	0.0034896776
94.4423076923	0.3412542838	0.0034125428
94.4615384615	0.3334937857	0.0033349379
94.4807692308	0.3256868554	0.0032568686
94.5000000000	0.3178340987	0.0031783410
94.5192307692	0.3099361390	0.0030993614
94.5384615385	0.3019936219	0.0030199362
94.5576923077	0.2940072209	0.0029400722
94.5769230769	0.2859776417	0.0028597764
94.5961538462	0.2779056271	0.0027790563
94.6153846154	0.2697919615	0.0026979196
94.6346153846	0.2616374749	0.0026163747
94.6538461538	0.2534430465	0.0025344305
94.6730769231	0.2452096087	0.0024520961
94.6923076923	0.2369381492	0.0023693815
94.7115384615	0.2286297144	0.0022862971
94.7307692308	0.2202854109	0.0022028541
94.7500000000	0.2119064078	0.0021190641
94.7692307692	0.2034939372	0.0020349394
94.7884615385	0.1950492953	0.0019504930
94.8076923077	0.1865738424	0.0018657384
94.8269230769	0.1780690028	0.0017806900
94.8461538462	0.1695362638	0.0016953626
94.8653846154	0.1609771743	0.0016097717
94.8846153846	0.1523933432	0.0015239334
94.9038461538	0.1437864368	0.0014378644
94.9230769231	0.1351581766	0.0013515818
94.9423076923	0.1265103356	0.0012651034
94.9615384615	0.1178447348	0.0011784473
94.9807692308	0.1091632396	0.0010916324
95.0000000000	0.1004677551	0.0010046776
95.0192307692	0.0917602217	0.0009176022
95.0384615385	0.0830426099	0.0008304261
95.0576923077	0.0743169155	0.0007431692
95.0769230769	0.0655851541	0.0006558515
95.0961538462	0.0568493556	0.0005684936
95.1153846154	0.0481115586	0.0004811156
95.1346153846	0.0393738047	0.0003937380
95.1538461538	0.0306381326	0.0003063813
95.1730769231	0.0219065728	0.0002190657
95.1923076923	0.0131811418	0.0001318114
95.2115384615	0.0044638364	0.0000446384
95.2307692308	-0.0042433714	-0.0000424337
95.2500000000	-0.0129385398	-0.0001293854
95.2692307692	-0.0216197619	-0.0002161976
95.2884615385	-0.0302851709	-0.0003028517
95.3076923077	-0.0389329436	-0.0003893294
95.3269230769	-0.0475613056	-0.0004756131
95.3461538462	-0.0561685339	-0.0005616853
95.3653846154	-0.0647529610	-0.0006475296
95.3846153846	-0.0733129774	-0.0007331298
95.4038461538	-0.0818470343	-0.0008184703
95.4230769231	-0.0903536456	-0.0009035365
95.4423076923	-0.0988313894	-0.0009883139
95.4615384615	-0.1072789092	-0.0010727891
95.4807692308	-0.1156949147	-0.0011569491
95.5000000000	-0.1240781820	-0.0012407818
95.5192307692	-0.1324275533	-0.0013242755
95.5384615385	-0.1407419362	-0.0014074194
95.5576923077	-0.1490203029	-0.0014902030
95.5769230769	-0.1572616884	-0.0015726169
95.5961538462	-0.1654651887	-0.0016546519
95.6153846154	-0.1736299587	-0.0017362996
95.6346153846	-0.1817552094	-0.0018175521
95.6538461538	-0.1898402049	-0.0018984020
95.6730769231	-0.1978842598	-0.0019788426
95.6923076923	-0.2058867348	-0.0020588673
95.7115384615	-0.2138470338	-0.0021384703
95.7307692308	-0.2217645998	-0.0022176460
95.7500000000	-0.2296389108	-0.0022963891
95.7692307692	-0.2374694760	-0.0023746948
95.7884615385	-0.2452558311	-0.0024525583
95.8076923077	-0.2529975349	-0.0025299753
95.8269230769	-0.2606941643	-0.0026069416
95.8461538462	-0.2683453109	-0.0026834531
95.8653846154	-0.2759505765	-0.0027595058
95.8846153846	-0.2835095693	-0.0028350957
95.9038461538	-0.2910219004	-0.0029102190
95.9230769231	-0.2984871797	-0.0029848718
95.9423076923	-0.3059050133	-0.0030590501
95.9615384615	-0.3132749997	-0.0031327500
95.9807692308	-0.3205967274	-0.0032059673
96.0000000000	-0.3278697724	-0.0032786977
96.0192307692	-0.3350936956	-0.0033509370
96.0384615385	-0.3422680415	-0.0034226804
96.0576923077	-0.3493923360	-0.0034939234
96.0769230769	-0.3564660858	-0.0035646609
96.0961538462	-0.3634887772	-0.0036348878
96.1153846154	-0.3704598758	-0.0037045988
96.1346153846	-0.3773788261	-0.0037737883
96.1538461538	-0.3842450521	-0.0038424505
96.1730769231	-0.3910579576	-0.0039105796
96.1923076923	-0.3978169271	-0.0039781693
96.2115384615	-0.4045213269	-0.0040452133
96.2307692308	-0.4111705069	-0.0041117051
96.2500000000	-0.4177638019	-0.0041776380
96.2692307692	-0.4243005339	-0.0042430053
96.2884615385	-0.4307800142	-0.0043078001
96.3076923077	-0.4372015456	-0.0043720155
96.3269230769	-0.4435644251	-0.0044356443
96.3461538462	-0.4498679467	-0.0044986795
96.3653846154	-0.4561114038	-0.0045611140
96.3846153846	-0.4622940922	-0.0046229409
96.4038461538	-0.4684153128	-0.0046841531
96.4230769231	-0.4744743745	-0.0047447437
96.4423076923	-0.4804705968	-0.0048047060
96.4615384615	-0.4864033126	-0.0048640331
96.4807692308	-0.4922718706	-0.0049227187
96.5000000000	-0.4980756375	-0.0049807564
96.5192307692	-0.5038140007	-0.0050381400
96.5384615385	-0.5094863696	-0.0050948637
96.5576923077	-0.5150921780	-0.0051509218
96.5769230769	-0.5206308847	-0.0052063088
96.5961538462	-0.5261019755	-0.0052610198
96.6153846154	-0.5315049636	-0.0053150496
96.6346153846	-0.5368393901	-0.0053683939
96.6538461538	-0.5421048244	-0.0054210482
96.6730769231	-0.5473008638	-0.0054730086
96.6923076923	-0.5524271332	-0.0055242713
96.7115384615	-0.5574832840	-0.0055748328
96.7307692308	-0.5624689929	-0.0056246899
96.7500000000	-0.5673839607	-0.0056738396
96.7692307692	-0.5722279097	-0.0057222791
96.7884615385	-0.5770005819	-0.0057700058
96.8076923077	-0.5817017365	-0.0058170174
96.8269230769	-0.5863311468	-0.0058633115
96.8461538462	-0.5908885970	-0.0059088860
96.8653846154	-0.5953738791	-0.0059537388
96.8846153846	-0.5997867893	-0.0059978679
96.9038461538	-0.6041271239	-0.0060412712
96.9230769231	-0.6083946757	-0.0060839468
96.9423076923	-0.6125892297	-0.0061258923
96.9615384615	-0.6167105594	-0.0061671056
96.9807692308	-0.6207584220	-0.0062075842
97.0000000000	-0.6247325548	-0.0062473255
97.0192307692	-0.6286326708	-0.0062863267
97.0384615385	-0.6324584545	-0.0063245845
97.0576923077	-0.6362095584	-0.0063620956
97.0769230769	-0.6398855987	-0.0063988560
97.0961538462	-0.6434861523	-0.0064348615
97.1153846154	-0.6470107528	-0.0064701075
97.1346153846	-0.6504588880	-0.0065045889
97.1538461538	-0.6538299966	-0.0065383000
97.1730769231	-0.6571234664	-0.0065712347
97.1923076923	-0.6603386313	-0.0066033863
97.2115384615	-0.6634747707	-0.0066347477
97.2307692308	-0.6665311074	-0.0066653111
97.2500000000	-0.6695068070	-0.0066950681
97.2692307692	-0.6724009778	-0.0067240098
97.2884615385	-0.6752126704	-0.0067521267
97.3076923077	-0.6779408786	-0.0067794088
97.3269230769	-0.6805845403	-0.0068058454
97.3461538462	-0.6831425392	-0.0068314254
97.3653846154	-0.6856137063	-0.0068561371
97.3846153846	-0.6879968232	-0.0068799682
97.4038461538	-0.6902906241	-0.0069029062
97.4230769231	-0.6924937997	-0.0069249380
97.4423076923	-0.6946050011	-0.0069460500
97.4615384615	-0.6966228437	-0.0069662284
97.4807692308	-0.6985459118	-0.0069854591
97.5000000000	-0.7003727638	-0.0070037276
97.5192307692	-0.7021019373	-0.0070210194
97.5384615385	-0.7037319545	-0.0070373195
97.5576923077	-0.7052613282	-0.0070526133
97.5769230769	-0.7066885681	-0.0070668857
97.5961538462	-0.7080121860	-0.0070801219
97.6153846154	-0.7092307033	-0.0070923070
97.6346153846	-0.7103426564	-0.0071034266
97.6538461538	-0.7113466039	-0.0071134660
97.6730769231	-0.7122411323	-0.0071224113
97.6923076923	-0.7130248630	-0.0071302486
97.7115384615	-0.7136964581	-0.0071369646
97.7307692308	-0.7142546269	-0.0071425463
97.7500000000	-0.7146981316	-0.0071469813
97.7692307692	-0.7150257930	-0.0071502579
97.7884615385	-0.7152364962	-0.0071523650
97.8076923077	-0.7153291957	-0.0071532920
97.8269230769	-0.7153029201	-0.0071530292
97.8461538462	-0.7151567767	-0.0071515678
97.8653846154	-0.7148899557	-0.0071488996
97.8846153846	-0.7145017334	-0.0071450173
97.9038461538	-0.7139914762	-0.0071399148
97.9230769231	-0.7133586427	-0.0071335864
97.9423076923	-0.7126027863	-0.0071260279
97.9615384615	-0.7117235569	-0.0071172356
97.9807692308	-0.7107207024	-0.0071072070
98.0000000000	-0.7095940695	-0.0070959407
98.0192307692	-0.7083436037	-0.0070834360
98.0384615385	-0.7069693496	-0.0070696935
98.0576923077	-0.7054714502	-0.0070547145
98.0769230769	-0.7038501454	-0.0070385015
98.0961538462	-0.7021057711	-0.0070210577
98.1153846154	-0.7002387566	-0.0070023876
98.1346153846	-0.6982496225	-0.0069824962
98.1538461538	-0.6961389782	-0.0069613898
98.1730769231	-0.6939075180	-0.0069390752
98.1923076923	-0.6915560183	-0.0069155602
98.2115384615	-0.6890853337	-0.0068908533
98.2307692308	-0.6864963927	-0.0068649639
98.2500000000	-0.6837901937	-0.0068379019
98.2692307692	-0.6809678003	-0.0068096780
98.2884615385	-0.6780303371	-0.0067803034
98.3076923077	-0.6749789846	-0.0067497898
98.3269230769	-0.6718149743	-0.0067181497
98.3461538462	-0.6685395842	-0.0066853958
98.3653846154	-0.6651541339	-0.0066515413
98.3846153846	-0.6616599794	-0.0066165998
98.4038461538	-0.6580585086	-0.0065805851
98.4230769231	-0.6543511367	-0.0065435114
98.4423076923	-0.6505393014	-0.0065053930
98.4615384615	-0.6466244588	-0.0064662446
98.4807692308	-0.6426080789	-0.0064260808
98.5000000000	-0.6384916417	-0.0063849164
98.5192307692	-0.6342766336	-0.0063427663
98.5384615385	-0.6299645437	-0.0062996454
98.5576923077	-0.6255568605	-0.0062555686
98.5769230769	-0.6210550691	-0.0062105507
98.5961538462	-0.6164606483	-0.0061646065
98.6153846154	-0.6117750684	-0.0061177507
98.6346153846	-0.6069997890	-0.0060699979
98.6538461538	-0.6021362572	-0.0060213626
98.6730769231	-0.5971859062	-0.0059718591
98.6923076923	-0.5921501538	-0.0059215015
98.7115384615	-0.5870304020	-0.0058703040
98.7307692308	-0.5818280358	-0.0058182804
98.7500000000	-0.5765444230	-0.0057654442
98.7692307692	-0.5711809143	-0.0057118091
98.7884615385	-0.5657388431	-0.0056573884
98.8076923077	-0.5602195256	-0.0056021953
98.8269230769	-0.5546242619	-0.0055462426
98.8461538462	-0.5489543362	-0.0054895434
98.8653846154	-0.5432110173	-0.0054321102
98.8846153846	-0.5373955604	-0.0053739556
98.9038461538	-0.5315092071	-0.0053150921
98.9230769231	-0.5255531871	-0.0052555319
98.9423076923	-0.5195287190	-0.0051952872
98.9615384615	-0.5134370116	-0.0051343701
98.9807692308	-0.5072792649	-0.0050727926
99.0000000000	-0.5010566713	-0.0050105667
99.0192307692	-0.4947704164	-0.0049477042
99.0384615385	-0.4884216804	-0.0048842168
99.0576923077	-0.4820116386	-0.0048201164
99.0769230769	-0.4755414621	-0.0047554146
99.0961538462	-0.4690123190	-0.0046901232
99.1153846154	-0.4624253744	-0.0046242537
99.1346153846	-0.4557817912	-0.0045578179
99.1538461538	-0.4490827299	-0.0044908273
99.1730769231	-0.4423293491	-0.0044232935
99.1923076923	-0.4355228050	-0.0043552280
99.2115384615	-0.4286642515	-0.0042866425
99.2307692308	-0.4217548399	-0.0042175484
99.2500000000	-0.4147957178	-0.0041479572
99.2692307692	-0.4077880289	-0.0040778803
99.2884615385	-0.4007329119	-0.0040073291
99.3076923077	-0.3936314999	-0.0039363150
99.3269230769	-0.3864849186	-0.0038648492
99.3461538462	-0.3792942858	-0.0037929429
99.3653846154	-0.3720607098	-0.0037206071
99.3846153846	-0.3647852880	-0.0036478529
99.4038461538	-0.3574691059	-0.0035746911
99.4230769231	-0.3501132351	-0.0035011324
99.4423076923	-0.3427187321	-0.0034271873
99.4615384615	-0.3352866373	-0.0033528664
99.4807692308	-0.3278179730	-0.0032781797
99.5000000000	-0.3203137423	-0.0032031374
99.5192307692	-0.3127749279	-0.0031277493
99.5384615385	-0.3052024910	-0.0030520249
99.5576923077	-0.2975973703	-0.0029759737
99.5769230769	-0.2899604807	-0.0028996048
99.5961538462	-0.2822927131	-0.0028229271
99.6153846154	-0.2745949336	-0.0027459493
99.6346153846	-0.2668679831	-0.0026686798
99.6538461538	-0.2591126771	-0.0025911268
99.6730769231	-0.2513298062	-0.0025132981
99.6923076923	-0.2435201355	-0.0024352014
99.7115384615	-0.2356844059	-0.0023568441
99.7307692308	-0.2278233345	-0.0022782333
99.7500000000	-0.2199376156	-0.0021993762
99.7692307692	-0.2120279220	-0.0021202792
99.7884615385	-0.2040949061	-0.0020409491
99.8076923077	-0.1961392022	-0.0019613920
99.8269230769	-0.1881614278	-0.0018816143
99.8461538462	-0.1801621860	-0.0018016219
99.8653846154	-0.1721420677	-0.0017214207
99.8846153846	-0.1641016541	-0.0016410165
99.9038461538	-0.1560415194	-0.0015604152
99.9230769231	-0.1479622335	-0.0014796223
99.9423076923	-0.1398643650	-0.0013986436
99.9615384615	-0.1317484840	-0.0013174848
99.9807692308	-0.1236151656	-0.0012361517
100.0000000000	-0.1154649925	-0.0011546499
