# step	 time	 x_p_n	 v_p_n	 N0	 N1	 mass_n0	 mass_n1	 mv_n0	 mv_n1	 f_total0	 f_total1	 mv_n0_after	 mv_n1_after	 a_grid	 v_pic	 x_p_np1	 v_p_np1
0	0.0000000000	0.5000000000	0.1000000000	0.5000000000	0.5000000000	0.5000000000	0.5000000000	0.0000000000	0.0500000000	0.0000000000	0.0000000000	0.0000000000	0.0500000000	0.0000000000	0.0500000000	0.5005000000	0.1000000000
1	0.0100000000	0.5005000000	0.1000000000	0.4995000000	0.5005000000	0.4995000000	0.5005000000	0.0000000000	0.0500500000	0.0394784176	-0.0394784176	0.0000000000	0.0496552158	0.0000000000	0.0496552158	0.5009965522	0.0996052158
2	0.0200000000	0.5009965522	0.0996052158	0.4990034478	0.5009965522	0.4990034478	0.5009965522	0.0000000000	0.0499018697	0.0786454375	-0.0786454375	0.0000000000	0.0491154153	0.0000000000	0.0491154153	0.5014877063	0.0988187614
3	0.0300000000	0.5014877063	0.0988187614	0.4985122937	0.5014877063	0.4985122937	0.5014877063	0.0000000000	0.0495563940	0.1173482763	-0.1173482763	0.0000000000	0.0483829113	0.0000000000	0.0483829113	0.5019715354	0.0976452787
4	0.0400000000	0.5019715354	0.0976452787	0.4980284646	0.5019715354	0.4980284646	0.5019715354	0.0000000000	0.0490151505	0.1554365634	-0.1554365634	0.0000000000	0.0474607848	0.0000000000	0.0474607848	0.5024461433	0.0960909131
5	0.0500000000	0.5024461433	0.0960909131	0.4975538567	0.5024461433	0.4975538567	0.5024461433	0.0000000000	0.0482805087	0.1927629166	-0.1927629166	0.0000000000	0.0463528795	0.0000000000	0.0463528795	0.5029096721	0.0941632839
6	0.0600000000	0.5029096721	0.0941632839	0.4970903279	0.5029096721	0.4970903279	0.5029096721	0.0000000000	0.0473556262	0.2291835034	-0.2291835034	0.0000000000	0.0450637912	0.0000000000	0.0450637912	0.5033603100	0.0918714489
7	0.0700000000	0.5033603100	0.0918714489	0.4966396900	0.5033603100	0.4966396900	0.5033603100	0.0000000000	0.0462444410	0.2645585869	-0.2645585869	0.0000000000	0.0435988551	0.0000000000	0.0435988551	0.5037962985	0.0892258630
8	0.0800000000	0.5037962985	0.0892258630	0.4962037015	0.5037962985	0.4962037015	0.5037962985	0.0000000000	0.0449516595	0.2987530551	-0.2987530551	0.0000000000	0.0419641290	0.0000000000	0.0419641290	0.5042159398	0.0862383324
9	0.0900000000	0.5042159398	0.0862383324	0.4957840602	0.5042159398	0.4957840602	0.5042159398	0.0000000000	0.0434827418	0.3316369292	-0.3316369292	0.0000000000	0.0401663725	0.0000000000	0.0401663725	0.5046176035	0.0829219631
10	0.1000000000	0.5046176035	0.0829219631	0.4953823965	0.5046176035	0.4953823965	0.5046176035	0.0000000000	0.0418438823	0.3630858523	-0.3630858523	0.0000000000	0.0382130238	0.0000000000	0.0382130238	0.5049997338	0.0792911046
11	0.1100000000	0.5049997338	0.0792911046	0.4950002662	0.5049997338	0.4950002662	0.5049997338	0.0000000000	0.0400419867	0.3929815535	-0.3929815535	0.0000000000	0.0361121712	0.0000000000	0.0361121712	0.5053608555	0.0753612891
12	0.1200000000	0.5053608555	0.0753612891	0.4946391445	0.5053608555	0.4946391445	0.5053608555	0.0000000000	0.0380846455	0.4212122887	-0.4212122887	0.0000000000	0.0338725226	0.0000000000	0.0338725226	0.5056995807	0.0711491662
13	0.1300000000	0.5056995807	0.0711491662	0.4943004193	0.5056995807	0.4943004193	0.5056995807	0.0000000000	0.0359801035	0.4476732537	-0.4476732537	0.0000000000	0.0315033710	0.0000000000	0.0315033710	0.5060146144	0.0666724337
14	0.1400000000	0.5060146144	0.0666724337	0.4939853856	0.5060146144	0.4939853856	0.5060146144	0.0000000000	0.0337372258	0.4722669707	-0.4722669707	0.0000000000	0.0290145561	0.0000000000	0.0290145561	0.5063047600	0.0619497640
15	0.1500000000	0.5063047600	0.0619497640	0.4936952400	0.5063047600	0.4936952400	0.5063047600	0.0000000000	0.0313654604	0.4949036442	-0.4949036442	0.0000000000	0.0264164239	0.0000000000	0.0264164239	0.5065689242	0.0570007275
16	0.1600000000	0.5065689242	0.0570007275	0.4934310758	0.5065689242	0.4934310758	0.5065689242	0.0000000000	0.0288747972	0.5155014876	-0.5155014876	0.0000000000	0.0237197823	0.0000000000	0.0237197823	0.5068061221	0.0518457126
17	0.1700000000	0.5068061221	0.0518457126	0.4931938779	0.5068061221	0.4931938779	0.5068061221	0.0000000000	0.0262757246	0.5339870170	-0.5339870170	0.0000000000	0.0209358544	0.0000000000	0.0209358544	0.5070154806	0.0465058425
18	0.1800000000	0.5070154806	0.0465058425	0.4929845194	0.5070154806	0.4929845194	0.5070154806	0.0000000000	0.0235791821	0.5502953125	-0.5502953125	0.0000000000	0.0180762289	0.0000000000	0.0180762289	0.5071962429	0.0410028893
19	0.1900000000	0.5071962429	0.0410028893	0.4928037571	0.5071962429	0.4928037571	0.5071962429	0.0000000000	0.0207965114	0.5643702460	-0.5643702460	0.0000000000	0.0151528090	0.0000000000	0.0151528090	0.5073477710	0.0353591869
20	0.2000000000	0.5073477710	0.0353591869	0.4926522290	0.5073477710	0.4926522290	0.5073477710	0.0000000000	0.0179394046	0.5761646732	-0.5761646732	0.0000000000	0.0121777579	0.0000000000	0.0121777579	0.5074695486	0.0295975401
21	0.2100000000	0.5074695486	0.0295975401	0.4925304514	0.5074695486	0.4925304514	0.5074695486	0.0000000000	0.0150198503	0.5856405917	-0.5856405917	0.0000000000	0.0091634444	0.0000000000	0.0091634444	0.5075611830	0.0237411342
22	0.2200000000	0.5075611830	0.0237411342	0.4924388170	0.5075611830	0.4924388170	0.5075611830	0.0000000000	0.0120500782	0.5927692616	-0.5927692616	0.0000000000	0.0061223856	0.0000000000	0.0061223856	0.5076224069	0.0178134416
23	0.2300000000	0.5076224069	0.0178134416	0.4923775931	0.5076224069	0.4923775931	0.5076224069	0.0000000000	0.0090425021	0.5975312903	-0.5975312903	0.0000000000	0.0030671892	0.0000000000	0.0030671892	0.5076530787	0.0118381287
24	0.2400000000	0.5076530787	0.0118381287	0.4923469213	0.5076530787	0.4923469213	0.5076530787	0.0000000000	0.0060096625	0.5999166810	-0.5999166810	0.0000000000	0.0000104957	0.0000000000	0.0000104957	0.5076531837	0.0058389619
25	0.2500000000	0.5076531837	0.0058389619	0.4923468163	0.5076531837	0.4923468163	0.5076531837	0.0000000000	0.0029641676	0.5999248431	-0.5999248431	0.0000000000	-0.0030350808	0.0000000000	-0.0030350808	0.5076228329	-0.0001602865
26	0.2600000000	0.5076228329	-0.0001602865	0.4923771671	0.5076228329	0.4923771671	0.5076228329	0.0000000000	-0.0000813651	0.5975645666	-0.5975645666	0.0000000000	-0.0060570108	0.0000000000	-0.0060570108	0.5075622628	-0.0061359322
27	0.2700000000	0.5075622628	-0.0061359322	0.4924377372	0.5075622628	0.4924377372	0.5075622628	0.0000000000	-0.0031143676	0.5928539589	-0.5928539589	0.0000000000	-0.0090429072	0.0000000000	-0.0090429072	0.5074718337	-0.0120644718
28	0.2800000000	0.5074718337	-0.0120644718	0.4925281663	0.5074718337	0.4925281663	0.5074718337	0.0000000000	-0.0061223796	0.5858203456	-0.5858203456	0.0000000000	-0.0119805831	0.0000000000	-0.0119805831	0.5073520279	-0.0179226752
29	0.2900000000	0.5073520279	-0.0179226752	0.4926479721	0.5073520279	0.4926479721	0.5073520279	0.0000000000	-0.0090931056	0.5765001345	-0.5765001345	0.0000000000	-0.0148581070	0.0000000000	-0.0148581070	0.5072034468	-0.0236876766
30	0.3000000000	0.5072034468	-0.0236876766	0.4927965532	0.5072034468	0.4927965532	0.5072034468	0.0000000000	-0.0120144712	0.5649386443	-0.5649386443	0.0000000000	-0.0176638577	0.0000000000	-0.0176638577	0.5070268082	-0.0293370630
31	0.3100000000	0.5070268082	-0.0293370630	0.4929731918	0.5070268082	0.4929731918	0.5070268082	0.0000000000	-0.0148746774	0.5511898980	-0.5511898980	0.0000000000	-0.0203865764	0.0000000000	-0.0203865764	0.5068229425	-0.0348489620
32	0.3200000000	0.5068229425	-0.0348489620	0.4931770575	0.5068229425	0.4931770575	0.5068229425	0.0000000000	-0.0176622535	0.5353163828	-0.5353163828	0.0000000000	-0.0230154173	0.0000000000	-0.0230154173	0.5065927883	-0.0402021258
33	0.3300000000	0.5065927883	-0.0402021258	0.4934072117	0.5065927883	0.4934072117	0.5065927883	0.0000000000	-0.0203661070	0.5173887758	-0.5173887758	0.0000000000	-0.0255399948	0.0000000000	-0.0255399948	0.5063373884	-0.0453760136
34	0.3400000000	0.5063373884	-0.0453760136	0.4936626116	0.5063373884	0.4936626116	0.5063373884	0.0000000000	-0.0229755722	0.4974856385	-0.4974856385	0.0000000000	-0.0279504286	0.0000000000	-0.0279504286	0.5060578841	-0.0503508700
35	0.3500000000	0.5060578841	-0.0503508700	0.4939421159	0.5060578841	0.4939421159	0.5060578841	0.0000000000	-0.0254804547	0.4756930805	-0.4756930805	0.0000000000	-0.0302373855	0.0000000000	-0.0302373855	0.5057555102	-0.0551078008
36	0.3600000000	0.5057555102	-0.0551078008	0.4942444898	0.5057555102	0.4942444898	0.5057555102	0.0000000000	-0.0278710739	0.4521043929	-0.4521043929	0.0000000000	-0.0323921178	0.0000000000	-0.0323921178	0.5054315890	-0.0596288447
37	0.3700000000	0.5054315890	-0.0596288447	0.4945684110	0.5054315890	0.4945684110	0.5054315890	0.0000000000	-0.0301383017	0.4268196549	-0.4268196549	0.0000000000	-0.0344064983	0.0000000000	-0.0344064983	0.5050875241	-0.0638970413
38	0.3800000000	0.5050875241	-0.0638970413	0.4949124759	0.5050875241	0.4949124759	0.5050875241	0.0000000000	-0.0322735984	0.3999453135	-0.3999453135	0.0000000000	-0.0362730515	0.0000000000	-0.0362730515	0.5047247935	-0.0678964944
39	0.3900000000	0.5047247935	-0.0678964944	0.4952752065	0.5047247935	0.4952752065	0.5047247935	0.0000000000	-0.0342690441	0.3715937387	-0.3715937387	0.0000000000	-0.0379849815	0.0000000000	-0.0379849815	0.5043449437	-0.0716124318
40	0.4000000000	0.5043449437	-0.0716124318	0.4956550563	0.5043449437	0.4956550563	0.5043449437	0.0000000000	-0.0361173679	0.3418827559	-0.3418827559	0.0000000000	-0.0395361954	0.0000000000	-0.0395361954	0.5039495818	-0.0750312593
41	0.4100000000	0.5039495818	-0.0750312593	0.4960504182	0.5039495818	0.4960504182	0.5039495818	0.0000000000	-0.0378119718	0.3109351584	-0.3109351584	0.0000000000	-0.0409213233	0.0000000000	-0.0409213233	0.5035403685	-0.0781406109
42	0.4200000000	0.5035403685	-0.0781406109	0.4964596315	0.5035403685	0.4964596315	0.5035403685	0.0000000000	-0.0393469520	0.2788781997	-0.2788781997	0.0000000000	-0.0421357340	0.0000000000	-0.0421357340	0.5031190112	-0.0809293929
43	0.4300000000	0.5031190112	-0.0809293929	0.4968809888	0.5031190112	0.4968809888	0.5031190112	0.0000000000	-0.0407171161	0.2458430707	-0.2458430707	0.0000000000	-0.0431755469	0.0000000000	-0.0431755469	0.5026872557	-0.0833878236
44	0.4400000000	0.5026872557	-0.0833878236	0.4973127443	0.5026872557	0.4973127443	0.5026872557	0.0000000000	-0.0419179962	0.2119643615	-0.2119643615	0.0000000000	-0.0440376398	0.0000000000	-0.0440376398	0.5022468793	-0.0855074672
45	0.4500000000	0.5022468793	-0.0855074672	0.4977531207	0.5022468793	0.4977531207	0.5022468793	0.0000000000	-0.0429458586	0.1773795114	-0.1773795114	0.0000000000	-0.0447196537	0.0000000000	-0.0447196537	0.5017996828	-0.0872812624
46	0.4600000000	0.5017996828	-0.0872812624	0.4982003172	0.5017996828	0.4982003172	0.5017996828	0.0000000000	-0.0437977098	0.1422282494	-0.1422282494	0.0000000000	-0.0452199923	0.0000000000	-0.0452199923	0.5013474829	-0.0887035449
47	0.4700000000	0.5013474829	-0.0887035449	0.4986525171	0.5013474829	0.4986525171	0.5013474829	0.0000000000	-0.0444712989	0.1066520265	-0.1066520265	0.0000000000	-0.0455378192	0.0000000000	-0.0455378192	0.5008921047	-0.0897700651
48	0.4800000000	0.5008921047	-0.0897700651	0.4991078953	0.5008921047	0.4991078953	0.5008921047	0.0000000000	-0.0449651169	0.0707934433	-0.0707934433	0.0000000000	-0.0456730513	0.0000000000	-0.0456730513	0.5004353742	-0.0904779996
49	0.4900000000	0.5004353742	-0.0904779996	0.4995646258	0.5004353742	0.4995646258	0.5004353742	0.0000000000	-0.0452783916	0.0347956750	-0.0347956750	0.0000000000	-0.0456263483	0.0000000000	-0.0456263483	0.4999791107	-0.0908259563
50	0.5000000000	0.4999791107	-0.0908259563	0.5000208893	0.4999791107	0.5000208893	0.4999791107	0.0000000000	-0.0454110809	-0.0011981041	0.0011981041	0.0000000000	-0.0453990998	0.0000000000	-0.0453990998	0.4995251197	-0.0908139753
51	0.5100000000	0.4995251197	-0.0908139753	0.5004748803	0.4995251197	0.5004748803	0.4995251197	0.0000000000	-0.0453638619	-0.0370452942	0.0370452942	0.0000000000	-0.0449934089	0.0000000000	-0.0449934089	0.4990751856	-0.0904435223
52	0.5200000000	0.4990751856	-0.0904435223	0.5009248144	0.4990751856	0.5009248144	0.4990751856	0.0000000000	-0.0451381177	-0.0726044386	0.0726044386	0.0000000000	-0.0444120733	0.0000000000	-0.0444120733	0.4986310649	-0.0897174779
53	0.5300000000	0.4986310649	-0.0897174779	0.5013689351	0.4986310649	0.5013689351	0.4986310649	0.0000000000	-0.0447359216	-0.1077357861	0.1077357861	0.0000000000	-0.0436585637	0.0000000000	-0.0436585637	0.4981944792	-0.0886401201
54	0.5400000000	0.4981944792	-0.0886401201	0.5018055208	0.4981944792	0.5018055208	0.4981944792	0.0000000000	-0.0441600185	-0.1423018437	0.1423018437	0.0000000000	-0.0427370000	0.0000000000	-0.0427370000	0.4977671092	-0.0872171016
55	0.5500000000	0.4977671092	-0.0872171016	0.5022328908	0.4977671092	0.5022328908	0.4977671092	0.0000000000	-0.0434138046	-0.1761679182	0.1761679182	0.0000000000	-0.0416521254	0.0000000000	-0.0416521254	0.4973505880	-0.0854554225
56	0.5600000000	0.4973505880	-0.0854554225	0.5026494120	0.4973505880	0.5026494120	0.4973505880	0.0000000000	-0.0425013046	-0.2092026440	0.2092026440	0.0000000000	-0.0404092782	0.0000000000	-0.0404092782	0.4969464952	-0.0833633960
57	0.5700000000	0.4969464952	-0.0833633960	0.5030535048	0.4969464952	0.5030535048	0.4969464952	0.0000000000	-0.0414271475	-0.2412784955	0.2412784955	0.0000000000	-0.0390143625	0.0000000000	-0.0390143625	0.4965563516	-0.0809506111
58	0.5800000000	0.4965563516	-0.0809506111	0.5034436484	0.4965563516	0.5034436484	0.4965563516	0.0000000000	-0.0401965401	-0.2722722807	0.2722722807	0.0000000000	-0.0374738173	0.0000000000	-0.0374738173	0.4961816134	-0.0782278883
59	0.5900000000	0.4961816134	-0.0782278883	0.5038183866	0.4961816134	0.5038183866	0.4961816134	0.0000000000	-0.0388152398	-0.3020656164	0.3020656164	0.0000000000	-0.0357945836	0.0000000000	-0.0357945836	0.4958236676	-0.0752072321
60	0.6000000000	0.4958236676	-0.0752072321	0.5041763324	0.4958236676	0.5041763324	0.4958236676	0.0000000000	-0.0372895256	-0.3305453804	0.3305453804	0.0000000000	-0.0339840718	-0.0000000000	-0.0339840718	0.4954838268	-0.0719017783
61	0.6100000000	0.4954838268	-0.0719017783	0.5045161732	0.4954838268	0.5045161732	0.4954838268	0.0000000000	-0.0356261683	-0.3576041407	0.3576041407	0.0000000000	-0.0320501269	0.0000000000	-0.0320501269	0.4951633256	-0.0683257369
62	0.6200000000	0.4951633256	-0.0683257369	0.5048366744	0.4951633256	0.5048366744	0.4951633256	0.0000000000	-0.0338323991	-0.3831405603	0.3831405603	0.0000000000	-0.0300009935	0.0000000000	-0.0300009935	0.4948633156	-0.0644943313
63	0.6300000000	0.4948633156	-0.0644943313	0.5051366844	0.4948633156	0.5051366844	0.4948633156	0.0000000000	-0.0319158786	-0.4070597742	0.4070597742	0.0000000000	-0.0278452809	0.0000000000	-0.0278452809	0.4945848628	-0.0604237335
64	0.6400000000	0.4945848628	-0.0604237335	0.5054151372	0.4945848628	0.5054151372	0.4945848628	0.0000000000	-0.0298846640	-0.4292737390	0.4292737390	0.0000000000	-0.0255919266	0.0000000000	-0.0255919266	0.4943289436	-0.0561309961
65	0.6500000000	0.4943289436	-0.0561309961	0.5056710564	0.4943289436	0.5056710564	0.4943289436	0.0000000000	-0.0277471760	-0.4497015531	0.4497015531	0.0000000000	-0.0232501605	0.0000000000	-0.0232501605	0.4940964420	-0.0516339806
66	0.6600000000	0.4940964420	-0.0516339806	0.5059035580	0.4940964420	0.5059035580	0.4940964420	0.0000000000	-0.0255121661	-0.4682697466	0.4682697466	0.0000000000	-0.0208294686	-0.0000000000	-0.0208294686	0.4938881473	-0.0469512831
67	0.6700000000	0.4938881473	-0.0469512831	0.5061118527	0.4938881473	0.5061118527	0.4938881473	0.0000000000	-0.0231886822	-0.4849125392	0.4849125392	0.0000000000	-0.0183395569	0.0000000000	-0.0183395569	0.4937047517	-0.0421021577
68	0.6800000000	0.4937047517	-0.0421021577	0.5062952483	0.4937047517	0.5062952483	0.4937047517	0.0000000000	-0.0207860353	-0.4995720666	0.4995720666	0.0000000000	-0.0157903147	-0.0000000000	-0.0157903147	0.4935468486	-0.0371064371
69	0.6900000000	0.4935468486	-0.0371064371	0.5064531514	0.4935468486	0.5064531514	0.4935468486	0.0000000000	-0.0183137651	-0.5121985733	0.5121985733	0.0000000000	-0.0131917793	0.0000000000	-0.0131917793	0.4934149308	-0.0319844513
70	0.7000000000	0.4934149308	-0.0319844513	0.5065850692	0.4934149308	0.5065850692	0.4934149308	0.0000000000	-0.0157816058	-0.5227505721	0.5227505721	0.0000000000	-0.0105541001	0.0000000000	-0.0105541001	0.4933093898	-0.0267569456
71	0.7100000000	0.4933093898	-0.0267569456	0.5066906102	0.4933093898	0.5066906102	0.4933093898	0.0000000000	-0.0131994525	-0.5311949695	0.5311949695	0.0000000000	-0.0078875028	0.0000000000	-0.0078875028	0.4932305147	-0.0214449959
72	0.7200000000	0.4932305147	-0.0214449959	0.5067694853	0.4932305147	0.5067694853	0.4932305147	0.0000000000	-0.0105773264	-0.5375071568	0.5375071568	0.0000000000	-0.0052022548	0.0000000000	-0.0052022548	0.4931784922	-0.0160699244
73	0.7300000000	0.4931784922	-0.0160699244	0.5068215078	0.4931784922	0.5068215078	0.4931784922	0.0000000000	-0.0079253411	-0.5416710677	0.5416710677	0.0000000000	-0.0025086304	0.0000000000	-0.0025086304	0.4931534059	-0.0106532137
74	0.7400000000	0.4931534059	-0.0106532137	0.5068465941	0.4931534059	0.5068465941	0.4931534059	0.0000000000	-0.0052536686	-0.5436791998	0.5436791998	0.0000000000	0.0001831234	0.0000000000	0.0001831234	0.4931552371	-0.0052164217
75	0.7500000000	0.4931552371	-0.0052164217	0.5068447629	0.4931552371	0.5068447629	0.4931552371	0.0000000000	-0.0025725057	-0.5435326040	0.5435326040	0.0000000000	0.0028628204	0.0000000000	0.0028628204	0.4931838653	0.0002189043
76	0.7600000000	0.4931838653	0.0002189043	0.5068161347	0.4931838653	0.5068161347	0.4931838653	0.0000000000	0.0001079601	-0.5412408385	0.5412408385	0.0000000000	0.0055203685	-0.0000000000	0.0055203685	0.4932390690	0.0056313127
77	0.7700000000	0.4932390690	0.0056313127	0.5067609310	0.4932390690	0.5067609310	0.4932390690	0.0000000000	0.0027775834	-0.5368218899	0.5368218899	0.0000000000	0.0081458023	0.0000000000	0.0081458023	0.4933205270	0.0109995316
78	0.7800000000	0.4933205270	0.0109995316	0.5066794730	0.4933205270	0.5066794730	0.4933205270	0.0000000000	0.0054262947	-0.5303020620	0.5303020620	0.0000000000	0.0107293154	0.0000000000	0.0107293154	0.4934278202	0.0163025523
79	0.7900000000	0.4934278202	0.0163025523	0.5065721798	0.4934278202	0.5065721798	0.4934278202	0.0000000000	0.0080441328	-0.5217158311	0.5217158311	0.0000000000	0.0132612911	0.0000000000	0.0132612911	0.4935604331	0.0215197106
80	0.8000000000	0.4935604331	0.0215197106	0.5064395669	0.4935604331	0.5064395669	0.4935604331	0.0000000000	0.0106212777	-0.5111056716	0.5111056716	0.0000000000	0.0157323344	0.0000000000	0.0157323344	0.4937177564	0.0266307673
81	0.8100000000	0.4937177564	0.0266307673	0.5062822436	0.4937177564	0.5062822436	0.4937177564	0.0000000000	0.0131480827	-0.4985218495	0.4985218495	0.0000000000	0.0181333012	0.0000000000	0.0181333012	0.4938990894	0.0316159858
82	0.8200000000	0.4938990894	0.0316159858	0.5061009106	0.4938990894	0.5061009106	0.4938990894	0.0000000000	0.0156151066	-0.4840221880	0.4840221880	0.0000000000	0.0204553285	0.0000000000	0.0204553285	0.4941036427	0.0364562077
83	0.8300000000	0.4941036427	0.0364562077	0.5058963573	0.4941036427	0.5058963573	0.4941036427	0.0000000000	0.0180131450	-0.4676718035	0.4676718035	0.0000000000	0.0226898630	-0.0000000000	0.0226898630	0.4943305414	0.0411329257
84	0.8400000000	0.4943305414	0.0411329257	0.5056694586	0.4943305414	0.5056694586	0.4943305414	0.0000000000	0.0203332614	-0.4495428158	0.4495428158	0.0000000000	0.0248286896	0.0000000000	0.0248286896	0.4945788283	0.0456283538
85	0.8500000000	0.4945788283	0.0456283538	0.5054211717	0.4945788283	0.5054211717	0.4945788283	0.0000000000	0.0225668178	-0.4297140313	0.4297140313	0.0000000000	0.0268639581	0.0000000000	0.0268639581	0.4948474678	0.0499254942
86	0.8600000000	0.4948474678	0.0499254942	0.5051525322	0.4948474678	0.5051525322	0.4948474678	0.0000000000	0.0247055044	-0.4082706032	0.4082706032	0.0000000000	0.0287882104	0.0000000000	0.0287882104	0.4951353499	0.0540082002
87	0.8700000000	0.4951353499	0.0540082002	0.5048646501	0.4951353499	0.5048646501	0.4951353499	0.0000000000	0.0267413691	-0.3853036676	0.3853036676	0.0000000000	0.0305944058	0.0000000000	0.0305944058	0.4954412940	0.0578612369
88	0.8800000000	0.4954412940	0.0578612369	0.5045587060	0.4954412940	0.5045587060	0.4954412940	0.0000000000	0.0286668461	-0.3609099593	0.3609099593	0.0000000000	0.0322759457	0.0000000000	0.0322759457	0.4957640535	0.0614703365
89	0.8900000000	0.4957640535	0.0614703365	0.5042359465	0.4957640535	0.5042359465	0.4957640535	0.0000000000	0.0304747832	-0.3351914075	0.3351914075	0.0000000000	0.0338266972	0.0000000000	0.0338266972	0.4961023204	0.0648222505
90	0.9000000000	0.4961023204	0.0648222505	0.5038976796	0.4961023204	0.5038976796	0.4961023204	0.0000000000	0.0321584689	-0.3082547131	0.3082547131	0.0000000000	0.0352410160	0.0000000000	0.0352410160	0.4964547306	0.0679047977
91	0.9100000000	0.4964547306	0.0679047977	0.5035452694	0.4964547306	0.5035452694	0.4964547306	0.0000000000	0.0337116580	-0.2802109106	0.2802109106	0.0000000000	0.0365137671	0.0000000000	0.0365137671	0.4968198683	0.0707069068
92	0.9200000000	0.4968198683	0.0707069068	0.5031801317	0.4968198683	0.5031801317	0.4968198683	0.0000000000	0.0351285961	-0.2511749148	0.2511749148	0.0000000000	0.0376403453	0.0000000000	0.0376403453	0.4971962717	0.0732186559
93	0.9300000000	0.4971962717	0.0732186559	0.5028037283	0.4971962717	0.5028037283	0.4971962717	0.0000000000	0.0364040427	-0.2212650548	0.2212650548	0.0000000000	0.0386166933	0.0000000000	0.0386166933	0.4975824386	0.0754313065
94	0.9400000000	0.4975824386	0.0754313065	0.5024175614	0.4975824386	0.5024175614	0.4975824386	0.0000000000	0.0375332934	-0.1906025976	0.1906025976	0.0000000000	0.0394393194	0.0000000000	0.0394393194	0.4979768318	0.0773373324
95	0.9500000000	0.4979768318	0.0773373324	0.5020231682	0.4979768318	0.5020231682	0.4979768318	0.0000000000	0.0385121998	-0.1593112617	0.1593112617	0.0000000000	0.0401053124	0.0000000000	0.0401053124	0.4983778850	0.0789304451
96	0.9600000000	0.4983778850	0.0789304451	0.5016221150	0.4983778850	0.5016221150	0.4983778850	0.0000000000	0.0393371883	-0.1275167249	0.1275167249	0.0000000000	0.0406123555	0.0000000000	0.0406123555	0.4987840085	0.0802056123
97	0.9700000000	0.4987840085	0.0802056123	0.5012159915	0.4987840085	0.5012159915	0.4987840085	0.0000000000	0.0400052768	-0.0953461254	0.0953461254	0.0000000000	0.0409587381	0.0000000000	0.0409587381	0.4991935959	0.0811590736
98	0.9800000000	0.4991935959	0.0811590736	0.5008064041	0.4991935959	0.5008064041	0.4991935959	0.0000000000	0.0405140898	-0.0629275607	0.0629275607	0.0000000000	0.0411433654	0.0000000000	0.0411433654	0.4996050295	0.0817883492
99	0.9900000000	0.4996050295	0.0817883492	0.5003949705	0.4996050295	0.5003949705	0.4996050295	0.0000000000	0.0408618706	-0.0303895840	0.0303895840	0.0000000000	0.0411657664	0.0000000000	0.0411657664	0.5000166872	0.0820922450
100	1.0000000000	0.5000166872	0.0820922450	0.4999833128	0.5000166872	0.4999833128	0.5000166872	0.0000000000	0.0410474924	0.0021392983	-0.0021392983	0.0000000000	0.0410260994	0.0000000000	0.0410260994	0.5004269482	0.0820708520
101	1.0100000000	0.5004269482	0.0820708520	0.4995730518	0.5004269482	0.4995730518	0.5004269482	0.0000000000	0.0410704660	0.0345311269	-0.0345311269	0.0000000000	0.0407251547	0.0000000000	0.0407251547	0.5008341998	0.0817255408
102	1.0200000000	0.5008341998	0.0817255408	0.4991658002	0.5008341998	0.4991658002	0.5008341998	0.0000000000	0.0409309458	0.0666589864	-0.0666589864	0.0000000000	0.0402643559	0.0000000000	0.0402643559	0.5012368433	0.0810589509
103	1.0300000000	0.5012368433	0.0810589509	0.4987631567	0.5012368433	0.4987631567	0.5012368433	0.0000000000	0.0406297327	0.0983974951	-0.0983974951	0.0000000000	0.0396457577	0.0000000000	0.0396457577	0.5016333009	0.0800749759
104	1.0400000000	0.5016333009	0.0800749759	0.4983666991	0.5016333009	0.4983666991	0.5016333009	0.0000000000	0.0401682745	0.1296232878	-0.1296232878	0.0000000000	0.0388720416	0.0000000000	0.0388720416	0.5020220213	0.0787787431
105	1.0500000000	0.5020220213	0.0787787431	0.4979779787	0.5020220213	0.4979779787	0.5020220213	0.0000000000	0.0395486638	0.1602154891	-0.1602154891	0.0000000000	0.0379465089	0.0000000000	0.0379465089	0.5024014864	0.0771765882
106	1.0600000000	0.5024014864	0.0771765882	0.4975985136	0.5024014864	0.4975985136	0.5024014864	0.0000000000	0.0387736326	0.1900561747	-0.1900561747	0.0000000000	0.0368730709	0.0000000000	0.0368730709	0.5027702171	0.0752760264
107	1.0700000000	0.5027702171	0.0752760264	0.4972297829	0.5027702171	0.4972297829	0.5027702171	0.0000000000	0.0378465442	0.2190308200	-0.2190308200	0.0000000000	0.0356562360	0.0000000000	0.0356562360	0.5031267795	0.0730857182
108	1.0800000000	0.5031267795	0.0730857182	0.4968732205	0.5031267795	0.4968732205	0.5031267795	0.0000000000	0.0367713820	0.2470287349	-0.2470287349	0.0000000000	0.0343010947	0.0000000000	0.0343010947	0.5034697904	0.0706154309
109	1.0900000000	0.5034697904	0.0706154309	0.4965302096	0.5034697904	0.4965302096	0.5034697904	0.0000000000	0.0355527362	0.2739434807	-0.2739434807	0.0000000000	0.0328133014	0.0000000000	0.0328133014	0.5037979234	0.0678759961
110	1.1000000000	0.5037979234	0.0678759961	0.4962020766	0.5037979234	0.4962020766	0.5037979234	0.0000000000	0.0341957859	0.2996732711	-0.2996732711	0.0000000000	0.0311990532	0.0000000000	0.0311990532	0.5041099140	0.0648792634
111	1.1100000000	0.5041099140	0.0648792634	0.4958900860	0.5041099140	0.4958900860	0.5041099140	0.0000000000	0.0327062799	0.3241213522	-0.3241213522	0.0000000000	0.0294650664	0.0000000000	0.0294650664	0.5044045646	0.0616380498
112	1.1200000000	0.5044045646	0.0616380498	0.4955954354	0.5044045646	0.4955954354	0.5044045646	0.0000000000	0.0310905137	0.3471963634	-0.3471963634	0.0000000000	0.0276185501	0.0000000000	0.0276185501	0.5046807501	0.0581660862
113	1.1300000000	0.5046807501	0.0581660862	0.4953192499	0.5046807501	0.4953192499	0.5046807501	0.0000000000	0.0293553040	0.3688126756	-0.3688126756	0.0000000000	0.0256671773	0.0000000000	0.0256671773	0.5049374219	0.0544779595
114	1.1400000000	0.5049374219	0.0544779595	0.4950625781	0.5049374219	0.4950625781	0.5049374219	0.0000000000	0.0275079604	0.3888907060	-0.3888907060	0.0000000000	0.0236190533	0.0000000000	0.0236190533	0.5051736124	0.0505890524
115	1.1500000000	0.5051736124	0.0505890524	0.4948263876	0.5051736124	0.4948263876	0.5051736124	0.0000000000	0.0255562543	0.4073572092	-0.4073572092	0.0000000000	0.0214826823	0.0000000000	0.0214826823	0.5053884393	0.0465154803
116	1.1600000000	0.5053884393	0.0465154803	0.4946115607	0.5053884393	0.4946115607	0.5053884393	0.0000000000	0.0235083860	0.4241455425	-0.4241455425	0.0000000000	0.0192669306	0.0000000000	0.0192669306	0.5055811086	0.0422740249
117	1.1700000000	0.5055811086	0.0422740249	0.4944188914	0.5055811086	0.4944188914	0.5055811086	0.0000000000	0.0213729484	0.4391959052	-0.4391959052	0.0000000000	0.0169809893	0.0000000000	0.0169809893	0.5057509184	0.0378820658
118	1.1800000000	0.5057509184	0.0378820658	0.4942490816	0.5057509184	0.4942490816	0.5057509184	0.0000000000	0.0191588896	0.4524555499	-0.4524555499	0.0000000000	0.0146343341	0.0000000000	0.0146343341	0.5058972618	0.0333575103
119	1.1900000000	0.5058972618	0.0333575103	0.4941027382	0.5058972618	0.4941027382	0.5058972618	0.0000000000	0.0168754731	0.4638789667	-0.4638789667	0.0000000000	0.0122366835	0.0000000000	0.0122366835	0.5060196286	0.0287187207
120	1.2000000000	0.5060196286	0.0287187207	0.4939803714	0.5060196286	0.4939803714	0.5060196286	0.0000000000	0.0145322364	0.4734280380	-0.4734280380	0.0000000000	0.0097979560	0.0000000000	0.0097979560	0.5061176082	0.0239844403
121	1.2100000000	0.5061176082	0.0239844403	0.4938823918	0.5061176082	0.4938823918	0.5061176082	0.0000000000	0.0121389475	0.4810721643	-0.4810721643	0.0000000000	0.0073282259	0.0000000000	0.0073282259	0.5061908904	0.0191737186
122	1.2200000000	0.5061908904	0.0191737186	0.4938091096	0.5061908904	0.4938091096	0.5061908904	0.0000000000	0.0097055617	0.4867883607	-0.4867883607	0.0000000000	0.0048376781	0.0000000000	0.0048376781	0.5062392672	0.0143058350
123	1.2300000000	0.5062392672	0.0143058350	0.4937607328	0.5062392672	0.4937607328	0.5062392672	0.0000000000	0.0072421754	0.4905613222	-0.4905613222	0.0000000000	0.0023365622	0.0000000000	0.0023365622	0.5062626328	0.0094002218
124	1.2400000000	0.5062626328	0.0094002218	0.4937373672	0.5062626328	0.4937373672	0.5062626328	0.0000000000	0.0047589810	0.4923834602	-0.4923834602	0.0000000000	-0.0001648536	0.0000000000	-0.0001648536	0.5062609843	0.0044763872
125	1.2500000000	0.5062609843	0.0044763872	0.4937390157	0.5062609843	0.4937390157	0.5062609843	0.0000000000	0.0022662202	0.4922549072	-0.4922549072	0.0000000000	-0.0026563289	0.0000000000	-0.0026563289	0.5062344210	-0.0004461619
126	1.2600000000	0.5062344210	-0.0004461619	0.4937655790	0.5062344210	0.4937655790	0.5062344210	0.0000000000	-0.0002258625	0.4901834922	-0.4901834922	0.0000000000	-0.0051276974	0.0000000000	-0.0051276974	0.5061831440	-0.0053479968
127	1.2700000000	0.5061831440	-0.0053479968	0.4938168560	0.5061831440	0.4938168560	0.5061831440	0.0000000000	-0.0027070658	0.4861846851	-0.4861846851	0.0000000000	-0.0075689127	0.0000000000	-0.0075689127	0.5061074549	-0.0102098436
128	1.2800000000	0.5061074549	-0.0102098436	0.4938925451	0.5061074549	0.4938925451	0.5061074549	0.0000000000	-0.0051672780	0.4802815115	-0.4802815115	0.0000000000	-0.0099700931	0.0000000000	-0.0099700931	0.5060077540	-0.0150126588
129	1.2900000000	0.5060077540	-0.0150126588	0.4939922460	0.5060077540	0.4939922460	0.5060077540	0.0000000000	-0.0075965217	0.4725044378	-0.4725044378	0.0000000000	-0.0123215661	0.0000000000	-0.0123215661	0.5058845383	-0.0197377031
130	1.3000000000	0.5058845383	-0.0197377031	0.4941154617	0.5058845383	0.4941154617	0.5058845383	0.0000000000	-0.0099849988	0.4628912267	-0.4628912267	0.0000000000	-0.0146139111	0.0000000000	-0.0146139111	0.5057383992	-0.0243666154
131	1.3100000000	0.5057383992	-0.0243666154	0.4942616008	0.5057383992	0.4942616008	0.5057383992	0.0000000000	-0.0123231331	0.4514867650	-0.4514867650	0.0000000000	-0.0168380007	0.0000000000	-0.0168380007	0.5055700192	-0.0288814831
132	1.3200000000	0.5055700192	-0.0288814831	0.4944299808	0.5055700192	0.4944299808	0.5055700192	0.0000000000	-0.0146016119	0.4383428624	-0.4383428624	0.0000000000	-0.0189850406	0.0000000000	-0.0189850406	0.5053801688	-0.0332649117
133	1.3300000000	0.5053801688	-0.0332649117	0.4946198312	0.5053801688	0.4946198312	0.5053801688	0.0000000000	-0.0168114267	0.4235180245	-0.4235180245	0.0000000000	-0.0210466069	0.0000000000	-0.0210466069	0.5051697027	-0.0375000919
134	1.3400000000	0.5051697027	-0.0375000919	0.4948302973	0.5051697027	0.4948302973	0.5051697027	0.0000000000	-0.0189439103	0.4070771986	-0.4070771986	0.0000000000	-0.0230146823	0.0000000000	-0.0230146823	0.5049395559	-0.0415708639
135	1.3500000000	0.5049395559	-0.0415708639	0.4950604441	0.5049395559	0.4950604441	0.5049395559	0.0000000000	-0.0209907736	0.3890914953	-0.3890914953	0.0000000000	-0.0248816885	0.0000000000	-0.0248816885	0.5046907390	-0.0454617789
136	1.3600000000	0.5046907390	-0.0454617789	0.4953092610	0.5046907390	0.4953092610	0.5046907390	0.0000000000	-0.0229441388	0.3696378859	-0.3696378859	0.0000000000	-0.0266405176	0.0000000000	-0.0266405176	0.5044243339	-0.0491581577
137	1.3700000000	0.5044243339	-0.0491581577	0.4955756661	0.5044243339	0.4955756661	0.5044243339	0.0000000000	-0.0247965710	0.3487988770	-0.3487988770	0.0000000000	-0.0282845597	0.0000000000	-0.0282845597	0.5041414883	-0.0526461465
138	1.3800000000	0.5041414883	-0.0526461465	0.4958585117	0.5041414883	0.4958585117	0.5041414883	0.0000000000	-0.0265411066	0.3266621642	-0.3266621642	0.0000000000	-0.0298077283	0.0000000000	-0.0298077283	0.5038434110	-0.0559127681
139	1.3900000000	0.5038434110	-0.0559127681	0.4961565890	0.5038434110	0.4961565890	0.5038434110	0.0000000000	-0.0281712798	0.3033202657	-0.3033202657	0.0000000000	-0.0312044825	0.0000000000	-0.0312044825	0.5035313661	-0.0589459708
140	1.4000000000	0.5035313661	-0.0589459708	0.4964686339	0.5035313661	0.4964686339	0.5035313661	0.0000000000	-0.0296811452	0.2788701377	-0.2788701377	0.0000000000	-0.0324698466	0.0000000000	-0.0324698466	0.5032066677	-0.0617346722
141	1.4100000000	0.5032066677	-0.0617346722	0.4967933323	0.5032066677	0.4967933323	0.5032066677	0.0000000000	-0.0310652987	0.2534127730	-0.2534127730	0.0000000000	-0.0335994264	0.0000000000	-0.0335994264	0.5028706734	-0.0642687999
142	1.4200000000	0.5028706734	-0.0642687999	0.4971293266	0.5028706734	0.4971293266	0.5028706734	0.0000000000	-0.0323188947	0.2270527847	-0.2270527847	0.0000000000	-0.0345894225	0.0000000000	-0.0345894225	0.5025247792	-0.0665393277
143	1.4300000000	0.5025247792	-0.0665393277	0.4974752208	0.5025247792	0.4974752208	0.5025247792	0.0000000000	-0.0334376610	0.1998979765	-0.1998979765	0.0000000000	-0.0354366407	0.0000000000	-0.0354366407	0.5021704128	-0.0685383075
144	1.4400000000	0.5021704128	-0.0685383075	0.4978295872	0.5021704128	0.4978295872	0.5021704128	0.0000000000	-0.0344179102	0.1720589015	-0.1720589015	0.0000000000	-0.0361384992	0.0000000000	-0.0361384992	0.5018090278	-0.0702588965
145	1.4500000000	0.5018090278	-0.0702588965	0.4981909722	0.5018090278	0.4981909722	0.5018090278	0.0000000000	-0.0352565486	0.1436484113	-0.1436484113	0.0000000000	-0.0366930327	0.0000000000	-0.0366930327	0.5014420975	-0.0716953806
146	1.4600000000	0.5014420975	-0.0716953806	0.4985579025	0.5014420975	0.4985579025	0.5014420975	0.0000000000	-0.0359510820	0.1147811971	-0.1147811971	0.0000000000	-0.0370988940	0.0000000000	-0.0370988940	0.5010711085	-0.0728431926
147	1.4700000000	0.5010711085	-0.0728431926	0.4989288915	0.5010711085	0.4989288915	0.5010711085	0.0000000000	-0.0364996193	0.0855733257	-0.0855733257	0.0000000000	-0.0373553525	0.0000000000	-0.0373553525	0.5006975550	-0.0736989259
148	1.4800000000	0.5006975550	-0.0736989259	0.4993024450	0.5006975550	0.4993024450	0.5006975550	0.0000000000	-0.0369008720	0.0561417703	-0.0561417703	0.0000000000	-0.0374622897	0.0000000000	-0.0374622897	0.5003229321	-0.0742603436
149	1.4900000000	0.5003229321	-0.0742603436	0.4996770679	0.5003229321	0.4996770679	0.5003229321	0.0000000000	-0.0371541528	0.0266039405	-0.0266039405	0.0000000000	-0.0374201922	0.0000000000	-0.0374201922	0.4999487302	-0.0745263830
150	1.5000000000	0.4999487302	-0.0745263830	0.5000512698	0.4999487302	0.5000512698	0.4999487302	0.0000000000	-0.0372593705	-0.0029227887	0.0029227887	0.0000000000	-0.0372301426	0.0000000000	-0.0372301426	0.4995764288	-0.0744971551
151	1.5100000000	0.4995764288	-0.0744971551	0.5004235712	0.4995764288	0.5004235712	0.4995764288	0.0000000000	-0.0372170227	-0.0323215457	0.0323215457	0.0000000000	-0.0368938072	0.0000000000	-0.0368938072	0.4992074907	-0.0741739396
152	1.5200000000	0.4992074907	-0.0741739396	0.5007925093	0.4992074907	0.5007925093	0.4992074907	0.0000000000	-0.0370281863	-0.0614764266	0.0614764266	0.0000000000	-0.0364134220	0.0000000000	-0.0364134220	0.4988433565	-0.0735591754
153	1.5300000000	0.4988433565	-0.0735591754	0.5011566435	0.4988433565	0.5011566435	0.4988433565	0.0000000000	-0.0366945059	-0.0902729552	0.0902729552	0.0000000000	-0.0357917764	-0.0000000000	-0.0357917764	0.4984854387	-0.0726564458
154	1.5400000000	0.4984854387	-0.0726564458	0.5015145613	0.4984854387	0.5015145613	0.4984854387	0.0000000000	-0.0362181803	-0.1185985343	0.1185985343	0.0000000000	-0.0350321949	-0.0000000000	-0.0350321949	0.4981351168	-0.0714704605
155	1.5500000000	0.4981351168	-0.0714704605	0.5018648832	0.4981351168	0.5018648832	0.4981351168	0.0000000000	-0.0356019462	-0.1463428878	0.1463428878	0.0000000000	-0.0341385173	0.0000000000	-0.0341385173	0.4977937316	-0.0700070316
156	1.5600000000	0.4977937316	-0.0700070316	0.5022062684	0.4977937316	0.5022062684	0.4977937316	0.0000000000	-0.0348490615	-0.1733984917	0.1733984917	0.0000000000	-0.0331150766	0.0000000000	-0.0331150766	0.4974625808	-0.0682730467
157	1.5700000000	0.4974625808	-0.0682730467	0.5025374192	0.4974625808	0.5025374192	0.4974625808	0.0000000000	-0.0339632860	-0.1996609924	0.1996609924	0.0000000000	-0.0319666761	0.0000000000	-0.0319666761	0.4971429141	-0.0662764367
158	1.5800000000	0.4971429141	-0.0662764367	0.5028570859	0.4971429141	0.5028570859	0.4971429141	0.0000000000	-0.0329488609	-0.2250296098	0.2250296098	0.0000000000	-0.0306985648	0.0000000000	-0.0306985648	0.4968359284	-0.0640261407
159	1.5900000000	0.4968359284	-0.0640261407	0.5031640716	0.4968359284	0.5031640716	0.4968359284	0.0000000000	-0.0318104870	-0.2494075246	0.2494075246	0.0000000000	-0.0293164118	0.0000000000	-0.0293164118	0.4965427643	-0.0615320654
160	1.6000000000	0.4965427643	-0.0615320654	0.5034572357	0.4965427643	0.5034572357	0.4965427643	0.0000000000	-0.0305533018	-0.2727022479	0.2727022479	0.0000000000	-0.0278262794	0.0000000000	-0.0278262794	0.4962645015	-0.0588050429
161	1.6100000000	0.4962645015	-0.0588050429	0.5037354985	0.4962645015	0.5037354985	0.4962645015	0.0000000000	-0.0291828553	-0.2948259713	0.2948259713	0.0000000000	-0.0262345956	-0.0000000000	-0.0262345956	0.4960021555	-0.0558567832
162	1.6200000000	0.4960021555	-0.0558567832	0.5039978445	0.4960021555	0.5039978445	0.4960021555	0.0000000000	-0.0277050849	-0.3156958968	0.3156958968	0.0000000000	-0.0245481259	0.0000000000	-0.0245481259	0.4957566743	-0.0526998242
163	1.6300000000	0.4957566743	-0.0526998242	0.5042433257	0.4957566743	0.5042433257	0.4957566743	0.0000000000	-0.0261262896	-0.3352345451	0.3352345451	0.0000000000	-0.0227739442	0.0000000000	-0.0227739442	0.4955289348	-0.0493474788
164	1.6400000000	0.4955289348	-0.0493474788	0.5044710652	0.4955289348	0.5044710652	0.4955289348	0.0000000000	-0.0244531036	-0.3533700403	0.3533700403	0.0000000000	-0.0209194032	0.0000000000	-0.0209194032	0.4953197408	-0.0458137784
165	1.6500000000	0.4953197408	-0.0458137784	0.5046802592	0.4953197408	0.5046802592	0.4953197408	0.0000000000	-0.0226924688	-0.3700363715	0.3700363715	0.0000000000	-0.0189921051	0.0000000000	-0.0189921051	0.4951298198	-0.0421134147
166	1.6600000000	0.4951298198	-0.0421134147	0.5048701802	0.4951298198	0.5048701802	0.4951298198	0.0000000000	-0.0208516074	-0.3851736292	0.3851736292	0.0000000000	-0.0169998711	0.0000000000	-0.0169998711	0.4949598210	-0.0382616784
167	1.6700000000	0.4949598210	-0.0382616784	0.5050401790	0.4949598210	0.5050401790	0.4949598210	0.0000000000	-0.0189379935	-0.3987282160	0.3987282160	0.0000000000	-0.0149507113	0.0000000000	-0.0149507113	0.4948103139	-0.0342743962
168	1.6800000000	0.4948103139	-0.0342743962	0.5051896861	0.4948103139	0.5051896861	0.4948103139	0.0000000000	-0.0169593248	-0.4106530309	0.4106530309	0.0000000000	-0.0128527944	0.0000000000	-0.0128527944	0.4946817860	-0.0301678659
169	1.6900000000	0.4946817860	-0.0301678659	0.5053182140	0.4946817860	0.5053182140	0.4946817860	0.0000000000	-0.0149234938	-0.4209076269	0.4209076269	0.0000000000	-0.0107144175	0.0000000000	-0.0107144175	0.4945746418	-0.0259587896
170	1.7000000000	0.4945746418	-0.0259587896	0.5054253582	0.4945746418	0.5054253582	0.4945746418	0.0000000000	-0.0128385591	-0.4294583410	0.4294583410	0.0000000000	-0.0085439757	0.0000000000	-0.0085439757	0.4944892021	-0.0216642062
171	1.7100000000	0.4944892021	-0.0216642062	0.5055107979	0.4944892021	0.5055107979	0.4944892021	0.0000000000	-0.0107127161	-0.4362783963	0.4362783963	0.0000000000	-0.0063499321	0.0000000000	-0.0063499321	0.4944257027	-0.0173014223
172	1.7200000000	0.4944257027	-0.0173014223	0.5055742973	0.4944257027	0.5055742973	0.4944257027	0.0000000000	-0.0085542679	-0.4413479765	0.4413479765	0.0000000000	-0.0041407881	0.0000000000	-0.0041407881	0.4943842948	-0.0128879425
173	1.7300000000	0.4943842948	-0.0128879425	0.5056157052	0.4943842948	0.5056157052	0.4943842948	0.0000000000	-0.0063715964	-0.4446542723	0.4446542723	0.0000000000	-0.0019250536	-0.0000000000	-0.0019250536	0.4943650443	-0.0084413998
174	1.7400000000	0.4943650443	-0.0084413998	0.5056349557	0.4943650443	0.5056349557	0.4943650443	0.0000000000	-0.0041731330	-0.4461914990	0.4461914990	0.0000000000	0.0002887820	0.0000000000	0.0002887820	0.4943679321	-0.0039794848
175	1.7500000000	0.4943679321	-0.0039794848	0.5056320679	0.4943679321	0.5056320679	0.4943679321	0.0000000000	-0.0019673297	-0.4459608869	0.4459608869	0.0000000000	0.0024922792	0.0000000000	0.0024922792	0.4943928549	0.0004801241
176	1.7600000000	0.4943928549	0.0004801241	0.5056071451	0.4943928549	0.5056071451	0.4943928549	0.0000000000	0.0002373699	-0.4439706437	0.4439706437	0.0000000000	0.0046770763	0.0000000000	0.0046770763	0.4944396257	0.0049198305
177	1.7700000000	0.4944396257	0.0049198305	0.5055603743	0.4944396257	0.5055603743	0.4944396257	0.0000000000	0.0024325592	-0.4402358896	0.4402358896	0.0000000000	0.0068349181	0.0000000000	0.0068349181	0.4945079749	0.0093221894
178	1.7800000000	0.4945079749	0.0093221894	0.5054920251	0.4945079749	0.5054920251	0.4945079749	0.0000000000	0.0046098970	-0.4347785651	0.4347785651	0.0000000000	0.0089576827	0.0000000000	0.0089576827	0.4945975517	0.0136699751
179	1.7900000000	0.4945975517	0.0136699751	0.5054024483	0.4945975517	0.5054024483	0.4945975517	0.0000000000	0.0067611362	-0.4276273127	0.4276273127	0.0000000000	0.0110374093	0.0000000000	0.0110374093	0.4947079258	0.0179462482
180	1.8000000000	0.4947079258	0.0179462482	0.5052920742	0.4947079258	0.5052920742	0.4947079258	0.0000000000	0.0088781512	-0.4188173327	0.4188173327	0.0000000000	0.0130663245	0.0000000000	0.0130663245	0.4948385890	0.0221344215
181	1.8100000000	0.4948385890	0.0221344215	0.5051614110	0.4948385890	0.5051614110	0.4948385890	0.0000000000	0.0109529659	-0.4083902141	0.4083902141	0.0000000000	0.0150368681	0.0000000000	0.0150368681	0.4949889577	0.0262183237
182	1.8200000000	0.4949889577	0.0262183237	0.5050110423	0.4949889577	0.5050110423	0.4949889577	0.0000000000	0.0129777807	-0.3963937416	0.3963937416	0.0000000000	0.0169417181	0.0000000000	0.0169417181	0.4951583749	0.0301822611
183	1.8300000000	0.4951583749	0.0301822611	0.5048416251	0.4951583749	0.5048416251	0.4951583749	0.0000000000	0.0149449993	-0.3828816781	0.3828816781	0.0000000000	0.0187738161	0.0000000000	0.0187738161	0.4953461131	0.0340110779
184	1.8400000000	0.4953461131	0.0340110779	0.5046538869	0.4953461131	0.5046538869	0.4953461131	0.0000000000	0.0168472552	-0.3679135267	0.3679135267	0.0000000000	0.0205263905	0.0000000000	0.0205263905	0.4955513770	0.0376902131
185	1.8500000000	0.4955513770	0.0376902131	0.5044486230	0.4955513770	0.5044486230	0.4955513770	0.0000000000	0.0186774370	-0.3515542701	0.3515542701	0.0000000000	0.0221929797	0.0000000000	0.0221929797	0.4957733068	0.0412057558
186	1.8600000000	0.4957733068	0.0412057558	0.5042266932	0.4957733068	0.5042266932	0.4957733068	0.0000000000	0.0204287138	-0.3338740908	0.3338740908	0.0000000000	0.0237674547	0.0000000000	0.0237674547	0.4960109813	0.0445444967
187	1.8700000000	0.4960109813	0.0445444967	0.5039890187	0.4960109813	0.5039890187	0.4960109813	0.0000000000	0.0220945595	-0.3149480718	0.3149480718	0.0000000000	0.0252440403	0.0000000000	0.0252440403	0.4962634217	0.0476939774
188	1.8800000000	0.4962634217	0.0476939774	0.5037365783	0.4962634217	0.5037365783	0.4962634217	0.0000000000	0.0236687764	-0.2948558802	0.2948558802	0.0000000000	0.0266173352	0.0000000000	0.0266173352	0.4965295951	0.0506425362
189	1.8900000000	0.4965295951	0.0506425362	0.5034704049	0.4965295951	0.5034704049	0.4965295951	0.0000000000	0.0251455180	-0.2736814348	0.2736814348	0.0000000000	0.0278823324	0.0000000000	0.0278823324	0.4968084184	0.0533793506
190	1.9000000000	0.4968084184	0.0533793506	0.5031915816	0.4968084184	0.5031915816	0.4968084184	0.0000000000	0.0265193107	-0.2515125576	0.2515125576	0.0000000000	0.0290344363	0.0000000000	0.0290344363	0.4970987627	0.0558944762
191	1.9100000000	0.4970987627	0.0558944762	0.5029012373	0.4970987627	0.5029012373	0.4970987627	0.0000000000	0.0277850749	-0.2284406136	0.2284406136	0.0000000000	0.0300694811	-0.0000000000	0.0300694811	0.4973994576	0.0581788823
192	1.9200000000	0.4973994576	0.0581788823	0.5026005424	0.4973994576	0.5026005424	0.4973994576	0.0000000000	0.0289381445	-0.2045601371	0.2045601371	0.0000000000	0.0309837459	0.0000000000	0.0309837459	0.4977092950	0.0602244837
193	1.9300000000	0.4977092950	0.0602244837	0.5022907050	0.4977092950	0.5022907050	0.4977092950	0.0000000000	0.0299742853	-0.1799684485	0.1799684485	0.0000000000	0.0317739698	0.0000000000	0.0317739698	0.4980270347	0.0620241682
194	1.9400000000	0.4980270347	0.0620241682	0.5019729653	0.4980270347	0.5019729653	0.4980270347	0.0000000000	0.0308897125	-0.1547652613	0.1547652613	0.0000000000	0.0324373652	0.0000000000	0.0324373652	0.4983514084	0.0635718208
195	1.9500000000	0.4983514084	0.0635718208	0.5016485916	0.4983514084	0.5016485916	0.4983514084	0.0000000000	0.0316811064	-0.1290522828	0.1290522828	0.0000000000	0.0329716292	0.0000000000	0.0329716292	0.4986811247	0.0648623436
196	1.9600000000	0.4986811247	0.0648623436	0.5013188753	0.4986811247	0.5013188753	0.4986811247	0.0000000000	0.0323456265	-0.1029328071	0.1029328071	0.0000000000	0.0333749545	0.0000000000	0.0333749545	0.4990148742	0.0658916717
197	1.9700000000	0.4990148742	0.0658916717	0.5009851258	0.4990148742	0.5009851258	0.4990148742	0.0000000000	0.0328809243	-0.0765113059	0.0765113059	0.0000000000	0.0336460373	0.0000000000	0.0336460373	0.4993513346	0.0666567847
198	1.9800000000	0.4993513346	0.0666567847	0.5006486654	0.4993513346	0.5006486654	0.4993513346	0.0000000000	0.0332851544	-0.0498930150	0.0498930150	0.0000000000	0.0337840846	0.0000000000	0.0337840846	0.4996891754	0.0671557149
199	1.9900000000	0.4996891754	0.0671557149	0.5003108246	0.4996891754	0.5003108246	0.4996891754	0.0000000000	0.0335569838	-0.0231835199	0.0231835199	0.0000000000	0.0337888190	0.0000000000	0.0337888190	0.5000270636	0.0673875501
200	2.0000000000	0.5000270636	0.0673875501	0.4999729364	0.5000270636	0.4999729364	0.5000270636	0.0000000000	0.0336955988	0.0035116572	-0.0035116572	0.0000000000	0.0336604822	0.0000000000	0.0336604822	0.5003636684	0.0673524335
201	2.0100000000	0.5003636684	0.0673524335	0.4996363316	0.5003636684	0.4996363316	0.5003636684	0.0000000000	0.0337007107	0.0300874702	-0.0300874702	0.0000000000	0.0333998360	0.0000000000	0.0333998360	0.5006976668	0.0670515588
202	2.0200000000	0.5006976668	0.0670515588	0.4993023332	0.5006976668	0.4993023332	0.5006976668	0.0000000000	0.0335725590	0.0564397567	-0.0564397567	0.0000000000	0.0330081615	0.0000000000	0.0330081615	0.5010277484	0.0664871612
203	2.0300000000	0.5010277484	0.0664871612	0.4989722516	0.5010277484	0.4989722516	0.5010277484	0.0000000000	0.0333119127	0.0824656416	-0.0824656416	0.0000000000	0.0324872563	0.0000000000	0.0324872563	0.5013526210	0.0656625048
204	2.0400000000	0.5013526210	0.0656625048	0.4986473790	0.5013526210	0.4986473790	0.5013526210	0.0000000000	0.0329200689	0.1080639338	-0.1080639338	0.0000000000	0.0318394296	0.0000000000	0.0318394296	0.5016710153	0.0645818655
205	2.0500000000	0.5016710153	0.0645818655	0.4983289847	0.5016710153	0.4983289847	0.5016710153	0.0000000000	0.0323988500	0.1331355150	-0.1331355150	0.0000000000	0.0310674949	0.0000000000	0.0310674949	0.5019816902	0.0632505103
206	2.0600000000	0.5019816902	0.0632505103	0.4980183098	0.5019816902	0.4980183098	0.5019816902	0.0000000000	0.0317505981	0.1575837191	-0.1575837191	0.0000000000	0.0301747609	0.0000000000	0.0301747609	0.5022834378	0.0616746731
207	2.0700000000	0.5022834378	0.0616746731	0.4977165622	0.5022834378	0.4977165622	0.5022834378	0.0000000000	0.0309781669	0.1813147004	-0.1813147004	0.0000000000	0.0291650198	0.0000000000	0.0291650198	0.5025750880	0.0598615261
208	2.0800000000	0.5025750880	0.0598615261	0.4974249120	0.5025750880	0.4974249120	0.5025750880	0.0000000000	0.0300849118	0.2042377902	-0.2042377902	0.0000000000	0.0280425339	0.0000000000	0.0280425339	0.5028555134	0.0578191482
209	2.0900000000	0.5028555134	0.0578191482	0.4971444866	0.5028555134	0.4971444866	0.5028555134	0.0000000000	0.0290746775	0.2262658391	-0.2262658391	0.0000000000	0.0268120191	0.0000000000	0.0268120191	0.5031236336	0.0555564898
210	2.1000000000	0.5031236336	0.0555564898	0.4968763664	0.5031236336	0.4968763664	0.5031236336	0.0000000000	0.0279517830	0.2473155454	-0.2473155454	0.0000000000	0.0254786276	0.0000000000	0.0254786276	0.5033784198	0.0530833344
211	2.1100000000	0.5033784198	0.0530833344	0.4966215802	0.5033784198	0.4966215802	0.5033784198	0.0000000000	0.0267210050	0.2673077667	-0.2673077667	0.0000000000	0.0240479273	0.0000000000	0.0240479273	0.5036188991	0.0504102567
212	2.1200000000	0.5036188991	0.0504102567	0.4963811009	0.5036188991	0.4963811009	0.5036188991	0.0000000000	0.0253875580	0.2861678147	-0.2861678147	0.0000000000	0.0225258798	0.0000000000	0.0225258798	0.5038441579	0.0475485786
213	2.1300000000	0.5038441579	0.0475485786	0.4961558421	0.5038441579	0.4961558421	0.5038441579	0.0000000000	0.0239570735	0.3038257321	-0.3038257321	0.0000000000	0.0209188162	0.0000000000	0.0209188162	0.5040533461	0.0445103213
214	2.1400000000	0.5040533461	0.0445103213	0.4959466539	0.5040533461	0.4959466539	0.5040533461	0.0000000000	0.0224355764	0.3202165495	-0.3202165495	0.0000000000	0.0192334109	0.0000000000	0.0192334109	0.5042456802	0.0413081558
215	2.1500000000	0.5042456802	0.0413081558	0.4957543198	0.5042456802	0.4957543198	0.5042456802	0.0000000000	0.0208294591	0.3352805231	-0.3352805231	0.0000000000	0.0174766539	0.0000000000	0.0174766539	0.5044204467	0.0379553505
216	2.1600000000	0.5044204467	0.0379553505	0.4955795533	0.5044204467	0.4955795533	0.5044204467	0.0000000000	0.0191454549	0.3489633500	-0.3489633500	0.0000000000	0.0156558214	0.0000000000	0.0156558214	0.5045770049	0.0344657170
217	2.1700000000	0.5045770049	0.0344657170	0.4954229951	0.5045770049	0.4954229951	0.5045770049	0.0000000000	0.0173906083	0.3612163635	-0.3612163635	0.0000000000	0.0137784446	0.0000000000	0.0137784446	0.5047147894	0.0308535534
218	2.1800000000	0.5047147894	0.0308535534	0.4952852106	0.5047147894	0.4952852106	0.5047147894	0.0000000000	0.0155722447	0.3719967040	-0.3719967040	0.0000000000	0.0118522777	0.0000000000	0.0118522777	0.5048333121	0.0271335864
219	2.1900000000	0.5048333121	0.0271335864	0.4951666879	0.5048333121	0.4951666879	0.5048333121	0.0000000000	0.0136979383	0.3812674680	-0.3812674680	0.0000000000	0.0098852636	0.0000000000	0.0098852636	0.5049321648	0.0233209117
220	2.2000000000	0.5049321648	0.0233209117	0.4950678352	0.5049321648	0.4950678352	0.5049321648	0.0000000000	0.0117754784	0.3889978327	-0.3889978327	0.0000000000	0.0078855001	0.0000000000	0.0078855001	0.5050110198	0.0194309333
221	2.2100000000	0.5050110198	0.0194309333	0.4949889802	0.5050110198	0.4949889802	0.5050110198	0.0000000000	0.0098128355	0.3951631572	-0.3951631572	0.0000000000	0.0058612039	0.0000000000	0.0058612039	0.5050696318	0.0154793018
222	2.2200000000	0.5050696318	0.0154793018	0.4949303682	0.5050696318	0.4949303682	0.5050696318	0.0000000000	0.0078181252	0.3997450583	-0.3997450583	0.0000000000	0.0038206747	0.0000000000	0.0038206747	0.5051078386	0.0114818512
223	2.2300000000	0.5051078386	0.0114818512	0.4948921614	0.5051078386	0.4948921614	0.5051078386	0.0000000000	0.0057995730	0.4027314622	-0.4027314622	0.0000000000	0.0017722584	0.0000000000	0.0017722584	0.5051255612	0.0074545366
224	2.2400000000	0.5051255612	0.0074545366	0.4948744388	0.5051255612	0.4948744388	0.5051255612	0.0000000000	0.0037654770	0.4041166309	-0.4041166309	0.0000000000	-0.0002756893	0.0000000000	-0.0002756893	0.5051228043	0.0034133703
225	2.2500000000	0.5051228043	0.0034133703	0.4948771957	0.5051228043	0.4948771957	0.5051228043	0.0000000000	0.0017241712	0.4039011641	-0.4039011641	0.0000000000	-0.0023148405	0.0000000000	-0.0023148405	0.5050996559	-0.0006256414
226	2.2600000000	0.5050996559	-0.0006256414	0.4949003441	0.5050996559	0.4949003441	0.5050996559	0.0000000000	-0.0003160112	0.4020919756	-0.4020919756	0.0000000000	-0.0043369310	0.0000000000	-0.0043369310	0.5050562865	-0.0046465611
227	2.2700000000	0.5050562865	-0.0046465611	0.4949437135	0.5050562865	0.4949437135	0.5050562865	0.0000000000	-0.0023467749	0.3987022450	-0.3987022450	0.0000000000	-0.0063337974	0.0000000000	-0.0063337974	0.5049929486	-0.0086335836
228	2.2800000000	0.5049929486	-0.0086335836	0.4950070514	0.5049929486	0.4950070514	0.5049929486	0.0000000000	-0.0043598988	0.3937513454	-0.3937513454	0.0000000000	-0.0082974123	0.0000000000	-0.0082974123	0.5049099744	-0.0125710970
229	2.2900000000	0.5049099744	-0.0125710970	0.4950900256	0.5049099744	0.4950900256	0.5049099744	0.0000000000	-0.0063472723	0.3872647458	-0.3872647458	0.0000000000	-0.0102199197	0.0000000000	-0.0102199197	0.5048077753	-0.0164437445
230	2.3000000000	0.5048077753	-0.0164437445	0.4951922247	0.5048077753	0.4951922247	0.5048077753	0.0000000000	-0.0083009301	0.3792738904	-0.3792738904	0.0000000000	-0.0120936690	0.0000000000	-0.0120936690	0.5046868386	-0.0202364834
231	2.3100000000	0.5046868386	-0.0202364834	0.4953131614	0.5046868386	0.4953131614	0.5046868386	0.0000000000	-0.0102130868	0.3698160544	-0.3698160544	0.0000000000	-0.0139112474	0.0000000000	-0.0139112474	0.5045477261	-0.0239346439
232	2.3200000000	0.5045477261	-0.0239346439	0.4954522739	0.5045477261	0.4954522739	0.5045477261	0.0000000000	-0.0120761702	0.3589341769	-0.3589341769	0.0000000000	-0.0156655119	0.0000000000	-0.0156655119	0.5043910710	-0.0275239857
233	2.3300000000	0.5043910710	-0.0275239857	0.4956089290	0.5043910710	0.4956089290	0.5043910710	0.0000000000	-0.0138828526	0.3466766720	-0.3466766720	0.0000000000	-0.0173496194	0.0000000000	-0.0173496194	0.5042175748	-0.0309907524
234	2.3400000000	0.5042175748	-0.0309907524	0.4957824252	0.5042175748	0.4957824252	0.5042175748	0.0000000000	-0.0156260820	0.3330972184	-0.3330972184	0.0000000000	-0.0189570542	0.0000000000	-0.0189570542	0.5040280042	-0.0343217246
235	2.3500000000	0.5040280042	-0.0343217246	0.4959719958	0.5040280042	0.4959719958	0.5040280042	0.0000000000	-0.0172991104	0.3182545286	-0.3182545286	0.0000000000	-0.0204816556	0.0000000000	-0.0204816556	0.5038231877	-0.0375042699
236	2.3600000000	0.5038231877	-0.0375042699	0.4961768123	0.5038231877	0.4961768123	0.5038231877	0.0000000000	-0.0188955208	0.3022120995	-0.3022120995	0.0000000000	-0.0219176418	0.0000000000	-0.0219176418	0.5036040113	-0.0405263909
237	2.3700000000	0.5036040113	-0.0405263909	0.4963959887	0.5036040113	0.4963959887	0.5036040113	0.0000000000	-0.0204092530	0.2850379432	-0.2850379432	0.0000000000	-0.0232596325	0.0000000000	-0.0232596325	0.5033714149	-0.0433767703
238	2.3800000000	0.5033714149	-0.0433767703	0.4966285851	0.5033714149	0.4966285851	0.5033714149	0.0000000000	-0.0218346263	0.2668043020	-0.2668043020	0.0000000000	-0.0245026693	0.0000000000	-0.0245026693	0.5031263882	-0.0460448134
239	2.3900000000	0.5031263882	-0.0460448134	0.4968736118	0.5031263882	0.4968736118	0.5031263882	0.0000000000	-0.0231663606	0.2475873465	-0.2475873465	0.0000000000	-0.0256422341	0.0000000000	-0.0256422341	0.5028699659	-0.0485206868
240	2.4000000000	0.5028699659	-0.0485206868	0.4971300341	0.5028699659	0.4971300341	0.5028699659	0.0000000000	-0.0243995961	0.2274668589	-0.2274668589	0.0000000000	-0.0266742647	0.0000000000	-0.0266742647	0.5026032233	-0.0507953554
241	2.4100000000	0.5026032233	-0.0507953554	0.4973967767	0.5026032233	0.4973967767	0.5026032233	0.0000000000	-0.0255299094	0.2065259033	-0.2065259033	0.0000000000	-0.0275951684	0.0000000000	-0.0275951684	0.5023272716	-0.0528606144
242	2.4200000000	0.5023272716	-0.0528606144	0.4976727284	0.5023272716	0.4976727284	0.5023272716	0.0000000000	-0.0265533282	0.1848504836	-0.1848504836	0.0000000000	-0.0284018331	0.0000000000	-0.0284018331	0.5020432532	-0.0547091193
243	2.4300000000	0.5020432532	-0.0547091193	0.4979567468	0.5020432532	0.4979567468	0.5020432532	0.0000000000	-0.0274663442	0.1625291905	-0.1625291905	0.0000000000	-0.0290916361	0.0000000000	-0.0290916361	0.5017523369	-0.0563344112
244	2.4400000000	0.5017523369	-0.0563344112	0.4982476631	0.5017523369	0.4982476631	0.5017523369	0.0000000000	-0.0282659225	0.1396528396	-0.1396528396	0.0000000000	-0.0296624509	0.0000000000	-0.0296624509	0.5014557124	-0.0577309396
245	2.4500000000	0.5014557124	-0.0577309396	0.4985442876	0.5014557124	0.4985442876	0.5014557124	0.0000000000	-0.0289495094	0.1163141018	-0.1163141018	0.0000000000	-0.0301126504	0.0000000000	-0.0301126504	0.5011545859	-0.0588940806
246	2.4600000000	0.5011545859	-0.0588940806	0.4988454141	0.5011545859	0.4988454141	0.5011545859	0.0000000000	-0.0295150386	0.0926071271	-0.0926071271	0.0000000000	-0.0304411098	0.0000000000	-0.0304411098	0.5008501748	-0.0598201519
247	2.4700000000	0.5008501748	-0.0598201519	0.4991498252	0.5008501748	0.4991498252	0.5008501748	0.0000000000	-0.0299609335	0.0686271640	-0.0686271640	0.0000000000	-0.0306472052	0.0000000000	-0.0306472052	0.5005437027	-0.0605064235
248	2.4800000000	0.5005437027	-0.0605064235	0.4994562973	0.5005437027	0.4994562973	0.5005437027	0.0000000000	-0.0302861093	0.0444701761	-0.0444701761	0.0000000000	-0.0307308110	0.0000000000	-0.0307308110	0.5002363946	-0.0609511253
249	2.4900000000	0.5002363946	-0.0609511253	0.4997636054	0.5002363946	0.4997636054	0.5002363946	0.0000000000	-0.0304899712	0.0202324565	-0.0202324565	0.0000000000	-0.0306922957	0.0000000000	-0.0306922957	0.4999294716	-0.0611534498
250	2.5000000000	0.4999294716	-0.0611534498	0.5000705284	0.4999294716	0.5000705284	0.4999294716	0.0000000000	-0.0305724119	-0.0039897568	0.0039897568	0.0000000000	-0.0305325143	0.0000000000	-0.0305325143	0.4996241465	-0.0611135523
251	2.5100000000	0.4996241465	-0.0611135523	0.5003758535	0.4996241465	0.5003758535	0.4996241465	0.0000000000	-0.0305338064	-0.0281006648	0.0281006648	0.0000000000	-0.0302527997	0.0000000000	-0.0302527997	0.4993216185	-0.0608325456
252	2.5200000000	0.4993216185	-0.0608325456	0.5006783815	0.4993216185	0.5006783815	0.4993216185	0.0000000000	-0.0303750051	-0.0520052873	0.0520052873	0.0000000000	-0.0298549523	0.0000000000	-0.0298549523	0.4990230690	-0.0603124927
253	2.5300000000	0.4990230690	-0.0603124927	0.5009769310	0.4990230690	0.5009769310	0.4990230690	0.0000000000	-0.0300973252	-0.0756098386	0.0756098386	0.0000000000	-0.0293412268	0.0000000000	-0.0293412268	0.4987296567	-0.0595563944
254	2.5400000000	0.4987296567	-0.0595563944	0.5012703433	0.4987296567	0.5012703433	0.4987296567	0.0000000000	-0.0297025401	-0.0988220963	0.0988220963	0.0000000000	-0.0287143191	-0.0000000000	-0.0287143191	0.4984425135	-0.0585681734
255	2.5500000000	0.4984425135	-0.0585681734	0.5015574865	0.4984425135	0.5015574865	0.4984425135	0.0000000000	-0.0291928676	-0.1215517629	0.1215517629	0.0000000000	-0.0279773499	0.0000000000	-0.0279773499	0.4981627400	-0.0573526558
256	2.5600000000	0.4981627400	-0.0573526558	0.5018372600	0.4981627400	0.5018372600	0.4981627400	0.0000000000	-0.0285709561	-0.1437108178	0.1437108178	0.0000000000	-0.0271338480	0.0000000000	-0.0271338480	0.4978914015	-0.0559155476
257	2.5700000000	0.4978914015	-0.0559155476	0.5021085985	0.4978914015	0.5021085985	0.4978914015	0.0000000000	-0.0278398704	-0.1652138588	0.1652138588	0.0000000000	-0.0261877318	0.0000000000	-0.0261877318	0.4976295242	-0.0542634090
258	2.5800000000	0.4976295242	-0.0542634090	0.5023704758	0.4976295242	0.5023704758	0.4976295242	0.0000000000	-0.0270030744	-0.1859784313	0.1859784313	0.0000000000	-0.0251432901	-0.0000000000	-0.0251432901	0.4973780913	-0.0524036247
259	2.5900000000	0.4973780913	-0.0524036247	0.5026219087	0.4973780913	0.5026219087	0.4973780913	0.0000000000	-0.0260644148	-0.2059253448	0.2059253448	0.0000000000	-0.0240051614	0.0000000000	-0.0240051614	0.4971380397	-0.0503443712
260	2.6000000000	0.4971380397	-0.0503443712	0.5028619603	0.4971380397	0.5028619603	0.4971380397	0.0000000000	-0.0250281020	-0.2249789742	0.2249789742	0.0000000000	-0.0227783123	-0.0000000000	-0.0227783123	0.4969102566	-0.0480945815
261	2.6100000000	0.4969102566	-0.0480945815	0.5030897434	0.4969102566	0.5030897434	0.4969102566	0.0000000000	-0.0238986908	-0.2430675463	0.2430675463	0.0000000000	-0.0214680154	-0.0000000000	-0.0214680154	0.4966955764	-0.0456639060
262	2.6200000000	0.4966955764	-0.0456639060	0.5033044236	0.4966955764	0.5033044236	0.4966955764	0.0000000000	-0.0226810601	-0.2601234083	0.2601234083	0.0000000000	-0.0200798260	0.0000000000	-0.0200798260	0.4964947782	-0.0430626719
263	2.6300000000	0.4964947782	-0.0430626719	0.5035052218	0.4964947782	0.5035052218	0.4964947782	0.0000000000	-0.0213803918	-0.2760832798	0.2760832798	0.0000000000	-0.0186195590	0.0000000000	-0.0186195590	0.4963085826	-0.0403018392
264	2.6400000000	0.4963085826	-0.0403018392	0.5036914174	0.4963085826	0.5036914174	0.4963085826	0.0000000000	-0.0200021487	-0.2908884853	0.2908884853	0.0000000000	-0.0170932638	0.0000000000	-0.0170932638	0.4961376499	-0.0373929543
265	2.6500000000	0.4961376499	-0.0373929543	0.5038623501	0.4961376499	0.5038623501	0.4961376499	0.0000000000	-0.0185520525	-0.3044851675	0.3044851675	0.0000000000	-0.0155072008	0.0000000000	-0.0155072008	0.4959825779	-0.0343481026
266	2.6600000000	0.4959825779	-0.0343481026	0.5040174221	0.4959825779	0.5040174221	0.4959825779	0.0000000000	-0.0170360605	-0.3168244800	0.3168244800	0.0000000000	-0.0138678157	0.0000000000	-0.0138678157	0.4958438998	-0.0311798578
267	2.6700000000	0.4958438998	-0.0311798578	0.5041561002	0.4958438998	0.5041561002	0.4958438998	0.0000000000	-0.0154603423	-0.3278627592	0.3278627592	0.0000000000	-0.0121817147	0.0000000000	-0.0121817147	0.4957220826	-0.0279012302
268	2.6800000000	0.4957220826	-0.0279012302	0.5042779174	0.4957220826	0.5042779174	0.4957220826	0.0000000000	-0.0138312560	-0.3375616750	0.3375616750	0.0000000000	-0.0104556392	-0.0000000000	-0.0104556392	0.4956175262	-0.0245256135
269	2.6900000000	0.4956175262	-0.0245256135	0.5043824738	0.4956175262	0.5043824738	0.4956175262	0.0000000000	-0.0121553239	-0.3458883585	0.3458883585	0.0000000000	-0.0086964403	0.0000000000	-0.0086964403	0.4955305618	-0.0210667299
270	2.7000000000	0.4955305618	-0.0210667299	0.5044694382	0.4955305618	0.5044694382	0.4955305618	0.0000000000	-0.0104392085	-0.3528155086	0.3528155086	0.0000000000	-0.0069110534	0.0000000000	-0.0069110534	0.4954614513	-0.0175385748
271	2.7100000000	0.4954614513	-0.0175385748	0.5045385487	0.4954614513	0.5045385487	0.4954614513	0.0000000000	-0.0086896877	-0.3583214748	0.3583214748	0.0000000000	-0.0051064730	0.0000000000	-0.0051064730	0.4954103866	-0.0139553601
272	2.7200000000	0.4954103866	-0.0139553601	0.5045896134	0.4954103866	0.5045896134	0.4954103866	0.0000000000	-0.0069136303	-0.3623903176	0.3623903176	0.0000000000	-0.0032897271	0.0000000000	-0.0032897271	0.4953774893	-0.0103314569
273	2.7300000000	0.4953774893	-0.0103314569	0.5046225107	0.4953774893	0.5046225107	0.4953774893	0.0000000000	-0.0051179712	-0.3650118456	0.3650118456	0.0000000000	-0.0014678527	-0.0000000000	-0.0014678527	0.4953628108	-0.0066813384
274	2.7400000000	0.4953628108	-0.0066813384	0.5046371892	0.4953628108	0.5046371892	0.4953628108	0.0000000000	-0.0033096866	-0.3661816304	0.3661816304	0.0000000000	0.0003521297	0.0000000000	0.0003521297	0.4953663321	-0.0030195221
275	2.7500000000	0.4953663321	-0.0030195221	0.5046336679	0.4953663321	0.5046336679	0.4953663321	0.0000000000	-0.0014957696	-0.3659009972	0.3659009972	0.0000000000	0.0021632404	-0.0000000000	0.0021632404	0.4953879645	0.0006394878
276	2.7600000000	0.4953879645	0.0006394878	0.5046120355	0.4953879645	0.5046120355	0.4953879645	0.0000000000	0.0003167946	-0.3641769941	0.3641769941	0.0000000000	0.0039585645	0.0000000000	0.0039585645	0.4954275501	0.0042812578
277	2.7700000000	0.4954275501	0.0042812578	0.5045724499	0.4954275501	0.5045724499	0.4954275501	0.0000000000	0.0021210531	-0.3610223381	0.3610223381	0.0000000000	0.0057312764	0.0000000000	0.0057312764	0.4954848629	0.0078914812
278	2.7800000000	0.4954848629	0.0078914812	0.5045151371	0.4954848629	0.5045151371	0.4954848629	0.0000000000	0.0039101095	-0.3564553389	0.3564553389	0.0000000000	0.0074746629	0.0000000000	0.0074746629	0.4955596095	0.0114560346
279	2.7900000000	0.4955596095	0.0114560346	0.5044403905	0.4955596095	0.5044403905	0.4955596095	0.0000000000	0.0056771480	-0.3504998015	0.3504998015	0.0000000000	0.0091821460	-0.0000000000	0.0091821460	0.4956514310	0.0149610326
280	2.8000000000	0.4956514310	0.0149610326	0.5043485690	0.4956514310	0.5043485690	0.4956514310	0.0000000000	0.0074154572	-0.3431849076	0.3431849076	0.0000000000	0.0108473063	0.0000000000	0.0108473063	0.4957599040	0.0183928816
281	2.8100000000	0.4957599040	0.0183928816	0.5042400960	0.4957599040	0.5042400960	0.4957599040	0.0000000000	0.0091184532	-0.3345450761	0.3345450761	0.0000000000	0.0124639040	0.0000000000	0.0124639040	0.4958845431	0.0217383324
282	2.8200000000	0.4958845431	0.0217383324	0.5041154569	0.4958845431	0.5041154569	0.4958845431	0.0000000000	0.0107797030	-0.3246198037	0.3246198037	0.0000000000	0.0140259011	0.0000000000	0.0140259011	0.4960248021	0.0249845304
283	2.8300000000	0.4960248021	0.0249845304	0.5039751979	0.4960248021	0.5039751979	0.4960248021	0.0000000000	0.0123929468	-0.3134534871	0.3134534871	0.0000000000	0.0155274816	0.0000000000	0.0155274816	0.4961800769	0.0281190653
284	2.8400000000	0.4961800769	0.0281190653	0.5038199231	0.4961800769	0.5038199231	0.4961800769	0.0000000000	0.0139521200	-0.3010952260	0.3010952260	0.0000000000	0.0169630723	0.0000000000	0.0169630723	0.4963497076	0.0311300176
285	2.8500000000	0.4963497076	0.0311300176	0.5036502924	0.4963497076	0.5036502924	0.4963497076	0.0000000000	0.0154513751	-0.2875986089	0.2875986089	0.0000000000	0.0183273612	0.0000000000	0.0183273612	0.4965329812	0.0340060037
286	2.8600000000	0.4965329812	0.0340060037	0.5034670188	0.4965329812	0.5034670188	0.4965329812	0.0000000000	0.0168851024	-0.2730214829	0.2730214829	0.0000000000	0.0196153172	-0.0000000000	0.0196153172	0.4967291344	0.0367362185
287	2.8700000000	0.4967291344	0.0367362185	0.5032708656	0.4967291344	0.5032708656	0.4967291344	0.0000000000	0.0182479500	-0.2574257076	0.2574257076	0.0000000000	0.0208222071	0.0000000000	0.0208222071	0.4969373565	0.0393104756
288	2.8800000000	0.4969373565	0.0393104756	0.5030626435	0.4969373565	0.5030626435	0.4969373565	0.0000000000	0.0195348438	-0.2408768939	0.2408768939	0.0000000000	0.0219436128	0.0000000000	0.0219436128	0.4971567926	0.0417192445
289	2.8900000000	0.4971567926	0.0417192445	0.5028432074	0.4971567926	0.5028432074	0.4971567926	0.0000000000	0.0207410058	-0.2234441311	0.2234441311	0.0000000000	0.0229754471	0.0000000000	0.0229754471	0.4973865471	0.0439536858
290	2.9000000000	0.4973865471	0.0439536858	0.5026134529	0.4973865471	0.5026134529	0.4973865471	0.0000000000	0.0218619720	-0.2051996998	0.2051996998	0.0000000000	0.0239139690	0.0000000000	0.0239139690	0.4976256868	0.0460056828
291	2.9100000000	0.4976256868	0.0460056828	0.5023743132	0.4976256868	0.5023743132	0.4976256868	0.0000000000	0.0228936095	-0.1862187752	0.1862187752	0.0000000000	0.0247557973	0.0000000000	0.0247557973	0.4978732447	0.0478678706
292	2.9200000000	0.4978732447	0.0478678706	0.5021267553	0.4978732447	0.5021267553	0.4978732447	0.0000000000	0.0238321320	-0.1665791197	0.1665791197	0.0000000000	0.0254979232	0.0000000000	0.0254979232	0.4981282240	0.0495336618
293	2.9300000000	0.4981282240	0.0495336618	0.5018717760	0.4981282240	0.5018717760	0.4981282240	0.0000000000	0.0246741150	-0.1463607675	0.1463607675	0.0000000000	0.0261377226	-0.0000000000	0.0261377226	0.4983896012	0.0509972694
294	2.9400000000	0.4983896012	0.0509972694	0.5016103988	0.4983896012	0.5016103988	0.4983896012	0.0000000000	0.0254165088	-0.1256457010	0.1256457010	0.0000000000	0.0266729658	0.0000000000	0.0266729658	0.4986563309	0.0522537265
295	2.9500000000	0.4986563309	0.0522537265	0.5013436691	0.4986563309	0.5013436691	0.4986563309	0.0000000000	0.0260566515	-0.1045175218	0.1045175218	0.0000000000	0.0271018267	0.0000000000	0.0271018267	0.4989273491	0.0532989017
296	2.9600000000	0.4989273491	0.0532989017	0.5010726509	0.4989273491	0.5010726509	0.4989273491	0.0000000000	0.0265922797	-0.0830611165	0.0830611165	0.0000000000	0.0274228909	0.0000000000	0.0274228909	0.4992015780	0.0541295128
297	2.9700000000	0.4992015780	0.0541295128	0.5007984220	0.4992015780	0.5007984220	0.4992015780	0.0000000000	0.0270215382	-0.0613623193	0.0613623193	0.0000000000	0.0276351614	0.0000000000	0.0276351614	0.4994779297	0.0547431360
298	2.9800000000	0.4994779297	0.0547431360	0.5005220703	0.4994779297	0.5005220703	0.4994779297	0.0000000000	0.0273429882	-0.0395075718	0.0395075718	0.0000000000	0.0277380640	-0.0000000000	0.0277380640	0.4997553103	0.0551382117
299	2.9900000000	0.4997553103	0.0551382117	0.5002446897	0.4997553103	0.5002446897	0.4997553103	0.0000000000	0.0275556141	-0.0175835826	0.0175835826	0.0000000000	0.0277314499	-0.0000000000	0.0277314499	0.5000326248	0.0553140476
300	3.0000000000	0.5000326248	0.0553140476	0.4999673752	0.5000326248	0.4999673752	0.5000326248	0.0000000000	0.0276588284	0.0043230133	-0.0043230133	0.0000000000	0.0276155983	0.0000000000	0.0276155983	0.5003087808	0.0552708174
301	3.0100000000	0.5003087808	0.0552708174	0.4996912192	0.5003087808	0.4996912192	0.5003087808	0.0000000000	0.0276524753	0.0261259930	-0.0261259930	0.0000000000	0.0273912154	0.0000000000	0.0273912154	0.5005826929	0.0550095575
302	3.0200000000	0.5005826929	0.0550095575	0.4994173071	0.5005826929	0.4994173071	0.5005826929	0.0000000000	0.0275368324	0.0477398819	-0.0477398819	0.0000000000	0.0270594336	0.0000000000	0.0270594336	0.5008532873	0.0545321587
303	3.0300000000	0.5008532873	0.0545321587	0.4991467127	0.5008532873	0.4991467127	0.5008532873	0.0000000000	0.0273126109	0.0690802845	-0.0690802845	0.0000000000	0.0266218081	0.0000000000	0.0266218081	0.5011195053	0.0538413558
304	3.0400000000	0.5011195053	0.0538413558	0.4988804947	0.5011195053	0.4988804947	0.5011195053	0.0000000000	0.0269809536	0.0900642110	-0.0900642110	0.0000000000	0.0260803115	0.0000000000	0.0260803115	0.5013803085	0.0529407137
305	3.0500000000	0.5013803085	0.0529407137	0.4986196915	0.5013803085	0.4986196915	0.5013803085	0.0000000000	0.0265434314	0.1106103965	-0.1106103965	0.0000000000	0.0254373274	0.0000000000	0.0254373274	0.5016346817	0.0518346098
306	3.0600000000	0.5016346817	0.0518346098	0.4983653183	0.5016346817	0.4983653183	0.5016346817	0.0000000000	0.0260020380	0.1306396122	-0.1306396122	0.0000000000	0.0246956419	0.0000000000	0.0246956419	0.5018816382	0.0505282136
307	3.0700000000	0.5018816382	0.0505282136	0.4981183618	0.5018816382	0.4981183618	0.5018816382	0.0000000000	0.0253591826	0.1500749682	-0.1500749682	0.0000000000	0.0238584330	0.0000000000	0.0238584330	0.5021202225	0.0490274640
308	3.0800000000	0.5021202225	0.0490274640	0.4978797775	0.5021202225	0.4978797775	0.5021202225	0.0000000000	0.0246176811	0.1688422055	-0.1688422055	0.0000000000	0.0229292591	0.0000000000	0.0229292591	0.5023495151	0.0473390419
309	3.0900000000	0.5023495151	0.0473390419	0.4976504849	0.5023495151	0.4976504849	0.5023495151	0.0000000000	0.0237807447	0.1868699770	-0.1868699770	0.0000000000	0.0219120450	0.0000000000	0.0219120450	0.5025686355	0.0454703421
310	3.1000000000	0.5025686355	0.0454703421	0.4974313645	0.5025686355	0.4974313645	0.5025686355	0.0000000000	0.0228519678	0.2040901163	-0.2040901163	0.0000000000	0.0208110666	0.0000000000	0.0208110666	0.5027767462	0.0434294410
311	3.1100000000	0.5027767462	0.0434294410	0.4972232538	0.5027767462	0.4972232538	0.5027767462	0.0000000000	0.0218353130	0.2204378929	-0.2204378929	0.0000000000	0.0196309341	0.0000000000	0.0196309341	0.5029730555	0.0412250621
312	3.1200000000	0.5029730555	0.0412250621	0.4970269445	0.5029730555	0.4970269445	0.5029730555	0.0000000000	0.0207350954	0.2358522537	-0.2358522537	0.0000000000	0.0183765729	0.0000000000	0.0183765729	0.5031568213	0.0388665395
313	3.1300000000	0.5031568213	0.0388665395	0.4968431787	0.5031568213	0.4968431787	0.5031568213	0.0000000000	0.0195559645	0.2502760485	-0.2502760485	0.0000000000	0.0170532040	0.0000000000	0.0170532040	0.5033273533	0.0363637790
314	3.1400000000	0.5033273533	0.0363637790	0.4966726467	0.5033273533	0.4966726467	0.5033273533	0.0000000000	0.0183028847	0.2636562410	-0.2636562410	0.0000000000	0.0156663222	0.0000000000	0.0156663222	0.5034840165	0.0337272166
315	3.1500000000	0.5034840165	0.0337272166	0.4965159835	0.5034840165	0.4965159835	0.5034840165	0.0000000000	0.0169811145	0.2759441011	-0.2759441011	0.0000000000	0.0142216735	0.0000000000	0.0142216735	0.5036262333	0.0309677756
316	3.1600000000	0.5036262333	0.0309677756	0.4963737667	0.5036262333	0.4963737667	0.5036262333	0.0000000000	0.0155961842	0.2870953819	-0.2870953819	0.0000000000	0.0127252304	0.0000000000	0.0127252304	0.5037534856	0.0280968218
317	3.1700000000	0.5037534856	0.0280968218	0.4962465144	0.5037534856	0.4962465144	0.5037534856	0.0000000000	0.0141538719	0.2970704770	-0.2970704770	0.0000000000	0.0111831671	0.0000000000	0.0111831671	0.5038653172	0.0251261170
318	3.1800000000	0.5038653172	0.0251261170	0.4961346828	0.5038653172	0.4961346828	0.5038653172	0.0000000000	0.0126601789	0.3058345601	-0.3058345601	0.0000000000	0.0096018333	0.0000000000	0.0096018333	0.5039613356	0.0220677714
319	3.1900000000	0.5039613356	0.0220677714	0.4960386644	0.5039613356	0.4960386644	0.5039613356	0.0000000000	0.0111213036	0.3133577052	-0.3133577052	0.0000000000	0.0079877265	0.0000000000	0.0079877265	0.5040412128	0.0189341944
320	3.2000000000	0.5040412128	0.0189341944	0.4959587872	0.5040412128	0.4959587872	0.5040412128	0.0000000000	0.0095436143	0.3196149868	-0.3196149868	0.0000000000	0.0063474644	0.0000000000	0.0063474644	0.5041046875	0.0157380445
321	3.2100000000	0.5041046875	0.0157380445	0.4958953125	0.5041046875	0.4958953125	0.5041046875	0.0000000000	0.0079336220	0.3245865615	-0.3245865615	0.0000000000	0.0046877564	0.0000000000	0.0046877564	0.5041515650	0.0124921789
322	3.2200000000	0.5041515650	0.0124921789	0.4958484350	0.5041515650	0.4958484350	0.5041515650	0.0000000000	0.0062979515	0.3282577276	-0.3282577276	0.0000000000	0.0030153743	0.0000000000	0.0030153743	0.5041817188	0.0092096016
323	3.2300000000	0.5041817188	0.0092096016	0.4958182812	0.5041817188	0.4958182812	0.5041817188	0.0000000000	0.0046433128	0.3306189660	-0.3306189660	0.0000000000	0.0013371231	0.0000000000	0.0013371231	0.5041950900	0.0059034119
324	3.2400000000	0.5041950900	0.0059034119	0.4958049100	0.5041950900	0.4958049100	0.5041950900	0.0000000000	0.0029764713	0.3316659596	-0.3316659596	0.0000000000	-0.0003401883	0.0000000000	-0.0003401883	0.5041916881	0.0025867523
325	3.2500000000	0.5041916881	0.0025867523	0.4958083119	0.5041916881	0.4958083119	0.5041916881	0.0000000000	0.0013042190	0.3313995926	-0.3313995926	0.0000000000	-0.0020097769	0.0000000000	-0.0020097769	0.5041715904	-0.0007272436
326	3.2600000000	0.5041715904	-0.0007272436	0.4958284096	0.5041715904	0.4958284096	0.5041715904	0.0000000000	-0.0003666556	0.3298259290	-0.3298259290	0.0000000000	-0.0036649148	0.0000000000	-0.0036649148	0.5041349412	-0.0040255029
327	3.2700000000	0.5041349412	-0.0040255029	0.4958650588	0.5041349412	0.4958650588	0.5041349412	0.0000000000	-0.0020293967	0.3269561711	-0.3269561711	0.0000000000	-0.0052989584	0.0000000000	-0.0052989584	0.5040819516	-0.0072950646
328	3.2800000000	0.5040819516	-0.0072950646	0.4959180484	0.5040819516	0.4959180484	0.5040819516	0.0000000000	-0.0036773104	0.3228065978	-0.3228065978	0.0000000000	-0.0069053764	0.0000000000	-0.0069053764	0.5040128979	-0.0105231306
329	3.2900000000	0.5040128979	-0.0105231306	0.4959871021	0.5040128979	0.4959871021	0.5040128979	0.0000000000	-0.0053037935	0.3173984825	-0.3173984825	0.0000000000	-0.0084777784	0.0000000000	-0.0084777784	0.5039281201	-0.0136971154
330	3.3000000000	0.5039281201	-0.0136971154	0.4960718799	0.5039281201	0.4960718799	0.5039281201	0.0000000000	-0.0069023616	0.3107579922	-0.3107579922	0.0000000000	-0.0100099415	-0.0000000000	-0.0100099415	0.5038280207	-0.0168046953
331	3.3100000000	0.5038280207	-0.0168046953	0.4961719793	0.5038280207	0.4961719793	0.5038280207	0.0000000000	-0.0084666764	0.3029160672	-0.3029160672	0.0000000000	-0.0114958370	0.0000000000	-0.0114958370	0.5037130623	-0.0198338560
332	3.3200000000	0.5037130623	-0.0198338560	0.4962869377	0.5037130623	0.4962869377	0.5037130623	0.0000000000	-0.0099905723	0.2939082821	-0.2939082821	0.0000000000	-0.0129296552	0.0000000000	-0.0129296552	0.5035837657	-0.0227729388
333	3.3300000000	0.5035837657	-0.0227729388	0.4964162343	0.5035837657	0.4964162343	0.5035837657	0.0000000000	-0.0114680823	0.2837746889	-0.2837746889	0.0000000000	-0.0143058292	0.0000000000	-0.0143058292	0.5034407075	-0.0256106857
334	3.3400000000	0.5034407075	-0.0256106857	0.4965592925	0.5034407075	0.4965592925	0.5034407075	0.0000000000	-0.0128934617	0.2725596431	-0.2725596431	0.0000000000	-0.0156190582	0.0000000000	-0.0156190582	0.5032845169	-0.0283362821
335	3.3500000000	0.5032845169	-0.0283362821	0.4967154831	0.5032845169	0.4967154831	0.5032845169	0.0000000000	-0.0142612121	0.2603116129	-0.2603116129	0.0000000000	-0.0168643282	0.0000000000	-0.0168643282	0.5031158736	-0.0309393982
336	3.3600000000	0.5031158736	-0.0309393982	0.4968841264	0.5031158736	0.4968841264	0.5031158736	0.0000000000	-0.0155661024	0.2470829725	-0.2470829725	0.0000000000	-0.0180369321	0.0000000000	-0.0180369321	0.5029355043	-0.0334102280
337	3.3700000000	0.5029355043	-0.0334102280	0.4970644957	0.5029355043	0.4970644957	0.5029355043	0.0000000000	-0.0168031899	0.2329297808	-0.2329297808	0.0000000000	-0.0191324877	0.0000000000	-0.0191324877	0.5027441794	-0.0357395258
338	3.3800000000	0.5027441794	-0.0357395258	0.4972558206	0.5027441794	0.4972558206	0.5027441794	0.0000000000	-0.0179678386	0.2179115463	-0.2179115463	0.0000000000	-0.0201469540	0.0000000000	-0.0201469540	0.5025427099	-0.0379186412
339	3.3900000000	0.5025427099	-0.0379186412	0.4974572901	0.5025427099	0.4974572901	0.5025427099	0.0000000000	-0.0190557367	0.2020909779	-0.2020909779	0.0000000000	-0.0210766465	0.0000000000	-0.0210766465	0.5023319434	-0.0399395510
340	3.4000000000	0.5023319434	-0.0399395510	0.4976680566	0.5023319434	0.4976680566	0.5023319434	0.0000000000	-0.0200629123	0.1855337255	-0.1855337255	0.0000000000	-0.0219182495	0.0000000000	-0.0219182495	0.5021127609	-0.0417948883
341	3.4100000000	0.5021127609	-0.0417948883	0.4978872391	0.5021127609	0.4978872391	0.5021127609	0.0000000000	-0.0209857467	0.1683081076	-0.1683081076	0.0000000000	-0.0226688278	0.0000000000	-0.0226688278	0.5018860726	-0.0434779694
342	3.4200000000	0.5018860726	-0.0434779694	0.4981139274	0.5018860726	0.4981139274	0.5018860726	0.0000000000	-0.0218209873	0.1504848313	-0.1504848313	0.0000000000	-0.0233258356	0.0000000000	-0.0233258356	0.5016528143	-0.0449828177
343	3.4300000000	0.5016528143	-0.0449828177	0.4983471857	0.5016528143	0.4983471857	0.5016528143	0.0000000000	-0.0225657571	0.1321367015	-0.1321367015	0.0000000000	-0.0238871241	0.0000000000	-0.0238871241	0.5014139430	-0.0463041847
344	3.4400000000	0.5014139430	-0.0463041847	0.4985860570	0.5014139430	0.4985860570	0.5014139430	0.0000000000	-0.0232175638	0.1133383247	-0.1133383247	0.0000000000	-0.0243509471	0.0000000000	-0.0243509471	0.5011704335	-0.0474375679
345	3.4500000000	0.5011704335	-0.0474375679	0.4988295665	0.5011704335	0.4988295665	0.5011704335	0.0000000000	-0.0237743065	0.0941658053	-0.0941658053	0.0000000000	-0.0247159645	0.0000000000	-0.0247159645	0.5009232739	-0.0483792260
346	3.4600000000	0.5009232739	-0.0483792260	0.4990767261	0.5009232739	0.4990767261	0.5009232739	0.0000000000	-0.0242342803	0.0746964371	-0.0746964371	0.0000000000	-0.0249812446	0.0000000000	-0.0249812446	0.5006734615	-0.0491261903
347	3.4700000000	0.5006734615	-0.0491261903	0.4993265385	0.5006734615	0.4993265385	0.5006734615	0.0000000000	-0.0245961798	0.0550083919	-0.0550083919	0.0000000000	-0.0251462637	0.0000000000	-0.0251462637	0.5004219988	-0.0496762743
348	3.4800000000	0.5004219988	-0.0496762743	0.4995780012	0.5004219988	0.4995780012	0.5004219988	0.0000000000	-0.0248591005	0.0351804046	-0.0351804046	0.0000000000	-0.0252109045	0.0000000000	-0.0252109045	0.5001698898	-0.0500280783
349	3.4900000000	0.5001698898	-0.0500280783	0.4998301102	0.5001698898	0.4998301102	0.5001698898	0.0000000000	-0.0250225384	0.0152914585	-0.0152914585	0.0000000000	-0.0251754530	0.0000000000	-0.0251754530	0.4999181352	-0.0501809929
350	3.5000000000	0.4999181352	-0.0501809929	0.5000818648	0.4999181352	0.5000818648	0.4999181352	0.0000000000	-0.0250863884	-0.0045795306	0.0045795306	0.0000000000	-0.0250405931	0.0000000000	-0.0250405931	0.4996677293	-0.0501351976
351	3.5100000000	0.4996677293	-0.0501351976	0.5003322707	0.4996677293	0.5003322707	0.4996677293	0.0000000000	-0.0250509403	-0.0243540281	0.0243540281	0.0000000000	-0.0248074001	0.0000000000	-0.0248074001	0.4994196553	-0.0498916573
352	3.5200000000	0.4994196553	-0.0498916573	0.5005803447	0.4994196553	0.5005803447	0.4994196553	0.0000000000	-0.0249168743	-0.0439541912	0.0439541912	0.0000000000	-0.0244773324	0.0000000000	-0.0244773324	0.4991748820	-0.0494521154
353	3.5300000000	0.4991748820	-0.0494521154	0.5008251180	0.4991748820	0.5008251180	0.4991748820	0.0000000000	-0.0246852539	-0.0633031764	0.0633031764	0.0000000000	-0.0240522221	0.0000000000	-0.0240522221	0.4989343598	-0.0488190836
354	3.5400000000	0.4989343598	-0.0488190836	0.5010656402	0.4989343598	0.5010656402	0.4989343598	0.0000000000	-0.0243575182	-0.0823254410	0.0823254410	0.0000000000	-0.0235342638	0.0000000000	-0.0235342638	0.4986990171	-0.0479958292
355	3.5500000000	0.4986990171	-0.0479958292	0.5013009829	0.4986990171	0.5013009829	0.4986990171	0.0000000000	-0.0239354729	-0.1009470387	0.1009470387	0.0000000000	-0.0229260025	-0.0000000000	-0.0229260025	0.4984697571	-0.0469863588
356	3.5600000000	0.4984697571	-0.0469863588	0.5015302429	0.4984697571	0.5015302429	0.4984697571	0.0000000000	-0.0234212789	-0.1190959075	0.1190959075	0.0000000000	-0.0222303198	0.0000000000	-0.0222303198	0.4982474539	-0.0457953998
357	3.5700000000	0.4982474539	-0.0457953998	0.5017525461	0.4982474539	0.5017525461	0.4982474539	0.0000000000	-0.0228174413	-0.1367021481	0.1367021481	0.0000000000	-0.0214504199	0.0000000000	-0.0214504199	0.4980329497	-0.0444283783
358	3.5800000000	0.4980329497	-0.0444283783	0.5019670503	0.4980329497	0.5019670503	0.4980329497	0.0000000000	-0.0221267963	-0.1536982938	0.1536982938	0.0000000000	-0.0205898133	-0.0000000000	-0.0205898133	0.4978270516	-0.0428913953
359	3.5900000000	0.4978270516	-0.0428913953	0.5021729484	0.4978270516	0.5021729484	0.4978270516	0.0000000000	-0.0213524969	-0.1700195683	0.1700195683	0.0000000000	-0.0196523012	0.0000000000	-0.0196523012	0.4976305286	-0.0411911997
360	3.6000000000	0.4976305286	-0.0411911997	0.5023694714	0.4976305286	0.5023694714	0.4976305286	0.0000000000	-0.0204979985	-0.1856041323	0.1856041323	0.0000000000	-0.0186419571	0.0000000000	-0.0186419571	0.4974441090	-0.0393351583
361	3.6100000000	0.4974441090	-0.0393351583	0.5025558910	0.4974441090	0.5025558910	0.4974441090	0.0000000000	-0.0195670428	-0.2003933168	0.2003933168	0.0000000000	-0.0175631096	0.0000000000	-0.0175631096	0.4972684779	-0.0373312252
362	3.6200000000	0.4972684779	-0.0373312252	0.5027315221	0.4972684779	0.5027315221	0.4972684779	0.0000000000	-0.0185636415	-0.2143318430	0.2143318430	0.0000000000	-0.0164203231	0.0000000000	-0.0164203231	0.4971042747	-0.0351879067
363	3.6300000000	0.4971042747	-0.0351879067	0.5028957253	0.4971042747	0.5028957253	0.4971042747	0.0000000000	-0.0174920589	-0.2273680277	0.2273680277	0.0000000000	-0.0152183786	0.0000000000	-0.0152183786	0.4969520909	-0.0329142265
364	3.6400000000	0.4969520909	-0.0329142265	0.5030479091	0.4969520909	0.5030479091	0.4969520909	0.0000000000	-0.0163567937	-0.2394539730	0.2394539730	0.0000000000	-0.0139622539	0.0000000000	-0.0139622539	0.4968124683	-0.0305196867
365	3.6500000000	0.4968124683	-0.0305196867	0.5031875317	0.4968124683	0.5031875317	0.4968124683	0.0000000000	-0.0151625609	-0.2505457402	0.2505457402	0.0000000000	-0.0126571035	0.0000000000	-0.0126571035	0.4966858973	-0.0280142293
366	3.6600000000	0.4966858973	-0.0280142293	0.5033141027	0.4966858973	0.5033141027	0.4966858973	0.0000000000	-0.0139142726	-0.2606035075	0.2606035075	0.0000000000	-0.0113082376	0.0000000000	-0.0113082376	0.4965728149	-0.0254081943
367	3.6700000000	0.4965728149	-0.0254081943	0.5034271851	0.4965728149	0.5034271851	0.4965728149	0.0000000000	-0.0126170185	-0.2695917096	0.2695917096	0.0000000000	-0.0099211014	0.0000000000	-0.0099211014	0.4964736039	-0.0227122772
368	3.6800000000	0.4964736039	-0.0227122772	0.5035263961	0.4964736039	0.5035263961	0.4964736039	0.0000000000	-0.0112760461	-0.2774791608	0.2774791608	0.0000000000	-0.0085012545	-0.0000000000	-0.0085012545	0.4963885914	-0.0199374856
369	3.6900000000	0.4963885914	-0.0199374856	0.5036114086	0.4963885914	0.5036114086	0.4963885914	0.0000000000	-0.0098967404	-0.2842391592	0.2842391592	0.0000000000	-0.0070543488	0.0000000000	-0.0070543488	0.4963180479	-0.0170950940
370	3.7000000000	0.4963180479	-0.0170950940	0.5036819521	0.4963180479	0.5036819521	0.4963180479	0.0000000000	-0.0084846037	-0.2898495727	0.2898495727	0.0000000000	-0.0055861079	-0.0000000000	-0.0055861079	0.4962621868	-0.0141965982
371	3.7100000000	0.4962621868	-0.0141965982	0.5037378132	0.4962621868	0.5037378132	0.4962621868	0.0000000000	-0.0070452349	-0.2942929070	0.2942929070	0.0000000000	-0.0041023058	0.0000000000	-0.0041023058	0.4962211637	-0.0112536692
372	3.7200000000	0.4962211637	-0.0112536692	0.5037788363	0.4962211637	0.5037788363	0.4962211637	0.0000000000	-0.0055843088	-0.2975563542	0.2975563542	0.0000000000	-0.0026087453	0.0000000000	-0.0026087453	0.4961950763	-0.0082781056
373	3.7300000000	0.4961950763	-0.0082781056	0.5038049237	0.4961950763	0.5038049237	0.4961950763	0.0000000000	-0.0041075553	-0.2996318226	0.2996318226	0.0000000000	-0.0011112370	0.0000000000	-0.0011112370	0.4961839639	-0.0052817874
374	3.7400000000	0.4961839639	-0.0052817874	0.5038160361	0.4961839639	0.5038160361	0.4961839639	0.0000000000	-0.0026207382	-0.3005159483	0.3005159483	0.0000000000	0.0003844213	-0.0000000000	0.0003844213	0.4961878081	-0.0022766279
375	3.7500000000	0.4961878081	-0.0022766279	0.5038121919	0.4961878081	0.5038121919	0.4961878081	0.0000000000	-0.0011296350	-0.3002100870	0.3002100870	0.0000000000	0.0018724659	0.0000000000	0.0018724659	0.4962065328	0.0007254730
376	3.7600000000	0.4962065328	0.0007254730	0.5037934672	0.4962065328	0.5037934672	0.4962065328	0.0000000000	0.0003599844	-0.2987202885	0.2987202885	0.0000000000	0.0033471873	-0.0000000000	0.0033471873	0.4962400047	0.0037126758
377	3.7700000000	0.4962400047	0.0037126758	0.5037599953	0.4962400047	0.5037599953	0.4962400047	0.0000000000	0.0018423783	-0.2960572510	0.2960572510	0.0000000000	0.0048029508	0.0000000000	0.0048029508	0.4962880342	0.0066732484
378	3.7800000000	0.4962880342	0.0066732484	0.5037119658	0.4962880342	0.5037119658	0.4962880342	0.0000000000	0.0033118533	-0.2922362592	0.2922362592	0.0000000000	0.0062342159	-0.0000000000	0.0062342159	0.4963503763	0.0095956109
379	3.7900000000	0.4963503763	0.0095956109	0.5036496237	0.4963503763	0.5036496237	0.4963503763	0.0000000000	0.0047627851	-0.2872771032	0.2872771032	0.0000000000	0.0076355561	0.0000000000	0.0076355561	0.4964267319	0.0124683820
380	3.8000000000	0.4964267319	0.0124683820	0.5035732681	0.4964267319	0.5035732681	0.4964267319	0.0000000000	0.0061896381	-0.2812039805	0.2812039805	0.0000000000	0.0090016779	0.0000000000	0.0090016779	0.4965167487	0.0152804218
381	3.8100000000	0.4965167487	0.0152804218	0.5034832513	0.4965167487	0.5034832513	0.4965167487	0.0000000000	0.0075869853	-0.2740453813	0.2740453813	0.0000000000	0.0103274392	0.0000000000	0.0103274392	0.4966200231	0.0180208756
382	3.8200000000	0.4966200231	0.0180208756	0.5033799769	0.4966200231	0.5033799769	0.4966200231	0.0000000000	0.0089495277	-0.2658339573	0.2658339573	0.0000000000	0.0116078672	-0.0000000000	0.0116078672	0.4967361017	0.0206792152
383	3.8300000000	0.4967361017	0.0206792152	0.5032638983	0.4967361017	0.5032638983	0.4967361017	0.0000000000	0.0102721127	-0.2566063747	0.2566063747	0.0000000000	0.0128381765	-0.0000000000	0.0128381765	0.4968644835	0.0232452789
384	3.8400000000	0.4968644835	0.0232452789	0.5031355165	0.4968644835	0.5031355165	0.4968644835	0.0000000000	0.0115497535	-0.2464031523	0.2464031523	0.0000000000	0.0140137850	0.0000000000	0.0140137850	0.4970046213	0.0257093104
385	3.8500000000	0.4970046213	0.0257093104	0.5029953787	0.4970046213	0.5029953787	0.4970046213	0.0000000000	0.0127776461	-0.2352684853	0.2352684853	0.0000000000	0.0151303310	-0.0000000000	0.0151303310	0.4971559247	0.0280619953
386	3.8600000000	0.4971559247	0.0280619953	0.5028440753	0.4971559247	0.5028440753	0.4971559247	0.0000000000	0.0139511872	-0.2232500553	0.2232500553	0.0000000000	0.0161836878	0.0000000000	0.0161836878	0.4973177615	0.0302944958
387	3.8700000000	0.4973177615	0.0302944958	0.5026822385	0.4973177615	0.5026822385	0.4973177615	0.0000000000	0.0150659909	-0.2103988279	0.2103988279	0.0000000000	0.0171699791	0.0000000000	0.0171699791	0.4974894613	0.0323984841
388	3.8800000000	0.4974894613	0.0323984841	0.5025105387	0.4974894613	0.5025105387	0.4974894613	0.0000000000	0.0161179044	-0.1967688380	0.1967688380	0.0000000000	0.0180855928	0.0000000000	0.0180855928	0.4976703173	0.0343661725
389	3.8900000000	0.4976703173	0.0343661725	0.5023296827	0.4976703173	0.5023296827	0.4976703173	0.0000000000	0.0171030240	-0.1824169644	0.1824169644	0.0000000000	0.0189271936	-0.0000000000	0.0189271936	0.4978595892	0.0361903421
390	3.9000000000	0.4978595892	0.0361903421	0.5021404108	0.4978595892	0.5021404108	0.4978595892	0.0000000000	0.0180177089	-0.1674026944	0.1674026944	0.0000000000	0.0196917358	0.0000000000	0.0196917358	0.4980565065	0.0378643691
391	3.9100000000	0.4980565065	0.0378643691	0.5019434935	0.4980565065	0.5019434935	0.4980565065	0.0000000000	0.0188585954	-0.1517878787	0.1517878787	0.0000000000	0.0203764742	0.0000000000	0.0203764742	0.4982602713	0.0393822479
392	3.9200000000	0.4982602713	0.0393822479	0.5017397287	0.4982602713	0.5017397287	0.4982602713	0.0000000000	0.0196226095	-0.1356364793	0.1356364793	0.0000000000	0.0209789743	0.0000000000	0.0209789743	0.4984700610	0.0407386127
393	3.9300000000	0.4984700610	0.0407386127	0.5015299390	0.4984700610	0.5015299390	0.4984700610	0.0000000000	0.0203069787	-0.1190143090	0.1190143090	0.0000000000	0.0214971218	0.0000000000	0.0214971218	0.4986850323	0.0419287558
394	3.9400000000	0.4986850323	0.0419287558	0.5013149677	0.4986850323	0.5013149677	0.4986850323	0.0000000000	0.0209092429	-0.1019887659	0.1019887659	0.0000000000	0.0219291306	0.0000000000	0.0219291306	0.4989043236	0.0429486434
395	3.9500000000	0.4989043236	0.0429486434	0.5010956764	0.4989043236	0.5010956764	0.4989043236	0.0000000000	0.0214272639	-0.0846285622	0.0846285622	0.0000000000	0.0222735495	0.0000000000	0.0222735495	0.4991270591	0.0437949290
396	3.9600000000	0.4991270591	0.0437949290	0.5008729409	0.4991270591	0.5008729409	0.4991270591	0.0000000000	0.0218592341	-0.0670034495	0.0670034495	0.0000000000	0.0225292686	0.0000000000	0.0225292686	0.4993523517	0.0444649635
397	3.9700000000	0.4993523517	0.0444649635	0.5006476483	0.4993523517	0.5006476483	0.4993523517	0.0000000000	0.0222036841	-0.0491839413	0.0491839413	0.0000000000	0.0226955235	-0.0000000000	0.0226955235	0.4995793070	0.0449568029
398	3.9800000000	0.4995793070	0.0449568029	0.5004206930	0.4995793070	0.5004206930	0.4995793070	0.0000000000	0.0224594885	-0.0312410328	0.0312410328	0.0000000000	0.0227718988	-0.0000000000	0.0227718988	0.4998070260	0.0452692133
399	3.9900000000	0.4998070260	0.0452692133	0.5001929740	0.4998070260	0.5001929740	0.4998070260	0.0000000000	0.0226258709	-0.0132459213	0.0132459213	0.0000000000	0.0227583301	0.0000000000	0.0227583301	0.5000346093	0.0454016725
400	4.0000000000	0.5000346093	0.0454016725	0.4999653907	0.5000346093	0.4999653907	0.5000346093	0.0000000000	0.0227024076	0.0047302737	-0.0047302737	0.0000000000	0.0226551048	0.0000000000	0.0226551048	0.5002611603	0.0453543698
401	4.0100000000	0.5002611603	0.0453543698	0.4997388397	0.5002611603	0.4997388397	0.5002611603	0.0000000000	0.0226890296	0.0226167894	-0.0226167894	0.0000000000	0.0224628617	0.0000000000	0.0224628617	0.5004857889	0.0451282019
402	4.0200000000	0.5004857889	0.0451282019	0.4995142111	0.5004857889	0.4995142111	0.5004857889	0.0000000000	0.0225860237	0.0403434951	-0.0403434951	0.0000000000	0.0221825888	0.0000000000	0.0221825888	0.5007076148	0.0447247669
403	4.0300000000	0.5007076148	0.0447247669	0.4992923852	0.5007076148	0.4992923852	0.5007076148	0.0000000000	0.0223940314	0.0578411648	-0.0578411648	0.0000000000	0.0218156197	0.0000000000	0.0218156197	0.5009257710	0.0441463553
404	4.0400000000	0.5009257710	0.0441463553	0.4990742290	0.5009257710	0.4990742290	0.5009257710	0.0000000000	0.0221140470	0.0750417450	-0.0750417450	0.0000000000	0.0213636296	0.0000000000	0.0213636296	0.5011394073	0.0433959378
405	4.0500000000	0.5011394073	0.0433959378	0.4988605927	0.5011394073	0.4988605927	0.5011394073	0.0000000000	0.0217474146	0.0918786166	-0.0918786166	0.0000000000	0.0208286284	0.0000000000	0.0208286284	0.5013476936	0.0424771516
406	4.0600000000	0.5013476936	0.0424771516	0.4986523064	0.5013476936	0.4986523064	0.5013476936	0.0000000000	0.0212958220	0.1082868511	-0.1082868511	0.0000000000	0.0202129535	0.0000000000	0.0202129535	0.5015498231	0.0413942831
407	4.0700000000	0.5015498231	0.0413942831	0.4984501769	0.5015498231	0.4984501769	0.5015498231	0.0000000000	0.0207612954	0.1242034580	-0.1242034580	0.0000000000	0.0195192608	0.0000000000	0.0195192608	0.5017450157	0.0401522486
408	4.0800000000	0.5017450157	0.0401522486	0.4982549843	0.5017450157	0.4982549843	0.5017450157	0.0000000000	0.0201461906	0.1395676251	-0.1395676251	0.0000000000	0.0187505143	0.0000000000	0.0187505143	0.5019325209	0.0387565723
409	4.0900000000	0.5019325209	0.0387565723	0.4980674791	0.5019325209	0.4980674791	0.5019325209	0.0000000000	0.0194531840	0.1543209483	-0.1543209483	0.0000000000	0.0179099746	0.0000000000	0.0179099746	0.5021116206	0.0372133628
410	4.1000000000	0.5021116206	0.0372133628	0.4978883794	0.5021116206	0.4978883794	0.5021116206	0.0000000000	0.0186852619	0.1684076517	-0.1684076517	0.0000000000	0.0170011854	0.0000000000	0.0170011854	0.5022816325	0.0355292863
411	4.1100000000	0.5022816325	0.0355292863	0.4977183675	0.5022816325	0.4977183675	0.5022816325	0.0000000000	0.0178457079	0.1817747969	-0.1817747969	0.0000000000	0.0160279600	0.0000000000	0.0160279600	0.5024419121	0.0337115383
412	4.1200000000	0.5024419121	0.0337115383	0.4975580879	0.5024419121	0.4975580879	0.5024419121	0.0000000000	0.0169380898	0.1943724803	-0.1943724803	0.0000000000	0.0149943650	0.0000000000	0.0149943650	0.5025918557	0.0317678135
413	4.1300000000	0.5025918557	0.0317678135	0.4974081443	0.5025918557	0.4974081443	0.5025918557	0.0000000000	0.0159662444	0.2061540174	-0.2061540174	0.0000000000	0.0139047042	0.0000000000	0.0139047042	0.5027309028	0.0297062734
414	4.1400000000	0.5027309028	0.0297062734	0.4972690972	0.5027309028	0.4972690972	0.5027309028	0.0000000000	0.0149342616	0.2170761147	-0.2170761147	0.0000000000	0.0127635005	0.0000000000	0.0127635005	0.5028585378	0.0275355122
415	4.1500000000	0.5028585378	0.0275355122	0.4971414622	0.5028585378	0.4971414622	0.5028585378	0.0000000000	0.0138464674	0.2270990276	-0.2270990276	0.0000000000	0.0115754771	0.0000000000	0.0115754771	0.5029742925	0.0252645219
416	4.1600000000	0.5029742925	0.0252645219	0.4970257075	0.5029742925	0.4970257075	0.5029742925	0.0000000000	0.0127074050	0.2361867031	-0.2361867031	0.0000000000	0.0103455380	0.0000000000	0.0103455380	0.5030777479	0.0229026549
417	4.1700000000	0.5030777479	0.0229026549	0.4969222521	0.5030777479	0.4969222521	0.5030777479	0.0000000000	0.0115218161	0.2443069087	-0.2443069087	0.0000000000	0.0090787470	0.0000000000	0.0090787470	0.5031685354	0.0204595858
418	4.1800000000	0.5031685354	0.0204595858	0.4968314646	0.5031685354	0.4968314646	0.5031685354	0.0000000000	0.0102946198	0.2514313456	-0.2514313456	0.0000000000	0.0077803064	0.0000000000	0.0077803064	0.5032463385	0.0179452724
419	4.1900000000	0.5032463385	0.0179452724	0.4967536615	0.5032463385	0.4967536615	0.5032463385	0.0000000000	0.0090308926	0.2575357452	-0.2575357452	0.0000000000	0.0064555352	0.0000000000	0.0064555352	0.5033108938	0.0153699149
420	4.2000000000	0.5033108938	0.0153699149	0.4966891062	0.5033108938	0.4966891062	0.5033108938	0.0000000000	0.0077358456	0.2625999512	-0.2625999512	0.0000000000	0.0051098461	0.0000000000	0.0051098461	0.5033619923	0.0127439154
421	4.2100000000	0.5033619923	0.0127439154	0.4966380077	0.5033619923	0.4966380077	0.5033619923	0.0000000000	0.0064148026	0.2666079837	-0.2666079837	0.0000000000	0.0037487228	0.0000000000	0.0037487228	0.5033994795	0.0100778356
422	4.2200000000	0.5033994795	0.0100778356	0.4966005205	0.5033994795	0.4966005205	0.5033994795	0.0000000000	0.0050731772	0.2695480873	-0.2695480873	0.0000000000	0.0023776963	0.0000000000	0.0023776963	0.5034232565	0.0073823547
423	4.2300000000	0.5034232565	0.0073823547	0.4965767435	0.5034232565	0.4965767435	0.5034232565	0.0000000000	0.0037164490	0.2714127632	-0.2714127632	0.0000000000	0.0010023214	0.0000000000	0.0010023214	0.5034332797	0.0046682271
424	4.2400000000	0.5034332797	0.0046682271	0.4965667203	0.5034332797	0.4965667203	0.5034332797	0.0000000000	0.0023501409	0.2721987830	-0.2721987830	0.0000000000	-0.0003718470	0.0000000000	-0.0003718470	0.5034295612	0.0019462392
425	4.2500000000	0.5034295612	0.0019462392	0.4965704388	0.5034295612	0.4965704388	0.5034295612	0.0000000000	0.0009797944	0.2719071867	-0.2719071867	0.0000000000	-0.0017392775	0.0000000000	-0.0017392775	0.5034121684	-0.0007728326
426	4.2600000000	0.5034121684	-0.0007728326	0.4965878316	0.5034121684	0.4965878316	0.5034121684	0.0000000000	-0.0003890534	0.2705432635	-0.2705432635	0.0000000000	-0.0030944860	0.0000000000	-0.0030944860	0.5033812236	-0.0034782653
427	4.2700000000	0.5033812236	-0.0034782653	0.4966187764	0.5033812236	0.4966187764	0.5033812236	0.0000000000	-0.0017508934	0.2681165162	-0.2681165162	0.0000000000	-0.0044320586	0.0000000000	-0.0044320586	0.5033369030	-0.0061594304
428	4.2800000000	0.5033369030	-0.0061594304	0.4966630970	0.5033369030	0.4966630970	0.5033369030	0.0000000000	-0.0031002686	0.2646406087	-0.2646406087	0.0000000000	-0.0057466747	0.0000000000	-0.0057466747	0.5032794362	-0.0088058365
429	4.2900000000	0.5032794362	-0.0088058365	0.4967205638	0.5032794362	0.4967205638	0.5032794362	0.0000000000	-0.0044317964	0.2601332971	-0.2601332971	0.0000000000	-0.0070331294	0.0000000000	-0.0070331294	0.5032091049	-0.0114071695
430	4.3000000000	0.5032091049	-0.0114071695	0.4967908951	0.5032091049	0.4967908951	0.5032091049	0.0000000000	-0.0057401916	0.2546163457	-0.2546163457	0.0000000000	-0.0082863550	0.0000000000	-0.0082863550	0.5031262414	-0.0139533330
431	4.3100000000	0.5031262414	-0.0139533330	0.4968737586	0.5031262414	0.4968737586	0.5031262414	0.0000000000	-0.0070202880	0.2481154263	-0.2481154263	0.0000000000	-0.0095014422	0.0000000000	-0.0095014422	0.5030312270	-0.0164344872
432	4.3200000000	0.5030312270	-0.0164344872	0.4969687730	0.5030312270	0.4969687730	0.5030312270	0.0000000000	-0.0082670603	0.2406600031	-0.2406600031	0.0000000000	-0.0106736603	0.0000000000	-0.0106736603	0.5029244904	-0.0188410872
433	4.3300000000	0.5029244904	-0.0188410872	0.4970755096	0.5029244904	0.4970755096	0.5029244904	0.0000000000	-0.0094756442	0.2322832027	-0.2322832027	0.0000000000	-0.0117984762	0.0000000000	-0.0117984762	0.5028065056	-0.0211639193
434	4.3400000000	0.5028065056	-0.0211639193	0.4971934944	0.5028065056	0.4971934944	0.5028065056	0.0000000000	-0.0106413563	0.2230216698	-0.2230216698	0.0000000000	-0.0128715730	0.0000000000	-0.0128715730	0.5026777899	-0.0233941360
435	4.3500000000	0.5026777899	-0.0233941360	0.4973222101	0.5026777899	0.4973222101	0.5026777899	0.0000000000	-0.0117597126	0.2129154097	-0.2129154097	0.0000000000	-0.0138888667	0.0000000000	-0.0138888667	0.5025389012	-0.0255232901
436	4.3600000000	0.5025389012	-0.0255232901	0.4974610988	0.5025389012	0.4974610988	0.5025389012	0.0000000000	-0.0128264461	0.2020076176	-0.2020076176	0.0000000000	-0.0148465223	0.0000000000	-0.0148465223	0.5023904360	-0.0275433662
437	4.3700000000	0.5023904360	-0.0275433662	0.4976095640	0.5023904360	0.4976095640	0.5023904360	0.0000000000	-0.0138375238	0.1903444965	-0.1903444965	0.0000000000	-0.0157409687	0.0000000000	-0.0157409687	0.5022330263	-0.0294468112
438	4.3800000000	0.5022330263	-0.0294468112	0.4977669737	0.5022330263	0.4977669737	0.5022330263	0.0000000000	-0.0147891611	0.1779750624	-0.1779750624	0.0000000000	-0.0165689117	0.0000000000	-0.0165689117	0.5020673372	-0.0312265618
439	4.3900000000	0.5020673372	-0.0312265618	0.4979326628	0.5020673372	0.4979326628	0.5020673372	0.0000000000	-0.0156778368	0.1649509405	-0.1649509405	0.0000000000	-0.0173273462	0.0000000000	-0.0173273462	0.5018940637	-0.0328760712
440	4.4000000000	0.5018940637	-0.0328760712	0.4981059363	0.5018940637	0.4981059363	0.5018940637	0.0000000000	-0.0165003050	0.1513261504	-0.1513261504	0.0000000000	-0.0180135665	0.0000000000	-0.0180135665	0.5017139281	-0.0343893327
441	4.4100000000	0.5017139281	-0.0343893327	0.4982860719	0.5017139281	0.4982860719	0.5017139281	0.0000000000	-0.0172536072	0.1371568834	-0.1371568834	0.0000000000	-0.0186251760	0.0000000000	-0.0186251760	0.5015276763	-0.0357609016
442	4.4200000000	0.5015276763	-0.0357609016	0.4984723237	0.5015276763	0.4984723237	0.5015276763	0.0000000000	-0.0179350819	0.1225012712	-0.1225012712	0.0000000000	-0.0191600946	0.0000000000	-0.0191600946	0.5013360754	-0.0369859143
443	4.4300000000	0.5013360754	-0.0369859143	0.4986639246	0.5013360754	0.4986639246	0.5013360754	0.0000000000	-0.0185423731	0.1074191481	-0.1074191481	0.0000000000	-0.0196165646	0.0000000000	-0.0196165646	0.5011399097	-0.0380601058
444	4.4400000000	0.5011399097	-0.0380601058	0.4988600903	0.5011399097	0.4988600903	0.5011399097	0.0000000000	-0.0190734380	0.0919718071	-0.0919718071	0.0000000000	-0.0199931560	0.0000000000	-0.0199931560	0.5009399781	-0.0389798238
445	4.4500000000	0.5009399781	-0.0389798238	0.4990600219	0.5009399781	0.4990600219	0.5009399781	0.0000000000	-0.0195265521	0.0762217511	-0.0762217511	0.0000000000	-0.0202887696	0.0000000000	-0.0202887696	0.5007370904	-0.0397420414
446	4.4600000000	0.5007370904	-0.0397420414	0.4992629096	0.5007370904	0.4992629096	0.5007370904	0.0000000000	-0.0199003142	0.0602324399	-0.0602324399	0.0000000000	-0.0205026386	0.0000000000	-0.0205026386	0.5005320641	-0.0403443658
447	4.4700000000	0.5005320641	-0.0403443658	0.4994679359	0.5005320641	0.4994679359	0.5005320641	0.0000000000	-0.0201936487	0.0440680347	-0.0440680347	0.0000000000	-0.0206343290	0.0000000000	-0.0206343290	0.5003257208	-0.0407850461
448	4.4800000000	0.5003257208	-0.0407850461	0.4996742792	0.5003257208	0.4996742792	0.5003257208	0.0000000000	-0.0204058076	0.0277931401	-0.0277931401	0.0000000000	-0.0206837390	0.0000000000	-0.0206837390	0.5001188834	-0.0410629775
449	4.4900000000	0.5001188834	-0.0410629775	0.4998811166	0.5001188834	0.4998811166	0.5001188834	0.0000000000	-0.0205363705	0.0114725463	-0.0114725463	0.0000000000	-0.0206510959	0.0000000000	-0.0206510959	0.4999123724	-0.0411777030
450	4.5000000000	0.4999123724	-0.0411777030	0.5000876276	0.4999123724	0.5000876276	0.4999123724	0.0000000000	-0.0205852432	-0.0048290295	0.0048290295	0.0000000000	-0.0205369529	0.0000000000	-0.0205369529	0.4997070029	-0.0411294127
451	4.5100000000	0.4997070029	-0.0411294127	0.5002929971	0.4997070029	0.5002929971	0.4997070029	0.0000000000	-0.0205526555	-0.0210471999	0.0210471999	0.0000000000	-0.0203421835	0.0000000000	-0.0203421835	0.4995035811	-0.0409189407
452	4.5200000000	0.4995035811	-0.0409189407	0.5004964189	0.4995035811	0.5004964189	0.4995035811	0.0000000000	-0.0204391574	-0.0371181617	0.0371181617	0.0000000000	-0.0200679758	0.0000000000	-0.0200679758	0.4993029013	-0.0405477591
453	4.5300000000	0.4993029013	-0.0405477591	0.5006970987	0.4993029013	0.5006970987	0.4993029013	0.0000000000	-0.0202456137	-0.0529789475	0.0529789475	0.0000000000	-0.0197158243	-0.0000000000	-0.0197158243	0.4991057431	-0.0400179696
454	4.5400000000	0.4991057431	-0.0400179696	0.5008942569	0.4991057431	0.5008942569	0.4991057431	0.0000000000	-0.0199731984	-0.0685676721	0.0685676721	0.0000000000	-0.0192875217	0.0000000000	-0.0192875217	0.4989128678	-0.0393322929
455	4.5500000000	0.4989128678	-0.0393322929	0.5010871322	0.4989128678	0.5010871322	0.4989128678	0.0000000000	-0.0196233870	-0.0838237746	0.0838237746	0.0000000000	-0.0187851493	0.0000000000	-0.0187851493	0.4987250163	-0.0384940551
456	4.5600000000	0.4987250163	-0.0384940551	0.5012749837	0.4987250163	0.5012749837	0.4987250163	0.0000000000	-0.0191979483	-0.0986882532	0.0986882532	0.0000000000	-0.0182110657	0.0000000000	-0.0182110657	0.4985429057	-0.0375071726
457	4.5700000000	0.4985429057	-0.0375071726	0.5014570943	0.4985429057	0.5014570943	0.4985429057	0.0000000000	-0.0186989348	-0.1131038938	0.1131038938	0.0000000000	-0.0175678959	0.0000000000	-0.0175678959	0.4983672267	-0.0363761336
458	4.5800000000	0.4983672267	-0.0363761336	0.5016327733	0.4983672267	0.5016327733	0.4983672267	0.0000000000	-0.0181286728	-0.1270154894	0.1270154894	0.0000000000	-0.0168585179	0.0000000000	-0.0168585179	0.4981986416	-0.0351059787
459	4.5900000000	0.4981986416	-0.0351059787	0.5018013584	0.4981986416	0.5018013584	0.4981986416	0.0000000000	-0.0174897509	-0.1403700516	0.1403700516	0.0000000000	-0.0160860504	0.0000000000	-0.0160860504	0.4980377810	-0.0337022782
460	4.6000000000	0.4980377810	-0.0337022782	0.5019622190	0.4980377810	0.5019622190	0.4980377810	0.0000000000	-0.0167850079	-0.1531170116	0.1531170116	0.0000000000	-0.0152538378	0.0000000000	-0.0152538378	0.4978852427	-0.0321711081
461	4.6100000000	0.4978852427	-0.0321711081	0.5021147573	0.4978852427	0.5021147573	0.4978852427	0.0000000000	-0.0160175200	-0.1652084111	0.1652084111	0.0000000000	-0.0143654359	0.0000000000	-0.0143654359	0.4977415883	-0.0305190240
462	4.6200000000	0.4977415883	-0.0305190240	0.5022584117	0.4977415883	0.5022584117	0.4977415883	0.0000000000	-0.0151905875	-0.1765990816	0.1765990816	0.0000000000	-0.0134245967	0.0000000000	-0.0134245967	0.4976073423	-0.0287530332
463	4.6300000000	0.4976073423	-0.0287530332	0.5023926577	0.4976073423	0.5023926577	0.4976073423	0.0000000000	-0.0143077204	-0.1872468122	0.1872468122	0.0000000000	-0.0124352523	0.0000000000	-0.0124352523	0.4974829898	-0.0268805651
464	4.6400000000	0.4974829898	-0.0268805651	0.5025170102	0.4974829898	0.5025170102	0.4974829898	0.0000000000	-0.0133726239	-0.1971125043	0.1971125043	0.0000000000	-0.0114014988	0.0000000000	-0.0114014988	0.4973689748	-0.0249094400
465	4.6500000000	0.4973689748	-0.0249094400	0.5026310252	0.4973689748	0.5026310252	0.4973689748	0.0000000000	-0.0123891826	-0.2061603138	0.2061603138	0.0000000000	-0.0103275795	0.0000000000	-0.0103275795	0.4972656990	-0.0228478369
466	4.6600000000	0.4972656990	-0.0228478369	0.5027343010	0.4972656990	0.5027343010	0.4972656990	0.0000000000	-0.0113614456	-0.2143577792	0.2143577792	0.0000000000	-0.0092178678	-0.0000000000	-0.0092178678	0.4971735204	-0.0207042591
467	4.6700000000	0.4971735204	-0.0207042591	0.5028264796	0.4971735204	0.5028264796	0.4971735204	0.0000000000	-0.0102936094	-0.2216759360	0.2216759360	0.0000000000	-0.0080768500	0.0000000000	-0.0080768500	0.4970927519	-0.0184874997
468	4.6800000000	0.4970927519	-0.0184874997	0.5029072481	0.4970927519	0.5029072481	0.4970927519	0.0000000000	-0.0091900021	-0.2280894163	0.2280894163	0.0000000000	-0.0069091080	-0.0000000000	-0.0069091080	0.4970236608	-0.0162066056
469	4.6900000000	0.4970236608	-0.0162066056	0.5029763392	0.4970236608	0.5029763392	0.4970236608	0.0000000000	-0.0080550664	-0.2335765341	0.2335765341	0.0000000000	-0.0057193011	0.0000000000	-0.0057193011	0.4969664678	-0.0138708402
470	4.7000000000	0.4969664678	-0.0138708402	0.5030335322	0.4969664678	0.5030335322	0.4969664678	0.0000000000	-0.0068933425	-0.2381193552	0.2381193552	0.0000000000	-0.0045121489	0.0000000000	-0.0045121489	0.4969213463	-0.0114896467
471	4.7100000000	0.4969213463	-0.0114896467	0.5030786537	0.4969213463	0.5030786537	0.4969213463	0.0000000000	-0.0057094507	-0.2417037519	0.2417037519	0.0000000000	-0.0032924132	0.0000000000	-0.0032924132	0.4968884222	-0.0090726092
472	4.7200000000	0.4968884222	-0.0090726092	0.5031115778	0.4968884222	0.5031115778	0.4968884222	0.0000000000	-0.0045080744	-0.2443194428	0.2443194428	0.0000000000	-0.0020648800	-0.0000000000	-0.0020648800	0.4968677734	-0.0066294147
473	4.7300000000	0.4968677734	-0.0066294147	0.5031322266	0.4968677734	0.5031322266	0.4968677734	0.0000000000	-0.0032939425	-0.2459600163	0.2459600163	0.0000000000	-0.0008343424	0.0000000000	-0.0008343424	0.4968594299	-0.0041698146
474	4.7400000000	0.4968594299	-0.0041698146	0.5031405701	0.4968594299	0.5031405701	0.4968594299	0.0000000000	-0.0020718117	-0.2466229394	0.2466229394	0.0000000000	0.0003944177	0.0000000000	0.0003944177	0.4968633741	-0.0017035852
475	4.7500000000	0.4968633741	-0.0017035852	0.5031366259	0.4968633741	0.5031366259	0.4968633741	0.0000000000	-0.0008464491	-0.2463095513	0.2463095513	0.0000000000	0.0016166464	0.0000000000	0.0016166464	0.4968795406	0.0007595103
476	4.7600000000	0.4968795406	0.0007595103	0.5031204594	0.4968795406	0.5031204594	0.4968795406	0.0000000000	0.0003773851	-0.2450250404	0.2450250404	0.0000000000	0.0028276356	-0.0000000000	0.0028276356	0.4969078169	0.0032097607
477	4.7700000000	0.4969078169	0.0032097607	0.5030921831	0.4969078169	0.5030921831	0.4969078169	0.0000000000	0.0015949552	-0.2427784078	0.2427784078	0.0000000000	0.0040227393	0.0000000000	0.0040227393	0.4969480443	0.0056375448
478	4.7800000000	0.4969480443	0.0056375448	0.5030519557	0.4969480443	0.5030519557	0.4969480443	0.0000000000	0.0028015669	-0.2395824149	0.2395824149	0.0000000000	0.0051973910	-0.0000000000	0.0051973910	0.4970000182	0.0080333690
479	4.7900000000	0.4970000182	0.0080333690	0.5029999818	0.4970000182	0.5029999818	0.4970000182	0.0000000000	0.0039925845	-0.2354535171	0.2354535171	0.0000000000	0.0063471197	0.0000000000	0.0063471197	0.4970634894	0.0103879041
480	4.8000000000	0.4970634894	0.0103879041	0.5029365106	0.4970634894	0.5029365106	0.4970634894	0.0000000000	0.0051634479	-0.2304117820	0.2304117820	0.0000000000	0.0074675657	-0.0000000000	0.0074675657	0.4971381651	0.0126920220
481	4.8100000000	0.4971381651	0.0126920220	0.5028618349	0.4971381651	0.5028618349	0.4971381651	0.0000000000	0.0063096885	-0.2244807956	0.2244807956	0.0000000000	0.0085544965	-0.0000000000	0.0085544965	0.4972237100	0.0149368299
482	4.8200000000	0.4972237100	0.0149368299	0.5027762900	0.4972237100	0.5027762900	0.4972237100	0.0000000000	0.0074269460	-0.2176875537	0.2176875537	0.0000000000	0.0096038215	0.0000000000	0.0096038215	0.4973197483	0.0171137055
483	4.8300000000	0.4973197483	0.0171137055	0.5026802517	0.4973197483	0.5026802517	0.4973197483	0.0000000000	0.0085109837	-0.2100623405	0.2100623405	0.0000000000	0.0106116071	-0.0000000000	0.0106116071	0.4974258643	0.0192143289
484	4.8400000000	0.4974258643	0.0192143289	0.5025741357	0.4974258643	0.5025741357	0.4974258643	0.0000000000	0.0095577041	-0.2016385959	0.2016385959	0.0000000000	0.0115740901	-0.0000000000	0.0115740901	0.4975416052	0.0212307148
485	4.8500000000	0.4975416052	0.0212307148	0.5024583948	0.4975416052	0.5024583948	0.4975416052	0.0000000000	0.0105631639	-0.1924527695	0.1924527695	0.0000000000	0.0124876916	0.0000000000	0.0124876916	0.4976664821	0.0231552425
486	4.8600000000	0.4976664821	0.0231552425	0.5023335179	0.4976664821	0.5023335179	0.4976664821	0.0000000000	0.0115235881	-0.1825441649	0.1825441649	0.0000000000	0.0133490297	0.0000000000	0.0133490297	0.4977999724	0.0249806842
487	4.8700000000	0.4977999724	0.0249806842	0.5022000276	0.4977999724	0.5022000276	0.4977999724	0.0000000000	0.0124353839	-0.1719547724	0.1719547724	0.0000000000	0.0141549316	-0.0000000000	0.0141549316	0.4979415218	0.0267002319
488	4.8800000000	0.4979415218	0.0267002319	0.5020584782	0.4979415218	0.5020584782	0.4979415218	0.0000000000	0.0132951541	-0.1607290928	0.1607290928	0.0000000000	0.0149024450	0.0000000000	0.0149024450	0.4980905462	0.0283075228
489	4.8900000000	0.4980905462	0.0283075228	0.5019094538	0.4980905462	0.5019094538	0.4980905462	0.0000000000	0.0140997095	-0.1489139514	0.1489139514	0.0000000000	0.0155888490	0.0000000000	0.0155888490	0.4982464347	0.0297966623
490	4.9000000000	0.4982464347	0.0297966623	0.5017535653	0.4982464347	0.5017535653	0.4982464347	0.0000000000	0.0148460808	-0.1365583045	0.1365583045	0.0000000000	0.0162116638	0.0000000000	0.0162116638	0.4984085513	0.0311622454
491	4.9100000000	0.4984085513	0.0311622454	0.5015914487	0.4984085513	0.5015914487	0.4984085513	0.0000000000	0.0155315296	-0.1237130378	0.1237130378	0.0000000000	0.0167686600	0.0000000000	0.0167686600	0.4985762379	0.0323993758
492	4.9200000000	0.4985762379	0.0323993758	0.5014237621	0.4985762379	0.5014237621	0.4985762379	0.0000000000	0.0161535589	-0.1104307585	0.1104307585	0.0000000000	0.0172578665	0.0000000000	0.0172578665	0.4987488166	0.0335036833
493	4.9300000000	0.4987488166	0.0335036833	0.5012511834	0.4987488166	0.5012511834	0.4987488166	0.0000000000	0.0167099224	-0.0967655814	0.0967655814	0.0000000000	0.0176775782	0.0000000000	0.0176775782	0.4989255924	0.0344713392
494	4.9400000000	0.4989255924	0.0344713392	0.5010744076	0.4989255924	0.5010744076	0.4989255924	0.0000000000	0.0171986333	-0.0827729102	0.0827729102	0.0000000000	0.0180263624	0.0000000000	0.0180263624	0.4991058560	0.0352990683
495	4.9500000000	0.4991058560	0.0352990683	0.5008941440	0.4991058560	0.5008941440	0.4991058560	0.0000000000	0.0176179717	-0.0685092149	0.0685092149	0.0000000000	0.0183030638	0.0000000000	0.0183030638	0.4992888867	0.0359841604
496	4.9600000000	0.4992888867	0.0359841604	0.5007111133	0.4992888867	0.5007111133	0.4992888867	0.0000000000	0.0179664914	-0.0540318052	0.0540318052	0.0000000000	0.0185068094	0.0000000000	0.0185068094	0.4994739547	0.0365244785
497	4.9700000000	0.4994739547	0.0365244785	0.5005260453	0.4994739547	0.5005260453	0.4994739547	0.0000000000	0.0182430257	-0.0393986025	0.0393986025	0.0000000000	0.0186370117	-0.0000000000	0.0186370117	0.4996603249	0.0369184645
498	4.9800000000	0.4996603249	0.0369184645	0.5003396751	0.4996603249	0.5003396751	0.4996603249	0.0000000000	0.0184466920	-0.0246679098	0.0246679098	0.0000000000	0.0186933711	0.0000000000	0.0186933711	0.4998472586	0.0371651436
499	4.9900000000	0.4998472586	0.0371651436	0.5001527414	0.4998472586	0.5001527414	0.4998472586	0.0000000000	0.0185768951	-0.0098981818	0.0098981818	0.0000000000	0.0186758769	0.0000000000	0.0186758769	0.5000340173	0.0372641254
500	5.0000000000	0.5000340173	0.0372641254	0.4999659827	0.5000340173	0.4999659827	0.5000340173	0.0000000000	0.0186333303	0.0048522056	-0.0048522056	0.0000000000	0.0185848083	0.0000000000	0.0185848083	0.5002198654	0.0372156033
501	5.0100000000	0.5002198654	0.0372156033	0.4997801346	0.5002198654	0.4997801346	0.5002198654	0.0000000000	0.0186159841	0.0195251837	-0.0195251837	0.0000000000	0.0184207323	0.0000000000	0.0184207323	0.5004040727	0.0370203515
502	5.0200000000	0.5004040727	0.0370203515	0.4995959273	0.5004040727	0.4995959273	0.5004040727	0.0000000000	0.0185251347	0.0340632181	-0.0340632181	0.0000000000	0.0181845025	0.0000000000	0.0181845025	0.5005859178	0.0366797193
503	5.0300000000	0.5005859178	0.0366797193	0.4994140822	0.5005859178	0.4994140822	0.5005859178	0.0000000000	0.0183613510	0.0484095319	-0.0484095319	0.0000000000	0.0178772556	0.0000000000	0.0178772556	0.5007646903	0.0361956240
504	5.0400000000	0.5007646903	0.0361956240	0.4992353097	0.5007646903	0.4992353097	0.5007646903	0.0000000000	0.0181254904	0.0625083257	-0.0625083257	0.0000000000	0.0175004072	0.0000000000	0.0175004072	0.5009396944	0.0355705407
505	5.0500000000	0.5009396944	0.0355705407	0.4990603056	0.5009396944	0.4990603056	0.5009396944	0.0000000000	0.0178186958	0.0763049930	-0.0763049930	0.0000000000	0.0170556459	0.0000000000	0.0170556459	0.5011102509	0.0348074908
506	5.0600000000	0.5011102509	0.0348074908	0.4988897491	0.5011102509	0.4988897491	0.5011102509	0.0000000000	0.0174423905	0.0897463297	-0.0897463297	0.0000000000	0.0165449272	0.0000000000	0.0165449272	0.5012757001	0.0339100275
507	5.0700000000	0.5012757001	0.0339100275	0.4987242999	0.5012757001	0.4987242999	0.5012757001	0.0000000000	0.0169982728	0.1027807377	-0.1027807377	0.0000000000	0.0159704654	0.0000000000	0.0159704654	0.5014354048	0.0328822201
508	5.0800000000	0.5014354048	0.0328822201	0.4985645952	0.5014354048	0.4985645952	0.5014354048	0.0000000000	0.0164883094	0.1153584210	-0.1153584210	0.0000000000	0.0153347252	0.0000000000	0.0153347252	0.5015887520	0.0317286359
509	5.0900000000	0.5015887520	0.0317286359	0.4984112480	0.5015887520	0.4984112480	0.5015887520	0.0000000000	0.0159147269	0.1274315749	-0.1274315749	0.0000000000	0.0146404112	0.0000000000	0.0146404112	0.5017351561	0.0304543202
510	5.1000000000	0.5017351561	0.0304543202	0.4982648439	0.5017351561	0.4982648439	0.5017351561	0.0000000000	0.0152800031	0.1389545659	-0.1389545659	0.0000000000	0.0138904574	0.0000000000	0.0138904574	0.5018740607	0.0290647745
511	5.1100000000	0.5018740607	0.0290647745	0.4981259393	0.5018740607	0.4981259393	0.5018740607	0.0000000000	0.0145868564	0.1498841026	-0.1498841026	0.0000000000	0.0130880154	0.0000000000	0.0130880154	0.5020049409	0.0275659335
512	5.1200000000	0.5020049409	0.0275659335	0.4979950591	0.5020049409	0.4979950591	0.5020049409	0.0000000000	0.0138382348	0.1601793973	-0.1601793973	0.0000000000	0.0122364408	0.0000000000	0.0122364408	0.5021273053	0.0259641395
513	5.1300000000	0.5021273053	0.0259641395	0.4978726947	0.5021273053	0.4978726947	0.5021273053	0.0000000000	0.0130373034	0.1698023170	-0.1698023170	0.0000000000	0.0113392802	0.0000000000	0.0113392802	0.5022406981	0.0242661164
514	5.1400000000	0.5022406981	0.0242661164	0.4977593019	0.5022406981	0.4977593019	0.5022406981	0.0000000000	0.0121874312	0.1787175231	-0.1787175231	0.0000000000	0.0104002560	0.0000000000	0.0104002560	0.5023447006	0.0224789411
515	5.1500000000	0.5023447006	0.0224789411	0.4976552994	0.5023447006	0.4976552994	0.5023447006	0.0000000000	0.0112921769	0.1868926003	-0.1868926003	0.0000000000	0.0094232509	0.0000000000	0.0094232509	0.5024389332	0.0206100151
516	5.1600000000	0.5024389332	0.0206100151	0.4975610668	0.5024389332	0.4975610668	0.5024389332	0.0000000000	0.0103552740	0.1942981733	-0.1942981733	0.0000000000	0.0084122923	0.0000000000	0.0084122923	0.5025230561	0.0186670334
517	5.1700000000	0.5025230561	0.0186670334	0.4974769439	0.5025230561	0.4974769439	0.5025230561	0.0000000000	0.0093806147	0.2009080111	-0.2009080111	0.0000000000	0.0073715346	0.0000000000	0.0073715346	0.5025967714	0.0166579533
518	5.1800000000	0.5025967714	0.0166579533	0.4974032286	0.5025967714	0.4974032286	0.5025967714	0.0000000000	0.0083722335	0.2066991190	-0.2066991190	0.0000000000	0.0063052423	0.0000000000	0.0063052423	0.5026598238	0.0145909621
519	5.1900000000	0.5026598238	0.0145909621	0.4973401762	0.5026598238	0.4973401762	0.5026598238	0.0000000000	0.0073342904	0.2116518167	-0.2116518167	0.0000000000	0.0052177723	0.0000000000	0.0052177723	0.5027120016	0.0124744439
520	5.2000000000	0.5027120016	0.0124744439	0.4972879984	0.5027120016	0.4972879984	0.5027120016	0.0000000000	0.0062710527	0.2157498047	-0.2157498047	0.0000000000	0.0041135546	0.0000000000	0.0041135546	0.5027531371	0.0103169459
521	5.2100000000	0.5027531371	0.0103169459	0.4972468629	0.5027531371	0.4972468629	0.5027531371	0.0000000000	0.0051868769	0.2189802155	-0.2189802155	0.0000000000	0.0029970747	0.0000000000	0.0029970747	0.5027831079	0.0081271437
522	5.2200000000	0.5027831079	0.0081271437	0.4972168921	0.5027831079	0.4972168921	0.5027831079	0.0000000000	0.0040861906	0.2213336522	-0.2213336522	0.0000000000	0.0018728541	0.0000000000	0.0018728541	0.5028018364	0.0059138072
523	5.2300000000	0.5028018364	0.0059138072	0.4971981636	0.5028018364	0.4971981636	0.5028018364	0.0000000000	0.0029734731	0.2228042130	-0.2228042130	0.0000000000	0.0007454310	0.0000000000	0.0007454310	0.5028092907	0.0036857651
524	5.2400000000	0.5028092907	0.0036857651	0.4971907093	0.5028092907	0.4971907093	0.5028092907	0.0000000000	0.0018532369	0.2233895020	-0.2233895020	0.0000000000	-0.0003806581	0.0000000000	-0.0003806581	0.5028054841	0.0014518700
525	5.2500000000	0.5028054841	0.0014518700	0.4971945159	0.5028054841	0.4971945159	0.5028054841	0.0000000000	0.0007300082	0.2230906257	-0.2230906257	0.0000000000	-0.0015008980	0.0000000000	-0.0015008980	0.5027904752	-0.0007790362
526	5.2600000000	0.5027904752	-0.0007790362	0.4972095248	0.5027904752	0.4972095248	0.5027904752	0.0000000000	-0.0003916920	0.2219121763	-0.2219121763	0.0000000000	-0.0026108137	0.0000000000	-0.0026108137	0.5027643670	-0.0029981580
527	5.2700000000	0.5027643670	-0.0029981580	0.4972356330	0.5027643670	0.4972356330	0.5027643670	0.0000000000	-0.0015073670	0.2198622012	-0.2198622012	0.0000000000	-0.0037059890	0.0000000000	-0.0037059890	0.5027273071	-0.0051967800
528	5.2800000000	0.5027273071	-0.0051967800	0.4972726929	0.5027273071	0.4972726929	0.5027273071	0.0000000000	-0.0026125632	0.2169521584	-0.2169521584	0.0000000000	-0.0047820848	0.0000000000	-0.0047820848	0.5026794863	-0.0073663016
529	5.2900000000	0.5026794863	-0.0073663016	0.4973205137	0.5026794863	0.4973205137	0.5026794863	0.0000000000	-0.0037028887	0.2131968593	-0.2131968593	0.0000000000	-0.0058348573	0.0000000000	-0.0058348573	0.5026211377	-0.0094982702
530	5.3000000000	0.5026211377	-0.0094982702	0.4973788623	0.5026211377	0.4973788623	0.5026211377	0.0000000000	-0.0047740314	0.2086143980	-0.2086143980	0.0000000000	-0.0068601753	0.0000000000	-0.0068601753	0.5025525360	-0.0115844141
531	5.3100000000	0.5025525360	-0.0115844141	0.4974474640	0.5025525360	0.4974474640	0.5025525360	0.0000000000	-0.0058217767	0.2032260677	-0.2032260677	0.0000000000	-0.0078540374	0.0000000000	-0.0078540374	0.5024739956	-0.0136166748
532	5.3200000000	0.5024739956	-0.0136166748	0.4975260044	0.5024739956	0.4975260044	0.5024739956	0.0000000000	-0.0068420250	0.1970562657	-0.1970562657	0.0000000000	-0.0088125877	0.0000000000	-0.0088125877	0.5023858697	-0.0155872375
533	5.3300000000	0.5023858697	-0.0155872375	0.4976141303	0.5023858697	0.4976141303	0.5023858697	0.0000000000	-0.0078308079	0.1901323846	-0.1901323846	0.0000000000	-0.0097321317	0.0000000000	-0.0097321317	0.5022885484	-0.0174885613
534	5.3400000000	0.5022885484	-0.0174885613	0.4977114516	0.5022885484	0.4977114516	0.5022885484	0.0000000000	-0.0087843041	0.1824846942	-0.1824846942	0.0000000000	-0.0106091510	0.0000000000	-0.0106091510	0.5021824569	-0.0193134083
535	5.3500000000	0.5021824569	-0.0193134083	0.4978175431	0.5021824569	0.4978175431	0.5021824569	0.0000000000	-0.0096988548	0.1741462104	-0.1741462104	0.0000000000	-0.0114403169	0.0000000000	-0.0114403169	0.5020680537	-0.0210548704
536	5.3600000000	0.5020680537	-0.0210548704	0.4979319463	0.5020680537	0.4979319463	0.5020680537	0.0000000000	-0.0105709778	0.1651525548	-0.1651525548	0.0000000000	-0.0122225033	0.0000000000	-0.0122225033	0.5019458287	-0.0227063959
537	5.3700000000	0.5019458287	-0.0227063959	0.4980541713	0.5019458287	0.4980541713	0.5019458287	0.0000000000	-0.0113973807	0.1555418040	-0.1555418040	0.0000000000	-0.0129527988	0.0000000000	-0.0129527988	0.5018163007	-0.0242618140
538	5.3800000000	0.5018163007	-0.0242618140	0.4981836993	0.5018163007	0.4981836993	0.5018163007	0.0000000000	-0.0121749737	0.1453543302	-0.1453543302	0.0000000000	-0.0136285170	0.0000000000	-0.0136285170	0.5016800155	-0.0257153573
539	5.3900000000	0.5016800155	-0.0257153573	0.4983199845	0.5016800155	0.4983199845	0.5016800155	0.0000000000	-0.0129008808	0.1346326321	-0.1346326321	0.0000000000	-0.0142472072	0.0000000000	-0.0142472072	0.5015375434	-0.0270616836
540	5.4000000000	0.5015375434	-0.0270616836	0.4984624566	0.5015375434	0.4984624566	0.5015375434	0.0000000000	-0.0135724503	0.1234211592	-0.1234211592	0.0000000000	-0.0148066619	0.0000000000	-0.0148066619	0.5013894768	-0.0282958952
541	5.4100000000	0.5013894768	-0.0282958952	0.4986105232	0.5013894768	0.4986105232	0.5013894768	0.0000000000	-0.0141872641	0.1117661278	-0.1117661278	0.0000000000	-0.0153049254	0.0000000000	-0.0153049254	0.5012364276	-0.0294135565
542	5.4200000000	0.5012364276	-0.0294135565	0.4987635724	0.5012364276	0.4987635724	0.5012364276	0.0000000000	-0.0147431460	0.0997153317	-0.0997153317	0.0000000000	-0.0157402993	0.0000000000	-0.0157402993	0.5010790246	-0.0304107098
543	5.4300000000	0.5010790246	-0.0304107098	0.4989209754	0.5010790246	0.4989209754	0.5010790246	0.0000000000	-0.0152381688	0.0873179465	-0.0873179465	0.0000000000	-0.0161113483	0.0000000000	-0.0161113483	0.5009179111	-0.0312838892
544	5.4400000000	0.5009179111	-0.0312838892	0.4990820889	0.5009179111	0.4990820889	0.5009179111	0.0000000000	-0.0156706604	0.0746243292	-0.0746243292	0.0000000000	-0.0164169037	0.0000000000	-0.0164169037	0.5007537421	-0.0320301325
545	5.4500000000	0.5007537421	-0.0320301325	0.4992462579	0.5007537421	0.4992462579	0.5007537421	0.0000000000	-0.0160392087	0.0616858144	-0.0616858144	0.0000000000	-0.0166560669	0.0000000000	-0.0166560669	0.5005871814	-0.0326469907
546	5.4600000000	0.5005871814	-0.0326469907	0.4994128186	0.5005871814	0.4994128186	0.5005871814	0.0000000000	-0.0163426650	0.0485545064	-0.0485545064	0.0000000000	-0.0168282101	0.0000000000	-0.0168282101	0.5004188993	-0.0331325357
547	5.4700000000	0.5004188993	-0.0331325357	0.4995811007	0.5004188993	0.4995811007	0.5004188993	0.0000000000	-0.0165801471	0.0352830697	-0.0352830697	0.0000000000	-0.0169329778	0.0000000000	-0.0169329778	0.5002495695	-0.0334853664
548	5.4800000000	0.5002495695	-0.0334853664	0.4997504305	0.5002495695	0.4997504305	0.5002495695	0.0000000000	-0.0167510401	0.0219245182	-0.0219245182	0.0000000000	-0.0169702853	0.0000000000	-0.0169702853	0.5000798667	-0.0337046116
549	5.4900000000	0.5000798667	-0.0337046116	0.4999201333	0.5000798667	0.4999201333	0.5000798667	0.0000000000	-0.0168549977	0.0085320027	-0.0085320027	0.0000000000	-0.0169403177	0.0000000000	-0.0169403177	0.4999104635	-0.0337899316
550	5.5000000000	0.4999104635	-0.0337899316	0.5000895365	0.4999104635	0.5000895365	0.4999104635	0.0000000000	-0.0168919404	-0.0048413999	0.0048413999	0.0000000000	-0.0168435264	-0.0000000000	-0.0168435264	0.4997420282	-0.0337415176
551	5.5100000000	0.4997420282	-0.0337415176	0.5002579718	0.4997420282	0.5002579718	0.4997420282	0.0000000000	-0.0168620545	-0.0181428972	0.0181428972	0.0000000000	-0.0166806255	0.0000000000	-0.0166806255	0.4995752220	-0.0335600887
552	5.5200000000	0.4995752220	-0.0335600887	0.5004247780	0.4995752220	0.5004247780	0.4995752220	0.0000000000	-0.0167657887	-0.0313201899	0.0313201899	0.0000000000	-0.0164525868	0.0000000000	-0.0164525868	0.4994106961	-0.0332468868
553	5.5300000000	0.4994106961	-0.0332468868	0.5005893039	0.4994106961	0.5005893039	0.4994106961	0.0000000000	-0.0166038509	-0.0443216773	0.0443216773	0.0000000000	-0.0161606341	0.0000000000	-0.0161606341	0.4992490898	-0.0328036700
554	5.5400000000	0.4992490898	-0.0328036700	0.5007509102	0.4992490898	0.5007509102	0.4992490898	0.0000000000	-0.0163772024	-0.0570966592	0.0570966592	0.0000000000	-0.0158062358	0.0000000000	-0.0158062358	0.4990910274	-0.0322327034
555	5.5500000000	0.4990910274	-0.0322327034	0.5009089726	0.4990910274	0.5009089726	0.4990910274	0.0000000000	-0.0160870531	-0.0695955338	0.0695955338	0.0000000000	-0.0153910977	0.0000000000	-0.0153910977	0.4989371164	-0.0315367481
556	5.5600000000	0.4989371164	-0.0315367481	0.5010628836	0.4989371164	0.5010628836	0.4989371164	0.0000000000	-0.0157348541	-0.0817699900	0.0817699900	0.0000000000	-0.0149171542	0.0000000000	-0.0149171542	0.4987879449	-0.0307190482
557	5.5700000000	0.4987879449	-0.0307190482	0.5012120551	0.4987879449	0.5012120551	0.4987879449	0.0000000000	-0.0153222909	-0.0935731937	0.0935731937	0.0000000000	-0.0143865590	0.0000000000	-0.0143865590	0.4986440793	-0.0297833162
558	5.5800000000	0.4986440793	-0.0297833162	0.5013559207	0.4986440793	0.5013559207	0.4986440793	0.0000000000	-0.0148512743	-0.1049599682	0.1049599682	0.0000000000	-0.0138016746	0.0000000000	-0.0138016746	0.4985060625	-0.0287337165
559	5.5900000000	0.4985060625	-0.0287337165	0.5014939375	0.4985060625	0.5014939375	0.4985060625	0.0000000000	-0.0143239319	-0.1158869660	0.1158869660	0.0000000000	-0.0131650622	0.0000000000	-0.0131650622	0.4983744119	-0.0275748469
560	5.6000000000	0.4983744119	-0.0275748469	0.5016255881	0.4983744119	0.5016255881	0.4983744119	0.0000000000	-0.0137425981	-0.1263128336	0.1263128336	0.0000000000	-0.0124794698	0.0000000000	-0.0124794698	0.4982496172	-0.0263117186
561	5.6100000000	0.4982496172	-0.0263117186	0.5017503828	0.4982496172	0.5017503828	0.4982496172	0.0000000000	-0.0131098037	-0.1361983676	0.1361983676	0.0000000000	-0.0117478200	0.0000000000	-0.0117478200	0.4981321390	-0.0249497349
562	5.6200000000	0.4981321390	-0.0249497349	0.5018678610	0.4981321390	0.5018678610	0.4981321390	0.0000000000	-0.0124282648	-0.1455066607	0.1455066607	0.0000000000	-0.0109731982	0.0000000000	-0.0109731982	0.4980224070	-0.0234946683
563	5.6300000000	0.4980224070	-0.0234946683	0.5019775930	0.4980224070	0.5019775930	0.4980224070	0.0000000000	-0.0117008712	-0.1542032387	0.1542032387	0.0000000000	-0.0101588389	0.0000000000	-0.0101588389	0.4979208186	-0.0219526359
564	5.6400000000	0.4979208186	-0.0219526359	0.5020791814	0.4979208186	0.5020791814	0.4979208186	0.0000000000	-0.0109306744	-0.1622561873	0.1622561873	0.0000000000	-0.0093081126	0.0000000000	-0.0093081126	0.4978277375	-0.0203300740
565	5.6500000000	0.4978277375	-0.0203300740	0.5021722625	0.4978277375	0.5021722625	0.4978277375	0.0000000000	-0.0101208747	-0.1696362674	0.1696362674	0.0000000000	-0.0084245121	0.0000000000	-0.0084245121	0.4977434924	-0.0186337113
566	5.6600000000	0.4977434924	-0.0186337113	0.5022565076	0.4977434924	0.5022565076	0.4977434924	0.0000000000	-0.0092748086	-0.1763170202	0.1763170202	0.0000000000	-0.0075116384	0.0000000000	-0.0075116384	0.4976683760	-0.0168705411
567	5.6700000000	0.4976683760	-0.0168705411	0.5023316240	0.4976683760	0.5023316240	0.4976683760	0.0000000000	-0.0083959348	-0.1822748599	0.1822748599	0.0000000000	-0.0065731862	0.0000000000	-0.0065731862	0.4976026442	-0.0150477925
568	5.6800000000	0.4976026442	-0.0150477925	0.5023973558	0.4976026442	0.5023973558	0.4976026442	0.0000000000	-0.0074878214	-0.1874891553	0.1874891553	0.0000000000	-0.0056129298	0.0000000000	-0.0056129298	0.4975465149	-0.0131729010
569	5.6900000000	0.4975465149	-0.0131729010	0.5024534851	0.4975465149	0.5024534851	0.4975465149	0.0000000000	-0.0065541310	-0.1919422986	0.1919422986	0.0000000000	-0.0046347080	0.0000000000	-0.0046347080	0.4975001678	-0.0112534780
570	5.7000000000	0.4975001678	-0.0112534780	0.5024998322	0.4975001678	0.5024998322	0.4975001678	0.0000000000	-0.0055986072	-0.1956197625	0.1956197625	0.0000000000	-0.0036424096	-0.0000000000	-0.0036424096	0.4974637437	-0.0092972804
571	5.7100000000	0.4974637437	-0.0092972804	0.5025362563	0.4974637437	0.5025362563	0.4974637437	0.0000000000	-0.0046250599	-0.1985101448	0.1985101448	0.0000000000	-0.0026399585	-0.0000000000	-0.0026399585	0.4974373441	-0.0073121789
572	5.7200000000	0.4974373441	-0.0073121789	0.5025626559	0.4974373441	0.5025626559	0.4974373441	0.0000000000	-0.0036373509	-0.2006051996	0.2006051996	0.0000000000	-0.0016312989	0.0000000000	-0.0016312989	0.4974210311	-0.0053061269
573	5.7300000000	0.4974210311	-0.0053061269	0.5025789689	0.4974210311	0.5025789689	0.4974210311	0.0000000000	-0.0026393791	-0.2018998571	0.2018998571	0.0000000000	-0.0006203806	0.0000000000	-0.0006203806	0.4974148273	-0.0032871284
574	5.7400000000	0.4974148273	-0.0032871284	0.5025851727	0.4974148273	0.5025851727	0.4974148273	0.0000000000	-0.0016350664	-0.2023922296	0.2023922296	0.0000000000	0.0003888559	-0.0000000000	0.0003888559	0.4974187159	-0.0012632061
575	5.7500000000	0.4974187159	-0.0012632061	0.5025812841	0.4974187159	0.5025812841	0.4974187159	0.0000000000	-0.0006283423	-0.2020836056	0.2020836056	0.0000000000	0.0013924937	0.0000000000	0.0013924937	0.4974326408	0.0007576300
576	5.7600000000	0.4974326408	0.0007576300	0.5025673592	0.4974326408	0.5025673592	0.4974326408	0.0000000000	0.0003768699	-0.2009784311	0.2009784311	0.0000000000	0.0023866542	0.0000000000	0.0023866542	0.4974565073	0.0027674143
577	5.7700000000	0.4974565073	0.0027674143	0.5025434927	0.4974565073	0.5025434927	0.4974565073	0.0000000000	0.0013766683	-0.1990842785	0.1990842785	0.0000000000	0.0033675110	0.0000000000	0.0033675110	0.4974901825	0.0047582571
578	5.7800000000	0.4974901825	0.0047582571	0.5025098175	0.4974901825	0.5025098175	0.4974901825	0.0000000000	0.0023671862	-0.1964118035	0.1964118035	0.0000000000	0.0043313042	0.0000000000	0.0043313042	0.4975334955	0.0067223751
579	5.7900000000	0.4975334955	0.0067223751	0.5024665045	0.4975334955	0.5024665045	0.4975334955	0.0000000000	0.0033446068	-0.1929746897	0.1929746897	0.0000000000	0.0052743537	0.0000000000	0.0052743537	0.4975862390	0.0086521220
580	5.8000000000	0.4975862390	0.0086521220	0.5024137610	0.4975862390	0.5024137610	0.4975862390	0.0000000000	0.0043051769	-0.1887895818	0.1887895818	0.0000000000	0.0061930727	0.0000000000	0.0061930727	0.4976481698	0.0105400178
581	5.8100000000	0.4976481698	0.0105400178	0.5023518302	0.4976481698	0.5023518302	0.4976481698	0.0000000000	0.0052452206	-0.1838760072	0.1838760072	0.0000000000	0.0070839807	0.0000000000	0.0070839807	0.4977190096	0.0123787779
582	5.8200000000	0.4977190096	0.0123787779	0.5022809904	0.4977190096	0.5022809904	0.4977190096	0.0000000000	0.0061611531	-0.1782562870	0.1782562870	0.0000000000	0.0079437160	0.0000000000	0.0079437160	0.4977984467	0.0141613408
583	5.8300000000	0.4977984467	0.0141613408	0.5022015533	0.4977984467	0.5022015533	0.4977984467	0.0000000000	0.0070494934	-0.1719554359	0.1719554359	0.0000000000	0.0087690478	0.0000000000	0.0087690478	0.4978861372	0.0158808951
584	5.8400000000	0.4978861372	0.0158808951	0.5021138628	0.4978861372	0.5021138628	0.4978861372	0.0000000000	0.0079068775	-0.1650010524	0.1650010524	0.0000000000	0.0095568881	0.0000000000	0.0095568881	0.4979817061	0.0175309057
585	5.8500000000	0.4979817061	0.0175309057	0.5020182939	0.4979817061	0.5020182939	0.4979817061	0.0000000000	0.0087300703	-0.1574231990	0.1574231990	0.0000000000	0.0103043023	0.0000000000	0.0103043023	0.4980847491	0.0191051377
586	5.8600000000	0.4980847491	0.0191051377	0.5019152509	0.4980847491	0.5019152509	0.4980847491	0.0000000000	0.0095159777	-0.1492542734	0.1492542734	0.0000000000	0.0110085204	-0.0000000000	0.0110085204	0.4981948343	0.0205976804
587	5.8700000000	0.4981948343	0.0205976804	0.5018051657	0.4981948343	0.5018051657	0.4981948343	0.0000000000	0.0102616580	-0.1405288714	0.1405288714	0.0000000000	0.0116669467	0.0000000000	0.0116669467	0.4983115038	0.0220029691
588	5.8800000000	0.4983115038	0.0220029691	0.5016884962	0.4983115038	0.5016884962	0.4983115038	0.0000000000	0.0109643326	-0.1312836412	0.1312836412	0.0000000000	0.0122771690	0.0000000000	0.0122771690	0.4984342755	0.0233158055
589	5.8900000000	0.4984342755	0.0233158055	0.5015657245	0.4984342755	0.5015657245	0.4984342755	0.0000000000	0.0116213966	-0.1215571307	0.1215571307	0.0000000000	0.0128369679	0.0000000000	0.0128369679	0.4985626451	0.0245313768
590	5.9000000000	0.4985626451	0.0245313768	0.5014373549	0.4985626451	0.5014373549	0.4985626451	0.0000000000	0.0122304281	-0.1113896281	0.1113896281	0.0000000000	0.0133443244	0.0000000000	0.0133443244	0.4986960884	0.0256452731
591	5.9100000000	0.4986960884	0.0256452731	0.5013039116	0.4986960884	0.5013039116	0.4986960884	0.0000000000	0.0127891974	-0.1008229958	0.1008229958	0.0000000000	0.0137974273	0.0000000000	0.0137974273	0.4988340627	0.0266535031
592	5.9200000000	0.4988340627	0.0266535031	0.5011659373	0.4988340627	0.5011659373	0.4988340627	0.0000000000	0.0132956752	-0.0899004999	0.0899004999	0.0000000000	0.0141946802	-0.0000000000	0.0141946802	0.4989760095	0.0275525081
593	5.9300000000	0.4989760095	0.0275525081	0.5010239905	0.4989760095	0.5010239905	0.4989760095	0.0000000000	0.0137480405	-0.0786666337	0.0786666337	0.0000000000	0.0145347069	0.0000000000	0.0145347069	0.4991213565	0.0283391744
594	5.9400000000	0.4991213565	0.0283391744	0.5008786435	0.4991213565	0.5008786435	0.4991213565	0.0000000000	0.0141446872	-0.0671669380	0.0671669380	0.0000000000	0.0148163565	0.0000000000	0.0148163565	0.4992695201	0.0290108438
595	5.9500000000	0.4992695201	0.0290108438	0.5007304799	0.4992695201	0.5007304799	0.4992695201	0.0000000000	0.0144842301	-0.0554478179	0.0554478179	0.0000000000	0.0150387082	0.0000000000	0.0150387082	0.4994199072	0.0295653220
596	5.9600000000	0.4994199072	0.0295653220	0.5005800928	0.4994199072	0.5005800928	0.4994199072	0.0000000000	0.0147655103	-0.0435563569	0.0435563569	0.0000000000	0.0152010739	-0.0000000000	0.0152010739	0.4995719179	0.0300008855
597	5.9700000000	0.4995719179	0.0300008855	0.5004280821	0.4995719179	0.5004280821	0.4995719179	0.0000000000	0.0149875999	-0.0315401290	0.0315401290	0.0000000000	0.0153030012	0.0000000000	0.0153030012	0.4997249479	0.0303162868
598	5.9800000000	0.4997249479	0.0303162868	0.5002750521	0.4997249479	0.5002750521	0.4997249479	0.0000000000	0.0151498049	-0.0194470098	0.0194470098	0.0000000000	0.0153442749	0.0000000000	0.0153442749	0.4998783907	0.0305107569
599	5.9900000000	0.4998783907	0.0305107569	0.5001216093	0.4998783907	0.5001216093	0.4998783907	0.0000000000	0.0152516681	-0.0073249876	0.0073249876	0.0000000000	0.0153249179	-0.0000000000	0.0153249179	0.5000316399	0.0305840068
600	6.0000000000	0.5000316399	0.0305840068	0.4999683601	0.5000316399	0.4999683601	0.5000316399	0.0000000000	0.0152929711	0.0047780263	-0.0047780263	0.0000000000	0.0152451908	0.0000000000	0.0152451908	0.5001840918	0.0305362265
601	6.0100000000	0.5001840918	0.0305362265	0.4998159082	0.5001840918	0.4998159082	0.5001840918	0.0000000000	0.0152737347	0.0168143849	-0.0168143849	0.0000000000	0.0151055909	0.0000000000	0.0151055909	0.5003351477	0.0303680827
602	6.0200000000	0.5003351477	0.0303680827	0.4996648523	0.5003351477	0.4996648523	0.5003351477	0.0000000000	0.0151942191	0.0287368917	-0.0287368917	0.0000000000	0.0149068502	0.0000000000	0.0149068502	0.5004842162	0.0300807138
603	6.0300000000	0.5004842162	0.0300807138	0.4995157838	0.5004842162	0.4995157838	0.5004842162	0.0000000000	0.0150549224	0.0404989848	-0.0404989848	0.0000000000	0.0146499326	0.0000000000	0.0146499326	0.5006307155	0.0296757239
604	6.0400000000	0.5006307155	0.0296757239	0.4993692845	0.5006307155	0.4993692845	0.5006307155	0.0000000000	0.0148565789	0.0520549168	-0.0520549168	0.0000000000	0.0143360297	0.0000000000	0.0143360297	0.5007740758	0.0291551747
605	6.0500000000	0.5007740758	0.0291551747	0.4992259242	0.5007740758	0.4992259242	0.5007740758	0.0000000000	0.0146001557	0.0633599316	-0.0633599316	0.0000000000	0.0139665564	0.0000000000	0.0139665564	0.5009137414	0.0285215754
606	6.0600000000	0.5009137414	0.0285215754	0.4990862586	0.5009137414	0.4990862586	0.5009137414	0.0000000000	0.0142868491	0.0743704366	-0.0743704366	0.0000000000	0.0135431447	0.0000000000	0.0135431447	0.5010491728	0.0277778711
607	6.0700000000	0.5010491728	0.0277778711	0.4989508272	0.5010491728	0.4989508272	0.5010491728	0.0000000000	0.0139180793	0.0850441690	-0.0850441690	0.0000000000	0.0130676376	0.0000000000	0.0130676376	0.5011798492	0.0269274294
608	6.0800000000	0.5011798492	0.0269274294	0.4988201508	0.5011798492	0.4988201508	0.5011798492	0.0000000000	0.0134954850	0.0953403571	-0.0953403571	0.0000000000	0.0125420814	0.0000000000	0.0125420814	0.5013052700	0.0259740258
609	6.0900000000	0.5013052700	0.0259740258	0.4986947300	0.5013052700	0.4986947300	0.5013052700	0.0000000000	0.0130209160	0.1052198750	-0.1052198750	0.0000000000	0.0119687173	0.0000000000	0.0119687173	0.5014249572	0.0249218271
610	6.1000000000	0.5014249572	0.0249218271	0.4985750428	0.5014249572	0.4985750428	0.5014249572	0.0000000000	0.0124964261	0.1146453897	-0.1146453897	0.0000000000	0.0113499722	0.0000000000	0.0113499722	0.5015384569	0.0237753732
611	6.1100000000	0.5015384569	0.0237753732	0.4984615431	0.5015384569	0.4984615431	0.5015384569	0.0000000000	0.0119242640	0.1235815014	-0.1235815014	0.0000000000	0.0106884490	0.0000000000	0.0106884490	0.5016453414	0.0225395581
612	6.1200000000	0.5016453414	0.0225395581	0.4983546586	0.5016453414	0.4983546586	0.5016453414	0.0000000000	0.0113068643	0.1319948752	-0.1319948752	0.0000000000	0.0099869156	0.0000000000	0.0099869156	0.5017452105	0.0212196094
613	6.1300000000	0.5017452105	0.0212196094	0.4982547895	0.5017452105	0.4982547895	0.5017452105	0.0000000000	0.0106468374	0.1398543646	-0.1398543646	0.0000000000	0.0092482937	0.0000000000	0.0092482937	0.5018376935	0.0198210657
614	6.1400000000	0.5018376935	0.0198210657	0.4981623065	0.5018376935	0.4981623065	0.5018376935	0.0000000000	0.0099469579	0.1471311256	-0.1471311256	0.0000000000	0.0084756467	0.0000000000	0.0084756467	0.5019224499	0.0183497545
615	6.1500000000	0.5019224499	0.0183497545	0.4980775501	0.5019224499	0.4980775501	0.5019224499	0.0000000000	0.0092101537	0.1537987220	-0.1537987220	0.0000000000	0.0076721665	0.0000000000	0.0076721665	0.5019991716	0.0168117673
616	6.1600000000	0.5019991716	0.0168117673	0.4980008284	0.5019991716	0.4980008284	0.5019991716	0.0000000000	0.0084394932	0.1598332198	-0.1598332198	0.0000000000	0.0068411610	0.0000000000	0.0068411610	0.5020675832	0.0152134351
617	6.1700000000	0.5020675832	0.0152134351	0.4979324168	0.5020675832	0.4979324168	0.5020675832	0.0000000000	0.0076381726	0.1652132728	-0.1652132728	0.0000000000	0.0059860399	0.0000000000	0.0059860399	0.5021274436	0.0135613023
618	6.1800000000	0.5021274436	0.0135613023	0.4978725564	0.5021274436	0.4978725564	0.5021274436	0.0000000000	0.0068095021	0.1699201965	-0.1699201965	0.0000000000	0.0051103001	0.0000000000	0.0051103001	0.5021785466	0.0118621004
619	6.1900000000	0.5021785466	0.0118621004	0.4978214534	0.5021785466	0.4978214534	0.5021785466	0.0000000000	0.0059568923	0.1739380323	-0.1739380323	0.0000000000	0.0042175120	0.0000000000	0.0042175120	0.5022207217	0.0101227201
620	6.2000000000	0.5022207217	0.0101227201	0.4977792783	0.5022207217	0.4977792783	0.5022207217	0.0000000000	0.0050838398	0.1772536001	-0.1772536001	0.0000000000	0.0033113038	0.0000000000	0.0033113038	0.5022538348	0.0083501841
621	6.2100000000	0.5022538348	0.0083501841	0.4977461652	0.5022538348	0.4977461652	0.5022538348	0.0000000000	0.0041939120	0.1798565399	-0.1798565399	0.0000000000	0.0023953466	0.0000000000	0.0023953466	0.5022777882	0.0065516187
622	6.2200000000	0.5022777882	0.0065516187	0.4977222118	0.5022777882	0.4977222118	0.5022777882	0.0000000000	0.0032907325	0.1817393427	-0.1817393427	0.0000000000	0.0014733391	0.0000000000	0.0014733391	0.5022925216	0.0047342252
623	6.2300000000	0.5022925216	0.0047342252	0.4977074784	0.5022925216	0.4977074784	0.5022925216	0.0000000000	0.0023779659	0.1828973692	-0.1828973692	0.0000000000	0.0005489922	0.0000000000	0.0005489922	0.5022980116	0.0029052515
624	6.2400000000	0.5022980116	0.0029052515	0.4977019884	0.5022980116	0.4977019884	0.5022980116	0.0000000000	0.0014593021	0.1833288577	-0.1833288577	0.0000000000	-0.0003739865	0.0000000000	-0.0003739865	0.5022942717	0.0010719630
625	6.2500000000	0.5022942717	0.0010719630	0.4977057283	0.5022942717	0.4977057283	0.5022942717	0.0000000000	0.0005384409	0.1830349207	-0.1830349207	0.0000000000	-0.0012919084	0.0000000000	-0.0012919084	0.5022813526	-0.0007583862
626	6.2600000000	0.5022813526	-0.0007583862	0.4977186474	0.5022813526	0.4977186474	0.5022813526	0.0000000000	-0.0003809233	0.1820195299	-0.1820195299	0.0000000000	-0.0022011186	0.0000000000	-0.0022011186	0.5022593414	-0.0025785815
627	6.2700000000	0.5022593414	-0.0025785815	0.4977406586	0.5022593414	0.4977406586	0.5022593414	0.0000000000	-0.0012951167	0.1802894900	-0.1802894900	0.0000000000	-0.0030980116	0.0000000000	-0.0030980116	0.5022283613	-0.0043814764
628	6.2800000000	0.5022283613	-0.0043814764	0.4977716387	0.5022283613	0.4977716387	0.5022283613	0.0000000000	-0.0022005017	0.1778544015	-0.1778544015	0.0000000000	-0.0039790458	0.0000000000	-0.0039790458	0.5021885709	-0.0061600205
629	6.2900000000	0.5021885709	-0.0061600205	0.4978114291	0.5021885709	0.4978114291	0.5021885709	0.0000000000	-0.0030934919	0.1747266126	-0.1747266126	0.0000000000	-0.0048407580	0.0000000000	-0.0048407580	0.5021401633	-0.0079072866
630	6.3000000000	0.5021401633	-0.0079072866	0.4978598367	0.5021401633	0.4978598367	0.5021401633	0.0000000000	-0.0039705662	0.1709211603	-0.1709211603	0.0000000000	-0.0056797778	0.0000000000	-0.0056797778	0.5020833655	-0.0096164982
631	6.3100000000	0.5020833655	-0.0096164982	0.4979166345	0.5020833655	0.4979166345	0.5020833655	0.0000000000	-0.0048282838	0.1664557011	-0.1664557011	0.0000000000	-0.0064928408	0.0000000000	-0.0064928408	0.5020184371	-0.0112810552
632	6.3200000000	0.5020184371	-0.0112810552	0.4979815629	0.5020184371	0.4979815629	0.5020184371	0.0000000000	-0.0056632977	0.1613504318	-0.1613504318	0.0000000000	-0.0072768020	0.0000000000	-0.0072768020	0.5019456691	-0.0128945595
633	6.3300000000	0.5019456691	-0.0128945595	0.4980543309	0.5019456691	0.4980543309	0.5019456691	0.0000000000	-0.0064723683	0.1556280000	-0.1556280000	0.0000000000	-0.0080286483	0.0000000000	-0.0080286483	0.5018653826	-0.0144508395
634	6.3400000000	0.5018653826	-0.0144508395	0.4981346174	0.5018653826	0.4981346174	0.5018653826	0.0000000000	-0.0072523761	0.1493134056	-0.1493134056	0.0000000000	-0.0087455102	0.0000000000	-0.0087455102	0.5017779275	-0.0159439736
635	6.3500000000	0.5017779275	-0.0159439736	0.4982220725	0.5017779275	0.4982220725	0.5017779275	0.0000000000	-0.0080003340	0.1424338934	-0.1424338934	0.0000000000	-0.0094246730	0.0000000000	-0.0094246730	0.5016836808	-0.0173683125
636	6.3600000000	0.5016836808	-0.0173683125	0.4983163192	0.5016836808	0.4983163192	0.5016836808	0.0000000000	-0.0087133989	0.1350188368	-0.1350188368	0.0000000000	-0.0100635873	0.0000000000	-0.0100635873	0.5015830449	-0.0187185009
637	6.3700000000	0.5015830449	-0.0187185009	0.4984169551	0.5015830449	0.4984169551	0.5015830449	0.0000000000	-0.0093888827	0.1270996136	-0.1270996136	0.0000000000	-0.0106598788	0.0000000000	-0.0106598788	0.5014764461	-0.0199894970
638	6.3800000000	0.5014764461	-0.0199894970	0.4985235539	0.5014764461	0.4985235539	0.5014764461	0.0000000000	-0.0100242619	0.1187094746	-0.1187094746	0.0000000000	-0.0112113567	0.0000000000	-0.0112113567	0.5013643325	-0.0211765918
639	6.3900000000	0.5013643325	-0.0211765918	0.4986356675	0.5013643325	0.4986356675	0.5013643325	0.0000000000	-0.0106171878	0.1098834046	-0.1098834046	0.0000000000	-0.0117160218	0.0000000000	-0.0117160218	0.5012471723	-0.0222754258
640	6.4000000000	0.5012471723	-0.0222754258	0.4987528277	0.5012471723	0.4987528277	0.5012471723	0.0000000000	-0.0111654942	0.1006579777	-0.1006579777	0.0000000000	-0.0121720740	0.0000000000	-0.0121720740	0.5011254516	-0.0232820056
641	6.4100000000	0.5011254516	-0.0232820056	0.4988745484	0.5011254516	0.4988745484	0.5011254516	0.0000000000	-0.0116672056	0.0910712060	-0.0910712060	0.0000000000	-0.0125779176	0.0000000000	-0.0125779176	0.5009996724	-0.0241927176
642	6.4200000000	0.5009996724	-0.0241927176	0.4990003276	0.5009996724	0.4990003276	0.5009996724	0.0000000000	-0.0121205436	0.0811623841	-0.0811623841	0.0000000000	-0.0129321675	0.0000000000	-0.0129321675	0.5008703507	-0.0250043415
643	6.4300000000	0.5008703507	-0.0250043415	0.4991296493	0.5008703507	0.4991296493	0.5008703507	0.0000000000	-0.0125239333	0.0709719282	-0.0709719282	0.0000000000	-0.0132336526	0.0000000000	-0.0132336526	0.5007380142	-0.0257140608
644	6.4400000000	0.5007380142	-0.0257140608	0.4992619858	0.5007380142	0.4992619858	0.5007380142	0.0000000000	-0.0128760077	0.0605412117	-0.0605412117	0.0000000000	-0.0134814198	0.0000000000	-0.0134814198	0.5006032000	-0.0263194729
645	6.4500000000	0.5006032000	-0.0263194729	0.4993968000	0.5006032000	0.4993968000	0.5006032000	0.0000000000	-0.0131756123	0.0499123977	-0.0499123977	0.0000000000	-0.0136747363	0.0000000000	-0.0136747363	0.5004664526	-0.0268185969
646	6.4600000000	0.5004664526	-0.0268185969	0.4995335474	0.5004664526	0.4995335474	0.5004664526	0.0000000000	-0.0134218080	0.0391282686	-0.0391282686	0.0000000000	-0.0138130907	0.0000000000	-0.0138130907	0.5003283217	-0.0272098795
647	6.4700000000	0.5003283217	-0.0272098795	0.4996716783	0.5003283217	0.4996716783	0.5003283217	0.0000000000	-0.0136138734	0.0282320545	-0.0282320545	0.0000000000	-0.0138961939	0.0000000000	-0.0138961939	0.5001893598	-0.0274922001
648	6.4800000000	0.5001893598	-0.0274922001	0.4998106402	0.5001893598	0.4998106402	0.5001893598	0.0000000000	-0.0137513060	0.0172672595	-0.0172672595	0.0000000000	-0.0139239786	0.0000000000	-0.0139239786	0.5000501200	-0.0276648727
649	6.4900000000	0.5000501200	-0.0276648727	0.4999498800	0.5000501200	0.4999498800	0.5000501200	0.0000000000	-0.0138338229	0.0062774888	-0.0062774888	0.0000000000	-0.0138965978	0.0000000000	-0.0138965978	0.4999111540	-0.0277276476
650	6.5000000000	0.4999111540	-0.0277276476	0.5000888460	0.4999111540	0.5000888460	0.4999111540	0.0000000000	-0.0138613603	-0.0046937253	0.0046937253	0.0000000000	-0.0138144230	0.0000000000	-0.0138144230	0.4997730098	-0.0276807103
651	6.5100000000	0.4997730098	-0.0276807103	0.5002269902	0.4997730098	0.5002269902	0.4997730098	0.0000000000	-0.0138340719	-0.0156030951	0.0156030951	0.0000000000	-0.0136780410	0.0000000000	-0.0136780410	0.4996362294	-0.0275246794
652	6.5200000000	0.4996362294	-0.0275246794	0.5003637706	0.4996362294	0.5003637706	0.4996362294	0.0000000000	-0.0137523270	-0.0264077484	0.0264077484	0.0000000000	-0.0134882495	-0.0000000000	-0.0134882495	0.4995013469	-0.0272606019
653	6.5300000000	0.4995013469	-0.0272606019	0.5004986531	0.4995013469	0.5004986531	0.4995013469	0.0000000000	-0.0136167074	-0.0370653973	0.0370653973	0.0000000000	-0.0132460534	0.0000000000	-0.0132460534	0.4993688864	-0.0268899479
654	6.5400000000	0.4993688864	-0.0268899479	0.5006311136	0.4993688864	0.5006311136	0.4993688864	0.0000000000	-0.0134280033	-0.0475345027	0.0475345027	0.0000000000	-0.0129526583	0.0000000000	-0.0129526583	0.4992393598	-0.0264146029
655	6.5500000000	0.4992393598	-0.0264146029	0.5007606402	0.4992393598	0.5007606402	0.4992393598	0.0000000000	-0.0131872094	-0.0577744369	0.0577744369	0.0000000000	-0.0126094651	0.0000000000	-0.0126094651	0.4991132651	-0.0258368585
656	6.5600000000	0.4991132651	-0.0258368585	0.5008867349	0.4991132651	0.5008867349	0.4991132651	0.0000000000	-0.0128955188	-0.0677456405	0.0677456405	0.0000000000	-0.0122180624	0.0000000000	-0.0122180624	0.4989910845	-0.0251594021
657	6.5700000000	0.4989910845	-0.0251594021	0.5010089155	0.4989910845	0.5010089155	0.4989910845	0.0000000000	-0.0125543173	-0.0774097749	0.0774097749	0.0000000000	-0.0117802196	0.0000000000	-0.0117802196	0.4988732823	-0.0243853044
658	6.5800000000	0.4988732823	-0.0243853044	0.5011267177	0.4988732823	0.5011267177	0.4988732823	0.0000000000	-0.0121651768	-0.0867298699	0.0867298699	0.0000000000	-0.0112978781	-0.0000000000	-0.0112978781	0.4987603035	-0.0235180057
659	6.5900000000	0.4987603035	-0.0235180057	0.5012396965	0.4987603035	0.5012396965	0.4987603035	0.0000000000	-0.0117298476	-0.0956704639	0.0956704639	0.0000000000	-0.0107731430	0.0000000000	-0.0107731430	0.4986525721	-0.0225613010
660	6.6000000000	0.4986525721	-0.0225613010	0.5013474279	0.4986525721	0.5013474279	0.4986525721	0.0000000000	-0.0112502508	-0.1041977392	0.1041977392	0.0000000000	-0.0102082734	0.0000000000	-0.0102082734	0.4985504894	-0.0215193236
661	6.6100000000	0.4985504894	-0.0215193236	0.5014495106	0.4985504894	0.5014495106	0.4985504894	0.0000000000	-0.0107284693	-0.1122796483	0.1122796483	0.0000000000	-0.0096056728	-0.0000000000	-0.0096056728	0.4984544326	-0.0203965271
662	6.6200000000	0.4984544326	-0.0203965271	0.5015455674	0.4984544326	0.5015455674	0.4984544326	0.0000000000	-0.0101667394	-0.1198860347	0.1198860347	0.0000000000	-0.0089678790	0.0000000000	-0.0089678790	0.4983647538	-0.0191976668
663	6.6300000000	0.4983647538	-0.0191976668	0.5016352462	0.4983647538	0.5016352462	0.4983647538	0.0000000000	-0.0095674405	-0.1269887436	0.1269887436	0.0000000000	-0.0082975531	0.0000000000	-0.0082975531	0.4982817783	-0.0179277794
664	6.6400000000	0.4982817783	-0.0179277794	0.5017182217	0.4982817783	0.5017182217	0.4982817783	0.0000000000	-0.0089330858	-0.1335617258	0.1335617258	0.0000000000	-0.0075974685	0.0000000000	-0.0075974685	0.4982058036	-0.0165921621
665	6.6500000000	0.4982058036	-0.0165921621	0.5017941964	0.4982058036	0.5017941964	0.4982058036	0.0000000000	-0.0082663115	-0.1395811318	0.1395811318	0.0000000000	-0.0068705001	0.0000000000	-0.0068705001	0.4981370986	-0.0151963508
666	6.6600000000	0.4981370986	-0.0151963508	0.5018629014	0.4981370986	0.5018629014	0.4981370986	0.0000000000	-0.0075698661	-0.1450253974	0.1450253974	0.0000000000	-0.0061196121	0.0000000000	-0.0061196121	0.4980759025	-0.0137460968
667	6.6700000000	0.4980759025	-0.0137460968	0.5019240975	0.4980759025	0.5019240975	0.4980759025	0.0000000000	-0.0068465996	-0.1498753194	0.1498753194	0.0000000000	-0.0053478464	0.0000000000	-0.0053478464	0.4980224240	-0.0122473436
668	6.6800000000	0.4980224240	-0.0122473436	0.5019775760	0.4980224240	0.5019775760	0.4980224240	0.0000000000	-0.0060994518	-0.1541141213	0.1541141213	0.0000000000	-0.0045583105	0.0000000000	-0.0045583105	0.4979768409	-0.0107062024
669	6.6900000000	0.4979768409	-0.0107062024	0.5020231591	0.4979768409	0.5020231591	0.4979768409	0.0000000000	-0.0053314409	-0.1577275106	0.1577275106	0.0000000000	-0.0037541657	0.0000000000	-0.0037541657	0.4979392993	-0.0091289273
670	6.7000000000	0.4979392993	-0.0091289273	0.5020607007	0.4979392993	0.5020607007	0.4979392993	0.0000000000	-0.0045456517	-0.1607037238	0.1607037238	0.0000000000	-0.0029386144	0.0000000000	-0.0029386144	0.4979099131	-0.0075218901
671	6.7100000000	0.4979099131	-0.0075218901	0.5020900869	0.4979099131	0.5020900869	0.4979099131	0.0000000000	-0.0037452236	-0.1630335629	0.1630335629	0.0000000000	-0.0021148880	0.0000000000	-0.0021148880	0.4978887642	-0.0058915544
672	6.7200000000	0.4978887642	-0.0058915544	0.5021112358	0.4978887642	0.5021112358	0.4978887642	0.0000000000	-0.0029333388	-0.1647104211	0.1647104211	0.0000000000	-0.0012862345	-0.0000000000	-0.0012862345	0.4978759019	-0.0042444502
673	6.7300000000	0.4978759019	-0.0042444502	0.5021240981	0.4978759019	0.5021240981	0.4978759019	0.0000000000	-0.0021132095	-0.1657302976	0.1657302976	0.0000000000	-0.0004559065	0.0000000000	-0.0004559065	0.4978713428	-0.0025871472
674	6.7400000000	0.4978713428	-0.0025871472	0.5021286572	0.4978713428	0.5021286572	0.4978713428	0.0000000000	-0.0012880665	-0.1660918027	0.1660918027	0.0000000000	0.0003728516	0.0000000000	0.0003728516	0.4978750713	-0.0009262292
675	6.7500000000	0.4978750713	-0.0009262292	0.5021249287	0.4978750713	0.5021249287	0.4978750713	0.0000000000	-0.0004611464	-0.1657961522	0.1657961522	0.0000000000	0.0011968151	0.0000000000	0.0011968151	0.4978870395	0.0007317323
676	6.7600000000	0.4978870395	0.0007317323	0.5021129605	0.4978870395	0.5021129605	0.4978870395	0.0000000000	0.0003643200	-0.1648471518	0.1648471518	0.0000000000	0.0020127915	0.0000000000	0.0020127915	0.4979071674	0.0023802038
677	6.7700000000	0.4979071674	0.0023802038	0.5020928326	0.4979071674	0.5020928326	0.4979071674	0.0000000000	0.0011851205	-0.1632511708	0.1632511708	0.0000000000	0.0028176322	0.0000000000	0.0028176322	0.4979353437	0.0040127155
678	6.7800000000	0.4979353437	0.0040127155	0.5020646563	0.4979353437	0.5020646563	0.4979353437	0.0000000000	0.0019980729	-0.1610171065	0.1610171065	0.0000000000	0.0036082440	0.0000000000	0.0036082440	0.4979714262	0.0056228866
679	6.7900000000	0.4979714262	0.0056228866	0.5020285738	0.4979714262	0.5020285738	0.4979714262	0.0000000000	0.0028000369	-0.1581563383	0.1581563383	0.0000000000	0.0043816002	0.0000000000	0.0043816002	0.4980152422	0.0072044500
680	6.8000000000	0.4980152422	0.0072044500	0.5019847578	0.4980152422	0.5019847578	0.4980152422	0.0000000000	0.0035879259	-0.1546826722	0.1546826722	0.0000000000	0.0051347526	0.0000000000	0.0051347526	0.4980665897	0.0087512767
681	6.8100000000	0.4980665897	0.0087512767	0.5019334103	0.4980665897	0.5019334103	0.4980665897	0.0000000000	0.0043587185	-0.1506122766	0.1506122766	0.0000000000	0.0058648413	0.0000000000	0.0058648413	0.4981252381	0.0102573995
682	6.8200000000	0.4981252381	0.0102573995	0.5018747619	0.4981252381	0.5018747619	0.4981252381	0.0000000000	0.0051094695	-0.1459636079	0.1459636079	0.0000000000	0.0065691056	0.0000000000	0.0065691056	0.4981909292	0.0117170355
683	6.8300000000	0.4981909292	0.0117170355	0.5018090708	0.4981909292	0.5018090708	0.4981909292	0.0000000000	0.0058373208	-0.1407573289	0.1407573289	0.0000000000	0.0072448941	0.0000000000	0.0072448941	0.4982633781	0.0131246088
684	6.8400000000	0.4982633781	0.0131246088	0.5017366219	0.4982633781	0.5017366219	0.4982633781	0.0000000000	0.0065395119	-0.1350162177	0.1350162177	0.0000000000	0.0078896741	0.0000000000	0.0078896741	0.4983422749	0.0144747710
685	6.8500000000	0.4983422749	0.0144747710	0.5016577251	0.4983422749	0.5016577251	0.4983422749	0.0000000000	0.0072133903	-0.1287650689	0.1287650689	0.0000000000	0.0085010410	-0.0000000000	0.0085010410	0.4984272853	0.0157624217
686	6.8600000000	0.4984272853	0.0157624217	0.5015727147	0.4984272853	0.5015727147	0.4984272853	0.0000000000	0.0078564211	-0.1220305882	0.1220305882	0.0000000000	0.0090767269	0.0000000000	0.0090767269	0.4985180525	0.0169827276
687	6.8700000000	0.4985180525	0.0169827276	0.5014819475	0.4985180525	0.5014819475	0.4985180525	0.0000000000	0.0084661963	-0.1148412784	0.1148412784	0.0000000000	0.0096146091	-0.0000000000	0.0096146091	0.4986141986	0.0181311404
688	6.8800000000	0.4986141986	0.0181311404	0.5013858014	0.4986141986	0.5013858014	0.4986141986	0.0000000000	0.0090404440	-0.1072273204	0.1072273204	0.0000000000	0.0101127172	0.0000000000	0.0101127172	0.4987153258	0.0192034136
689	6.8900000000	0.4987153258	0.0192034136	0.5012846742	0.4987153258	0.5012846742	0.4987153258	0.0000000000	0.0095770367	-0.0992204470	0.0992204470	0.0000000000	0.0105692411	0.0000000000	0.0105692411	0.4988210182	0.0201956180
690	6.9000000000	0.4988210182	0.0201956180	0.5011789818	0.4988210182	0.5011789818	0.4988210182	0.0000000000	0.0100739988	-0.0908538119	0.0908538119	0.0000000000	0.0109825369	0.0000000000	0.0109825369	0.4989308436	0.0211041562
691	6.9100000000	0.4989308436	0.0211041562	0.5010691564	0.4989308436	0.5010691564	0.4989308436	0.0000000000	0.0105295144	-0.0821618530	0.0821618530	0.0000000000	0.0113511330	-0.0000000000	0.0113511330	0.4990443549	0.0219257747
692	6.9200000000	0.4990443549	0.0219257747	0.5009556451	0.4990443549	0.5009556451	0.4990443549	0.0000000000	0.0109419341	-0.0731801520	0.0731801520	0.0000000000	0.0116737356	0.0000000000	0.0116737356	0.4991610923	0.0226575762
693	6.9300000000	0.4991610923	0.0226575762	0.5008389077	0.4991610923	0.5008389077	0.4991610923	0.0000000000	0.0113097805	-0.0639452893	0.0639452893	0.0000000000	0.0119492334	0.0000000000	0.0119492334	0.4992805846	0.0232970291
694	6.9400000000	0.4992805846	0.0232970291	0.5007194154	0.4992805846	0.5007194154	0.4992805846	0.0000000000	0.0116317543	-0.0544946965	0.0544946965	0.0000000000	0.0121767013	0.0000000000	0.0121767013	0.4994023516	0.0238419761
695	6.9500000000	0.4994023516	0.0238419761	0.5005976484	0.4994023516	0.5005976484	0.4994023516	0.0000000000	0.0119067389	-0.0448665052	0.0448665052	0.0000000000	0.0123554040	-0.0000000000	0.0123554040	0.4995259057	0.0242906411
696	6.9600000000	0.4995259057	0.0242906411	0.5004740943	0.4995259057	0.5004740943	0.4995259057	0.0000000000	0.0121338045	-0.0350993946	0.0350993946	0.0000000000	0.0124847984	-0.0000000000	0.0124847984	0.4996507536	0.0246416351
697	6.9700000000	0.4996507536	0.0246416351	0.5003492464	0.4996507536	0.5003492464	0.4996507536	0.0000000000	0.0123122115	-0.0252324372	0.0252324372	0.0000000000	0.0125645359	0.0000000000	0.0125645359	0.4997763990	0.0248939594
698	6.9800000000	0.4997763990	0.0248939594	0.5002236010	0.4997763990	0.5002236010	0.4997763990	0.0000000000	0.0124414134	-0.0153049430	0.0153049430	0.0000000000	0.0125944628	0.0000000000	0.0125944628	0.4999023436	0.0250470089
699	6.9900000000	0.4999023436	0.0250470089	0.5000976564	0.4999023436	0.5000976564	0.4999023436	0.0000000000	0.0125210584	-0.0053563047	0.0053563047	0.0000000000	0.0125746215	0.0000000000	0.0125746215	0.5000280898	0.0251005719
700	7.0000000000	0.5000280898	0.0251005719	0.4999719102	0.5000280898	0.4999719102	0.5000280898	0.0000000000	0.0125509910	0.0045741581	-0.0045741581	0.0000000000	0.0125052494	0.0000000000	0.0125052494	0.5001531423	0.0250548303
701	7.0100000000	0.5001531423	0.0250548303	0.4998468577	0.5001531423	0.4998468577	0.5001531423	0.0000000000	0.0125312521	0.0144473526	-0.0144473526	0.0000000000	0.0123867786	0.0000000000	0.0123867786	0.5002770101	0.0249103568
702	7.0200000000	0.5002770101	0.0249103568	0.4997229899	0.5002770101	0.4997229899	0.5002770101	0.0000000000	0.0124620788	0.0242245663	-0.0242245663	0.0000000000	0.0122198332	0.0000000000	0.0122198332	0.5003992084	0.0246681111
703	7.0300000000	0.5003992084	0.0246681111	0.4996007916	0.5003992084	0.4996007916	0.5003992084	0.0000000000	0.0123439033	0.0338676174	-0.0338676174	0.0000000000	0.0120052271	0.0000000000	0.0120052271	0.5005192607	0.0243294350
704	7.0400000000	0.5005192607	0.0243294350	0.4994807393	0.5005192607	0.4994807393	0.5005192607	0.0000000000	0.0121773508	0.0433390027	-0.0433390027	0.0000000000	0.0117439608	0.0000000000	0.0117439608	0.5006367003	0.0238960449
705	7.0500000000	0.5006367003	0.0238960449	0.4993632997	0.5006367003	0.4993632997	0.5006367003	0.0000000000	0.0119632371	0.0526020426	-0.0526020426	0.0000000000	0.0114372167	0.0000000000	0.0114372167	0.5007510725	0.0233700245
706	7.0600000000	0.5007510725	0.0233700245	0.4992489275	0.5007510725	0.4992489275	0.5007510725	0.0000000000	0.0117025648	0.0616210221	-0.0616210221	0.0000000000	0.0110863546	0.0000000000	0.0110863546	0.5008619360	0.0227538143
707	7.0700000000	0.5008619360	0.0227538143	0.4991380640	0.5008619360	0.4991380640	0.5008619360	0.0000000000	0.0113965195	0.0703613277	-0.0703613277	0.0000000000	0.0106929062	0.0000000000	0.0106929062	0.5009688651	0.0220502010
708	7.0800000000	0.5009688651	0.0220502010	0.4990311349	0.5009688651	0.4990311349	0.5009688651	0.0000000000	0.0110464642	0.0787895788	-0.0787895788	0.0000000000	0.0102585684	0.0000000000	0.0102585684	0.5010714508	0.0212623052
709	7.0900000000	0.5010714508	0.0212623052	0.4989285492	0.5010714508	0.4989285492	0.5010714508	0.0000000000	0.0106539341	0.0868737547	-0.0868737547	0.0000000000	0.0097851966	0.0000000000	0.0097851966	0.5011693028	0.0203935677
710	7.1000000000	0.5011693028	0.0203935677	0.4988306972	0.5011693028	0.4988306972	0.5011693028	0.0000000000	0.0102206301	0.0945833155	-0.0945833155	0.0000000000	0.0092747969	0.0000000000	0.0092747969	0.5012620507	0.0194477345
711	7.1100000000	0.5012620507	0.0194477345	0.4987379493	0.5012620507	0.4987379493	0.5012620507	0.0000000000	0.0097484113	0.1018893157	-0.1018893157	0.0000000000	0.0087295181	0.0000000000	0.0087295181	0.5013493459	0.0184288414
712	7.1200000000	0.5013493459	0.0184288414	0.4986506541	0.5013493459	0.4986506541	0.5013493459	0.0000000000	0.0092392876	0.1087645133	-0.1087645133	0.0000000000	0.0081516424	0.0000000000	0.0081516424	0.5014308623	0.0173411962
713	7.1300000000	0.5014308623	0.0173411962	0.4985691377	0.5014308623	0.4985691377	0.5014308623	0.0000000000	0.0086954110	0.1151834694	-0.1151834694	0.0000000000	0.0075435763	0.0000000000	0.0075435763	0.5015062981	0.0161893615
714	7.1400000000	0.5015062981	0.0161893615	0.4984937019	0.5015062981	0.4984937019	0.5015062981	0.0000000000	0.0081190668	0.1211226422	-0.1211226422	0.0000000000	0.0069078404	0.0000000000	0.0069078404	0.5015753765	0.0149781351
715	7.1500000000	0.5015753765	0.0149781351	0.4984246235	0.5015753765	0.4984246235	0.5015753765	0.0000000000	0.0075126638	0.1265604723	-0.1265604723	0.0000000000	0.0062470590	0.0000000000	0.0062470590	0.5016378471	0.0137125304
716	7.1600000000	0.5016378471	0.0137125304	0.4983621529	0.5016378471	0.4983621529	0.5016378471	0.0000000000	0.0068787242	0.1314774602	-0.1314774602	0.0000000000	0.0055639496	0.0000000000	0.0055639496	0.5016934866	0.0123977558
717	7.1700000000	0.5016934866	0.0123977558	0.4983065134	0.5016934866	0.4983065134	0.5016934866	0.0000000000	0.0062198733	0.1358562352	-0.1358562352	0.0000000000	0.0048613110	0.0000000000	0.0048613110	0.5017420997	0.0110391934
718	7.1800000000	0.5017420997	0.0110391934	0.4982579003	0.5017420997	0.4982579003	0.5017420997	0.0000000000	0.0055388281	0.1396816161	-0.1396816161	0.0000000000	0.0041420119	0.0000000000	0.0041420119	0.5017835198	0.0096423773
719	7.1900000000	0.5017835198	0.0096423773	0.4982164802	0.5017835198	0.4982164802	0.5017835198	0.0000000000	0.0048383860	0.1429406624	-0.1429406624	0.0000000000	0.0034089794	0.0000000000	0.0034089794	0.5018176096	0.0082129707
720	7.2000000000	0.5018176096	0.0082129707	0.4981823904	0.5018176096	0.4981823904	0.5018176096	0.0000000000	0.0041214133	0.1456227177	-0.1456227177	0.0000000000	0.0026651861	0.0000000000	0.0026651861	0.5018442615	0.0067567435
721	7.2100000000	0.5018442615	0.0067567435	0.4981557385	0.5018442615	0.4981557385	0.5018442615	0.0000000000	0.0033908329	0.1477194423	-0.1477194423	0.0000000000	0.0019136385	0.0000000000	0.0019136385	0.5018633979	0.0052795491
722	7.2200000000	0.5018633979	0.0052795491	0.4981366021	0.5018633979	0.4981366021	0.5018633979	0.0000000000	0.0026496124	0.1492248380	-0.1492248380	0.0000000000	0.0011573640	0.0000000000	0.0011573640	0.5018749715	0.0037873007
723	7.2300000000	0.5018749715	0.0037873007	0.4981250285	0.5018749715	0.4981250285	0.5018749715	0.0000000000	0.0019007514	0.1501352630	-0.1501352630	0.0000000000	0.0003993988	0.0000000000	0.0003993988	0.5018789655	0.0022859480
724	7.2400000000	0.5018789655	0.0022859480	0.4981210345	0.5018789655	0.4981210345	0.5018789655	0.0000000000	0.0011472692	0.1504494375	-0.1504494375	0.0000000000	-0.0003572251	0.0000000000	-0.0003572251	0.5018753932	0.0007814537
725	7.2500000000	0.5018753932	0.0007814537	0.4981246068	0.5018753932	0.4981246068	0.5018753932	0.0000000000	0.0003921924	0.1501684398	-0.1501684398	0.0000000000	-0.0011094920	0.0000000000	-0.0011094920	0.5018642983	-0.0007202307
726	7.2600000000	0.5018642983	-0.0007202307	0.4981357017	0.5018642983	0.4981357017	0.5018642983	0.0000000000	-0.0003614581	0.1492956935	-0.1492956935	0.0000000000	-0.0018544150	0.0000000000	-0.0018544150	0.5018457542	-0.0022131877
727	7.2700000000	0.5018457542	-0.0022131877	0.4981542458	0.5018457542	0.4981542458	0.5018457542	0.0000000000	-0.0011106788	0.1478369452	-0.1478369452	0.0000000000	-0.0025890483	0.0000000000	-0.0025890483	0.5018198637	-0.0036915571
728	7.2800000000	0.5018198637	-0.0036915571	0.4981801363	0.5018198637	0.4981801363	0.5018198637	0.0000000000	-0.0018524967	0.1458002332	-0.1458002332	0.0000000000	-0.0033104990	0.0000000000	-0.0033104990	0.5017867587	-0.0051495594
729	7.2900000000	0.5017867587	-0.0051495594	0.4982132413	0.5017867587	0.4982132413	0.5017867587	0.0000000000	-0.0025839807	0.1431958472	-0.1431958472	0.0000000000	-0.0040159392	0.0000000000	-0.0040159392	0.5017465993	-0.0065815179
730	7.3000000000	0.5017465993	-0.0065815179	0.4982534007	0.5017465993	0.4982534007	0.5017465993	0.0000000000	-0.0033022542	0.1400362794	-0.1400362794	0.0000000000	-0.0047026170	0.0000000000	-0.0047026170	0.5016995731	-0.0079818807
731	7.3100000000	0.5016995731	-0.0079818807	0.4983004269	0.5016995731	0.4983004269	0.5016995731	0.0000000000	-0.0040045061	0.1363361671	-0.1363361671	0.0000000000	-0.0053678678	0.0000000000	-0.0053678678	0.5016458944	-0.0093452424
732	7.3200000000	0.5016458944	-0.0093452424	0.4983541056	0.5016458944	0.4983541056	0.5016458944	0.0000000000	-0.0046880025	0.1321122263	-0.1321122263	0.0000000000	-0.0060091247	0.0000000000	-0.0060091247	0.5015858032	-0.0106663646
733	7.3300000000	0.5015858032	-0.0106663646	0.4984141968	0.5015858032	0.4984141968	0.5015858032	0.0000000000	-0.0053500971	0.1273831786	-0.1273831786	0.0000000000	-0.0066239289	0.0000000000	-0.0066239289	0.5015195639	-0.0119401964
734	7.3400000000	0.5015195639	-0.0119401964	0.4984804361	0.5015195639	0.4984804361	0.5015195639	0.0000000000	-0.0059882421	0.1221696692	-0.1221696692	0.0000000000	-0.0072099388	0.0000000000	-0.0072099388	0.5014474645	-0.0131618931
735	7.3500000000	0.5014474645	-0.0131618931	0.4985525355	0.5014474645	0.4985525355	0.5014474645	0.0000000000	-0.0065999979	0.1164941783	-0.1164941783	0.0000000000	-0.0077649397	0.0000000000	-0.0077649397	0.5013698151	-0.0143268349
736	7.3600000000	0.5013698151	-0.0143268349	0.4986301849	0.5013698151	0.4986301849	0.5013698151	0.0000000000	-0.0071830426	0.1103809250	-0.1103809250	0.0000000000	-0.0082868518	0.0000000000	-0.0082868518	0.5012869466	-0.0154306442
737	7.3700000000	0.5012869466	-0.0154306442	0.4987130534	0.5012869466	0.4987130534	0.5012869466	0.0000000000	-0.0077351805	0.1038557656	-0.1038557656	0.0000000000	-0.0087737382	0.0000000000	-0.0087737382	0.5011992092	-0.0164692018
738	7.3800000000	0.5011992092	-0.0164692018	0.4988007908	0.5011992092	0.4988007908	0.5011992092	0.0000000000	-0.0082543509	0.0969460844	-0.0969460844	0.0000000000	-0.0092238118	0.0000000000	-0.0092238118	0.5011069711	-0.0174386627
739	7.3900000000	0.5011069711	-0.0174386627	0.4988930289	0.5011069711	0.4988930289	0.5011069711	0.0000000000	-0.0087386354	0.0896806801	-0.0896806801	0.0000000000	-0.0096354422	0.0000000000	-0.0096354422	0.5010106167	-0.0183354695
740	7.4000000000	0.5010106167	-0.0183354695	0.4989893833	0.5010106167	0.4989893833	0.5010106167	0.0000000000	-0.0091862649	0.0820896459	-0.0820896459	0.0000000000	-0.0100071613	0.0000000000	-0.0100071613	0.5009105451	-0.0191563659
741	7.4100000000	0.5009105451	-0.0191563659	0.4990894549	0.5009105451	0.4990894549	0.5009105451	0.0000000000	-0.0095956257	0.0742042463	-0.0742042463	0.0000000000	-0.0103376682	0.0000000000	-0.0103376682	0.5008071684	-0.0198984084
742	7.4200000000	0.5008071684	-0.0198984084	0.4991928316	0.5008071684	0.4991928316	0.5008071684	0.0000000000	-0.0099652656	0.0660567879	-0.0660567879	0.0000000000	-0.0106258334	0.0000000000	-0.0106258334	0.5007009101	-0.0205589763
743	7.4300000000	0.5007009101	-0.0205589763	0.4992990899	0.5007009101	0.4992990899	0.5007009101	0.0000000000	-0.0102938981	0.0576804883	-0.0576804883	0.0000000000	-0.0108707030	0.0000000000	-0.0108707030	0.5005922030	-0.0211357811
744	7.4400000000	0.5005922030	-0.0211357811	0.4994077970	0.5005922030	0.4994077970	0.5005922030	0.0000000000	-0.0105804072	0.0491093405	-0.0491093405	0.0000000000	-0.0110715007	0.0000000000	-0.0110715007	0.5004814880	-0.0216268745
745	7.4500000000	0.5004814880	-0.0216268745	0.4995185120	0.5004814880	0.4995185120	0.5004814880	0.0000000000	-0.0108238504	0.0403779754	-0.0403779754	0.0000000000	-0.0112276301	0.0000000000	-0.0112276301	0.5003692117	-0.0220306543
746	7.4600000000	0.5003692117	-0.0220306543	0.4996307883	0.5003692117	0.4996307883	0.5003692117	0.0000000000	-0.0110234611	0.0315215226	-0.0315215226	0.0000000000	-0.0113386764	0.0000000000	-0.0113386764	0.5002558250	-0.0223458695
747	7.4700000000	0.5002558250	-0.0223458695	0.4997441750	0.5002558250	0.4997441750	0.5002558250	0.0000000000	-0.0111786514	0.0225754685	-0.0225754685	0.0000000000	-0.0114044061	0.0000000000	-0.0114044061	0.5001417809	-0.0225716242
748	7.4800000000	0.5001417809	-0.0225716242	0.4998582191	0.5001417809	0.4998582191	0.5001417809	0.0000000000	-0.0112890123	0.0135755152	-0.0135755152	0.0000000000	-0.0114247675	0.0000000000	-0.0114247675	0.5000275332	-0.0227073794
749	7.4900000000	0.5000275332	-0.0227073794	0.4999724668	0.5000275332	0.4999724668	0.5000275332	0.0000000000	-0.0113543149	0.0045574376	-0.0045574376	0.0000000000	-0.0113998893	0.0000000000	-0.0113998893	0.4999135343	-0.0227529537
750	7.5000000000	0.4999135343	-0.0227529537	0.5000864657	0.4999135343	0.5000864657	0.4999135343	0.0000000000	-0.0113745095	-0.0044430586	0.0044430586	0.0000000000	-0.0113300789	0.0000000000	-0.0113300789	0.4998002335	-0.0227085232
751	7.5100000000	0.4998002335	-0.0227085232	0.5001997665	0.4998002335	0.5001997665	0.4998002335	0.0000000000	-0.0113497252	-0.0133904776	0.0133904776	0.0000000000	-0.0112158204	0.0000000000	-0.0112158204	0.4996880753	-0.0225746184
752	7.5200000000	0.4996880753	-0.0225746184	0.5003119247	0.4996880753	0.5003119247	0.4996880753	0.0000000000	-0.0112802676	-0.0222496740	0.0222496740	0.0000000000	-0.0110577709	0.0000000000	-0.0110577709	0.4995774976	-0.0223521216
753	7.5300000000	0.4995774976	-0.0223521216	0.5004225024	0.4995774976	0.5004225024	0.4995774976	0.0000000000	-0.0111666170	-0.0309859900	0.0309859900	0.0000000000	-0.0108567571	0.0000000000	-0.0108567571	0.4994689301	-0.0220422617
754	7.5400000000	0.4994689301	-0.0220422617	0.5005310699	0.4994689301	0.5005310699	0.4994689301	0.0000000000	-0.0110094249	-0.0395653915	0.0395653915	0.0000000000	-0.0106137710	0.0000000000	-0.0106137710	0.4993627923	-0.0216466078
755	7.5500000000	0.4993627923	-0.0216466078	0.5006372077	0.4993627923	0.5006372077	0.4993627923	0.0000000000	-0.0108095105	-0.0479545997	0.0479545997	0.0000000000	-0.0103299645	0.0000000000	-0.0103299645	0.4992594927	-0.0211670618
756	7.5600000000	0.4992594927	-0.0211670618	0.5007405073	0.4992594927	0.5007405073	0.4992594927	0.0000000000	-0.0105678566	-0.0561212204	0.0561212204	0.0000000000	-0.0100066443	0.0000000000	-0.0100066443	0.4991594263	-0.0206058496
757	7.5700000000	0.4991594263	-0.0206058496	0.5008405737	0.4991594263	0.5008405737	0.4991594263	0.0000000000	-0.0102856041	-0.0640338688	0.0640338688	0.0000000000	-0.0096452654	0.0000000000	-0.0096452654	0.4990629736	-0.0199655109
758	7.5800000000	0.4990629736	-0.0199655109	0.5009370264	0.4990629736	0.5009370264	0.4990629736	0.0000000000	-0.0099640473	-0.0716622896	0.0716622896	0.0000000000	-0.0092474244	0.0000000000	-0.0092474244	0.4989704994	-0.0192488880
759	7.5900000000	0.4989704994	-0.0192488880	0.5010295006	0.4989704994	0.5010295006	0.4989704994	0.0000000000	-0.0096046273	-0.0789774723	0.0789774723	0.0000000000	-0.0088148526	-0.0000000000	-0.0088148526	0.4988823508	-0.0184591133
760	7.6000000000	0.4988823508	-0.0184591133	0.5011176492	0.4988823508	0.5011176492	0.4988823508	0.0000000000	-0.0092089258	-0.0859517610	0.0859517610	0.0000000000	-0.0083494082	-0.0000000000	-0.0083494082	0.4987988567	-0.0175995957
761	7.6100000000	0.4987988567	-0.0175995957	0.5012011433	0.4987988567	0.5012011433	0.4987988567	0.0000000000	-0.0087786582	-0.0925589585	0.0925589585	0.0000000000	-0.0078530686	-0.0000000000	-0.0078530686	0.4987203261	-0.0166740061
762	7.6200000000	0.4987203261	-0.0166740061	0.5012796739	0.4987203261	0.5012796739	0.4987203261	0.0000000000	-0.0083156658	-0.0987744243	0.0987744243	0.0000000000	-0.0073279215	0.0000000000	-0.0073279215	0.4986470468	-0.0156862619
763	7.6300000000	0.4986470468	-0.0156862619	0.5013529532	0.4986470468	0.5013529532	0.4986470468	0.0000000000	-0.0078219082	-0.1045751654	0.1045751654	0.0000000000	-0.0067761565	0.0000000000	-0.0067761565	0.4985792853	-0.0146405102
764	7.6400000000	0.4985792853	-0.0146405102	0.5014207147	0.4985792853	0.5014207147	0.4985792853	0.0000000000	-0.0072994551	-0.1099399206	0.1099399206	0.0000000000	-0.0062000559	0.0000000000	-0.0062000559	0.4985172847	-0.0135411110
765	7.6500000000	0.4985172847	-0.0135411110	0.5014827153	0.4985172847	0.5014827153	0.4985172847	0.0000000000	-0.0067504779	-0.1148492380	0.1148492380	0.0000000000	-0.0056019855	-0.0000000000	-0.0056019855	0.4984612649	-0.0123926186
766	7.6600000000	0.4984612649	-0.0123926186	0.5015387351	0.4984612649	0.5015387351	0.4984612649	0.0000000000	-0.0061772404	-0.1192855440	0.1192855440	0.0000000000	-0.0049843849	0.0000000000	-0.0049843849	0.4984114210	-0.0111997632
767	7.6700000000	0.4984114210	-0.0111997632	0.5015885790	0.4984114210	0.5015885790	0.4984114210	0.0000000000	-0.0055820899	-0.1232332054	0.1232332054	0.0000000000	-0.0043497578	-0.0000000000	-0.0043497578	0.4983679234	-0.0099674311
768	7.6800000000	0.4983679234	-0.0099674311	0.5016320766	0.4983679234	0.5016320766	0.4983679234	0.0000000000	-0.0049674480	-0.1266785831	0.1266785831	0.0000000000	-0.0037006621	0.0000000000	-0.0037006621	0.4983309168	-0.0087006453
769	7.6900000000	0.4983309168	-0.0087006453	0.5016690832	0.4983309168	0.5016690832	0.4983309168	0.0000000000	-0.0043358006	-0.1296100776	0.1296100776	0.0000000000	-0.0030396998	-0.0000000000	-0.0030396998	0.4983005198	-0.0074045445
770	7.7000000000	0.4983005198	-0.0074045445	0.5016994802	0.4983005198	0.5016994802	0.4983005198	0.0000000000	-0.0036896884	-0.1320181670	0.1320181670	0.0000000000	-0.0023695067	0.0000000000	-0.0023695067	0.4982768248	-0.0060843629
771	7.7100000000	0.4982768248	-0.0060843629	0.5017231752	0.4982768248	0.5017231752	0.4982768248	0.0000000000	-0.0030316970	-0.1338954353	0.1338954353	0.0000000000	-0.0016927427	0.0000000000	-0.0016927427	0.4982598973	-0.0047454085
772	7.7200000000	0.4982598973	-0.0047454085	0.5017401027	0.4982598973	0.5017401027	0.4982598973	0.0000000000	-0.0023644468	-0.1352365934	0.1352365934	0.0000000000	-0.0010120808	0.0000000000	-0.0010120808	0.4982497765	-0.0033930426
773	7.7300000000	0.4982497765	-0.0033930426	0.5017502235	0.4982497765	0.5017502235	0.4982497765	0.0000000000	-0.0016905827	-0.1360384912	0.1360384912	0.0000000000	-0.0003301978	0.0000000000	-0.0003301978	0.4982464745	-0.0020326577
774	7.7400000000	0.4982464745	-0.0020326577	0.5017535255	0.4982464745	0.5017535255	0.4982464745	0.0000000000	-0.0010127645	-0.1363001207	0.1363001207	0.0000000000	0.0003502367	0.0000000000	0.0003502367	0.4982499769	-0.0006696565
775	7.7500000000	0.4982499769	-0.0006696565	0.5017500231	0.4982499769	0.5017500231	0.4982499769	0.0000000000	-0.0003336563	-0.1360226117	0.1360226117	0.0000000000	0.0010265698	0.0000000000	0.0010265698	0.4982602426	0.0006905697
776	7.7600000000	0.4982602426	0.0006905697	0.5017397574	0.4982602426	0.5017397574	0.4982602426	0.0000000000	0.0003440834	-0.1352092177	0.1352092177	0.0000000000	0.0016961756	0.0000000000	0.0016961756	0.4982772044	0.0020426618
777	7.7700000000	0.4982772044	0.0020426618	0.5017227956	0.4982772044	0.5017227956	0.4982772044	0.0000000000	0.0010178118	-0.1338652950	0.1338652950	0.0000000000	0.0023564648	0.0000000000	0.0023564648	0.4983007690	0.0033813148
778	7.7800000000	0.4983007690	0.0033813148	0.5016992310	0.4983007690	0.5016992310	0.4983007690	0.0000000000	0.0016849118	-0.1319982720	0.1319982720	0.0000000000	0.0030048945	0.0000000000	0.0030048945	0.4983308180	0.0047012975
779	7.7900000000	0.4983308180	0.0047012975	0.5016691820	0.4983308180	0.5016691820	0.4983308180	0.0000000000	0.0023428014	-0.1296176118	0.1296176118	0.0000000000	0.0036389775	-0.0000000000	0.0036389775	0.4983672077	0.0059974736
780	7.8000000000	0.4983672077	0.0059974736	0.5016327923	0.4983672077	0.5016327923	0.4983672077	0.0000000000	0.0029889442	-0.1267347663	0.1267347663	0.0000000000	0.0042562918	-0.0000000000	0.0042562918	0.4984097706	0.0072648213
781	7.8100000000	0.4984097706	0.0072648213	0.5015902294	0.4984097706	0.5015902294	0.4984097706	0.0000000000	0.0036208579	-0.1233631226	0.1233631226	0.0000000000	0.0048544891	0.0000000000	0.0048544891	0.4984583155	0.0084984525
782	7.8200000000	0.4984583155	0.0084984525	0.5015416845	0.4984583155	0.5015416845	0.4984583155	0.0000000000	0.0042361243	-0.1195179422	0.1195179422	0.0000000000	0.0054313037	0.0000000000	0.0054313037	0.4985126286	0.0096936319
783	7.8300000000	0.4985126286	0.0096936319	0.5014873714	0.4985126286	0.5014873714	0.4985126286	0.0000000000	0.0048323979	-0.1152162930	0.1152162930	0.0000000000	0.0059845609	0.0000000000	0.0059845609	0.4985724742	0.0108457949
784	7.8400000000	0.4985724742	0.0108457949	0.5014275258	0.4985724742	0.5014275258	0.4985724742	0.0000000000	0.0054074148	-0.1104769749	0.1104769749	0.0000000000	0.0065121845	0.0000000000	0.0065121845	0.4986375960	0.0119505646
785	7.8500000000	0.4986375960	0.0119505646	0.5013624040	0.4986375960	0.5013624040	0.4986375960	0.0000000000	0.0059590008	-0.1053204379	0.1053204379	0.0000000000	0.0070122052	0.0000000000	0.0070122052	0.4987077181	0.0130037690
786	7.8600000000	0.4987077181	0.0130037690	0.5012922819	0.4987077181	0.5012922819	0.4987077181	0.0000000000	0.0064850800	-0.0997686952	0.0997686952	0.0000000000	0.0074827669	0.0000000000	0.0074827669	0.4987825457	0.0140014559
787	7.8700000000	0.4987825457	0.0140014559	0.5012174543	0.4987825457	0.5012174543	0.4987825457	0.0000000000	0.0069836818	-0.0938452297	0.0938452297	0.0000000000	0.0079221341	0.0000000000	0.0079221341	0.4988617671	0.0149399082
788	7.8800000000	0.4988617671	0.0149399082	0.5011382329	0.4988617671	0.5011382329	0.4988617671	0.0000000000	0.0074529490	-0.0875748956	0.0875748956	0.0000000000	0.0083286980	0.0000000000	0.0083286980	0.4989450541	0.0158156572
789	7.8900000000	0.4989450541	0.0158156572	0.5010549459	0.4989450541	0.5010549459	0.4989450541	0.0000000000	0.0078911439	-0.0809838149	0.0809838149	0.0000000000	0.0087009821	0.0000000000	0.0087009821	0.4990320639	0.0166254953
790	7.9000000000	0.4990320639	0.0166254953	0.5009679361	0.4990320639	0.5009679361	0.4990320639	0.0000000000	0.0082966553	-0.0740992692	0.0740992692	0.0000000000	0.0090376479	0.0000000000	0.0090376479	0.4991224404	0.0173664880
791	7.9100000000	0.4991224404	0.0173664880	0.5008775596	0.4991224404	0.5008775596	0.4991224404	0.0000000000	0.0086680039	-0.0669495875	0.0669495875	0.0000000000	0.0093374998	0.0000000000	0.0093374998	0.4992158154	0.0180359839
792	7.9200000000	0.4992158154	0.0180359839	0.5007841846	0.4992158154	0.5007841846	0.4992158154	0.0000000000	0.0090038484	-0.0595640307	0.0595640307	0.0000000000	0.0095994887	0.0000000000	0.0095994887	0.4993118103	0.0186316242
793	7.9300000000	0.4993118103	0.0186316242	0.5006881897	0.4993118103	0.5006881897	0.4993118103	0.0000000000	0.0093029900	-0.0519726721	0.0519726721	0.0000000000	0.0098227167	0.0000000000	0.0098227167	0.4994100374	0.0191513509
794	7.9400000000	0.4994100374	0.0191513509	0.5005899626	0.4994100374	0.5005899626	0.4994100374	0.0000000000	0.0095643769	-0.0442062764	0.0442062764	0.0000000000	0.0100064397	0.0000000000	0.0100064397	0.4995101018	0.0195934137
795	7.9500000000	0.4995101018	0.0195934137	0.5004898982	0.4995101018	0.5004898982	0.4995101018	0.0000000000	0.0097871081	-0.0362961750	0.0362961750	0.0000000000	0.0101500698	0.0000000000	0.0101500698	0.4996116025	0.0199563754
796	7.9600000000	0.4996116025	0.0199563754	0.5003883975	0.4996116025	0.5003883975	0.4996116025	0.0000000000	0.0099704367	-0.0282741411	0.0282741411	0.0000000000	0.0102531781	0.0000000000	0.0102531781	0.4997141343	0.0202391169
797	7.9700000000	0.4997141343	0.0202391169	0.5002858657	0.4997141343	0.5002858657	0.4997141343	0.0000000000	0.0101137728	-0.0201722627	0.0201722627	0.0000000000	0.0103154954	0.0000000000	0.0103154954	0.4998172893	0.0204408395
798	7.9800000000	0.4998172893	0.0204408395	0.5001827107	0.4998172893	0.5001827107	0.4998172893	0.0000000000	0.0102166850	-0.0120228147	0.0120228147	0.0000000000	0.0103369131	0.0000000000	0.0103369131	0.4999206584	0.0205610676
799	7.9900000000	0.4999206584	0.0205610676	0.5000793416	0.4999206584	0.5000793416	0.4999206584	0.0000000000	0.0102789025	-0.0038581316	0.0038581316	0.0000000000	0.0103174838	0.0000000000	0.0103174838	0.5000238332	0.0205996490
800	8.0000000000	0.5000238332	0.0205996490	0.4999761668	0.5000238332	0.4999761668	0.5000238332	0.0000000000	0.0103003154	0.0042895199	-0.0042895199	0.0000000000	0.0102574202	0.0000000000	0.0102574202	0.5001264074	0.0205567538
801	8.0100000000	0.5001264074	0.0205567538	0.4998735926	0.5001264074	0.4998735926	0.5001264074	0.0000000000	0.0102809754	0.0123880683	-0.0123880683	0.0000000000	0.0101570947	0.0000000000	0.0101570947	0.5002279784	0.0204328731
802	8.0200000000	0.5002279784	0.0204328731	0.4997720216	0.5002279784	0.4997720216	0.5002279784	0.0000000000	0.0102210948	0.0204057618	-0.0204057618	0.0000000000	0.0100170372	0.0000000000	0.0100170372	0.5003281487	0.0202288155
803	8.0300000000	0.5003281487	0.0202288155	0.4996718513	0.5003281487	0.4996718513	0.5003281487	0.0000000000	0.0101210458	0.0283112928	-0.0283112928	0.0000000000	0.0098379329	0.0000000000	0.0098379329	0.5004265281	0.0199457025
804	8.0400000000	0.5004265281	0.0199457025	0.4995734719	0.5004265281	0.4995734719	0.5004265281	0.0000000000	0.0099813587	0.0360739186	-0.0360739186	0.0000000000	0.0096206195	0.0000000000	0.0096206195	0.5005227343	0.0195849633
805	8.0500000000	0.5005227343	0.0195849633	0.4994772657	0.5005227343	0.4994772657	0.5005227343	0.0000000000	0.0098027194	0.0436635809	-0.0436635809	0.0000000000	0.0093660836	0.0000000000	0.0093660836	0.5006163951	0.0191483275
806	8.0600000000	0.5006163951	0.0191483275	0.4993836049	0.5006163951	0.4993836049	0.5006163951	0.0000000000	0.0095859667	0.0510510207	-0.0510510207	0.0000000000	0.0090754565	0.0000000000	0.0090754565	0.5007071497	0.0186378173
807	8.0700000000	0.5007071497	0.0186378173	0.4992928503	0.5007071497	0.4992928503	0.5007071497	0.0000000000	0.0093320884	0.0582078910	-0.0582078910	0.0000000000	0.0087500095	0.0000000000	0.0087500095	0.5007946498	0.0180557384
808	8.0800000000	0.5007946498	0.0180557384	0.4992053502	0.5007946498	0.4992053502	0.5007946498	0.0000000000	0.0090422172	0.0651068644	-0.0651068644	0.0000000000	0.0083911485	0.0000000000	0.0083911485	0.5008785612	0.0174046698
809	8.0900000000	0.5008785612	0.0174046698	0.4991214388	0.5008785612	0.4991214388	0.5008785612	0.0000000000	0.0087176260	0.0717217367	-0.0717217367	0.0000000000	0.0080004086	0.0000000000	0.0080004086	0.5009585653	0.0166874524
810	8.1000000000	0.5009585653	0.0166874524	0.4990414347	0.5009585653	0.4990414347	0.5009585653	0.0000000000	0.0083597222	0.0780275261	-0.0780275261	0.0000000000	0.0075794470	0.0000000000	0.0075794470	0.5010343598	0.0159071771
811	8.1100000000	0.5010343598	0.0159071771	0.4989656402	0.5010343598	0.4989656402	0.5010343598	0.0000000000	0.0079700423	0.0840005664	-0.0840005664	0.0000000000	0.0071300366	0.0000000000	0.0071300366	0.5011056602	0.0150671715
812	8.1200000000	0.5011056602	0.0150671715	0.4988943398	0.5011056602	0.4988943398	0.5011056602	0.0000000000	0.0075502449	0.0896185956	-0.0896185956	0.0000000000	0.0066540590	0.0000000000	0.0066540590	0.5011722008	0.0141709855
813	8.1300000000	0.5011722008	0.0141709855	0.4988277992	0.5011722008	0.4988277992	0.5011722008	0.0000000000	0.0071021040	0.0948608377	-0.0948608377	0.0000000000	0.0061534956	0.0000000000	0.0061534956	0.5012337357	0.0132223771
814	8.1400000000	0.5012337357	0.0132223771	0.4987662643	0.5012337357	0.4987662643	0.5012337357	0.0000000000	0.0066275015	0.0997080792	-0.0997080792	0.0000000000	0.0056304207	0.0000000000	0.0056304207	0.5012900399	0.0122252963
815	8.1500000000	0.5012900399	0.0122252963	0.4987099601	0.5012900399	0.4987099601	0.5012900399	0.0000000000	0.0061284193	0.1041427388	-0.1041427388	0.0000000000	0.0050869919	0.0000000000	0.0050869919	0.5013409098	0.0111838690
816	8.1600000000	0.5013409098	0.0111838690	0.4986590902	0.5013409098	0.4986590902	0.5013409098	0.0000000000	0.0056069310	0.1081489303	-0.1081489303	0.0000000000	0.0045254417	0.0000000000	0.0045254417	0.5013861643	0.0101023797
817	8.1700000000	0.5013861643	0.0101023797	0.4986138357	0.5013861643	0.4986138357	0.5013861643	0.0000000000	0.0050651934	0.1117125190	-0.1117125190	0.0000000000	0.0039480682	0.0000000000	0.0039480682	0.5014256449	0.0089852545
818	8.1800000000	0.5014256449	0.0089852545	0.4985743551	0.5014256449	0.4985743551	0.5014256449	0.0000000000	0.0045054370	0.1148211705	-0.1148211705	0.0000000000	0.0033572253	0.0000000000	0.0033572253	0.5014592172	0.0078370428
819	8.1900000000	0.5014592172	0.0078370428	0.4985407828	0.5014592172	0.4985407828	0.5014592172	0.0000000000	0.0039299573	0.1174643927	-0.1174643927	0.0000000000	0.0027553134	0.0000000000	0.0027553134	0.5014867703	0.0066623988
820	8.2000000000	0.5014867703	0.0066623988	0.4985132297	0.5014867703	0.4985132297	0.5014867703	0.0000000000	0.0033411049	0.1196335704	-0.1196335704	0.0000000000	0.0021447692	0.0000000000	0.0021447692	0.5015082180	0.0054660631
821	8.2100000000	0.5015082180	0.0054660631	0.4984917820	0.5015082180	0.4984917820	0.5015082180	0.0000000000	0.0027412756	0.1213219917	-0.1213219917	0.0000000000	0.0015280557	0.0000000000	0.0015280557	0.5015234986	0.0042528432
822	8.2200000000	0.5015234986	0.0042528432	0.4984765014	0.5015234986	0.4984765014	0.5015234986	0.0000000000	0.0021329008	0.1225248677	-0.1225248677	0.0000000000	0.0009076521	0.0000000000	0.0009076521	0.5015325751	0.0030275945
823	8.2300000000	0.5015325751	0.0030275945	0.4984674249	0.5015325751	0.4984674249	0.5015325751	0.0000000000	0.0015184373	0.1232393441	-0.1232393441	0.0000000000	0.0002860438	0.0000000000	0.0002860438	0.5015354355	0.0017952011
824	8.2400000000	0.5015354355	0.0017952011	0.4984645645	0.5015354355	0.4984645645	0.5015354355	0.0000000000	0.0009003570	0.1234645051	-0.1234645051	0.0000000000	-0.0003342881	0.0000000000	-0.0003342881	0.5015320927	0.0005605560
825	8.2500000000	0.5015320927	0.0005605560	0.4984679073	0.5015320927	0.4984679073	0.5015320927	0.0000000000	0.0002811368	0.1232013698	-0.1232013698	0.0000000000	-0.0009508769	0.0000000000	-0.0009508769	0.5015225839	-0.0006714577
826	8.2600000000	0.5015225839	-0.0006714577	0.4984774161	0.5015225839	0.4984774161	0.5015225839	0.0000000000	-0.0003367512	0.1224528811	-0.1224528811	0.0000000000	-0.0015612800	0.0000000000	-0.0015612800	0.5015069711	-0.0018959865
827	8.2700000000	0.5015069711	-0.0018959865	0.4984930289	0.5015069711	0.4984930289	0.5015069711	0.0000000000	-0.0009508504	0.1212238863	-0.1212238863	0.0000000000	-0.0021630893	0.0000000000	-0.0021630893	0.5014853402	-0.0031082253
828	8.2800000000	0.5014853402	-0.0031082253	0.4985146598	0.5014853402	0.4985146598	0.5014853402	0.0000000000	-0.0015587294	0.1195211115	-0.1195211115	0.0000000000	-0.0027539405	0.0000000000	-0.0027539405	0.5014578008	-0.0043034364
829	8.2900000000	0.5014578008	-0.0043034364	0.4985421992	0.5014578008	0.4985421992	0.5014578008	0.0000000000	-0.0021579918	0.1173531276	-0.1173531276	0.0000000000	-0.0033315230	0.0000000000	-0.0033315230	0.5014244856	-0.0054769677
830	8.3000000000	0.5014244856	-0.0054769677	0.4985755144	0.5014244856	0.4985755144	0.5014244856	0.0000000000	-0.0027462857	0.1147303095	-0.1147303095	0.0000000000	-0.0038935888	0.0000000000	-0.0038935888	0.5013855497	-0.0066242708
831	8.3100000000	0.5013855497	-0.0066242708	0.4986144503	0.5013855497	0.4986144503	0.5013855497	0.0000000000	-0.0033213137	0.1116647886	-0.1116647886	0.0000000000	-0.0044379615	0.0000000000	-0.0044379615	0.5013411701	-0.0077409187
832	8.3200000000	0.5013411701	-0.0077409187	0.4986588299	0.5013411701	0.4986588299	0.5013411701	0.0000000000	-0.0038808412	0.1081703979	-0.1081703979	0.0000000000	-0.0049625452	0.0000000000	-0.0049625452	0.5012915446	-0.0088226227
833	8.3300000000	0.5012915446	-0.0088226227	0.4987084554	0.5012915446	0.4987084554	0.5012915446	0.0000000000	-0.0044227061	0.1042626113	-0.1042626113	0.0000000000	-0.0054653323	0.0000000000	-0.0054653323	0.5012368913	-0.0098652488
834	8.3400000000	0.5012368913	-0.0098652488	0.4987631087	0.5012368913	0.4987631087	0.5012368913	0.0000000000	-0.0049448266	0.0999584759	-0.0999584759	0.0000000000	-0.0059444114	0.0000000000	-0.0059444114	0.5011774472	-0.0108648335
835	8.3500000000	0.5011774472	-0.0108648335	0.4988225528	0.5011774472	0.4988225528	0.5011774472	0.0000000000	-0.0054452095	0.0952765389	-0.0952765389	0.0000000000	-0.0063979749	0.0000000000	-0.0063979749	0.5011134674	-0.0118175989
836	8.3600000000	0.5011134674	-0.0118175989	0.4988865326	0.5011134674	0.4988865326	0.5011134674	0.0000000000	-0.0059219580	0.0902367685	-0.0902367685	0.0000000000	-0.0068243257	0.0000000000	-0.0068243257	0.5010452242	-0.0127199666
837	8.3700000000	0.5010452242	-0.0127199666	0.4989547758	0.5010452242	0.4989547758	0.5010452242	0.0000000000	-0.0063732785	0.0848604696	-0.0848604696	0.0000000000	-0.0072218832	0.0000000000	-0.0072218832	0.5009730053	-0.0135685713
838	8.3800000000	0.5009730053	-0.0135685713	0.4990269947	0.5009730053	0.4990269947	0.5009730053	0.0000000000	-0.0067974880	0.0791701944	-0.0791701944	0.0000000000	-0.0075891899	0.0000000000	-0.0075891899	0.5008971134	-0.0143602733
839	8.3900000000	0.5008971134	-0.0143602733	0.4991028866	0.5008971134	0.4991028866	0.5008971134	0.0000000000	-0.0071930194	0.0731896484	-0.0731896484	0.0000000000	-0.0079249159	0.0000000000	-0.0079249159	0.5008178643	-0.0150921697
840	8.4000000000	0.5008178643	-0.0150921697	0.4991821357	0.5008178643	0.4991821357	0.5008178643	0.0000000000	-0.0075584282	0.0669435924	-0.0669435924	0.0000000000	-0.0082278641	0.0000000000	-0.0082278641	0.5007355856	-0.0157616057
841	8.4100000000	0.5007355856	-0.0157616057	0.4992644144	0.5007355856	0.4992644144	0.5007355856	0.0000000000	-0.0078923968	0.0604577404	-0.0604577404	0.0000000000	-0.0084969742	0.0000000000	-0.0084969742	0.5006506159	-0.0163661831
842	8.4200000000	0.5006506159	-0.0163661831	0.4993493841	0.5006506159	0.4993493841	0.5006506159	0.0000000000	-0.0081937396	0.0537586540	-0.0537586540	0.0000000000	-0.0087313262	0.0000000000	-0.0087313262	0.5005633026	-0.0169037696
843	8.4300000000	0.5005633026	-0.0169037696	0.4994366974	0.5005633026	0.4994366974	0.5005633026	0.0000000000	-0.0084614067	0.0468736341	-0.0468736341	0.0000000000	-0.0089301431	0.0000000000	-0.0089301431	0.5004740012	-0.0173725060
844	8.4400000000	0.5004740012	-0.0173725060	0.4995259988	0.5004740012	0.4995259988	0.5004740012	0.0000000000	-0.0086944876	0.0398306105	-0.0398306105	0.0000000000	-0.0090927937	0.0000000000	-0.0090927937	0.5003830733	-0.0177708121
845	8.4500000000	0.5003830733	-0.0177708121	0.4996169267	0.5003830733	0.4996169267	0.5003830733	0.0000000000	-0.0088922136	0.0326580280	-0.0326580280	0.0000000000	-0.0092187938	0.0000000000	-0.0092187938	0.5002908853	-0.0180973923
846	8.4600000000	0.5002908853	-0.0180973923	0.4997091147	0.5002908853	0.4997091147	0.5002908853	0.0000000000	-0.0090539604	0.0253847326	-0.0253847326	0.0000000000	-0.0093078078	0.0000000000	-0.0093078078	0.5001978072	-0.0183512397
847	8.4700000000	0.5001978072	-0.0183512397	0.4998021928	0.5001978072	0.4998021928	0.5001978072	0.0000000000	-0.0091792498	0.0180398552	-0.0180398552	0.0000000000	-0.0093596484	0.0000000000	-0.0093596484	0.5001042108	-0.0185316382
848	8.4800000000	0.5001042108	-0.0185316382	0.4998957892	0.5001042108	0.4998957892	0.5001042108	0.0000000000	-0.0092677503	0.0106526955	-0.0106526955	0.0000000000	-0.0093742773	0.0000000000	-0.0093742773	0.5000104680	-0.0186381652
849	8.4900000000	0.5000104680	-0.0186381652	0.4999895320	0.5000104680	0.4999895320	0.5000104680	0.0000000000	-0.0093192777	0.0032526052	-0.0032526052	0.0000000000	-0.0093518037	0.0000000000	-0.0093518037	0.4999169499	-0.0186706912
850	8.5000000000	0.4999169499	-0.0186706912	0.5000830501	0.4999169499	0.5000830501	0.4999169499	0.0000000000	-0.0093337950	-0.0041311285	0.0041311285	0.0000000000	-0.0092924837	0.0000000000	-0.0092924837	0.4998240251	-0.0186293799
851	8.5100000000	0.4998240251	-0.0186293799	0.5001759749	0.4998240251	0.5001759749	0.4998240251	0.0000000000	-0.0093114117	-0.0114693985	0.0114693985	0.0000000000	-0.0091967177	0.0000000000	-0.0091967177	0.4997320579	-0.0185146860
852	8.5200000000	0.4997320579	-0.0185146860	0.5002679421	0.4997320579	0.5002679421	0.4997320579	0.0000000000	-0.0092523821	-0.0187333923	0.0187333923	0.0000000000	-0.0090650482	0.0000000000	-0.0090650482	0.4996414075	-0.0183273520
853	8.5300000000	0.4996414075	-0.0183273520	0.5003585925	0.4996414075	0.5003585925	0.4996414075	0.0000000000	-0.0091571040	-0.0258947051	0.0258947051	0.0000000000	-0.0088981569	0.0000000000	-0.0088981569	0.4995524259	-0.0180684050
854	8.5400000000	0.4995524259	-0.0180684050	0.5004475741	0.4995524259	0.5004475741	0.4995524259	0.0000000000	-0.0090261155	-0.0329254505	0.0329254505	0.0000000000	-0.0086968610	0.0000000000	-0.0086968610	0.4994654573	-0.0177391505
855	8.5500000000	0.4994654573	-0.0177391505	0.5005345427	0.4994654573	0.5005345427	0.4994654573	0.0000000000	-0.0088600929	-0.0397983690	0.0397983690	0.0000000000	-0.0084621092	0.0000000000	-0.0084621092	0.4993808362	-0.0173411668
856	8.5600000000	0.4993808362	-0.0173411668	0.5006191638	0.4993808362	0.5006191638	0.4993808362	0.0000000000	-0.0086598464	-0.0464869333	0.0464869333	0.0000000000	-0.0081949770	-0.0000000000	-0.0081949770	0.4992988864	-0.0168762975
857	8.5700000000	0.4992988864	-0.0168762975	0.5007011136	0.4992988864	0.5007011136	0.4992988864	0.0000000000	-0.0084263165	-0.0529654503	0.0529654503	0.0000000000	-0.0078966620	-0.0000000000	-0.0078966620	0.4992199198	-0.0163466429
858	8.5800000000	0.4992199198	-0.0163466429	0.5007800802	0.4992199198	0.5007800802	0.4992199198	0.0000000000	-0.0081605698	-0.0592091598	0.0592091598	0.0000000000	-0.0075684782	0.0000000000	-0.0075684782	0.4991442350	-0.0157545513
859	8.5900000000	0.4991442350	-0.0157545513	0.5008557650	0.4991442350	0.5008557650	0.4991442350	0.0000000000	-0.0078637935	-0.0651943285	0.0651943285	0.0000000000	-0.0072118502	0.0000000000	-0.0072118502	0.4990721165	-0.0151026081
860	8.6000000000	0.4990721165	-0.0151026081	0.5009278835	0.4990721165	0.5009278835	0.4990721165	0.0000000000	-0.0075372906	-0.0708983398	0.0708983398	0.0000000000	-0.0068283072	0.0000000000	-0.0068283072	0.4990038334	-0.0143936247
861	8.6100000000	0.4990038334	-0.0143936247	0.5009961666	0.4990038334	0.5009961666	0.4990038334	0.0000000000	-0.0071824739	-0.0762997788	0.0762997788	0.0000000000	-0.0064194761	0.0000000000	-0.0064194761	0.4989396387	-0.0136306269
862	8.6200000000	0.4989396387	-0.0136306269	0.5010603613	0.4989396387	0.5010603613	0.4989396387	0.0000000000	-0.0068008600	-0.0813785125	0.0813785125	0.0000000000	-0.0059870749	0.0000000000	-0.0059870749	0.4988797679	-0.0128168418
863	8.6300000000	0.4988797679	-0.0128168418	0.5011202321	0.4988797679	0.5011202321	0.4988797679	0.0000000000	-0.0063940630	-0.0861157638	0.0861157638	0.0000000000	-0.0055329054	0.0000000000	-0.0055329054	0.4988244389	-0.0119556841
864	8.6400000000	0.4988244389	-0.0119556841	0.5011755611	0.4988244389	0.5011755611	0.4988244389	0.0000000000	-0.0059637874	-0.0904941805	0.0904941805	0.0000000000	-0.0050588456	0.0000000000	-0.0050588456	0.4987738504	-0.0110507423
865	8.6500000000	0.4987738504	-0.0110507423	0.5012261496	0.4987738504	0.5012261496	0.4987738504	0.0000000000	-0.0055118213	-0.0944978981	0.0944978981	0.0000000000	-0.0045668423	0.0000000000	-0.0045668423	0.4987281820	-0.0101057633
866	8.6600000000	0.4987281820	-0.0101057633	0.5012718180	0.4987281820	0.5012718180	0.4987281820	0.0000000000	-0.0050400290	-0.0981125966	0.0981125966	0.0000000000	-0.0040589030	0.0000000000	-0.0040589030	0.4986875930	-0.0091246374
867	8.6700000000	0.4986875930	-0.0091246374	0.5013124070	0.4986875930	0.5013124070	0.4986875930	0.0000000000	-0.0045503434	-0.1013255505	0.1013255505	0.0000000000	-0.0035370879	0.0000000000	-0.0035370879	0.4986522221	-0.0081113819
868	8.6800000000	0.4986522221	-0.0081113819	0.5013477779	0.4986522221	0.5013477779	0.4986522221	0.0000000000	-0.0040447586	-0.1041256730	0.1041256730	0.0000000000	-0.0030035019	0.0000000000	-0.0030035019	0.4986221871	-0.0070701251
869	8.6900000000	0.4986221871	-0.0070701251	0.5013778129	0.4986221871	0.5013778129	0.4986221871	0.0000000000	-0.0035253213	-0.1065035527	0.1065035527	0.0000000000	-0.0024602857	0.0000000000	-0.0024602857	0.4985975842	-0.0060050896
870	8.7000000000	0.4985975842	-0.0060050896	0.5014024158	0.4985975842	0.5014024158	0.4985975842	0.0000000000	-0.0029941232	-0.1084514843	0.1084514843	0.0000000000	-0.0019096083	0.0000000000	-0.0019096083	0.4985784881	-0.0049205748
871	8.7100000000	0.4985784881	-0.0049205748	0.5014215119	0.4985784881	0.5014215119	0.4985784881	0.0000000000	-0.0024532927	-0.1099634915	0.1099634915	0.0000000000	-0.0013536578	0.0000000000	-0.0013536578	0.4985649515	-0.0038209398
872	8.7200000000	0.4985649515	-0.0038209398	0.5014350485	0.4985649515	0.5014350485	0.4985649515	0.0000000000	-0.0019049867	-0.1110353442	0.1110353442	0.0000000000	-0.0007946332	0.0000000000	-0.0007946332	0.4985570052	-0.0027105864
873	8.7300000000	0.4985570052	-0.0027105864	0.5014429948	0.4985570052	0.5014429948	0.4985570052	0.0000000000	-0.0013513818	-0.1116645673	0.1116645673	0.0000000000	-0.0002347362	0.0000000000	-0.0002347362	0.4985546578	-0.0015939407
874	8.7400000000	0.4985546578	-0.0015939407	0.5014453422	0.4985546578	0.5014453422	0.4985546578	0.0000000000	-0.0007946666	-0.1118504440	0.1118504440	0.0000000000	0.0003238379	-0.0000000000	0.0003238379	0.4985578962	-0.0004754363
875	8.7500000000	0.4985578962	-0.0004754363	0.5014421038	0.4985578962	0.5014421038	0.4985578962	0.0000000000	-0.0002370325	-0.1115940106	0.1115940106	0.0000000000	0.0008789076	0.0000000000	0.0008789076	0.4985666853	0.0006405038
876	8.7600000000	0.4985666853	0.0006405038	0.5014333147	0.4985666853	0.5014333147	0.4985666853	0.0000000000	0.0003193339	-0.1108980457	0.1108980457	0.0000000000	0.0014283143	0.0000000000	0.0014283143	0.4985809684	0.0017494843
877	8.7700000000	0.4985809684	0.0017494843	0.5014190316	0.4985809684	0.5014190316	0.4985809684	0.0000000000	0.0008722596	-0.1097670518	0.1097670518	0.0000000000	0.0019699301	0.0000000000	0.0019699301	0.4986006677	0.0028471548
878	8.7800000000	0.4986006677	0.0028471548	0.5013993323	0.4986006677	0.5013993323	0.4986006677	0.0000000000	0.0014195933	-0.1082072305	0.1082072305	0.0000000000	0.0025016656	0.0000000000	0.0025016656	0.4986256844	0.0039292271
879	8.7900000000	0.4986256844	0.0039292271	0.5013743156	0.4986256844	0.5013743156	0.4986256844	0.0000000000	0.0019592136	-0.1062264510	0.1062264510	0.0000000000	0.0030214781	0.0000000000	0.0030214781	0.4986558992	0.0049914916
880	8.8000000000	0.4986558992	0.0049914916	0.5013441008	0.4986558992	0.5013441008	0.4986558992	0.0000000000	0.0024890367	-0.1038342121	0.1038342121	0.0000000000	0.0035273789	-0.0000000000	0.0035273789	0.4986911730	0.0060298337
881	8.8100000000	0.4986911730	0.0060298337	0.5013088270	0.4986911730	0.5013088270	0.4986911730	0.0000000000	0.0030070249	-0.1010415983	0.1010415983	0.0000000000	0.0040174408	0.0000000000	0.0040174408	0.4987313474	0.0070402497
882	8.8200000000	0.4987313474	0.0070402497	0.5012686526	0.4987313474	0.5012686526	0.4987313474	0.0000000000	0.0035111932	-0.0978612290	0.0978612290	0.0000000000	0.0044898055	-0.0000000000	0.0044898055	0.4987762454	0.0080188620
883	8.8300000000	0.4987762454	0.0080188620	0.5012237546	0.4987762454	0.5012237546	0.4987762454	0.0000000000	0.0039996179	-0.0943072031	0.0943072031	0.0000000000	0.0049426899	0.0000000000	0.0049426899	0.4988256723	0.0089619340
884	8.8400000000	0.4988256723	0.0089619340	0.5011743277	0.4988256723	0.5011743277	0.4988256723	0.0000000000	0.0044704428	-0.0903950365	0.0903950365	0.0000000000	0.0053743931	0.0000000000	0.0053743931	0.4988794163	0.0098658844
885	8.8500000000	0.4988794163	0.0098658844	0.5011205837	0.4988794163	0.5011205837	0.4988794163	0.0000000000	0.0049218866	-0.0861415959	0.0861415959	0.0000000000	0.0057833026	-0.0000000000	0.0057833026	0.4989372493	0.0107273004
886	8.8600000000	0.4989372493	0.0107273004	0.5010627507	0.4989372493	0.5010627507	0.4989372493	0.0000000000	0.0053522497	-0.0815650263	0.0815650263	0.0000000000	0.0061679000	0.0000000000	0.0061679000	0.4989989283	0.0115429506
887	8.8700000000	0.4989989283	0.0115429506	0.5010010717	0.4989989283	0.5010010717	0.4989989283	0.0000000000	0.0057599200	-0.0766846745	0.0766846745	0.0000000000	0.0065267667	0.0000000000	0.0065267667	0.4990641960	0.0123097974
888	8.8800000000	0.4990641960	0.0123097974	0.5009358040	0.4990641960	0.5009358040	0.4990641960	0.0000000000	0.0061433791	-0.0715210076	0.0715210076	0.0000000000	0.0068585892	0.0000000000	0.0068585892	0.4991327819	0.0130250074
889	8.8900000000	0.4991327819	0.0130250074	0.5008672181	0.4991327819	0.5008672181	0.4991327819	0.0000000000	0.0065012082	-0.0660955283	0.0660955283	0.0000000000	0.0071621635	0.0000000000	0.0071621635	0.4992044035	0.0136859627
890	8.9000000000	0.4992044035	0.0136859627	0.5007955965	0.4992044035	0.5007955965	0.4992044035	0.0000000000	0.0068320929	-0.0604306853	0.0604306853	0.0000000000	0.0074363997	-0.0000000000	0.0074363997	0.4992787675	0.0142902696
891	8.9100000000	0.4992787675	0.0142902696	0.5007212325	0.4992787675	0.5007212325	0.4992787675	0.0000000000	0.0071348282	-0.0545497818	0.0545497818	0.0000000000	0.0076803260	0.0000000000	0.0076803260	0.4993555707	0.0148357674
892	8.9200000000	0.4993555707	0.0148357674	0.5006444293	0.4993555707	0.5006444293	0.4993555707	0.0000000000	0.0074083231	-0.0484768795	0.0484768795	0.0000000000	0.0078930919	-0.0000000000	0.0078930919	0.4994345017	0.0153205362
893	8.9300000000	0.4994345017	0.0153205362	0.5005654983	0.4994345017	0.5005654983	0.4994345017	0.0000000000	0.0076516044	-0.0422367013	0.0422367013	0.0000000000	0.0080739714	0.0000000000	0.0080739714	0.4995152414	0.0157429032
894	8.9400000000	0.4995152414	0.0157429032	0.5004847586	0.4995152414	0.5004847586	0.4995152414	0.0000000000	0.0078638201	-0.0358545308	0.0358545308	0.0000000000	0.0082223654	0.0000000000	0.0082223654	0.4995974650	0.0161014485
895	8.9500000000	0.4995974650	0.0161014485	0.5004025350	0.4995974650	0.5004025350	0.4995974650	0.0000000000	0.0080442429	-0.0293561110	0.0293561110	0.0000000000	0.0083378040	0.0000000000	0.0083378040	0.4996808431	0.0163950096
896	8.9600000000	0.4996808431	0.0163950096	0.5003191569	0.4996808431	0.5003191569	0.4996808431	0.0000000000	0.0081922722	-0.0227675406	0.0227675406	0.0000000000	0.0084199476	0.0000000000	0.0084199476	0.4997650425	0.0166226850
897	8.9700000000	0.4997650425	0.0166226850	0.5002349575	0.4997650425	0.5002349575	0.4997650425	0.0000000000	0.0083074369	-0.0161151701	0.0161151701	0.0000000000	0.0084685886	0.0000000000	0.0084685886	0.4998497284	0.0167838367
898	8.9800000000	0.4998497284	0.0167838367	0.5001502716	0.4998497284	0.5001502716	0.4998497284	0.0000000000	0.0083893962	-0.0094254970	0.0094254970	0.0000000000	0.0084836512	0.0000000000	0.0084836512	0.4999345649	0.0168780917
899	8.9900000000	0.4999345649	0.0168780917	0.5000654351	0.4999345649	0.5000654351	0.4999345649	0.0000000000	0.0084379414	-0.0027250607	0.0027250607	0.0000000000	0.0084651920	0.0000000000	0.0084651920	0.5000192169	0.0169053423
900	9.0000000000	0.5000192169	0.0169053423	0.4999807831	0.5000192169	0.4999807831	0.5000192169	0.0000000000	0.0084529960	0.0039596619	-0.0039596619	0.0000000000	0.0084133994	0.0000000000	0.0084133994	0.5001033509	0.0168657457
901	9.0100000000	0.5001033509	0.0168657457	0.4998966491	0.5001033509	0.4998966491	0.5001033509	0.0000000000	0.0084346159	0.0106023605	-0.0106023605	0.0000000000	0.0083285923	0.0000000000	0.0083285923	0.5001866368	0.0167597221
902	9.0200000000	0.5001866368	0.0167597221	0.4998133632	0.5001866368	0.4998133632	0.5001866368	0.0000000000	0.0083829890	0.0171769944	-0.0171769944	0.0000000000	0.0082112191	0.0000000000	0.0082112191	0.5002687490	0.0165879521
903	9.0300000000	0.5002687490	0.0165879521	0.4997312510	0.5002687490	0.4997312510	0.5002687490	0.0000000000	0.0082984341	0.0236578939	-0.0236578939	0.0000000000	0.0080618551	0.0000000000	0.0080618551	0.5003493675	0.0163513732
904	9.0400000000	0.5003493675	0.0163513732	0.4996506325	0.5003493675	0.4996506325	0.5003493675	0.0000000000	0.0081813992	0.0300198601	-0.0300198601	0.0000000000	0.0078812006	0.0000000000	0.0078812006	0.5004281795	0.0160511746
905	9.0500000000	0.5004281795	0.0160511746	0.4995718205	0.5004281795	0.4995718205	0.5004281795	0.0000000000	0.0080324601	0.0362382617	-0.0362382617	0.0000000000	0.0076700775	0.0000000000	0.0076700775	0.5005048803	0.0156887920
906	9.0600000000	0.5005048803	0.0156887920	0.4994951197	0.5005048803	0.4994951197	0.5005048803	0.0000000000	0.0078523170	0.0422891304	-0.0422891304	0.0000000000	0.0074294256	0.0000000000	0.0074294256	0.5005791746	0.0152659007
907	9.0700000000	0.5005791746	0.0152659007	0.4994208254	0.5005791746	0.4994208254	0.5005791746	0.0000000000	0.0076417920	0.0481492524	-0.0481492524	0.0000000000	0.0071602994	0.0000000000	0.0071602994	0.5006507776	0.0147844082
908	9.0800000000	0.5006507776	0.0147844082	0.4993492224	0.5006507776	0.4993492224	0.5006507776	0.0000000000	0.0074018254	0.0537962570	-0.0537962570	0.0000000000	0.0068638629	0.0000000000	0.0068638629	0.5007194162	0.0142464456
909	9.0900000000	0.5007194162	0.0142464456	0.4992805838	0.5007194162	0.4992805838	0.5007194162	0.0000000000	0.0071334719	0.0592087013	-0.0592087013	0.0000000000	0.0065413849	0.0000000000	0.0065413849	0.5007848300	0.0136543586
910	9.1000000000	0.5007848300	0.0136543586	0.4992151700	0.5007848300	0.4992151700	0.5007848300	0.0000000000	0.0068378956	0.0643661511	-0.0643661511	0.0000000000	0.0061942341	0.0000000000	0.0061942341	0.5008467724	0.0130106971
911	9.1100000000	0.5008467724	0.0130106971	0.4991532276	0.5008467724	0.4991532276	0.5008467724	0.0000000000	0.0065163656	0.0692492575	-0.0692492575	0.0000000000	0.0058238731	0.0000000000	0.0058238731	0.5009050111	0.0123182045
912	9.1200000000	0.5009050111	0.0123182045	0.4990949889	0.5009050111	0.4990949889	0.5009050111	0.0000000000	0.0061702504	0.0738398290	-0.0738398290	0.0000000000	0.0054318521	0.0000000000	0.0054318521	0.5009593296	0.0115798062
913	9.1300000000	0.5009593296	0.0115798062	0.4990406704	0.5009593296	0.4990406704	0.5009593296	0.0000000000	0.0058010119	0.0781208987	-0.0781208987	0.0000000000	0.0050198030	0.0000000000	0.0050198030	0.5010095277	0.0107985972
914	9.1400000000	0.5010095277	0.0107985972	0.4989904723	0.5010095277	0.4989904723	0.5010095277	0.0000000000	0.0054102001	0.0820767862	-0.0820767862	0.0000000000	0.0045894322	0.0000000000	0.0045894322	0.5010554220	0.0099778293
915	9.1500000000	0.5010554220	0.0099778293	0.4989445780	0.5010554220	0.4989445780	0.5010554220	0.0000000000	0.0049994455	0.0856931550	-0.0856931550	0.0000000000	0.0041425139	0.0000000000	0.0041425139	0.5010968471	0.0091208978
916	9.1600000000	0.5010968471	0.0091208978	0.4989031529	0.5010968471	0.4989031529	0.5010968471	0.0000000000	0.0045704531	0.0889570633	-0.0889570633	0.0000000000	0.0036808825	0.0000000000	0.0036808825	0.5011336559	0.0082313272
917	9.1700000000	0.5011336559	0.0082313272	0.4988663441	0.5011336559	0.4988663441	0.5011336559	0.0000000000	0.0041249951	0.0918570101	-0.0918570101	0.0000000000	0.0032064250	0.0000000000	0.0032064250	0.5011657202	0.0073127571
918	9.1800000000	0.5011657202	0.0073127571	0.4988342798	0.5011657202	0.4988342798	0.5011657202	0.0000000000	0.0036649032	0.0943829746	-0.0943829746	0.0000000000	0.0027210734	0.0000000000	0.0027210734	0.5011929309	0.0063689273
919	9.1900000000	0.5011929309	0.0063689273	0.4988070691	0.5011929309	0.4988070691	0.5011929309	0.0000000000	0.0031920613	0.0965264507	-0.0965264507	0.0000000000	0.0022267968	0.0000000000	0.0022267968	0.5012151989	0.0054036628
920	9.2000000000	0.5012151989	0.0054036628	0.4987848011	0.5012151989	0.4987848011	0.5012151989	0.0000000000	0.0027083979	0.0982804741	-0.0982804741	0.0000000000	0.0017255932	0.0000000000	0.0017255932	0.5012324548	0.0044208581
921	9.2100000000	0.5012324548	0.0044208581	0.4987675452	0.5012324548	0.4987675452	0.5012324548	0.0000000000	0.0022158775	0.0996396446	-0.0996396446	0.0000000000	0.0012194811	0.0000000000	0.0012194811	0.5012446496	0.0034244616
922	9.2200000000	0.5012446496	0.0034244616	0.4987553504	0.5012446496	0.4987553504	0.5012446496	0.0000000000	0.0017164931	0.1006001407	-0.1006001407	0.0000000000	0.0007104917	0.0000000000	0.0007104917	0.5012517546	0.0024184602
923	9.2300000000	0.5012517546	0.0024184602	0.4987482454	0.5012517546	0.4987482454	0.5012517546	0.0000000000	0.0012122574	0.1011597294	-0.1011597294	0.0000000000	0.0002006601	0.0000000000	0.0002006601	0.5012537612	0.0014068629
924	9.2400000000	0.5012537612	0.0014068629	0.4987462388	0.5012537612	0.4987462388	0.5012537612	0.0000000000	0.0007051953	0.1013177687	-0.1013177687	0.0000000000	-0.0003079824	0.0000000000	-0.0003079824	0.5012506813	0.0003936852
925	9.2500000000	0.5012506813	0.0003936852	0.4987493187	0.5012506813	0.4987493187	0.5012506813	0.0000000000	0.0001973350	0.1010752038	-0.1010752038	0.0000000000	-0.0008134170	0.0000000000	-0.0008134170	0.5012425472	-0.0006170668
926	9.2600000000	0.5012425472	-0.0006170668	0.4987574528	0.5012425472	0.4987574528	0.5012425472	0.0000000000	-0.0003093001	0.1004345579	-0.1004345579	0.0000000000	-0.0013136457	0.0000000000	-0.0013136457	0.5012294107	-0.0016214124
927	9.2700000000	0.5012294107	-0.0016214124	0.4987705893	0.5012294107	0.4987705893	0.5012294107	0.0000000000	-0.0008126996	0.0993999160	-0.0993999160	0.0000000000	-0.0018066987	0.0000000000	-0.0018066987	0.5012113437	-0.0026154115
928	9.2800000000	0.5012113437	-0.0026154115	0.4987886563	0.5012113437	0.4987886563	0.5012113437	0.0000000000	-0.0013108739	0.0979769028	-0.0979769028	0.0000000000	-0.0022906430	0.0000000000	-0.0022906430	0.5011884373	-0.0035951806
929	9.2900000000	0.5011884373	-0.0035951806	0.4988115627	0.5011884373	0.4988115627	0.5011884373	0.0000000000	-0.0018018629	0.0961726547	-0.0961726547	0.0000000000	-0.0027635895	0.0000000000	-0.0027635895	0.5011608014	-0.0045569071
930	9.3000000000	0.5011608014	-0.0045569071	0.4988391986	0.5011608014	0.4988391986	0.5011608014	0.0000000000	-0.0022837432	0.0939957861	-0.0939957861	0.0000000000	-0.0032237011	0.0000000000	-0.0032237011	0.5011285644	-0.0054968650
931	9.3100000000	0.5011285644	-0.0054968650	0.4988714356	0.5011285644	0.4988714356	0.5011285644	0.0000000000	-0.0027546361	0.0914563493	-0.0914563493	0.0000000000	-0.0036691996	0.0000000000	-0.0036691996	0.5010918724	-0.0064114285
932	9.3200000000	0.5010918724	-0.0064114285	0.4989081276	0.5010918724	0.4989081276	0.5010918724	0.0000000000	-0.0032127147	0.0885657898	-0.0885657898	0.0000000000	-0.0040983726	0.0000000000	-0.0040983726	0.5010508887	-0.0072970864
933	9.3300000000	0.5010508887	-0.0072970864	0.4989491113	0.5010508887	0.4989491113	0.5010508887	0.0000000000	-0.0036562116	0.0853368956	-0.0853368956	0.0000000000	-0.0045095806	0.0000000000	-0.0045095806	0.5010057929	-0.0081504553
934	9.3400000000	0.5010057929	-0.0081504553	0.4989942071	0.5010057929	0.4989942071	0.5010057929	0.0000000000	-0.0040834253	0.0817837415	-0.0817837415	0.0000000000	-0.0049012627	0.0000000000	-0.0049012627	0.5009567802	-0.0089682927
935	9.3500000000	0.5009567802	-0.0089682927	0.4990432198	0.5009567802	0.4990432198	0.5009567802	0.0000000000	-0.0044927271	0.0779216285	-0.0779216285	0.0000000000	-0.0052719433	0.0000000000	-0.0052719433	0.5009040608	-0.0097475090
936	9.3600000000	0.5009040608	-0.0097475090	0.4990959392	0.5009040608	0.4990959392	0.5009040608	0.0000000000	-0.0048825669	0.0737670190	-0.0737670190	0.0000000000	-0.0056202370	0.0000000000	-0.0056202370	0.5008478584	-0.0104851792
937	9.3700000000	0.5008478584	-0.0104851792	0.4991521416	0.5008478584	0.4991521416	0.5008478584	0.0000000000	-0.0052514796	0.0693374668	-0.0693374668	0.0000000000	-0.0059448542	0.0000000000	-0.0059448542	0.5007884099	-0.0111785539
938	9.3800000000	0.5007884099	-0.0111785539	0.4992115901	0.5007884099	0.4992115901	0.5007884099	0.0000000000	-0.0055980902	0.0646515441	-0.0646515441	0.0000000000	-0.0062446057	0.0000000000	-0.0062446057	0.5007259638	-0.0118250693
939	9.3900000000	0.5007259638	-0.0118250693	0.4992740362	0.5007259638	0.4992740362	0.5007259638	0.0000000000	-0.0059211192	0.0597287634	-0.0597287634	0.0000000000	-0.0065184069	0.0000000000	-0.0065184069	0.5006607798	-0.0124223570
940	9.4000000000	0.5006607798	-0.0124223570	0.4993392202	0.5006607798	0.4993392202	0.5006607798	0.0000000000	-0.0062193869	0.0545894975	-0.0545894975	0.0000000000	-0.0067652819	0.0000000000	-0.0067652819	0.5005931269	-0.0129682519
941	9.4100000000	0.5005931269	-0.0129682519	0.4994068731	0.5005931269	0.4994068731	0.5005931269	0.0000000000	-0.0064918178	0.0492548950	-0.0492548950	0.0000000000	-0.0069843667	0.0000000000	-0.0069843667	0.5005232833	-0.0134608009
942	9.4200000000	0.5005232833	-0.0134608009	0.4994767167	0.5005232833	0.4994767167	0.5005232833	0.0000000000	-0.0067374443	0.0437467941	-0.0437467941	0.0000000000	-0.0071749122	0.0000000000	-0.0071749122	0.5004515341	-0.0138982688
943	9.4300000000	0.5004515341	-0.0138982688	0.4995484659	0.5004515341	0.4995484659	0.5004515341	0.0000000000	-0.0069554100	0.0380876331	-0.0380876331	0.0000000000	-0.0073362863	0.0000000000	-0.0073362863	0.5003781713	-0.0142791452
944	9.4400000000	0.5003781713	-0.0142791452	0.4996218287	0.5003781713	0.4996218287	0.5003781713	0.0000000000	-0.0071449725	0.0323003600	-0.0323003600	0.0000000000	-0.0074679761	0.0000000000	-0.0074679761	0.5003034915	-0.0146021488
945	9.4500000000	0.5003034915	-0.0146021488	0.4996965085	0.5003034915	0.4996965085	0.5003034915	0.0000000000	-0.0073055060	0.0264083387	-0.0264083387	0.0000000000	-0.0075695894	0.0000000000	-0.0075695894	0.5002277956	-0.0148662321
946	9.4600000000	0.5002277956	-0.0148662321	0.4997722044	0.5002277956	0.4997722044	0.5002277956	0.0000000000	-0.0074365025	0.0204352561	-0.0204352561	0.0000000000	-0.0076408551	0.0000000000	-0.0076408551	0.5001513871	-0.0150705847
947	9.4700000000	0.5001513871	-0.0150705847	0.4998486129	0.5001513871	0.4998486129	0.5001513871	0.0000000000	-0.0075375738	0.0144050260	-0.0144050260	0.0000000000	-0.0076816241	0.0000000000	-0.0076816241	0.5000745708	-0.0152146350
948	9.4800000000	0.5000745708	-0.0152146350	0.4999254292	0.5000745708	0.4999254292	0.5000745708	0.0000000000	-0.0076084521	0.0083416946	-0.0083416946	0.0000000000	-0.0076918690	0.0000000000	-0.0076918690	0.4999976521	-0.0152980519
949	9.4900000000	0.4999976521	-0.0152980519	0.5000023479	0.4999976521	0.5000023479	0.4999976521	0.0000000000	-0.0076489900	0.0022693439	-0.0022693439	0.0000000000	-0.0076716835	0.0000000000	-0.0076716835	0.4999209353	-0.0153207454
950	9.5000000000	0.4999209353	-0.0153207454	0.5000790647	0.4999209353	0.5000790647	0.4999209353	0.0000000000	-0.0076591613	-0.0037880031	0.0037880031	0.0000000000	-0.0076212813	-0.0000000000	-0.0076212813	0.4998447225	-0.0152828653
951	9.5100000000	0.4998447225	-0.0152828653	0.5001552775	0.4998447225	0.5001552775	0.4998447225	0.0000000000	-0.0076390596	-0.0098064773	0.0098064773	0.0000000000	-0.0075409948	0.0000000000	-0.0075409948	0.4997693126	-0.0151848005
952	9.5200000000	0.4997693126	-0.0151848005	0.5002306874	0.4997693126	0.5002306874	0.4997693126	0.0000000000	-0.0075888973	-0.0157624578	0.0157624578	0.0000000000	-0.0074312728	0.0000000000	-0.0074312728	0.4996949998	-0.0150271760
953	9.5300000000	0.4996949998	-0.0150271760	0.5003050002	0.4996949998	0.5003050002	0.4996949998	0.0000000000	-0.0075090047	-0.0216326639	0.0216326639	0.0000000000	-0.0072926781	0.0000000000	-0.0072926781	0.4996220730	-0.0148108493
954	9.5400000000	0.4996220730	-0.0148108493	0.5003779270	0.4996220730	0.5003779270	0.4996220730	0.0000000000	-0.0073998272	-0.0273942463	0.0273942463	0.0000000000	-0.0071258848	0.0000000000	-0.0071258848	0.4995508142	-0.0145369069
955	9.5500000000	0.4995508142	-0.0145369069	0.5004491858	0.4995508142	0.5004491858	0.4995508142	0.0000000000	-0.0072619237	-0.0330248753	0.0330248753	0.0000000000	-0.0069316749	0.0000000000	-0.0069316749	0.4994814974	-0.0142066581
956	9.5600000000	0.4994814974	-0.0142066581	0.5005185026	0.4994814974	0.5005185026	0.4994814974	0.0000000000	-0.0070959629	-0.0385028277	0.0385028277	0.0000000000	-0.0067109346	0.0000000000	-0.0067109346	0.4994143881	-0.0138216298
957	9.5700000000	0.4994143881	-0.0138216298	0.5005856119	0.4994143881	0.5005856119	0.4994143881	0.0000000000	-0.0069027208	-0.0438070698	0.0438070698	0.0000000000	-0.0064646501	-0.0000000000	-0.0064646501	0.4993497416	-0.0133835591
958	9.5800000000	0.4993497416	-0.0133835591	0.5006502584	0.4993497416	0.5006502584	0.4993497416	0.0000000000	-0.0066830768	-0.0489173382	0.0489173382	0.0000000000	-0.0061939034	0.0000000000	-0.0061939034	0.4992878026	-0.0128943858
959	9.5900000000	0.4992878026	-0.0128943858	0.5007121974	0.4992878026	0.5007121974	0.4992878026	0.0000000000	-0.0064380095	-0.0538142168	0.0538142168	0.0000000000	-0.0058998674	0.0000000000	-0.0058998674	0.4992288039	-0.0123562436
960	9.6000000000	0.4992288039	-0.0123562436	0.5007711961	0.4992288039	0.5007711961	0.4992288039	0.0000000000	-0.0061685927	-0.0584792101	0.0584792101	0.0000000000	-0.0055838006	0.0000000000	-0.0055838006	0.4991729659	-0.0117714515
961	9.6100000000	0.4991729659	-0.0117714515	0.5008270341	0.4991729659	0.5008270341	0.4991729659	0.0000000000	-0.0058759904	-0.0628948130	0.0628948130	0.0000000000	-0.0052470422	0.0000000000	-0.0052470422	0.4991204955	-0.0111425034
962	9.6200000000	0.4991204955	-0.0111425034	0.5008795045	0.4991204955	0.5008795045	0.4991204955	0.0000000000	-0.0055614518	-0.0670445754	0.0670445754	0.0000000000	-0.0048910060	0.0000000000	-0.0048910060	0.4990715854	-0.0104720576
963	9.6300000000	0.4990715854	-0.0104720576	0.5009284146	0.4990715854	0.5009284146	0.4990715854	0.0000000000	-0.0052263064	-0.0709131639	0.0709131639	0.0000000000	-0.0045171748	0.0000000000	-0.0045171748	0.4990264137	-0.0097629260
964	9.6400000000	0.4990264137	-0.0097629260	0.5009735863	0.4990264137	0.5009735863	0.4990264137	0.0000000000	-0.0048719579	-0.0744864170	0.0744864170	0.0000000000	-0.0041270938	0.0000000000	-0.0041270938	0.4989851427	-0.0090180618
965	9.6500000000	0.4989851427	-0.0090180618	0.5010148573	0.4989851427	0.5010148573	0.4989851427	0.0000000000	-0.0044998789	-0.0777513971	0.0777513971	0.0000000000	-0.0037223649	0.0000000000	-0.0037223649	0.4989479191	-0.0082405478
966	9.6600000000	0.4989479191	-0.0082405478	0.5010520809	0.4989479191	0.5010520809	0.4989479191	0.0000000000	-0.0041116042	-0.0806964362	0.0806964362	0.0000000000	-0.0033046398	0.0000000000	-0.0033046398	0.4989148727	-0.0074335835
967	9.6700000000	0.4989148727	-0.0074335835	0.5010851273	0.4989148727	0.5010851273	0.4989148727	0.0000000000	-0.0037087253	-0.0833111771	0.0833111771	0.0000000000	-0.0028756136	0.0000000000	-0.0028756136	0.4988861165	-0.0066004717
968	9.6800000000	0.4988861165	-0.0066004717	0.5011138835	0.4988861165	0.5011138835	0.4988861165	0.0000000000	-0.0032928837	-0.0855866088	0.0855866088	0.0000000000	-0.0024370176	-0.0000000000	-0.0024370176	0.4988617464	-0.0057446056
969	9.6900000000	0.4988617464	-0.0057446056	0.5011382536	0.4988617464	0.5011382536	0.4988617464	0.0000000000	-0.0028657640	-0.0875150970	0.0875150970	0.0000000000	-0.0019906130	0.0000000000	-0.0019906130	0.4988418402	-0.0048694546
970	9.7000000000	0.4988418402	-0.0048694546	0.5011581598	0.4988418402	0.5011581598	0.4988418402	0.0000000000	-0.0024290877	-0.0890904083	0.0890904083	0.0000000000	-0.0015381836	0.0000000000	-0.0015381836	0.4988264584	-0.0039785506
971	9.7100000000	0.4988264584	-0.0039785506	0.5011735416	0.4988264584	0.5011735416	0.4988264584	0.0000000000	-0.0019846063	-0.0903077291	0.0903077291	0.0000000000	-0.0010815290	0.0000000000	-0.0010815290	0.4988156431	-0.0030754733
972	9.7200000000	0.4988156431	-0.0030754733	0.5011843569	0.4988156431	0.5011843569	0.4988156431	0.0000000000	-0.0015340942	-0.0911636791	0.0911636791	0.0000000000	-0.0006224574	0.0000000000	-0.0006224574	0.4988094185	-0.0021638365
973	9.7300000000	0.4988094185	-0.0021638365	0.5011905815	0.4988094185	0.5011905815	0.4988094185	0.0000000000	-0.0010793420	-0.0916563187	0.0916563187	0.0000000000	-0.0001627788	0.0000000000	-0.0001627788	0.4988077907	-0.0012472733
974	9.7400000000	0.4988077907	-0.0012472733	0.5011922093	0.4988077907	0.5011922093	0.4988077907	0.0000000000	-0.0006221496	-0.0917851505	0.0917851505	0.0000000000	0.0002957019	0.0000000000	0.0002957019	0.4988107478	-0.0003294218
975	9.7500000000	0.4988107478	-0.0003294218	0.5011892522	0.4988107478	0.5011892522	0.4988107478	0.0000000000	-0.0001643191	-0.0915511156	0.0915511156	0.0000000000	0.0007511920	0.0000000000	0.0007511920	0.4988182597	0.0005860894
976	9.7600000000	0.4988182597	0.0005860894	0.5011817403	0.4988182597	0.5011817403	0.4988182597	0.0000000000	0.0002923521	-0.0909565840	0.0909565840	0.0000000000	0.0012019179	-0.0000000000	0.0012019179	0.4988302789	0.0014956552
977	9.7700000000	0.4988302789	0.0014956552	0.5011697211	0.4988302789	0.5011697211	0.4988302789	0.0000000000	0.0007460781	-0.0900053394	0.0900053394	0.0000000000	0.0016461315	0.0000000000	0.0016461315	0.4988467402	0.0023957086
978	9.7800000000	0.4988467402	0.0023957086	0.5011532598	0.4988467402	0.5011532598	0.4988467402	0.0000000000	0.0011950914	-0.0887025583	0.0887025583	0.0000000000	0.0020821170	0.0000000000	0.0020821170	0.4988675613	0.0032827342
979	9.7900000000	0.4988675613	0.0032827342	0.5011324387	0.4988675613	0.5011324387	0.4988675613	0.0000000000	0.0016376496	-0.0870547840	0.0870547840	0.0000000000	0.0025081974	0.0000000000	0.0025081974	0.4988926433	0.0041532820
980	9.8000000000	0.4988926433	0.0041532820	0.5011073567	0.4988926433	0.5011073567	0.4988926433	0.0000000000	0.0020720419	-0.0850698951	0.0850698951	0.0000000000	0.0029227408	0.0000000000	0.0029227408	0.4989218707	0.0050039810
981	9.8100000000	0.4989218707	0.0050039810	0.5010781293	0.4989218707	0.5010781293	0.4989218707	0.0000000000	0.0024965956	-0.0827570693	0.0827570693	0.0000000000	0.0033241662	0.0000000000	0.0033241662	0.4989551124	0.0058315517
982	9.8200000000	0.4989551124	0.0058315517	0.5010448876	0.4989551124	0.5010448876	0.4989551124	0.0000000000	0.0029096825	-0.0801267411	0.0801267411	0.0000000000	0.0037109499	0.0000000000	0.0037109499	0.4989922219	0.0066328191
983	9.8300000000	0.4989922219	0.0066328191	0.5010077781	0.4989922219	0.5010077781	0.4989922219	0.0000000000	0.0033097251	-0.0771905565	0.0771905565	0.0000000000	0.0040816307	0.0000000000	0.0040816307	0.4990330382	0.0074047247
984	9.8400000000	0.4990330382	0.0074047247	0.5009669618	0.4990330382	0.5009669618	0.4990330382	0.0000000000	0.0036952022	-0.0739613214	0.0739613214	0.0000000000	0.0044348155	0.0000000000	0.0044348155	0.4990773863	0.0081443379
985	9.8500000000	0.4990773863	0.0081443379	0.5009226137	0.4990773863	0.5009226137	0.4990773863	0.0000000000	0.0040646549	-0.0704529465	0.0704529465	0.0000000000	0.0047691843	0.0000000000	0.0047691843	0.4991250782	0.0088488673
986	9.8600000000	0.4991250782	0.0088488673	0.5008749218	0.4991250782	0.5008749218	0.4991250782	0.0000000000	0.0044166916	-0.0666803883	0.0666803883	0.0000000000	0.0050834955	0.0000000000	0.0050834955	0.4991759131	0.0095156712
987	9.8700000000	0.4991759131	0.0095156712	0.5008240869	0.4991759131	0.5008240869	0.4991759131	0.0000000000	0.0047499939	-0.0626595854	0.0626595854	0.0000000000	0.0053765897	-0.0000000000	0.0053765897	0.4992296790	0.0101422671
988	9.8800000000	0.4992296790	0.0101422671	0.5007703210	0.4992296790	0.5007703210	0.4992296790	0.0000000000	0.0050633207	-0.0584073919	0.0584073919	0.0000000000	0.0056473947	0.0000000000	0.0056473947	0.4992861530	0.0107263410
989	9.8900000000	0.4992861530	0.0107263410	0.5007138470	0.4992861530	0.5007138470	0.4992861530	0.0000000000	0.0053555135	-0.0539415075	0.0539415075	0.0000000000	0.0058949286	0.0000000000	0.0058949286	0.4993451023	0.0112657561
990	9.9000000000	0.4993451023	0.0112657561	0.5006548977	0.4993451023	0.5006548977	0.4993451023	0.0000000000	0.0056255001	-0.0492804038	0.0492804038	0.0000000000	0.0061183042	0.0000000000	0.0061183042	0.4994062853	0.0117585601
991	9.9100000000	0.4994062853	0.0117585601	0.5005937147	0.4994062853	0.5005937147	0.4994062853	0.0000000000	0.0058722988	-0.0444432488	0.0444432488	0.0000000000	0.0063167313	0.0000000000	0.0063167313	0.4994694526	0.0122029926
992	9.9200000000	0.4994694526	0.0122029926	0.5005305474	0.4994694526	0.5005305474	0.4994694526	0.0000000000	0.0060950220	-0.0394498283	0.0394498283	0.0000000000	0.0064895203	0.0000000000	0.0064895203	0.4995343478	0.0125974909
993	9.9300000000	0.4995343478	0.0125974909	0.5004656522	0.4995343478	0.5004656522	0.4995343478	0.0000000000	0.0062928794	-0.0343204657	0.0343204657	0.0000000000	0.0066360840	-0.0000000000	0.0066360840	0.4996007087	0.0129406955
994	9.9400000000	0.4996007087	0.0129406955	0.5003992913	0.4996007087	0.5003992913	0.4996007087	0.0000000000	0.0064651807	-0.0290759395	0.0290759395	0.0000000000	0.0067559401	0.0000000000	0.0067559401	0.4996682681	0.0132314549
995	9.9500000000	0.4996682681	0.0132314549	0.5003317319	0.4996682681	0.5003317319	0.4996682681	0.0000000000	0.0066113382	-0.0237373998	0.0237373998	0.0000000000	0.0068487122	0.0000000000	0.0068487122	0.4997367552	0.0134688289
996	9.9600000000	0.4997367552	0.0134688289	0.5002632448	0.4997367552	0.5002632448	0.4997367552	0.0000000000	0.0067308689	-0.0183262834	0.0183262834	0.0000000000	0.0069141317	0.0000000000	0.0069141317	0.4998058965	0.0136520918
997	9.9700000000	0.4998058965	0.0136520918	0.5001941035	0.4998058965	0.5001941035	0.4998058965	0.0000000000	0.0068233960	-0.0128642281	0.0128642281	0.0000000000	0.0069520382	0.0000000000	0.0069520382	0.4998754169	0.0137807340
998	9.9800000000	0.4998754169	0.0137807340	0.5001245831	0.4998754169	0.5001245831	0.4998754169	0.0000000000	0.0068886502	-0.0073729870	0.0073729870	0.0000000000	0.0069623800	0.0000000000	0.0069623800	0.4999450407	0.0138544639
999	9.9900000000	0.4999450407	0.0138544639	0.5000549593	0.4999450407	0.5000549593	0.4999450407	0.0000000000	0.0069264705	-0.0018743419	0.0018743419	0.0000000000	0.0069452139	-0.0000000000	0.0069452139	0.5000144928	0.0138732073
