# time	x_num	v_num	x_ana	v_ana
0.0000000000	12.5000000000	0.0707106781	12.5000000000	0.0707106781
0.0192307692	12.5013548634	0.0707106781	12.5013597876	0.0707055163
0.0384615385	12.5027095302	0.0707004097	12.5027193768	0.0706900316
0.0576923077	12.5040638036	0.0706798743	12.5040785689	0.0706642263
0.0769230769	12.5054174869	0.0706490749	12.5054371655	0.0706281041
0.0961538462	12.5067703836	0.0706080159	12.5067949683	0.0705816703
0.1153846154	12.5081222971	0.0705567032	12.5081517791	0.0705249318
0.1346153846	12.5094730311	0.0704951444	12.5095073997	0.0704578967
0.1538461538	12.5108223895	0.0704233482	12.5108616322	0.0703805748
0.1730769231	12.5121701761	0.0703413251	12.5122142790	0.0702929776
0.1923076923	12.5135161954	0.0702490869	12.5135651425	0.0701951177
0.2115384615	12.5148602518	0.0701466471	12.5149140255	0.0700870094
0.2307692308	12.5162021501	0.0700340203	12.5162607311	0.0699686685
0.2500000000	12.5175416954	0.0699112229	12.5176050627	0.0698401123
0.2692307692	12.5188786933	0.0697782727	12.5189468239	0.0697013596
0.2884615385	12.5202129494	0.0696351889	12.5202858190	0.0695524306
0.3076923077	12.5215442701	0.0694819921	12.5216218523	0.0693933471
0.3269230769	12.5228724621	0.0693187044	12.5229547289	0.0692241323
0.3461538462	12.5241973325	0.0691453495	12.5242842541	0.0690448108
0.3653846154	12.5255186889	0.0689619522	12.5256102339	0.0688554090
0.3846153846	12.5268363396	0.0687685390	12.5269324747	0.0686559543
0.4038461538	12.5281500932	0.0685651375	12.5282507833	0.0684464760
0.4230769231	12.5294597590	0.0683517771	12.5295649674	0.0682270047
0.4423076923	12.5307651470	0.0681284881	12.5308748350	0.0679975723
0.4615384615	12.5320660678	0.0678953025	12.5321801950	0.0677582124
0.4807692308	12.5333623326	0.0676522534	12.5334808567	0.0675089599
0.5000000000	12.5346537534	0.0673993754	12.5347766303	0.0672498512
0.5192307692	12.5359401429	0.0671367042	12.5360673265	0.0669809241
0.5384615385	12.5372213146	0.0668642770	12.5373527570	0.0667022180
0.5576923077	12.5384970826	0.0665821319	12.5386327340	0.0664137734
0.5769230769	12.5397672622	0.0662903086	12.5399070707	0.0661156326
0.5961538462	12.5410316692	0.0659888478	12.5411755811	0.0658078389
0.6153846154	12.5422901204	0.0656777914	12.5424380798	0.0654904375
0.6346153846	12.5435424336	0.0653571825	12.5436943827	0.0651634745
0.6538461538	12.5447884274	0.0650270654	12.5449443063	0.0648269978
0.6730769231	12.5460279215	0.0646874853	12.5461876681	0.0644810565
0.6923076923	12.5472607364	0.0643384887	12.5474242866	0.0641257010
0.7115384615	12.5484866937	0.0639801232	12.5486539812	0.0637609833
0.7307692308	12.5497056160	0.0636124373	12.5498765725	0.0633869566
0.7500000000	12.5509173271	0.0632354809	12.5510918818	0.0630036755
0.7692307692	12.5521216518	0.0628493047	12.5522997318	0.0626111960
0.7884615385	12.5533184158	0.0624539603	12.5534999461	0.0622095754
0.8076923077	12.5545074462	0.0620495009	12.5546923495	0.0617988722
0.8269230769	12.5556885711	0.0616359802	12.5558767680	0.0613791466
0.8461538462	12.5568616197	0.0612134534	12.5570530285	0.0609504597
0.8653846154	12.5580264227	0.0607819764	12.5582209594	0.0605128741
0.8846153846	12.5591828116	0.0603416066	12.5593803901	0.0600664537
0.9038461538	12.5603306193	0.0598924022	12.5605311514	0.0596112638
0.9230769231	12.5614696799	0.0594344228	12.5616730752	0.0591473707
0.9423076923	12.5625998289	0.0589677291	12.5628059949	0.0586748422
0.9615384615	12.5637209029	0.0584923829	12.5639297450	0.0581937472
0.9807692308	12.5648327398	0.0580084475	12.5650441615	0.0577041561
1.0000000000	12.5659351788	0.0575159873	12.5661490816	0.0572061403
1.0192307692	12.5670280606	0.0570150682	12.5672443441	0.0566997725
1.0384615385	12.5681112269	0.0565057576	12.5683297890	0.0561851266
1.0576923077	12.5691845212	0.0559881242	12.5694052579	0.0556622777
1.0769230769	12.5702477879	0.0554622383	12.5704705938	0.0551313023
1.0961538462	12.5713008730	0.0549281719	12.5715256410	0.0545922778
1.1153846154	12.5723436241	0.0543859987	12.5725702457	0.0540452829
1.1346153846	12.5733758900	0.0538357941	12.5736042552	0.0534903975
1.1538461538	12.5743975208	0.0532776353	12.5746275186	0.0529277026
1.1730769231	12.5754083684	0.0527116014	12.5756398865	0.0523572803
1.1923076923	12.5764082860	0.0521377736	12.5766412112	0.0517792140
1.2115384615	12.5773971283	0.0515562350	12.5776313463	0.0511935880
1.2307692308	12.5783747515	0.0509670709	12.5786101474	0.0506004878
1.2500000000	12.5793410134	0.0503703687	12.5795774715	0.0500000000
1.2692307692	12.5802957734	0.0497662182	12.5805331775	0.0493922123
1.2884615385	12.5812388923	0.0491547113	12.5814771258	0.0487772134
1.3076923077	12.5821702329	0.0485359424	12.5824091785	0.0481550932
1.3269230769	12.5830896592	0.0479100082	12.5833291997	0.0475259424
1.3461538462	12.5839970371	0.0472770078	12.5842370549	0.0468898528
1.3653846154	12.5848922342	0.0466370430	12.5851326117	0.0462469175
1.3846153846	12.5857751198	0.0459902177	12.5860157392	0.0455972301
1.4038461538	12.5866455649	0.0453366386	12.5868863086	0.0449408857
1.4230769231	12.5875034423	0.0446764146	12.5877441928	0.0442779799
1.4423076923	12.5883486266	0.0440096573	12.5885892664	0.0436086097
1.4615384615	12.5891809944	0.0433364807	12.5894214062	0.0429328727
1.4807692308	12.5900004239	0.0426570010	12.5902404906	0.0422508675
1.5000000000	12.5908067955	0.0419713369	12.5910464000	0.0415626938
1.5192307692	12.5915999913	0.0412796094	12.5918390168	0.0408684520
1.5384615385	12.5923798955	0.0405819415	12.5926182253	0.0401682435
1.5576923077	12.5931463943	0.0398784585	12.5933839117	0.0394621704
1.5769230769	12.5938993760	0.0391692875	12.5941359642	0.0387503360
1.5961538462	12.5946387308	0.0384545577	12.5948742729	0.0380328441
1.6153846154	12.5953643512	0.0377343998	12.5955987303	0.0373097995
1.6346153846	12.5960761316	0.0370089461	12.5963092303	0.0365813077
1.6538461538	12.5967739689	0.0362783305	12.5970056694	0.0358474750
1.6730769231	12.5974577619	0.0355426878	12.5976879458	0.0351084088
1.6923076923	12.5981274118	0.0348021541	12.5983559599	0.0343642167
1.7115384615	12.5987828220	0.0340568664	12.5990096143	0.0336150075
1.7307692308	12.5994238981	0.0333069621	12.5996488134	0.0328608906
1.7500000000	12.6000505482	0.0325525794	12.6002734639	0.0321019761
1.7692307692	12.6006626826	0.0317938563	12.6008834747	0.0313383747
1.7884615385	12.6012602139	0.0310309311	12.6014787567	0.0305701980
1.8076923077	12.6018430573	0.0302639419	12.6020592230	0.0297975581
1.8269230769	12.6024111302	0.0294930261	12.6026247888	0.0290205678
1.8461538462	12.6029643524	0.0287183207	12.6031753715	0.0282393405
1.8653846154	12.6035026461	0.0279399616	12.6037108908	0.0274539904
1.8846153846	12.6040259362	0.0271580837	12.6042312685	0.0266646320
1.9038461538	12.6045341498	0.0263728204	12.6047364286	0.0258713806
1.9230769231	12.6050272163	0.0255843038	12.6052262974	0.0250743520
1.9423076923	12.6055050680	0.0247926640	12.6057008033	0.0242736627
1.9615384615	12.6059676392	0.0239980292	12.6061598771	0.0234694294
1.9807692308	12.6064148669	0.0232005257	12.6066034517	0.0226617696
2.0000000000	12.6068466906	0.0224002773	12.6070314624	0.0218508012
2.0192307692	12.6072630519	0.0215974053	12.6074438467	0.0210366427
2.0384615385	12.6076638952	0.0207920286	12.6078405444	0.0202194128
2.0576923077	12.6080491672	0.0199842635	12.6082214975	0.0193992310
2.0769230769	12.6084188168	0.0191742232	12.6085866505	0.0185762169
2.0961538462	12.6087727957	0.0183620183	12.6089359500	0.0177504907
2.1153846154	12.6091110576	0.0175477564	12.6092693450	0.0169221729
2.1346153846	12.6094335588	0.0167315423	12.6095867869	0.0160913846
2.1538461538	12.6097402579	0.0159134777	12.6098882294	0.0152582469
2.1730769231	12.6100311156	0.0150936615	12.6101736283	0.0144228815
2.1923076923	12.6103060951	0.0142721896	12.6104429421	0.0135854105
2.2115384615	12.6105651619	0.0134491552	12.6106961314	0.0127459560
2.2307692308	12.6108082837	0.0126246486	12.6109331592	0.0119046406
2.2500000000	12.6110354303	0.0117987578	12.6111539910	0.0110615871
2.2692307692	12.6112465739	0.0109715680	12.6113585945	0.0102169187
2.2884615385	12.6114416888	0.0101431623	12.6115469399	0.0093707586
2.3076923077	12.6116207513	0.0093136215	12.6117189996	0.0085232304
2.3269230769	12.6117837401	0.0084830245	12.6118747485	0.0076744578
2.3461538462	12.6119306359	0.0076514486	12.6120141638	0.0068245648
2.3653846154	12.6120614213	0.0068189695	12.6121372253	0.0059736754
2.3846153846	12.6121760811	0.0059856616	12.6122439150	0.0051219138
2.4038461538	12.6122746024	0.0051515984	12.6123342172	0.0042694045
2.4230769231	12.6123569739	0.0043168528	12.6124081189	0.0034162718
2.4423076923	12.6124231865	0.0034814970	12.6124656091	0.0025626404
2.4615384615	12.6124732331	0.0026456034	12.6125066796	0.0017086348
2.4807692308	12.6125071086	0.0018092443	12.6125313242	0.0008543798
2.5000000000	12.6125248098	0.0009724928	12.6125395395	0.0000000000
2.5192307692	12.6125263356	0.0001354224	12.6125313242	-0.0008543798
2.5384615385	12.6125116867	-0.0007018921	12.6125066796	-0.0017086348
2.5576923077	12.6124808659	-0.0015393747	12.6124656091	-0.0025626404
2.5769230769	12.6124338778	-0.0023769474	12.6124081189	-0.0034162718
2.5961538462	12.6123707291	-0.0032145306	12.6123342172	-0.0042694045
2.6153846154	12.6122914284	-0.0040520425	12.6122439150	-0.0051219138
2.6346153846	12.6121959863	-0.0048893987	12.6121372253	-0.0059736754
2.6538461538	12.6120844154	-0.0057265123	12.6120141638	-0.0068245648
2.6730769231	12.6119567302	-0.0065632932	12.6118747485	-0.0076744578
2.6923076923	12.6118129472	-0.0073996485	12.6117189996	-0.0085232304
2.7115384615	12.6116530851	-0.0082354821	12.6115469399	-0.0093707586
2.7307692308	12.6114771646	-0.0090706943	12.6113585945	-0.0102169187
2.7500000000	12.6112852082	-0.0099051820	12.6111539910	-0.0110615871
2.7692307692	12.6110772408	-0.0107388383	12.6109331592	-0.0119046406
2.7884615385	12.6108532892	-0.0115715530	12.6106961314	-0.0127459560
2.8076923077	12.6106133825	-0.0124032118	12.6104429421	-0.0135854105
2.8269230769	12.6103575519	-0.0132336970	12.6101736283	-0.0144228815
2.8461538462	12.6100858306	-0.0140628870	12.6098882294	-0.0152582469
2.8653846154	12.6097982542	-0.0148906566	12.6095867869	-0.0160913846
2.8846153846	12.6094948605	-0.0157168771	12.6092693450	-0.0169221729
2.9038461538	12.6091756895	-0.0165414164	12.6089359500	-0.0177504907
2.9230769231	12.6088407836	-0.0173641391	12.6085866505	-0.0185762169
2.9423076923	12.6084901874	-0.0181849064	12.6082214975	-0.0193992310
2.9615384615	12.6081239478	-0.0190035769	12.6078405444	-0.0202194128
2.9807692308	12.6077421142	-0.0198200064	12.6074438467	-0.0210366427
3.0000000000	12.6073447383	-0.0206340483	12.6070314624	-0.0218508012
3.0192307692	12.6069318741	-0.0214455535	12.6066034517	-0.0226617696
3.0384615385	12.6065035781	-0.0222543713	12.6061598771	-0.0234694294
3.0576923077	12.6060599093	-0.0230603494	12.6057008033	-0.0242736627
3.0769230769	12.6056009290	-0.0238633340	12.6052262974	-0.0250743520
3.0961538462	12.6051267011	-0.0246631705	12.6047364286	-0.0258713806
3.1153846154	12.6046372917	-0.0254597035	12.6042312685	-0.0266646320
3.1346153846	12.6041327698	-0.0262527777	12.6037108908	-0.0274539904
3.1538461538	12.6036132064	-0.0270422375	12.6031753715	-0.0282393405
3.1730769231	12.6030786753	-0.0278279280	12.6026247888	-0.0290205678
3.1923076923	12.6025292526	-0.0286096950	12.6020592230	-0.0297975581
3.2115384615	12.6019650168	-0.0293873854	12.6014787567	-0.0305701980
3.2307692308	12.6013860490	-0.0301608476	12.6008834747	-0.0313383747
3.2500000000	12.6007924326	-0.0309299320	12.6002734639	-0.0321019761
3.2692307692	12.6001842536	-0.0316944910	12.5996488134	-0.0328608906
3.2884615385	12.5995616001	-0.0324543794	12.5990096143	-0.0336150075
3.3076923077	12.5989245627	-0.0332094548	12.5983559599	-0.0343642167
3.3269230769	12.5982732345	-0.0339595778	12.5976879458	-0.0351084088
3.3461538462	12.5976077107	-0.0347046124	12.5970056694	-0.0358474750
3.3653846154	12.5969280888	-0.0354444259	12.5963092303	-0.0365813077
3.3846153846	12.5962344686	-0.0361788892	12.5955987303	-0.0373097995
3.4038461538	12.5955269522	-0.0369078773	12.5948742729	-0.0380328441
3.4230769231	12.5948056436	-0.0376312691	12.5941359642	-0.0387503360
3.4423076923	12.5940706492	-0.0383489475	12.5933839117	-0.0394621704
3.4615384615	12.5933220774	-0.0390607997	12.5926182253	-0.0401682435
3.4807692308	12.5925600386	-0.0397667170	12.5918390168	-0.0408684520
3.5000000000	12.5917846451	-0.0404665951	12.5910464000	-0.0415626938
3.5192307692	12.5909960115	-0.0411603339	12.5902404906	-0.0422508675
3.5384615385	12.5901942538	-0.0418478374	12.5894214062	-0.0429328727
3.5576923077	12.5893794904	-0.0425290139	12.5885892664	-0.0436086097
3.5769230769	12.5885518411	-0.0432037755	12.5877441928	-0.0442779799
3.5961538462	12.5877114277	-0.0438720385	12.5868863086	-0.0449408857
3.6153846154	12.5868583736	-0.0445337226	12.5860157392	-0.0455972301
3.6346153846	12.5859928040	-0.0451887514	12.5851326117	-0.0462469175
3.6538461538	12.5851148456	-0.0458370515	12.5842370549	-0.0468898528
3.6730769231	12.5842246268	-0.0464785530	12.5833291997	-0.0475259424
3.6923076923	12.5833222775	-0.0471131885	12.5824091785	-0.0481550932
3.7115384615	12.5824079291	-0.0477408936	12.5814771258	-0.0487772134
3.7307692308	12.5814817146	-0.0483616058	12.5805331775	-0.0493922123
3.7500000000	12.5805437683	-0.0489752651	12.5795774715	-0.0500000000
3.7692307692	12.5795942260	-0.0495818129	12.5786101474	-0.0506004878
3.7884615385	12.5786332249	-0.0501811923	12.5776313463	-0.0511935880
3.8076923077	12.5776609034	-0.0507733472	12.5766412112	-0.0517792140
3.8269230769	12.5766774015	-0.0513582228	12.5756398865	-0.0523572803
3.8461538462	12.5756828603	-0.0519357644	12.5746275186	-0.0529277026
3.8653846154	12.5746774223	-0.0525059177	12.5736042552	-0.0534903975
3.8846153846	12.5736612312	-0.0530686284	12.5725702457	-0.0540452829
3.9038461538	12.5726344319	-0.0536238418	12.5715256410	-0.0545922778
3.9230769231	12.5715971707	-0.0541715026	12.5704705938	-0.0551313023
3.9423076923	12.5705495952	-0.0547115544	12.5694052579	-0.0556622777
3.9615384615	12.5694918540	-0.0552439401	12.5683297890	-0.0561851266
3.9807692308	12.5684240970	-0.0557686012	12.5672443441	-0.0566997725
4.0000000000	12.5673464753	-0.0562854774	12.5661490816	-0.0572061403
4.0192307692	12.5662591415	-0.0567945071	12.5650441615	-0.0577041561
4.0384615385	12.5651622491	-0.0572956268	12.5639297450	-0.0581937472
4.0576923077	12.5640559528	-0.0577887712	12.5628059949	-0.0586748422
4.0769230769	12.5629404088	-0.0582738728	12.5616730752	-0.0591473707
4.0961538462	12.5618157744	-0.0587508623	12.5605311514	-0.0596112638
4.1153846154	12.5606822080	-0.0592196683	12.5593803901	-0.0600664537
4.1346153846	12.5595398695	-0.0596802174	12.5582209594	-0.0605128741
4.1538461538	12.5583889197	-0.0601324341	12.5570530285	-0.0609504597
4.1730769231	12.5572295211	-0.0605762413	12.5558767680	-0.0613791466
4.1923076923	12.5560618370	-0.0610115598	12.5546923495	-0.0617988722
4.2115384615	12.5548860323	-0.0614383089	12.5534999461	-0.0622095754
4.2307692308	12.5537022729	-0.0618564063	12.5522997318	-0.0626111960
4.2500000000	12.5525107263	-0.0622657686	12.5510918818	-0.0630036755
4.2692307692	12.5513115608	-0.0626663110	12.5498765725	-0.0633869566
4.2884615385	12.5501049465	-0.0630579482	12.5486539812	-0.0637609833
4.3076923077	12.5488910543	-0.0634405940	12.5474242866	-0.0641257010
4.3269230769	12.5476700565	-0.0638141620	12.5461876681	-0.0644810565
4.3461538462	12.5464421268	-0.0641785658	12.5449443063	-0.0648269978
4.3653846154	12.5452074401	-0.0645337194	12.5436943827	-0.0651634745
4.3846153846	12.5439661722	-0.0648795371	12.5424380798	-0.0654904375
4.4038461538	12.5427185006	-0.0652159343	12.5411755811	-0.0658078389
4.4230769231	12.5414646036	-0.0655428279	12.5399070707	-0.0661156326
4.4423076923	12.5402046610	-0.0658601361	12.5386327340	-0.0664137734
4.4615384615	12.5389388534	-0.0661677790	12.5373527570	-0.0667022180
4.4807692308	12.5376673629	-0.0664656794	12.5360673265	-0.0669809241
4.5000000000	12.5363903724	-0.0667537622	12.5347766303	-0.0672498512
4.5192307692	12.5351080659	-0.0670319556	12.5334808567	-0.0675089599
4.5384615385	12.5338206287	-0.0673001909	12.5321801950	-0.0677582124
4.5576923077	12.5325282469	-0.0675584029	12.5308748350	-0.0679975723
4.5769230769	12.5312311074	-0.0678065302	12.5295649674	-0.0682270047
4.5961538462	12.5299293983	-0.0680445156	12.5282507833	-0.0684464760
4.6153846154	12.5286233084	-0.0682723061	12.5269324747	-0.0686559543
4.6346153846	12.5273130274	-0.0684898530	12.5256102339	-0.0688554090
4.6538461538	12.5259987458	-0.0686971127	12.5242842541	-0.0690448108
4.6730769231	12.5246806547	-0.0688940461	12.5229547289	-0.0692241323
4.6923076923	12.5233589460	-0.0690806192	12.5216218523	-0.0693933471
4.7115384615	12.5220338121	-0.0692568030	12.5202858190	-0.0695524306
4.7307692308	12.5207054461	-0.0694225737	12.5189468239	-0.0697013596
4.7500000000	12.5193740416	-0.0695779126	12.5176050627	-0.0698401123
4.7692307692	12.5180397927	-0.0697228061	12.5162607311	-0.0699686685
4.7884615385	12.5167028936	-0.0698572458	12.5149140255	-0.0700870094
4.8076923077	12.5153635393	-0.0699812284	12.5135651425	-0.0701951177
4.8269230769	12.5140219249	-0.0700947553	12.5122142790	-0.0702929776
4.8461538462	12.5126782456	-0.0701978330	12.5108616322	-0.0703805748
4.8653846154	12.5113326970	-0.0702904726	12.5095073997	-0.0704578967
4.8846153846	12.5099854748	-0.0703726894	12.5081517791	-0.0705249318
4.9038461538	12.5086367747	-0.0704445034	12.5067949683	-0.0705816703
4.9230769231	12.5072867926	-0.0705059382	12.5054371655	-0.0706281041
4.9423076923	12.5059357244	-0.0705570214	12.5040785689	-0.0706642263
4.9615384615	12.5045837657	-0.0705977840	12.5027193768	-0.0706900316
4.9807692308	12.5032311124	-0.0706282599	12.5013597876	-0.0707055163
5.0000000000	12.5018779598	-0.0706484863	12.5000000000	-0.0707106781
5.0192307692	12.5005245036	-0.0706585024	12.4986402124	-0.0707055163
5.0384615385	12.4991709389	-0.0706583499	12.4972806232	-0.0706900316
5.0576923077	12.4978174607	-0.0706480720	12.4959214311	-0.0706642263
5.0769230769	12.4964642638	-0.0706277134	12.4945628345	-0.0706281041
5.0961538462	12.4951115427	-0.0705973200	12.4932050317	-0.0705816703
5.1153846154	12.4937594914	-0.0705569381	12.4918482209	-0.0705249318
5.1346153846	12.4924083040	-0.0705066146	12.4904926003	-0.0704578967
5.1538461538	12.4910581739	-0.0704463961	12.4891383678	-0.0703805748
5.1730769231	12.4897092942	-0.0703763290	12.4877857210	-0.0702929776
5.1923076923	12.4883618579	-0.0702964589	12.4864348575	-0.0701951177
5.2115384615	12.4870160574	-0.0702068304	12.4850859745	-0.0700870094
5.2307692308	12.4856720848	-0.0701074868	12.4837392689	-0.0699686685
5.2500000000	12.4843301317	-0.0699984698	12.4823949373	-0.0698401123
5.2692307692	12.4829903895	-0.0698798191	12.4810531761	-0.0697013596
5.2884615385	12.4816530491	-0.0697515725	12.4797141810	-0.0695524306
5.3076923077	12.4803183012	-0.0696137654	12.4783781477	-0.0693933471
5.3269230769	12.4789863359	-0.0694664307	12.4770452711	-0.0692241323
5.3461538462	12.4776573431	-0.0693095987	12.4757157459	-0.0690448108
5.3653846154	12.4763315122	-0.0691432971	12.4743897661	-0.0688554090
5.3846153846	12.4750090324	-0.0689675506	12.4730675253	-0.0686559543
5.4038461538	12.4736900924	-0.0687823812	12.4717492167	-0.0684464760
5.4230769231	12.4723748806	-0.0685878079	12.4704350326	-0.0682270047
5.4423076923	12.4710635851	-0.0683838469	12.4691251650	-0.0679975723
5.4615384615	12.4697563937	-0.0681705116	12.4678198050	-0.0677582124
5.4807692308	12.4684534938	-0.0679478126	12.4665191433	-0.0675089599
5.5000000000	12.4671550724	-0.0677157580	12.4652233697	-0.0672498512
5.5192307692	12.4658613164	-0.0674743534	12.4639326735	-0.0669809241
5.5384615385	12.4645724121	-0.0672236020	12.4626472430	-0.0667022180
5.5576923077	12.4632885457	-0.0669635051	12.4613672660	-0.0664137734
5.5769230769	12.4620099030	-0.0666940619	12.4600929293	-0.0661156326
5.5961538462	12.4607366694	-0.0664152702	12.4588244189	-0.0658078389
5.6153846154	12.4594690300	-0.0661271265	12.4575619202	-0.0654904375
5.6346153846	12.4582071695	-0.0658296260	12.4563056173	-0.0651634745
5.6538461538	12.4569512724	-0.0655227635	12.4550556937	-0.0648269978
5.6730769231	12.4557015225	-0.0652065331	12.4538123319	-0.0644810565
5.6923076923	12.4544581035	-0.0648809292	12.4525757134	-0.0641257010
5.7115384615	12.4532211986	-0.0645459463	12.4513460188	-0.0637609833
5.7307692308	12.4519909903	-0.0642015795	12.4501234275	-0.0633869566
5.7500000000	12.4507676608	-0.0638478250	12.4489081182	-0.0630036755
5.7692307692	12.4495513919	-0.0634846806	12.4477002682	-0.0626111960
5.7884615385	12.4483423646	-0.0631121454	12.4465000539	-0.0622095754
5.8076923077	12.4471407594	-0.0627302210	12.4453076505	-0.0617988722
5.8269230769	12.4459467561	-0.0623389113	12.4441232320	-0.0613791466
5.8461538462	12.4447605340	-0.0619382230	12.4429469715	-0.0609504597
5.8653846154	12.4435822713	-0.0615281660	12.4417790406	-0.0605128741
5.8846153846	12.4424121459	-0.0611087534	12.4406196099	-0.0600664537
5.9038461538	12.4412503343	-0.0606800022	12.4394688486	-0.0596112638
5.9230769231	12.4400970126	-0.0602419335	12.4383269248	-0.0591473707
5.9423076923	12.4389523556	-0.0597945724	12.4371940051	-0.0586748422
5.9615384615	12.4378165373	-0.0593379487	12.4360702550	-0.0581937472
5.9807692308	12.4366897304	-0.0588720966	12.4349558385	-0.0577041561
6.0000000000	12.4355721067	-0.0583970553	12.4338509184	-0.0572061403
6.0192307692	12.4344638367	-0.0579128691	12.4327556559	-0.0566997725
6.0384615385	12.4333650894	-0.0574195873	12.4316702110	-0.0561851266
6.0576923077	12.4322760330	-0.0569172643	12.4305947421	-0.0556622777
6.0769230769	12.4311968337	-0.0564059599	12.4295294062	-0.0551313023
6.0961538462	12.4301276567	-0.0558857391	12.4284743590	-0.0545922778
6.1153846154	12.4290686654	-0.0553566722	12.4274297543	-0.0540452829
6.1346153846	12.4280200218	-0.0548188348	12.4263957448	-0.0534903975
6.1538461538	12.4269818862	-0.0542723076	12.4253724814	-0.0529277026
6.1730769231	12.4259544170	-0.0537171765	12.4243601135	-0.0523572803
6.1923076923	12.4249377713	-0.0531535323	12.4233587888	-0.0517792140
6.2115384615	12.4239321038	-0.0525814706	12.4223686537	-0.0511935880
6.2307692308	12.4229375679	-0.0520010918	12.4213898526	-0.0506004878
6.2500000000	12.4219543146	-0.0514125006	12.4204225285	-0.0500000000
6.2692307692	12.4209824933	-0.0508158062	12.4194668225	-0.0493922123
6.2884615385	12.4200222511	-0.0502111215	12.4185228742	-0.0487772134
6.3076923077	12.4190737333	-0.0495985636	12.4175908215	-0.0481550932
6.3269230769	12.4181370830	-0.0489782528	12.4166708003	-0.0475259424
6.3461538462	12.4172124410	-0.0483503128	12.4157629451	-0.0468898528
6.3653846154	12.4162999464	-0.0477148700	12.4148673883	-0.0462469175
6.3846153846	12.4153997356	-0.0470720539	12.4139842608	-0.0455972301
6.4038461538	12.4145119432	-0.0464219960	12.4131136914	-0.0449408857
6.4230769231	12.4136367012	-0.0457648300	12.4122558072	-0.0442779799
6.4423076923	12.4127741398	-0.0451006912	12.4114107336	-0.0436086097
6.4615384615	12.4119243865	-0.0444297165	12.4105785938	-0.0429328727
6.4807692308	12.4110875668	-0.0437520439	12.4097595094	-0.0422508675
6.5000000000	12.4102638039	-0.0430678121	12.4089536000	-0.0415626938
6.5192307692	12.4094532186	-0.0423771606	12.4081609832	-0.0408684520
6.5384615385	12.4086559295	-0.0416802289	12.4073817747	-0.0401682435
6.5576923077	12.4078720530	-0.0409771567	12.4066160883	-0.0394621704
6.5769230769	12.4071017030	-0.0402680833	12.4058640358	-0.0387503360
6.5961538462	12.4063449914	-0.0395531477	12.4051257271	-0.0380328441
6.6153846154	12.4056020277	-0.0388324880	12.4044012697	-0.0373097995
6.6346153846	12.4048729191	-0.0381062416	12.4036907697	-0.0365813077
6.6538461538	12.4041577707	-0.0373745445	12.4029943306	-0.0358474750
6.6730769231	12.4034566853	-0.0366375318	12.4023120542	-0.0351084088
6.6923076923	12.4027697634	-0.0358953370	12.4016440401	-0.0343642167
6.7115384615	12.4020971036	-0.0351480921	12.4009903857	-0.0336150075
6.7307692308	12.4014388021	-0.0343959275	12.4003511866	-0.0328608906
6.7500000000	12.4007949529	-0.0336389720	12.3997265361	-0.0321019761
6.7692307692	12.4001656481	-0.0328773524	12.3991165253	-0.0313383747
6.7884615385	12.3995509774	-0.0321111939	12.3985212433	-0.0305701980
6.8076923077	12.3989510286	-0.0313406200	12.3979407770	-0.0297975581
6.8269230769	12.3983658873	-0.0305657522	12.3973752112	-0.0290205678
6.8461538462	12.3977956371	-0.0297867102	12.3968246285	-0.0282393405
6.8653846154	12.3972403595	-0.0290036123	12.3962891092	-0.0274539904
6.8846153846	12.3967001339	-0.0282165747	12.3957687315	-0.0266646320
6.9038461538	12.3961750378	-0.0274257124	12.3952635714	-0.0258713806
6.9230769231	12.3956651466	-0.0266311387	12.3947737026	-0.0250743520
6.9423076923	12.3951705335	-0.0258329656	12.3942991967	-0.0242736627
6.9615384615	12.3946912700	-0.0250313038	12.3938401229	-0.0234694294
6.9807692308	12.3942274253	-0.0242262628	12.3933965483	-0.0226617696
7.0000000000	12.3937790667	-0.0234179513	12.3929685376	-0.0218508012
7.0192307692	12.3933462595	-0.0226064770	12.3925561533	-0.0210366427
7.0384615385	12.3929290669	-0.0217919468	12.3921594556	-0.0202194128
7.0576923077	12.3925275502	-0.0209744674	12.3917785025	-0.0193992310
7.0769230769	12.3921417684	-0.0201541447	12.3914133495	-0.0185762169
7.0961538462	12.3917717787	-0.0193310846	12.3910640500	-0.0177504907
7.1153846154	12.3914176361	-0.0185053930	12.3907306550	-0.0169221729
7.1346153846	12.3910793935	-0.0176771756	12.3904132131	-0.0160913846
7.1538461538	12.3907571018	-0.0168465385	12.3901117706	-0.0152582469
7.1730769231	12.3904508095	-0.0160135881	12.3898263717	-0.0144228815
7.1923076923	12.3901605634	-0.0151784313	12.3895570579	-0.0135854105
7.2115384615	12.3898864076	-0.0143411756	12.3893038686	-0.0127459560
7.2307692308	12.3896283843	-0.0135019294	12.3890668408	-0.0119046406
7.2500000000	12.3893865335	-0.0126608016	12.3888460090	-0.0110615871
7.2692307692	12.3891608928	-0.0118179022	12.3886414055	-0.0102169187
7.2884615385	12.3889514975	-0.0109733423	12.3884530601	-0.0093707586
7.3076923077	12.3887583808	-0.0101272340	12.3882810004	-0.0085232304
7.3269230769	12.3885815731	-0.0092796904	12.3881252515	-0.0076744578
7.3461538462	12.3884211030	-0.0084308259	12.3879858362	-0.0068245648
7.3653846154	12.3882769961	-0.0075807561	12.3878627747	-0.0059736754
7.3846153846	12.3881492761	-0.0067295978	12.3877560850	-0.0051219138
7.4038461538	12.3880379638	-0.0058774689	12.3876657828	-0.0042694045
7.4230769231	12.3879430777	-0.0050244885	12.3875918811	-0.0034162718
7.4423076923	12.3878646337	-0.0041707771	12.3875343909	-0.0025626404
7.4615384615	12.3878026453	-0.0033164560	12.3874933204	-0.0017086348
7.4807692308	12.3877571232	-0.0024616478	12.3874686758	-0.0008543798
7.5000000000	12.3877280756	-0.0016064761	12.3874604605	-0.0000000000
7.5192307692	12.3877155082	-0.0007510652	12.3874686758	0.0008543798
7.5384615385	12.3877194238	0.0001044594	12.3874933204	0.0017086348
7.5576923077	12.3877398227	0.0009599718	12.3875343909	0.0025626404
7.5769230769	12.3877767025	0.0018153450	12.3875918811	0.0034162718
7.5961538462	12.3878300582	0.0026704518	12.3876657828	0.0042694045
7.6153846154	12.3878998819	0.0035251644	12.3877560850	0.0051219138
7.6346153846	12.3879861632	0.0043793547	12.3878627747	0.0059736754
7.6538461538	12.3880888890	0.0052328942	12.3879858362	0.0068245648
7.6730769231	12.3882080432	0.0060856544	12.3881252515	0.0076744578
7.6923076923	12.3883436074	0.0069375070	12.3882810004	0.0085232304
7.7115384615	12.3884955602	0.0077883234	12.3884530601	0.0093707586
7.7307692308	12.3886638778	0.0086379756	12.3886414055	0.0102169187
7.7500000000	12.3888485334	0.0094863357	12.3888460090	0.0110615871
7.7692307692	12.3890494977	0.0103332762	12.3890668408	0.0119046406
7.7884615385	12.3892667388	0.0111786704	12.3893038686	0.0127459560
7.8076923077	12.3895002221	0.0120223919	12.3895570579	0.0135854105
7.8269230769	12.3897499103	0.0128643153	12.3898263717	0.0144228815
7.8461538462	12.3900157638	0.0137043158	12.3901117706	0.0152582469
7.8653846154	12.3902977400	0.0145422695	12.3904132131	0.0160913846
7.8846153846	12.3905957942	0.0153780535	12.3907306550	0.0169221729
7.9038461538	12.3909098790	0.0162115458	12.3910640500	0.0177504907
7.9230769231	12.3912399444	0.0170426254	12.3914133495	0.0185762169
7.9423076923	12.3915859381	0.0178711723	12.3917785025	0.0193992310
7.9615384615	12.3919478055	0.0186970676	12.3921594556	0.0202194128
7.9807692308	12.3923254893	0.0195201937	12.3925561533	0.0210366427
8.0000000000	12.3927189301	0.0203404336	12.3929685376	0.0218508012
8.0192307692	12.3931280661	0.0211576719	12.3933965483	0.0226617696
8.0384615385	12.3935528332	0.0219717938	12.3938401229	0.0234694294
8.0576923077	12.3939931652	0.0227826858	12.3942991967	0.0242736627
8.0769230769	12.3944489935	0.0235902352	12.3947737026	0.0250743520
8.0961538462	12.3949202474	0.0243943305	12.3952635714	0.0258713806
8.1153846154	12.3954068540	0.0251948608	12.3957687315	0.0266646320
8.1346153846	12.3959087384	0.0259917163	12.3962891092	0.0274539904
8.1538461538	12.3964258236	0.0267847878	12.3968246285	0.0282393405
8.1730769231	12.3969580303	0.0275739669	12.3973752112	0.0290205678
8.1923076923	12.3975052776	0.0283591457	12.3979407770	0.0297975581
8.2115384615	12.3980674822	0.0291402171	12.3985212433	0.0305701980
8.2307692308	12.3986445591	0.0299170742	12.3991165253	0.0313383747
8.2500000000	12.3992364212	0.0306896109	12.3997265361	0.0321019761
8.2692307692	12.3998429796	0.0314577211	12.4003511866	0.0328608906
8.2884615385	12.4004641435	0.0322212990	12.4009903857	0.0336150075
8.3076923077	12.4010998200	0.0329802392	12.4016440401	0.0343642167
8.3269230769	12.4017499146	0.0337344362	12.4023120542	0.0351084088
8.3461538462	12.4024143307	0.0344837846	12.4029943306	0.0358474750
8.3653846154	12.4030929702	0.0352281790	12.4036907697	0.0365813077
8.3846153846	12.4037857328	0.0359675140	12.4044012697	0.0373097995
8.4038461538	12.4044925166	0.0367016839	12.4051257271	0.0380328441
8.4230769231	12.4052132179	0.0374305830	12.4058640358	0.0387503360
8.4423076923	12.4059477311	0.0381541054	12.4066160883	0.0394621704
8.4615384615	12.4066959489	0.0388721447	12.4073817747	0.0401682435
8.4807692308	12.4074577621	0.0395845945	12.4081609832	0.0408684520
8.5000000000	12.4082330599	0.0402913480	12.4089536000	0.0415626938
8.5192307692	12.4090217296	0.0409922983	12.4097595094	0.0422508675
8.5384615385	12.4098236565	0.0416873379	12.4105785938	0.0429328727
8.5576923077	12.4106387246	0.0423763594	12.4114107336	0.0436086097
8.5769230769	12.4114668157	0.0430592548	12.4122558072	0.0442779799
8.5961538462	12.4123078100	0.0437359161	12.4131136914	0.0449408857
8.6153846154	12.4131615858	0.0444062352	12.4139842608	0.0455972301
8.6346153846	12.4140280198	0.0450701038	12.4148673883	0.0462469175
8.6538461538	12.4149069867	0.0457274134	12.4157629451	0.0468898528
8.6730769231	12.4157983596	0.0463780558	12.4166708003	0.0475259424
8.6923076923	12.4167020095	0.0470219226	12.4175908215	0.0481550932
8.7115384615	12.4176178060	0.0476589058	12.4185228742	0.0487772134
8.7307692308	12.4185456166	0.0482888974	12.4194668225	0.0493922123
8.7500000000	12.4194853072	0.0489117899	12.4204225285	0.0500000000
8.7692307692	12.4204367417	0.0495274764	12.4213898526	0.0506004878
8.7884615385	12.4213997824	0.0501358502	12.4223686537	0.0511935880
8.8076923077	12.4223742898	0.0507368055	12.4233587888	0.0517792140
8.8269230769	12.4233601224	0.0513302373	12.4243601135	0.0523572803
8.8461538462	12.4243571371	0.0519160412	12.4253724814	0.0529277026
8.8653846154	12.4253651891	0.0524941140	12.4263957448	0.0534903975
8.8846153846	12.4263841317	0.0530643537	12.4274297543	0.0540452829
8.9038461538	12.4274138165	0.0536266593	12.4284743590	0.0545922778
8.9230769231	12.4284540934	0.0541809312	12.4295294062	0.0551313023
8.9423076923	12.4295048104	0.0547270714	12.4305947421	0.0556622777
8.9615384615	12.4305658141	0.0552649832	12.4316702110	0.0561851266
8.9807692308	12.4316369492	0.0557945717	12.4327556559	0.0566997725
9.0000000000	12.4327180588	0.0563157438	12.4338509184	0.0572061403
9.0192307692	12.4338089843	0.0568284082	12.4349558385	0.0577041561
9.0384615385	12.4349095656	0.0573324755	12.4360702550	0.0581937472
9.0576923077	12.4360196408	0.0578278585	12.4371940051	0.0586748422
9.0769230769	12.4371390468	0.0583144720	12.4383269248	0.0591473707
9.0961538462	12.4382676185	0.0587922330	12.4394688486	0.0596112638
9.1153846154	12.4394051896	0.0592610607	12.4406196099	0.0600664537
9.1346153846	12.4405515923	0.0597208768	12.4417790406	0.0605128741
9.1538461538	12.4417066573	0.0601716053	12.4429469715	0.0609504597
9.1730769231	12.4428702140	0.0606131726	12.4441232320	0.0613791466
9.1923076923	12.4440420901	0.0610455076	12.4453076505	0.0617988722
9.2115384615	12.4452221125	0.0614685417	12.4465000539	0.0622095754
9.2307692308	12.4464101063	0.0618822089	12.4477002682	0.0626111960
9.2500000000	12.4476058958	0.0622864455	12.4489081182	0.0630036755
9.2692307692	12.4488093036	0.0626811908	12.4501234275	0.0633869566
9.2884615385	12.4500201516	0.0630663863	12.4513460188	0.0637609833
9.3076923077	12.4512382603	0.0634419761	12.4525757134	0.0641257010
9.3269230769	12.4524634492	0.0638079071	12.4538123319	0.0644810565
9.3461538462	12.4536955366	0.0641641285	12.4550556937	0.0648269978
9.3653846154	12.4549343402	0.0645105922	12.4563056173	0.0651634745
9.3846153846	12.4561796762	0.0648472526	12.4575619202	0.0654904375
9.4038461538	12.4574313604	0.0651740664	12.4588244189	0.0658078389
9.4230769231	12.4586892073	0.0654909930	12.4600929293	0.0661156326
9.4423076923	12.4599530309	0.0657979941	12.4613672660	0.0664137734
9.4615384615	12.4612226442	0.0660950338	12.4626472430	0.0667022180
9.4807692308	12.4624978595	0.0663820785	12.4639326735	0.0669809241
9.5000000000	12.4637784885	0.0666590971	12.4652233697	0.0672498512
9.5192307692	12.4650643422	0.0669260605	12.4665191433	0.0675089599
9.5384615385	12.4663552308	0.0671829420	12.4678198050	0.0677582124
9.5576923077	12.4676509641	0.0674297170	12.4691251650	0.0679975723
9.5769230769	12.4689513514	0.0676663631	12.4704350326	0.0682270047
9.5961538462	12.4702562013	0.0678928598	12.4717492167	0.0684464760
9.6153846154	12.4715653221	0.0681091888	12.4730675253	0.0686559543
9.6346153846	12.4728785215	0.0683153339	12.4743897661	0.0688554090
9.6538461538	12.4741956070	0.0685112806	12.4757157459	0.0690448108
9.6730769231	12.4755163856	0.0686970163	12.4770452711	0.0692241323
9.6923076923	12.4768406640	0.0688725306	12.4783781477	0.0693933471
9.7115384615	12.4781682485	0.0690378145	12.4797141810	0.0695524306
9.7307692308	12.4794989454	0.0691928610	12.4810531761	0.0697013596
9.7500000000	12.4808325605	0.0693376650	12.4823949373	0.0698401123
9.7692307692	12.4821688996	0.0694722227	12.4837392689	0.0699686685
9.7884615385	12.4835077681	0.0695965323	12.4850859745	0.0700870094
9.8076923077	12.4848489714	0.0697105935	12.4864348575	0.0701951177
9.8269230769	12.4861923148	0.0698144077	12.4877857210	0.0702929776
9.8461538462	12.4875376034	0.0699079777	12.4891383678	0.0703805748
9.8653846154	12.4888846422	0.0699913081	12.4904926003	0.0704578967
9.8846153846	12.4902332364	0.0700644047	12.4918482209	0.0705249318
9.9038461538	12.4915831910	0.0701272750	12.4932050317	0.0705816703
9.9230769231	12.4929343109	0.0701799279	12.4945628345	0.0706281041
9.9423076923	12.4942864012	0.0702223736	12.4959214311	0.0706642263
9.9615384615	12.4956392670	0.0702546240	12.4972806232	0.0706900316
9.9807692308	12.4969927134	0.0702766921	12.4986402124	0.0707055163
10.0000000000	12.4983465457	0.0702885923	12.5000000000	0.0707106781
10.0192307692	12.4997005693	0.0702903403	12.5013597876	0.0707055163
10.0384615385	12.5010545897	0.0702819531	12.5027193768	0.0706900316
10.0576923077	12.5024084124	0.0702634489	12.5040785689	0.0706642263
10.0769230769	12.5037618434	0.0702348473	12.5054371655	0.0706281041
10.0961538462	12.5051146886	0.0701961688	12.5067949683	0.0705816703
10.1153846154	12.5064667542	0.0701474353	12.5081517791	0.0705249318
10.1346153846	12.5078178467	0.0700886696	12.5095073997	0.0704578967
10.1538461538	12.5091677727	0.0700198959	12.5108616322	0.0703805748
10.1730769231	12.5105163393	0.0699411390	12.5122142790	0.0702929776
10.1923076923	12.5118633535	0.0698524252	12.5135651425	0.0701951177
10.2115384615	12.5132086230	0.0697537813	12.5149140255	0.0700870094
10.2307692308	12.5145519556	0.0696452354	12.5162607311	0.0699686685
10.2500000000	12.5158931595	0.0695268164	12.5176050627	0.0698401123
10.2692307692	12.5172320432	0.0693985539	12.5189468239	0.0697013596
10.2884615385	12.5185684155	0.0692604786	12.5202858190	0.0695524306
10.3076923077	12.5199020859	0.0691126217	12.5216218523	0.0693933471
10.3269230769	12.5212328638	0.0689550154	12.5229547289	0.0692241323
10.3461538462	12.5225605595	0.0687876925	12.5242842541	0.0690448108
10.3653846154	12.5238849835	0.0686106864	12.5256102339	0.0688554090
10.3846153846	12.5252059467	0.0684240314	12.5269324747	0.0686559543
10.4038461538	12.5265232606	0.0682277623	12.5282507833	0.0684464760
10.4230769231	12.5278367372	0.0680219143	12.5295649674	0.0682270047
10.4423076923	12.5291461889	0.0678065234	12.5308748350	0.0679975723
10.4615384615	12.5304514286	0.0675816262	12.5321801950	0.0677582124
10.4807692308	12.5317522700	0.0673472597	12.5334808567	0.0675089599
10.5000000000	12.5330485270	0.0671034615	12.5347766303	0.0672498512
10.5192307692	12.5343400142	0.0668502696	12.5360673265	0.0669809241
10.5384615385	12.5356265470	0.0665877228	12.5373527570	0.0667022180
10.5576923077	12.5369079412	0.0663158601	12.5386327340	0.0664137734
10.5769230769	12.5381840133	0.0660347212	12.5399070707	0.0661156326
10.5961538462	12.5394545803	0.0657443462	12.5411755811	0.0658078389
10.6153846154	12.5407194602	0.0654447761	12.5424380798	0.0654904375
10.6346153846	12.5419784714	0.0651360520	12.5436943827	0.0651634745
10.6538461538	12.5432314331	0.0648182159	12.5449443063	0.0648269978
10.6730769231	12.5444781652	0.0644913105	12.5461876681	0.0644810565
10.6923076923	12.5457184885	0.0641553790	12.5474242866	0.0641257010
10.7115384615	12.5469522245	0.0638104653	12.5486539812	0.0637609833
10.7307692308	12.5481791954	0.0634566143	12.5498765725	0.0633869566
10.7500000000	12.5493992243	0.0630938715	12.5510918818	0.0630036755
10.7692307692	12.5506121352	0.0627222833	12.5522997318	0.0626111960
10.7884615385	12.5518177529	0.0623418971	12.5534999461	0.0622095754
10.8076923077	12.5530159032	0.0619527614	12.5546923495	0.0617988722
10.8269230769	12.5542064126	0.0615549254	12.5558767680	0.0613791466
10.8461538462	12.5553891089	0.0611484399	12.5570530285	0.0609504597
10.8653846154	12.5565638205	0.0607333564	12.5582209594	0.0605128741
10.8846153846	12.5577303771	0.0603097281	12.5593803901	0.0600664537
10.9038461538	12.5588886094	0.0598776091	12.5605311514	0.0596112638
10.9230769231	12.5600383489	0.0594370553	12.5616730752	0.0591473707
10.9423076923	12.5611794286	0.0589881237	12.5628059949	0.0586748422
10.9615384615	12.5623116823	0.0585308730	12.5639297450	0.0581937472
10.9807692308	12.5634349452	0.0580653633	12.5650441615	0.0577041561
11.0000000000	12.5645490534	0.0575916564	12.5661490816	0.0572061403
11.0192307692	12.5656538447	0.0571098159	12.5672443441	0.0566997725
11.0384615385	12.5667491576	0.0566199067	12.5683297890	0.0561851266
11.0576923077	12.5678348322	0.0561219958	12.5694052579	0.0556622777
11.0769230769	12.5689107101	0.0556161517	12.5704705938	0.0551313023
11.0961538462	12.5699766338	0.0551024448	12.5715256410	0.0545922778
11.1153846154	12.5710324477	0.0545809471	12.5725702457	0.0540452829
11.1346153846	12.5720779971	0.0540517327	12.5736042552	0.0534903975
11.1538461538	12.5731131293	0.0535148772	12.5746275186	0.0529277026
11.1730769231	12.5741376927	0.0529704579	12.5756398865	0.0523572803
11.1923076923	12.5751515374	0.0524185539	12.5766412112	0.0517792140
11.2115384615	12.5761545151	0.0518592460	12.5776313463	0.0511935880
11.2307692308	12.5771464791	0.0512926166	12.5786101474	0.0506004878
11.2500000000	12.5781272842	0.0507187497	12.5795774715	0.0500000000
11.2692307692	12.5790967870	0.0501377307	12.5805331775	0.0493922123
11.2884615385	12.5800548458	0.0495496465	12.5814771258	0.0487772134
11.3076923077	12.5810013205	0.0489545853	12.5824091785	0.0481550932
11.3269230769	12.5819360730	0.0483526366	12.5833291997	0.0475259424
11.3461538462	12.5828589669	0.0477438910	12.5842370549	0.0468898528
11.3653846154	12.5837698674	0.0471284401	12.5851326117	0.0462469175
11.3846153846	12.5846686419	0.0465063764	12.5860157392	0.0455972301
11.4038461538	12.5855551594	0.0458777934	12.5868863086	0.0449408857
11.4230769231	12.5864292911	0.0452427851	12.5877441928	0.0442779799
11.4423076923	12.5872909098	0.0446014460	12.5885892664	0.0436086097
11.4615384615	12.5881398905	0.0439538713	12.5894214062	0.0429328727
11.4807692308	12.5889761100	0.0433001562	12.5902404906	0.0422508675
11.5000000000	12.5897994472	0.0426403963	12.5910464000	0.0415626938
11.5192307692	12.5906097830	0.0419746872	12.5918390168	0.0408684520
11.5384615385	12.5914070003	0.0413031244	12.5926182253	0.0401682435
11.5576923077	12.5921909840	0.0406258033	12.5933839117	0.0394621704
11.5769230769	12.5929616212	0.0399428188	12.5941359642	0.0387503360
11.5961538462	12.5937188010	0.0392542657	12.5948742729	0.0380328441
11.6153846154	12.5944624144	0.0385602382	12.5955987303	0.0373097995
11.6346153846	12.5951923547	0.0378608299	12.5963092303	0.0365813077
11.6538461538	12.5959085174	0.0371561338	12.5970056694	0.0358474750
11.6730769231	12.5966107998	0.0364462421	12.5976879458	0.0351084088
11.6923076923	12.5972991014	0.0357312465	12.5983559599	0.0343642167
11.7115384615	12.5979733241	0.0350112377	12.5990096143	0.0336150075
11.7307692308	12.5986333716	0.0342863056	12.5996488134	0.0328608906
11.7500000000	12.5992791497	0.0335565395	12.6002734639	0.0321019761
11.7692307692	12.5999105666	0.0328220277	12.6008834747	0.0313383747
11.7884615385	12.6005275324	0.0320828579	12.6014787567	0.0305701980
11.8076923077	12.6011299594	0.0313391168	12.6020592230	0.0297975581
11.8269230769	12.6017177620	0.0305908907	12.6026247888	0.0290205678
11.8461538462	12.6022908568	0.0298382652	12.6031753715	0.0282393405
11.8653846154	12.6028491624	0.0290813253	12.6037108908	0.0274539904
11.8846153846	12.6033925997	0.0283201558	12.6042312685	0.0266646320
11.9038461538	12.6039210915	0.0275548410	12.6047364286	0.0258713806
11.9230769231	12.6044345629	0.0267854651	12.6052262974	0.0250743520
11.9423076923	12.6049329411	0.0260121122	12.6057008033	0.0242736627
11.9615384615	12.6054161552	0.0252348668	12.6061598771	0.0234694294
11.9807692308	12.6058841368	0.0244538133	12.6066034517	0.0226617696
12.0000000000	12.6063368194	0.0236690368	12.6070314624	0.0218508012
12.0192307692	12.6067741385	0.0228806230	12.6074438467	0.0210366427
12.0384615385	12.6071960321	0.0220886583	12.6078405444	0.0202194128
12.0576923077	12.6076024400	0.0212932304	12.6082214975	0.0193992310
12.0769230769	12.6079933042	0.0204944277	12.6085866505	0.0185762169
12.0961538462	12.6083685691	0.0196923405	12.6089359500	0.0177504907
12.1153846154	12.6087281808	0.0188870603	12.6092693450	0.0169221729
12.1346153846	12.6090720880	0.0180786804	12.6095867869	0.0160913846
12.1538461538	12.6094002412	0.0172672961	12.6098882294	0.0152582469
12.1730769231	12.6097125934	0.0164530048	12.6101736283	0.0144228815
12.1923076923	12.6100090996	0.0156359062	12.6104429421	0.0135854105
12.2115384615	12.6102897169	0.0148161020	12.6106961314	0.0127459560
12.2307692308	12.6105544049	0.0139936970	12.6109331592	0.0119046406
12.2500000000	12.6108031253	0.0131687981	12.6111539910	0.0110615871
12.2692307692	12.6110358418	0.0123415154	12.6113585945	0.0102169187
12.2884615385	12.6112525207	0.0115119614	12.6115469399	0.0093707586
12.3076923077	12.6114531305	0.0106802519	12.6117189996	0.0085232304
12.3269230769	12.6116376417	0.0098465054	12.6118747485	0.0076744578
12.3461538462	12.6118060276	0.0090108433	12.6120141638	0.0068245648
12.3653846154	12.6119582633	0.0081733902	12.6121372253	0.0059736754
12.3846153846	12.6120943267	0.0073342734	12.6122439150	0.0051219138
12.4038461538	12.6122141976	0.0064936232	12.6123342172	0.0042694045
12.4230769231	12.6123178586	0.0056515727	12.6124081189	0.0034162718
12.4423076923	12.6124052945	0.0048082578	12.6124656091	0.0025626404
12.4615384615	12.6124764924	0.0039638170	12.6125066796	0.0017086348
12.4807692308	12.6125314420	0.0031183912	12.6125313242	0.0008543798
12.5000000000	12.6125701353	0.0022721237	12.6125395395	0.0000000000
12.5192307692	12.6125925669	0.0014251600	12.6125313242	-0.0008543798
12.5384615385	12.6125987338	0.0005776474	12.6125066796	-0.0017086348
12.5576923077	12.6125886353	-0.0002702649	12.6124656091	-0.0025626404
12.5769230769	12.6125622734	-0.0011184262	12.6124081189	-0.0034162718
12.5961538462	12.6125196526	-0.0019666848	12.6123342172	-0.0042694045
12.6153846154	12.6124607798	-0.0028148876	12.6122439150	-0.0051219138
12.6346153846	12.6123856643	-0.0036628811	12.6121372253	-0.0059736754
12.6538461538	12.6122943182	-0.0045105113	12.6120141638	-0.0068245648
12.6730769231	12.6121867558	-0.0053576238	12.6118747485	-0.0076744578
12.6923076923	12.6120629941	-0.0062040647	12.6117189996	-0.0085232304
12.7115384615	12.6119230525	-0.0070496802	12.6115469399	-0.0093707586
12.7307692308	12.6117669531	-0.0078943174	12.6113585945	-0.0102169187
12.7500000000	12.6115947201	-0.0087378244	12.6111539910	-0.0110615871
12.7692307692	12.6114063805	-0.0095800505	12.6109331592	-0.0119046406
12.7884615385	12.6112019638	-0.0104208467	12.6106961314	-0.0127459560
12.8076923077	12.6109815016	-0.0112600656	12.6104429421	-0.0135854105
12.8269230769	12.6107450284	-0.0120975621	12.6101736283	-0.0144228815
12.8461538462	12.6104925807	-0.0129331933	12.6098882294	-0.0152582469
12.8653846154	12.6102241976	-0.0137668188	12.6095867869	-0.0160913846
12.8846153846	12.6099399207	-0.0145983009	12.6092693450	-0.0169221729
12.9038461538	12.6096397937	-0.0154275050	12.6089359500	-0.0177504907
12.9230769231	12.6093238628	-0.0162542993	12.6085866505	-0.0185762169
12.9423076923	12.6089921765	-0.0170785552	12.6082214975	-0.0193992310
12.9615384615	12.6086447855	-0.0179001475	12.6078405444	-0.0202194128
12.9807692308	12.6082817427	-0.0187189543	12.6074438467	-0.0210366427
13.0000000000	12.6079031034	-0.0195348568	12.6070314624	-0.0218508012
13.0192307692	12.6075089249	-0.0203477401	12.6066034517	-0.0226617696
13.0384615385	12.6070992669	-0.0211574922	12.6061598771	-0.0234694294
13.0576923077	12.6066741910	-0.0219640047	12.6057008033	-0.0242736627
13.0769230769	12.6062337611	-0.0227671723	12.6052262974	-0.0250743520
13.0961538462	12.6057780429	-0.0235668931	12.6047364286	-0.0258713806
13.1153846154	12.6053071044	-0.0243630680	12.6042312685	-0.0266646320
13.1346153846	12.6048210156	-0.0251556008	12.6037108908	-0.0274539904
13.1538461538	12.6043198483	-0.0259443981	12.6031753715	-0.0282393405
13.1730769231	12.6038036764	-0.0267293688	12.6026247888	-0.0290205678
13.1923076923	12.6032725757	-0.0275104242	12.6020592230	-0.0297975581
13.2115384615	12.6027266240	-0.0282874776	12.6014787567	-0.0305701980
13.2307692308	12.6021659008	-0.0290604440	12.6008834747	-0.0313383747
13.2500000000	12.6015904877	-0.0298292399	12.6002734639	-0.0321019761
13.2692307692	12.6010004679	-0.0305937829	12.5996488134	-0.0328608906
13.2884615385	12.6003959266	-0.0313539915	12.5990096143	-0.0336150075
13.3076923077	12.5997769508	-0.0321097848	12.5983559599	-0.0343642167
13.3269230769	12.5991436292	-0.0328610820	12.5976879458	-0.0351084088
13.3461538462	12.5984960524	-0.0336078026	12.5970056694	-0.0358474750
13.3653846154	12.5978343127	-0.0343498652	12.5963092303	-0.0365813077
13.3846153846	12.5971585043	-0.0350871880	12.5955987303	-0.0373097995
13.4038461538	12.5964687229	-0.0358196883	12.5948742729	-0.0380328441
13.4230769231	12.5957650663	-0.0365472820	12.5941359642	-0.0387503360
13.4423076923	12.5950476338	-0.0372698833	12.5933839117	-0.0394621704
13.4615384615	12.5943165266	-0.0379874050	12.5926182253	-0.0401682435
13.4807692308	12.5935718476	-0.0386997574	12.5918390168	-0.0408684520
13.5000000000	12.5928137014	-0.0394068489	12.5910464000	-0.0415626938
13.5192307692	12.5920421947	-0.0401085852	12.5902404906	-0.0422508675
13.5384615385	12.5912574355	-0.0408048697	12.5894214062	-0.0429328727
13.5576923077	12.5904595340	-0.0414956028	12.5885892664	-0.0436086097
13.5769230769	12.5896486019	-0.0421806822	12.5877441928	-0.0442779799
13.5961538462	12.5888247528	-0.0428600027	12.5868863086	-0.0449408857
13.6153846154	12.5879881022	-0.0435334562	12.5860157392	-0.0455972301
13.6346153846	12.5871387673	-0.0442009315	12.5851326117	-0.0462469175
13.6538461538	12.5862768672	-0.0448623146	12.5842370549	-0.0468898528
13.6730769231	12.5854025228	-0.0455174889	12.5833291997	-0.0475259424
13.6923076923	12.5845158568	-0.0461663347	12.5824091785	-0.0481550932
13.7115384615	12.5836169940	-0.0468087299	12.5814771258	-0.0487772134
13.7307692308	12.5827060608	-0.0474445502	12.5805331775	-0.0493922123
13.7500000000	12.5817831854	-0.0480736687	12.5795774715	-0.0500000000
13.7692307692	12.5808484982	-0.0486959570	12.5786101474	-0.0506004878
13.7884615385	12.5799021313	-0.0493112846	12.5776313463	-0.0511935880
13.8076923077	12.5789442186	-0.0499195198	12.5766412112	-0.0517792140
13.8269230769	12.5779748959	-0.0505205301	12.5756398865	-0.0523572803
13.8461538462	12.5769943011	-0.0511141819	12.5746275186	-0.0529277026
13.8653846154	12.5760025736	-0.0517003415	12.5736042552	-0.0534903975
13.8846153846	12.5749998550	-0.0522788753	12.5725702457	-0.0540452829
13.9038461538	12.5739862885	-0.0528496500	12.5715256410	-0.0545922778
13.9230769231	12.5729620192	-0.0534125334	12.5704705938	-0.0551313023
13.9423076923	12.5719271942	-0.0539673944	12.5694052579	-0.0556622777
13.9615384615	12.5708819621	-0.0545141039	12.5683297890	-0.0561851266
13.9807692308	12.5698264735	-0.0550525348	12.5672443441	-0.0566997725
14.0000000000	12.5687608807	-0.0555825627	12.5661490816	-0.0572061403
14.0192307692	12.5676853376	-0.0561040663	12.5650441615	-0.0577041561
14.0384615385	12.5665999999	-0.0566169277	12.5639297450	-0.0581937472
14.0576923077	12.5655050251	-0.0571210329	12.5628059949	-0.0586748422
14.0769230769	12.5644005721	-0.0576162723	12.5616730752	-0.0591473707
14.0961538462	12.5632868013	-0.0581025406	12.5605311514	-0.0596112638
14.1153846154	12.5621638751	-0.0585797380	12.5593803901	-0.0600664537
14.1346153846	12.5610319569	-0.0590477695	12.5582209594	-0.0605128741
14.1538461538	12.5598912118	-0.0595065461	12.5570530285	-0.0609504597
14.1730769231	12.5587418064	-0.0599559844	12.5558767680	-0.0613791466
14.1923076923	12.5575839084	-0.0603960073	12.5546923495	-0.0617988722
14.2115384615	12.5564176870	-0.0608265440	12.5534999461	-0.0622095754
14.2307692308	12.5552433126	-0.0612475300	12.5522997318	-0.0626111960
14.2500000000	12.5540609568	-0.0616589074	12.5510918818	-0.0630036755
14.2692307692	12.5528707924	-0.0620606250	12.5498765725	-0.0633869566
14.2884615385	12.5516729932	-0.0624526384	12.5486539812	-0.0637609833
14.3076923077	12.5504677342	-0.0628349097	12.5474242866	-0.0641257010
14.3269230769	12.5492551912	-0.0632074077	12.5461876681	-0.0644810565
14.3461538462	12.5480355412	-0.0635701077	12.5449443063	-0.0648269978
14.3653846154	12.5468089618	-0.0639229914	12.5436943827	-0.0651634745
14.3846153846	12.5455756317	-0.0642660468	12.5424380798	-0.0654904375
14.4038461538	12.5443357301	-0.0645992679	12.5411755811	-0.0658078389
14.4230769231	12.5430894372	-0.0649226544	12.5399070707	-0.0661156326
14.4423076923	12.5418369337	-0.0652362116	12.5386327340	-0.0664137734
14.4615384615	12.5405784011	-0.0655399498	12.5373527570	-0.0667022180
14.4807692308	12.5393140215	-0.0658338843	12.5360673265	-0.0669809241
14.5000000000	12.5380439774	-0.0661180348	12.5347766303	-0.0672498512
14.5192307692	12.5367684520	-0.0663924248	12.5334808567	-0.0675089599
14.5384615385	12.5354876288	-0.0666570817	12.5321801950	-0.0677582124
14.5576923077	12.5342016919	-0.0669120358	12.5308748350	-0.0679975723
14.5769230769	12.5329108259	-0.0671573203	12.5295649674	-0.0682270047
14.5961538462	12.5316152155	-0.0673929705	12.5282507833	-0.0684464760
14.6153846154	12.5303150461	-0.0676190233	12.5269324747	-0.0686559543
14.6346153846	12.5290105033	-0.0678355171	12.5256102339	-0.0688554090
14.6538461538	12.5277017730	-0.0680424909	12.5242842541	-0.0690448108
14.6730769231	12.5263890414	-0.0682399838	12.5229547289	-0.0692241323
14.6923076923	12.5250724952	-0.0684280351	12.5216218523	-0.0693933471
14.7115384615	12.5237523212	-0.0686066830	12.5202858190	-0.0695524306
14.7307692308	12.5224287065	-0.0687759647	12.5189468239	-0.0697013596
14.7500000000	12.5211018385	-0.0689359160	12.5176050627	-0.0698401123
14.7692307692	12.5197719050	-0.0690865705	12.5162607311	-0.0699686685
14.7884615385	12.5184390939	-0.0692279595	12.5149140255	-0.0700870094
14.8076923077	12.5171035934	-0.0693601116	12.5135651425	-0.0701951177
14.8269230769	12.5157655922	-0.0694830523	12.5122142790	-0.0702929776
14.8461538462	12.5144252789	-0.0695968037	12.5108616322	-0.0703805748
14.8653846154	12.5130828427	-0.0697013845	12.5095073997	-0.0704578967
14.8846153846	12.5117384730	-0.0697968095	12.5081517791	-0.0705249318
14.9038461538	12.5103923595	-0.0698830892	12.5067949683	-0.0705816703
14.9230769231	12.5090446922	-0.0699602305	12.5054371655	-0.0706281041
14.9423076923	12.5076956613	-0.0700282355	12.5040785689	-0.0706642263
14.9615384615	12.5063454575	-0.0700871025	12.5027193768	-0.0706900316
14.9807692308	12.5049942718	-0.0701368252	12.5013597876	-0.0707055163
15.0000000000	12.5036422955	-0.0701773931	12.5000000000	-0.0707106781
15.0192307692	12.5022897201	-0.0702087916	12.4986402124	-0.0707055163
15.0384615385	12.5009367377	-0.0702310020	12.4972806232	-0.0706900316
15.0576923077	12.4995835406	-0.0702440015	12.4959214311	-0.0706642263
15.0769230769	12.4982303214	-0.0702477639	12.4945628345	-0.0706281041
15.0961538462	12.4968772731	-0.0702422592	12.4932050317	-0.0705816703
15.1153846154	12.4955245891	-0.0702274545	12.4918482209	-0.0705249318
15.1346153846	12.4941724629	-0.0702033138	12.4904926003	-0.0704578967
15.1538461538	12.4928210886	-0.0701697985	12.4891383678	-0.0703805748
15.1730769231	12.4914706604	-0.0701268679	12.4877857210	-0.0702929776
15.1923076923	12.4901213728	-0.0700744794	12.4864348575	-0.0701951177
15.2115384615	12.4887734208	-0.0700125890	12.4850859745	-0.0700870094
15.2307692308	12.4874269993	-0.0699411516	12.4837392689	-0.0699686685
15.2500000000	12.4860823036	-0.0698601217	12.4823949373	-0.0698401123
15.2692307692	12.4847395293	-0.0697694536	12.4810531761	-0.0697013596
15.2884615385	12.4833988719	-0.0696691019	12.4797141810	-0.0695524306
15.3076923077	12.4820605272	-0.0695590219	12.4783781477	-0.0693933471
15.3269230769	12.4807246911	-0.0694391704	12.4770452711	-0.0692241323
15.3461538462	12.4793915595	-0.0693095055	12.4757157459	-0.0690448108
15.3653846154	12.4780613282	-0.0691699877	12.4743897661	-0.0688554090
15.3846153846	12.4767341932	-0.0690205800	12.4730675253	-0.0686559543
15.4038461538	12.4754103501	-0.0688612482	12.4717492167	-0.0684464760
15.4230769231	12.4740899945	-0.0686919615	12.4704350326	-0.0682270047
15.4423076923	12.4727733219	-0.0685126930	12.4691251650	-0.0679975723
15.4615384615	12.4714605273	-0.0683234195	12.4678198050	-0.0677582124
15.4807692308	12.4701518057	-0.0681241222	12.4665191433	-0.0675089599
15.5000000000	12.4688473514	-0.0679147873	12.4652233697	-0.0672498512
15.5192307692	12.4675473585	-0.0676954053	12.4639326735	-0.0669809241
15.5384615385	12.4662520204	-0.0674659722	12.4626472430	-0.0667022180
15.5576923077	12.4649615301	-0.0672264891	12.4613672660	-0.0664137734
15.5769230769	12.4636760799	-0.0669769625	12.4600929293	-0.0661156326
15.5961538462	12.4623958615	-0.0667174043	12.4588244189	-0.0658078389
15.6153846154	12.4611210656	-0.0664478321	12.4575619202	-0.0654904375
15.6346153846	12.4598518825	-0.0661682689	12.4563056173	-0.0651634745
15.6538461538	12.4585885012	-0.0658787433	12.4550556937	-0.0648269978
15.6730769231	12.4573311100	-0.0655792894	12.4538123319	-0.0644810565
15.6923076923	12.4560798962	-0.0652699467	12.4525757134	-0.0641257010
15.7115384615	12.4548350461	-0.0649507597	12.4513460188	-0.0637609833
15.7307692308	12.4535967446	-0.0646217784	12.4501234275	-0.0633869566
15.7500000000	12.4523651758	-0.0642830573	12.4489081182	-0.0630036755
15.7692307692	12.4511405225	-0.0639346556	12.4477002682	-0.0626111960
15.7884615385	12.4499229661	-0.0635766369	12.4465000539	-0.0622095754
15.8076923077	12.4487126868	-0.0632090690	12.4453076505	-0.0617988722
15.8269230769	12.4475098635	-0.0628320233	12.4441232320	-0.0613791466
15.8461538462	12.4463146738	-0.0624455747	12.4429469715	-0.0609504597
15.8653846154	12.4451272937	-0.0620498012	12.4417790406	-0.0605128741
15.8846153846	12.4439478978	-0.0616447833	12.4406196099	-0.0600664537
15.9038461538	12.4427766593	-0.0612306042	12.4394688486	-0.0596112638
15.9230769231	12.4416137500	-0.0608073489	12.4383269248	-0.0591473707
15.9423076923	12.4404593400	-0.0603751038	12.4371940051	-0.0586748422
15.9615384615	12.4393135979	-0.0599339568	12.4360702550	-0.0581937472
15.9807692308	12.4381766909	-0.0594839964	12.4349558385	-0.0577041561
16.0000000000	12.4370487845	-0.0590253116	12.4338509184	-0.0572061403
16.0192307692	12.4359300426	-0.0585579916	12.4327556559	-0.0566997725
16.0384615385	12.4348206278	-0.0580821253	12.4316702110	-0.0561851266
16.0576923077	12.4337207009	-0.0575978009	12.4305947421	-0.0556622777
16.0769230769	12.4326304210	-0.0571051058	12.4295294062	-0.0551313023
16.0961538462	12.4315499461	-0.0566041262	12.4284743590	-0.0545922778
16.1153846154	12.4304794322	-0.0560949470	12.4274297543	-0.0540452829
16.1346153846	12.4294190339	-0.0555776513	12.4263957448	-0.0534903975
16.1538461538	12.4283689042	-0.0550523204	12.4253724814	-0.0529277026
16.1730769231	12.4273291948	-0.0545190337	12.4243601135	-0.0523572803
16.1923076923	12.4263000556	-0.0539778682	12.4233587888	-0.0517792140
16.2115384615	12.4252816352	-0.0534288989	12.4223686537	-0.0511935880
16.2307692308	12.4242740804	-0.0528721984	12.4213898526	-0.0506004878
16.2500000000	12.4232775368	-0.0523078370	12.4204225285	-0.0500000000
16.2692307692	12.4222921485	-0.0517358827	12.4194668225	-0.0493922123
16.2884615385	12.4213180580	-0.0511564011	12.4185228742	-0.0487772134
16.3076923077	12.4203554064	-0.0505694559	12.4175908215	-0.0481550932
16.3269230769	12.4194043334	-0.0499751085	12.4166708003	-0.0475259424
16.3461538462	12.4184649773	-0.0493734184	12.4157629451	-0.0468898528
16.3653846154	12.4175374749	-0.0487644434	12.4148673883	-0.0462469175
16.3846153846	12.4166219616	-0.0481482399	12.4139842608	-0.0455972301
16.4038461538	12.4157185713	-0.0475248628	12.4131136914	-0.0449408857
16.4230769231	12.4148274366	-0.0468943661	12.4122558072	-0.0442779799
16.4423076923	12.4139486887	-0.0462568031	12.4114107336	-0.0436086097
16.4615384615	12.4130824573	-0.0456122266	12.4105785938	-0.0429328727
16.4807692308	12.4122288707	-0.0449606893	12.4097595094	-0.0422508675
16.5000000000	12.4113880557	-0.0443022441	12.4089536000	-0.0415626938
16.5192307692	12.4105601376	-0.0436369447	12.4081609832	-0.0408684520
16.5384615385	12.4097452405	-0.0429648454	12.4073817747	-0.0401682435
16.5576923077	12.4089434867	-0.0422860020	12.4066160883	-0.0394621704
16.5769230769	12.4081549972	-0.0416004721	12.4058640358	-0.0387503360
16.5961538462	12.4073798912	-0.0409083149	12.4051257271	-0.0380328441
16.6153846154	12.4066182867	-0.0402095923	12.4044012697	-0.0373097995
16.6346153846	12.4058702997	-0.0395043689	12.4036907697	-0.0365813077
16.6538461538	12.4051360449	-0.0387927121	12.4029943306	-0.0358474750
16.6730769231	12.4044156351	-0.0380746928	12.4023120542	-0.0351084088
16.6923076923	12.4037091814	-0.0373503856	12.4016440401	-0.0343642167
16.7115384615	12.4030167934	-0.0366198688	12.4009903857	-0.0336150075
16.7307692308	12.4023385784	-0.0358832250	12.4003511866	-0.0328608906
16.7500000000	12.4016746424	-0.0351405411	12.3997265361	-0.0321019761
16.7692307692	12.4010250891	-0.0343919086	12.3991165253	-0.0313383747
16.7884615385	12.4003900204	-0.0336374236	12.3985212433	-0.0305701980
16.8076923077	12.3997695362	-0.0328771872	12.3979407770	-0.0297975581
16.8269230769	12.3991637345	-0.0321113054	12.3973752112	-0.0290205678
16.8461538462	12.3985727108	-0.0313398891	12.3968246285	-0.0282393405
16.8653846154	12.3979965587	-0.0305630542	12.3962891092	-0.0274539904
16.8846153846	12.3974353698	-0.0297809217	12.3957687315	-0.0266646320
16.9038461538	12.3968892329	-0.0289936175	12.3952635714	-0.0258713806
16.9230769231	12.3963582350	-0.0282012725	12.3947737026	-0.0250743520
16.9423076923	12.3958424604	-0.0274040221	12.3942991967	-0.0242736627
16.9615384615	12.3953419912	-0.0266020066	12.3938401229	-0.0234694294
16.9807692308	12.3948569069	-0.0257953705	12.3933965483	-0.0226617696
17.0000000000	12.3943872845	-0.0249842626	12.3929685376	-0.0218508012
17.0192307692	12.3939331985	-0.0241688358	12.3925561533	-0.0210366427
17.0384615385	12.3934947209	-0.0233492464	12.3921594556	-0.0202194128
17.0576923077	12.3930719208	-0.0225256544	12.3917785025	-0.0193992310
17.0769230769	12.3926648649	-0.0216982228	12.3914133495	-0.0185762169
17.0961538462	12.3922736170	-0.0208671175	12.3910640500	-0.0177504907
17.1153846154	12.3918982384	-0.0200325066	12.3907306550	-0.0169221729
17.1346153846	12.3915387874	-0.0191945605	12.3904132131	-0.0160913846
17.1538461538	12.3911953197	-0.0183534511	12.3901117706	-0.0152582469
17.1730769231	12.3908678880	-0.0175093518	12.3898263717	-0.0144228815
17.1923076923	12.3905565424	-0.0166624368	12.3895570579	-0.0135854105
17.2115384615	12.3902613300	-0.0158128811	12.3893038686	-0.0127459560
17.2307692308	12.3899822953	-0.0149608596	12.3890668408	-0.0119046406
17.2500000000	12.3897194796	-0.0141065472	12.3888460090	-0.0110615871
17.2692307692	12.3894729217	-0.0132501182	12.3886414055	-0.0102169187
17.2884615385	12.3892426573	-0.0123917461	12.3884530601	-0.0093707586
17.3076923077	12.3890287195	-0.0115316029	12.3882810004	-0.0085232304
17.3269230769	12.3888311383	-0.0106698595	12.3881252515	-0.0076744578
17.3461538462	12.3886499411	-0.0098066845	12.3879858362	-0.0068245648
17.3653846154	12.3884851525	-0.0089422448	12.3878627747	-0.0059736754
17.3846153846	12.3883367941	-0.0080767045	12.3877560850	-0.0051219138
17.4038461538	12.3882048849	-0.0072102255	12.3876657828	-0.0042694045
17.4230769231	12.3880894411	-0.0063429666	12.3875918811	-0.0034162718
17.4423076923	12.3879904763	-0.0054750840	12.3875343909	-0.0025626404
17.4615384615	12.3879080013	-0.0046067305	12.3874933204	-0.0017086348
17.4807692308	12.3878420241	-0.0037380557	12.3874686758	-0.0008543798
17.5000000000	12.3877925503	-0.0028692062	12.3874604605	-0.0000000000
17.5192307692	12.3877595827	-0.0020003249	12.3874686758	0.0008543798
17.5384615385	12.3877431217	-0.0011315518	12.3874933204	0.0017086348
17.5576923077	12.3877431651	-0.0002630232	12.3875343909	0.0025626404
17.5769230769	12.3877597080	0.0006051277	12.3875918811	0.0034162718
17.5961538462	12.3877927433	0.0014727709	12.3876657828	0.0042694045
17.6153846154	12.3878422612	0.0023397795	12.3877560850	0.0051219138
17.6346153846	12.3879082496	0.0032060296	12.3878627747	0.0059736754
17.6538461538	12.3879906941	0.0040714000	12.3879858362	0.0068245648
17.6730769231	12.3880895778	0.0049357722	12.3881252515	0.0076744578
17.6923076923	12.3882048814	0.0057990303	12.3882810004	0.0085232304
17.7115384615	12.3883365835	0.0066610604	12.3884530601	0.0093707586
17.7307692308	12.3884846603	0.0075217505	12.3886414055	0.0102169187
17.7500000000	12.3886490857	0.0083809908	12.3888460090	0.0110615871
17.7692307692	12.3888298316	0.0092386724	12.3890668408	0.0119046406
17.7884615385	12.3890268673	0.0100946882	12.3893038686	0.0127459560
17.8076923077	12.3892401603	0.0109489316	12.3895570579	0.0135854105
17.8269230769	12.3894696757	0.0118012970	12.3898263717	0.0144228815
17.8461538462	12.3897153765	0.0126516792	12.3901117706	0.0152582469
17.8653846154	12.3899772235	0.0134999731	12.3904132131	0.0160913846
17.8846153846	12.3902551755	0.0143460734	12.3907306550	0.0169221729
17.9038461538	12.3905491891	0.0151898748	12.3910640500	0.0177504907
17.9230769231	12.3908592186	0.0160312712	12.3914133495	0.0185762169
17.9423076923	12.3911852165	0.0168701556	12.3917785025	0.0193992310
17.9615384615	12.3915271331	0.0177064204	12.3921594556	0.0202194128
17.9807692308	12.3918849164	0.0185399563	12.3925561533	0.0210366427
18.0000000000	12.3922585125	0.0193706531	12.3929685376	0.0218508012
18.0192307692	12.3926478653	0.0201983989	12.3933965483	0.0226617696
18.0384615385	12.3930529167	0.0210230801	12.3938401229	0.0234694294
18.0576923077	12.3934736064	0.0218445814	12.3942991967	0.0242736627
18.0769230769	12.3939098719	0.0226627859	12.3947737026	0.0250743520
18.0961538462	12.3943616487	0.0234775746	12.3952635714	0.0258713806
18.1153846154	12.3948288701	0.0242888266	12.3957687315	0.0266646320
18.1346153846	12.3953114675	0.0250964193	12.3962891092	0.0274539904
18.1538461538	12.3958093697	0.0259002280	12.3968246285	0.0282393405
18.1730769231	12.3963225038	0.0267001265	12.3973752112	0.0290205678
18.1923076923	12.3968507946	0.0274959866	12.3979407770	0.0297975581
18.2115384615	12.3973941645	0.0282876785	12.3985212433	0.0305701980
18.2307692308	12.3979525341	0.0290750710	12.3991165253	0.0313383747
18.2500000000	12.3985258217	0.0298580314	12.3997265361	0.0321019761
18.2692307692	12.3991139432	0.0306364258	12.4003511866	0.0328608906
18.2884615385	12.3997168127	0.0314101194	12.4009903857	0.0336150075
18.3076923077	12.4003343419	0.0321789765	12.4016440401	0.0343642167
18.3269230769	12.4009664403	0.0329428608	12.4023120542	0.0351084088
18.3461538462	12.4016130152	0.0337016355	12.4029943306	0.0358474750
18.3653846154	12.4022739720	0.0344551638	12.4036907697	0.0365813077
18.3846153846	12.4029492135	0.0352033090	12.4044012697	0.0373097995
18.4038461538	12.4036386406	0.0359459348	12.4051257271	0.0380328441
18.4230769231	12.4043421519	0.0366829052	12.4058640358	0.0387503360
18.4423076923	12.4050596440	0.0374140855	12.4066160883	0.0394621704
18.4615384615	12.4057910113	0.0381393419	12.4073817747	0.0401682435
18.4807692308	12.4065361458	0.0388585419	12.4081609832	0.0408684520
18.5000000000	12.4072949377	0.0395715549	12.4089536000	0.0415626938
18.5192307692	12.4080672750	0.0402782519	12.4097595094	0.0422508675
18.5384615385	12.4088530435	0.0409785062	12.4105785938	0.0429328727
18.5576923077	12.4096521271	0.0416721933	12.4114107336	0.0436086097
18.5769230769	12.4104644073	0.0423591914	12.4122558072	0.0442779799
18.5961538462	12.4112897640	0.0430393812	12.4131136914	0.0449408857
18.6153846154	12.4121280748	0.0437126466	12.4139842608	0.0455972301
18.6346153846	12.4129792154	0.0443788742	12.4148673883	0.0462469175
18.6538461538	12.4138430595	0.0450379542	12.4157629451	0.0468898528
18.6730769231	12.4147194788	0.0456897799	12.4166708003	0.0475259424
18.6923076923	12.4156083433	0.0463342479	12.4175908215	0.0481550932
18.7115384615	12.4165095209	0.0469712587	12.4185228742	0.0487772134
18.7307692308	12.4174228777	0.0476007160	12.4194668225	0.0493922123
18.7500000000	12.4183482780	0.0482225273	12.4204225285	0.0500000000
18.7692307692	12.4192855843	0.0488366035	12.4213898526	0.0506004878
18.7884615385	12.4202346573	0.0494428595	12.4223686537	0.0511935880
18.8076923077	12.4211953561	0.0500412133	12.4233587888	0.0517792140
18.8269230769	12.4221675379	0.0506315869	12.4243601135	0.0523572803
18.8461538462	12.4231510584	0.0512139053	12.4253724814	0.0529277026
18.8653846154	12.4241457715	0.0517880973	12.4263957448	0.0534903975
18.8846153846	12.4251515297	0.0523540946	12.4274297543	0.0540452829
18.9038461538	12.4261681837	0.0529118325	12.4284743590	0.0545922778
18.9230769231	12.4271955829	0.0534612489	12.4295294062	0.0551313023
18.9423076923	12.4282335750	0.0540022849	12.4305947421	0.0556622777
18.9615384615	12.4292820063	0.0545348842	12.4316702110	0.0561851266
18.9807692308	12.4303407216	0.0550589930	12.4327556559	0.0566997725
19.0000000000	12.4314095644	0.0555745600	12.4338509184	0.0572061403
19.0192307692	12.4324883767	0.0560815362	12.4349558385	0.0577041561
19.0384615385	12.4335769991	0.0565798744	12.4360702550	0.0581937472
19.0576923077	12.4346752710	0.0570695296	12.4371940051	0.0586748422
19.0769230769	12.4357830305	0.0575504580	12.4383269248	0.0591473707
19.0961538462	12.4369001143	0.0580226178	12.4394688486	0.0596112638
19.1153846154	12.4380263579	0.0584859681	12.4406196099	0.0600664537
19.1346153846	12.4391615957	0.0589404695	12.4417790406	0.0605128741
19.1538461538	12.4403056607	0.0593860834	12.4429469715	0.0609504597
19.1730769231	12.4414583848	0.0598227719	12.4441232320	0.0613791466
19.1923076923	12.4426195989	0.0602504980	12.4453076505	0.0617988722
19.2115384615	12.4437891325	0.0606692253	12.4465000539	0.0622095754
19.2307692308	12.4449668143	0.0610789175	12.4477002682	0.0626111960
19.2500000000	12.4461524716	0.0614795389	12.4489081182	0.0630036755
19.2692307692	12.4473459310	0.0618710539	12.4501234275	0.0633869566
19.2884615385	12.4485470178	0.0622534270	12.4513460188	0.0637609833
19.3076923077	12.4497555564	0.0626266230	12.4525757134	0.0641257010
19.3269230769	12.4509713701	0.0629906065	12.4538123319	0.0644810565
19.3461538462	12.4521942815	0.0633453421	12.4550556937	0.0648269978
19.3653846154	12.4534241118	0.0636907945	12.4563056173	0.0651634745
19.3846153846	12.4546606818	0.0640269284	12.4575619202	0.0654904375
19.4038461538	12.4559038111	0.0643537083	12.4588244189	0.0658078389
19.4230769231	12.4571533184	0.0646710988	12.4600929293	0.0661156326
19.4423076923	12.4584090217	0.0649790649	12.4613672660	0.0664137734
19.4615384615	12.4596707380	0.0652775711	12.4626472430	0.0667022180
19.4807692308	12.4609382836	0.0655665827	12.4639326735	0.0669809241
19.5000000000	12.4622114740	0.0658460650	12.4652233697	0.0672498512
19.5192307692	12.4634901240	0.0661159837	12.4665191433	0.0675089599
19.5384615385	12.4647740474	0.0663763051	12.4678198050	0.0677582124
19.5576923077	12.4660630577	0.0666269959	12.4691251650	0.0679975723
19.5769230769	12.4673569673	0.0668680238	12.4704350326	0.0682270047
19.5961538462	12.4686555881	0.0670993571	12.4717492167	0.0684464760
19.6153846154	12.4699587315	0.0673209653	12.4730675253	0.0686559543
19.6346153846	12.4712662081	0.0675328188	12.4743897661	0.0688554090
19.6538461538	12.4725778280	0.0677348895	12.4757157459	0.0690448108
19.6730769231	12.4738934007	0.0679271505	12.4770452711	0.0692241323
19.6923076923	12.4752127351	0.0681095765	12.4783781477	0.0693933471
19.7115384615	12.4765356398	0.0682821438	12.4797141810	0.0695524306
19.7307692308	12.4778619228	0.0684448306	12.4810531761	0.0697013596
19.7500000000	12.4791913915	0.0685976169	12.4823949373	0.0698401123
19.7692307692	12.4805238532	0.0687404848	12.4837392689	0.0699686685
19.7884615385	12.4818591146	0.0688734183	12.4850859745	0.0700870094
19.8076923077	12.4831969821	0.0689964039	12.4864348575	0.0701951177
19.8269230769	12.4845372617	0.0691094302	12.4877857210	0.0702929776
19.8461538462	12.4858797591	0.0692124883	12.4891383678	0.0703805748
19.8653846154	12.4872242800	0.0693055717	12.4904926003	0.0704578967
19.8846153846	12.4885706294	0.0693886764	12.4918482209	0.0705249318
19.9038461538	12.4899186124	0.0694618008	12.4932050317	0.0705816703
19.9230769231	12.4912680339	0.0695249461	12.4945628345	0.0706281041
19.9423076923	12.4926186985	0.0695781158	12.4959214311	0.0706642263
19.9615384615	12.4939704109	0.0696213162	12.4972806232	0.0706900316
19.9807692308	12.4953229754	0.0696545560	12.4986402124	0.0707055163
20.0000000000	12.4966761964	0.0696778465	12.5000000000	0.0707106781
20.0192307692	12.4980298784	0.0696912013	12.5013597876	0.0707055163
20.0384615385	12.4993838257	0.0696946367	12.5027193768	0.0706900316
20.0576923077	12.5007378425	0.0696881712	12.5040785689	0.0706642263
20.0769230769	12.5020917334	0.0696718255	12.5054371655	0.0706281041
20.0961538462	12.5034453028	0.0696456228	12.5067949683	0.0705816703
20.1153846154	12.5047983552	0.0696095881	12.5081517791	0.0705249318
20.1346153846	12.5061506955	0.0695637485	12.5095073997	0.0704578967
20.1538461538	12.5075021283	0.0695081330	12.5108616322	0.0703805748
20.1730769231	12.5088524588	0.0694427724	12.5122142790	0.0702929776
20.1923076923	12.5102014922	0.0693676992	12.5135651425	0.0701951177
20.2115384615	12.5115490338	0.0692829472	12.5149140255	0.0700870094
20.2307692308	12.5128948895	0.0691885518	12.5162607311	0.0699686685
20.2500000000	12.5142388652	0.0690845496	12.5176050627	0.0698401123
20.2692307692	12.5155807672	0.0689709783	12.5189468239	0.0697013596
20.2884615385	12.5169204020	0.0688478767	12.5202858190	0.0695524306
20.3076923077	12.5182575766	0.0687152843	12.5216218523	0.0693933471
20.3269230769	12.5195920984	0.0685732414	12.5229547289	0.0692241323
20.3461538462	12.5209237751	0.0684217889	12.5242842541	0.0690448108
20.3653846154	12.5222524147	0.0682609684	12.5256102339	0.0688554090
20.3846153846	12.5235778260	0.0680908216	12.5269324747	0.0686559543
20.4038461538	12.5248998178	0.0679113906	12.5282507833	0.0684464760
20.4230769231	12.5262181999	0.0677227177	12.5295649674	0.0682270047
20.4423076923	12.5275327821	0.0675248452	12.5308748350	0.0679975723
20.4615384615	12.5288433752	0.0673178156	12.5321801950	0.0677582124
20.4807692308	12.5301497903	0.0671016711	12.5334808567	0.0675089599
20.5000000000	12.5314518391	0.0668764539	12.5347766303	0.0672498512
20.5192307692	12.5327493341	0.0666422060	12.5360673265	0.0669809241
20.5384615385	12.5340420882	0.0663989691	12.5373527570	0.0667022180
20.5576923077	12.5353299151	0.0661467847	12.5386327340	0.0664137734
20.5769230769	12.5366126292	0.0658856940	12.5399070707	0.0661156326
20.5961538462	12.5378900455	0.0656157379	12.5411755811	0.0658078389
20.6153846154	12.5391619801	0.0653369569	12.5424380798	0.0654904375
20.6346153846	12.5404282494	0.0650493912	12.5436943827	0.0651634745
20.6538461538	12.5416886709	0.0647530809	12.5449443063	0.0648269978
20.6730769231	12.5429430628	0.0644480655	12.5461876681	0.0644810565
20.6923076923	12.5441912444	0.0641343844	12.5474242866	0.0641257010
20.7115384615	12.5454330355	0.0638120768	12.5486539812	0.0637609833
20.7307692308	12.5466682573	0.0634811816	12.5498765725	0.0633869566
20.7500000000	12.5478967314	0.0631417376	12.5510918818	0.0630036755
20.7692307692	12.5491182809	0.0627937836	12.5522997318	0.0626111960
20.7884615385	12.5503327295	0.0624373581	12.5534999461	0.0622095754
20.8076923077	12.5515399023	0.0620724999	12.5546923495	0.0617988722
20.8269230769	12.5527396252	0.0616992476	12.5558767680	0.0613791466
20.8461538462	12.5539317253	0.0613176401	12.5570530285	0.0609504597
20.8653846154	12.5551160309	0.0609277163	12.5582209594	0.0605128741
20.8846153846	12.5562923712	0.0605295156	12.5593803901	0.0600664537
20.9038461538	12.5574605770	0.0601230774	12.5605311514	0.0596112638
20.9230769231	12.5586204799	0.0597084416	12.5616730752	0.0591473707
20.9423076923	12.5597719130	0.0592856484	12.5628059949	0.0586748422
20.9615384615	12.5609147107	0.0588547387	12.5639297450	0.0581937472
20.9807692308	12.5620487085	0.0584157536	12.5650441615	0.0577041561
21.0000000000	12.5631737434	0.0579687349	12.5661490816	0.0572061403
21.0192307692	12.5642896537	0.0575137250	12.5672443441	0.0566997725
21.0384615385	12.5653962790	0.0570507669	12.5683297890	0.0561851266
21.0576923077	12.5664934605	0.0565799042	12.5694052579	0.0556622777
21.0769230769	12.5675810406	0.0561011812	12.5704705938	0.0551313023
21.0961538462	12.5686588633	0.0556146431	12.5715256410	0.0545922778
21.1153846154	12.5697267740	0.0551203357	12.5725702457	0.0540452829
21.1346153846	12.5707846196	0.0546183055	12.5736042552	0.0534903975
21.1538461538	12.5718322486	0.0541085998	12.5746275186	0.0529277026
21.1730769231	12.5728695109	0.0535912669	12.5756398865	0.0523572803
21.1923076923	12.5738962579	0.0530663555	12.5766412112	0.0517792140
21.2115384615	12.5749123429	0.0525339155	12.5776313463	0.0511935880
21.2307692308	12.5759176202	0.0519939974	12.5786101474	0.0506004878
21.2500000000	12.5769119463	0.0514466526	12.5795774715	0.0500000000
21.2692307692	12.5778951789	0.0508919332	12.5805331775	0.0493922123
21.2884615385	12.5788671774	0.0503298922	12.5814771258	0.0487772134
21.3076923077	12.5798278029	0.0497605835	12.5824091785	0.0481550932
21.3269230769	12.5807769180	0.0491840618	12.5833291997	0.0475259424
21.3461538462	12.5817143872	0.0486003825	12.5842370549	0.0468898528
21.3653846154	12.5826400764	0.0480096021	12.5851326117	0.0462469175
21.3846153846	12.5835538533	0.0474117777	12.5860157392	0.0455972301
21.4038461538	12.5844555871	0.0468069677	12.5868863086	0.0449408857
21.4230769231	12.5853451489	0.0461952309	12.5877441928	0.0442779799
21.4423076923	12.5862224114	0.0455766274	12.5885892664	0.0436086097
21.4615384615	12.5870872488	0.0449512182	12.5894214062	0.0429328727
21.4807692308	12.5879395374	0.0443190652	12.5902404906	0.0422508675
21.5000000000	12.5887791549	0.0436802315	12.5910464000	0.0415626938
21.5192307692	12.5896059807	0.0430347813	12.5918390168	0.0408684520
21.5384615385	12.5904198961	0.0423827798	12.5926182253	0.0401682435
21.5576923077	12.5912207840	0.0417242935	12.5933839117	0.0394621704
21.5769230769	12.5920085291	0.0410593903	12.5941359642	0.0387503360
21.5961538462	12.5927830178	0.0403881394	12.5948742729	0.0380328441
21.6153846154	12.5935441383	0.0397106112	12.5955987303	0.0373097995
21.6346153846	12.5942917806	0.0390268780	12.5963092303	0.0365813077
21.6538461538	12.5950258364	0.0383370135	12.5970056694	0.0358474750
21.6730769231	12.5957461993	0.0376410930	12.5976879458	0.0351084088
21.6923076923	12.5964527645	0.0369391937	12.5983559599	0.0343642167
21.7115384615	12.5971454292	0.0362313947	12.5990096143	0.0336150075
21.7307692308	12.5978240925	0.0355177770	12.5996488134	0.0328608906
21.7500000000	12.5984886552	0.0347984237	12.6002734639	0.0321019761
21.7692307692	12.5991390199	0.0340734200	12.6008834747	0.0313383747
21.7884615385	12.5997750915	0.0333428533	12.6014787567	0.0305701980
21.8076923077	12.6003967763	0.0326068135	12.6020592230	0.0297975581
21.8269230769	12.6010039830	0.0318653928	12.6026247888	0.0290205678
21.8461538462	12.6015966218	0.0311186859	12.6031753715	0.0282393405
21.8653846154	12.6021746054	0.0303667900	12.6037108908	0.0274539904
21.8846153846	12.6027378480	0.0296098051	12.6042312685	0.0266646320
21.9038461538	12.6032862662	0.0288478336	12.6047364286	0.0258713806
21.9230769231	12.6038197786	0.0280809810	12.6052262974	0.0250743520
21.9423076923	12.6043383057	0.0273093553	12.6057008033	0.0242736627
21.9615384615	12.6048417703	0.0265330673	12.6061598771	0.0234694294
21.9807692308	12.6053300974	0.0257522307	12.6066034517	0.0226617696
22.0000000000	12.6058032139	0.0249669620	12.6070314624	0.0218508012
22.0192307692	12.6062610493	0.0241773803	12.6074438467	0.0210366427
22.0384615385	12.6067035348	0.0233836077	12.6078405444	0.0202194128
22.0576923077	12.6071306045	0.0225857689	12.6082214975	0.0193992310
22.0769230769	12.6075421942	0.0217839912	12.6085866505	0.0185762169
22.0961538462	12.6079382424	0.0209784046	12.6089359500	0.0177504907
22.1153846154	12.6083186897	0.0201691415	12.6092693450	0.0169221729
22.1346153846	12.6086834793	0.0193563367	12.6095867869	0.0160913846
22.1538461538	12.6090325567	0.0185401274	12.6098882294	0.0152582469
22.1730769231	12.6093658696	0.0177206529	12.6101736283	0.0144228815
22.1923076923	12.6096833684	0.0168980543	12.6104429421	0.0135854105
22.2115384615	12.6099850058	0.0160724749	12.6106961314	0.0127459560
22.2307692308	12.6102707372	0.0152440594	12.6109331592	0.0119046406
22.2500000000	12.6105405202	0.0144129542	12.6111539910	0.0110615871
22.2692307692	12.6107943150	0.0135793069	12.6113585945	0.0102169187
22.2884615385	12.6110320845	0.0127432665	12.6115469399	0.0093707586
22.3076923077	12.6112537937	0.0119049826	12.6117189996	0.0085232304
22.3269230769	12.6114594107	0.0110646057	12.6118747485	0.0076744578
22.3461538462	12.6116489056	0.0102222869	12.6120141638	0.0068245648
22.3653846154	12.6118222515	0.0093781775	12.6121372253	0.0059736754
22.3846153846	12.6119794236	0.0085324291	12.6122439150	0.0051219138
22.4038461538	12.6121204001	0.0076851931	12.6123342172	0.0042694045
22.4230769231	12.6122451614	0.0068366206	12.6124081189	0.0034162718
22.4423076923	12.6123536905	0.0059868623	12.6124656091	0.0025626404
22.4615384615	12.6124459731	0.0051360682	12.6125066796	0.0017086348
22.4807692308	12.6125219972	0.0042843875	12.6125313242	0.0008543798
22.5000000000	12.6125817535	0.0034319684	12.6125395395	0.0000000000
22.5192307692	12.6126252351	0.0025789580	12.6125313242	-0.0008543798
22.5384615385	12.6126524375	0.0017255019	12.6125066796	-0.0017086348
22.5576923077	12.6126633588	0.0008717445	12.6124656091	-0.0025626404
22.5769230769	12.6126579996	0.0000178286	12.6124081189	-0.0034162718
22.5961538462	12.6126363627	-0.0008361047	12.6123342172	-0.0042694045
22.6153846154	12.6125984535	-0.0016899160	12.6122439150	-0.0051219138
22.6346153846	12.6125442798	-0.0025434674	12.6121372253	-0.0059736754
22.6538461538	12.6124738516	-0.0033966231	12.6120141638	-0.0068245648
22.6730769231	12.6123871813	-0.0042492490	12.6118747485	-0.0076744578
22.6923076923	12.6122842839	-0.0051012126	12.6117189996	-0.0085232304
22.7115384615	12.6121651763	-0.0059523836	12.6115469399	-0.0093707586
22.7307692308	12.6120298779	-0.0068026330	12.6113585945	-0.0102169187
22.7500000000	12.6118784104	-0.0076518336	12.6111539910	-0.0110615871
22.7692307692	12.6117107976	-0.0084998600	12.6109331592	-0.0119046406
22.7884615385	12.6115270656	-0.0093465879	12.6106961314	-0.0127459560
22.8076923077	12.6113272428	-0.0101918947	12.6104429421	-0.0135854105
22.8269230769	12.6111113596	-0.0110356588	12.6101736283	-0.0144228815
22.8461538462	12.6108794487	-0.0118777597	12.6098882294	-0.0152582469
22.8653846154	12.6106315449	-0.0127180781	12.6095867869	-0.0160913846
22.8846153846	12.6103676852	-0.0135564951	12.6092693450	-0.0169221729
22.9038461538	12.6100879087	-0.0143928924	12.6089359500	-0.0177504907
22.9230769231	12.6097922567	-0.0152271524	12.6085866505	-0.0185762169
22.9423076923	12.6094807724	-0.0160591575	12.6082214975	-0.0193992310
22.9615384615	12.6091535014	-0.0168887899	12.6078405444	-0.0202194128
22.9807692308	12.6088104912	-0.0177159320	12.6074438467	-0.0210366427
23.0000000000	12.6084517915	-0.0185404655	12.6070314624	-0.0218508012
23.0192307692	12.6080774541	-0.0193622717	12.6066034517	-0.0226617696
23.0384615385	12.6076875329	-0.0201812311	12.6061598771	-0.0234694294
23.0576923077	12.6072820838	-0.0209972234	12.6057008033	-0.0242736627
23.0769230769	12.6068611650	-0.0218101271	12.6052262974	-0.0250743520
23.0961538462	12.6064248367	-0.0226198194	12.6047364286	-0.0258713806
23.1153846154	12.6059731613	-0.0234261765	12.6042312685	-0.0266646320
23.1346153846	12.6055062033	-0.0242290728	12.6037108908	-0.0274539904
23.1538461538	12.6050240293	-0.0250283814	12.6031753715	-0.0282393405
23.1730769231	12.6045267081	-0.0258239736	12.6026247888	-0.0290205678
23.1923076923	12.6040143108	-0.0266157193	12.6020592230	-0.0297975581
23.2115384615	12.6034869104	-0.0274034864	12.6014787567	-0.0305701980
23.2307692308	12.6029445823	-0.0281871415	12.6008834747	-0.0313383747
23.2500000000	12.6023874040	-0.0289665494	12.6002734639	-0.0321019761
23.2692307692	12.6018154553	-0.0297415732	12.5996488134	-0.0328608906
23.2884615385	12.6012288181	-0.0305120749	12.5990096143	-0.0336150075
23.3076923077	12.6006275767	-0.0312779148	12.5983559599	-0.0343642167
23.3269230769	12.6000118175	-0.0320389521	12.5976879458	-0.0351084088
23.3461538462	12.5993816291	-0.0327950450	12.5970056694	-0.0358474750
23.3653846154	12.5987371026	-0.0335460508	12.5963092303	-0.0365813077
23.3846153846	12.5980783310	-0.0342918262	12.5955987303	-0.0373097995
23.4038461538	12.5974054099	-0.0350322276	12.5948742729	-0.0380328441
23.4230769231	12.5967184369	-0.0357671111	12.5941359642	-0.0387503360
23.4423076923	12.5960175119	-0.0364963331	12.5933839117	-0.0394621704
23.4615384615	12.5953027372	-0.0372197506	12.5926182253	-0.0401682435
23.4807692308	12.5945742171	-0.0379372213	12.5918390168	-0.0408684520
23.5000000000	12.5938320582	-0.0386486039	12.5910464000	-0.0415626938
23.5192307692	12.5930763695	-0.0393537590	12.5902404906	-0.0422508675
23.5384615385	12.5923072620	-0.0400525487	12.5894214062	-0.0429328727
23.5576923077	12.5915248487	-0.0407448375	12.5885892664	-0.0436086097
23.5769230769	12.5907292452	-0.0414304926	12.5877441928	-0.0442779799
23.5961538462	12.5899205687	-0.0421093839	12.5868863086	-0.0449408857
23.6153846154	12.5890989389	-0.0427813849	12.5860157392	-0.0455972301
23.6346153846	12.5882644773	-0.0434463726	12.5851326117	-0.0462469175
23.6538461538	12.5874173076	-0.0441042282	12.5842370549	-0.0468898528
23.6730769231	12.5865575552	-0.0447548373	12.5833291997	-0.0475259424
23.6923076923	12.5856853477	-0.0453980899	12.5824091785	-0.0481550932
23.7115384615	12.5848008146	-0.0460338813	12.5814771258	-0.0487772134
23.7307692308	12.5839040869	-0.0466621120	12.5805331775	-0.0493922123
23.7500000000	12.5829952978	-0.0472826878	12.5795774715	-0.0500000000
23.7692307692	12.5820745821	-0.0478955207	12.5786101474	-0.0506004878
23.7884615385	12.5811420761	-0.0485005281	12.5776313463	-0.0511935880
23.8076923077	12.5801979180	-0.0490976339	12.5766412112	-0.0517792140
23.8269230769	12.5792422475	-0.0496867680	12.5756398865	-0.0523572803
23.8461538462	12.5782752059	-0.0502678667	12.5746275186	-0.0529277026
23.8653846154	12.5772969357	-0.0508408727	12.5736042552	-0.0534903975
23.8846153846	12.5763075811	-0.0514057349	12.5725702457	-0.0540452829
23.9038461538	12.5753072876	-0.0519624088	12.5715256410	-0.0545922778
23.9230769231	12.5742962019	-0.0525108560	12.5704705938	-0.0551313023
23.9423076923	12.5732744722	-0.0530510443	12.5694052579	-0.0556622777
23.9615384615	12.5722422476	-0.0535829476	12.5683297890	-0.0561851266
23.9807692308	12.5711996785	-0.0541065456	12.5672443441	-0.0566997725
24.0000000000	12.5701469166	-0.0546218236	12.5661490816	-0.0572061403
24.0192307692	12.5690841143	-0.0551287723	12.5650441615	-0.0577041561
24.0384615385	12.5680114252	-0.0556273875	12.5639297450	-0.0581937472
24.0576923077	12.5669290039	-0.0561176696	12.5628059949	-0.0586748422
24.0769230769	12.5658370059	-0.0565996235	12.5616730752	-0.0591473707
24.0961538462	12.5647355876	-0.0570732580	12.5605311514	-0.0596112638
24.1153846154	12.5636249063	-0.0575385854	12.5593803901	-0.0600664537
24.1346153846	12.5625051202	-0.0579956213	12.5582209594	-0.0605128741
24.1538461538	12.5613763881	-0.0584443838	12.5570530285	-0.0609504597
24.1730769231	12.5602388698	-0.0588848933	12.5558767680	-0.0613791466
24.1923076923	12.5590927259	-0.0593171716	12.5546923495	-0.0617988722
24.2115384615	12.5579381175	-0.0597412421	12.5534999461	-0.0622095754
24.2307692308	12.5567752069	-0.0601571284	12.5522997318	-0.0626111960
24.2500000000	12.5556041568	-0.0605648547	12.5510918818	-0.0630036755
24.2692307692	12.5544251307	-0.0609644446	12.5498765725	-0.0633869566
24.2884615385	12.5532382930	-0.0613559208	12.5486539812	-0.0637609833
24.3076923077	12.5520438087	-0.0617393048	12.5474242866	-0.0641257010
24.3269230769	12.5508418436	-0.0621146162	12.5461876681	-0.0644810565
24.3461538462	12.5496325645	-0.0624818724	12.5449443063	-0.0648269978
24.3653846154	12.5484161386	-0.0628410880	12.5436943827	-0.0651634745
24.3846153846	12.5471927341	-0.0631922743	12.5424380798	-0.0654904375
24.4038461538	12.5459625202	-0.0635354395	12.5411755811	-0.0658078389
24.4230769231	12.5447256666	-0.0638705875	12.5399070707	-0.0661156326
24.4423076923	12.5434823441	-0.0641977183	12.5386327340	-0.0664137734
24.4615384615	12.5422327243	-0.0645168271	12.5373527570	-0.0667022180
24.4807692308	12.5409769797	-0.0648279047	12.5360673265	-0.0669809241
24.5000000000	12.5397152838	-0.0651309369	12.5347766303	-0.0672498512
24.5192307692	12.5384478110	-0.0654259041	12.5334808567	-0.0675089599
24.5384615385	12.5371747367	-0.0657127820	12.5321801950	-0.0677582124
24.5576923077	12.5358962373	-0.0659915407	12.5308748350	-0.0679975723
24.5769230769	12.5346124903	-0.0662621451	12.5295649674	-0.0682270047
24.5961538462	12.5333236741	-0.0665245547	12.5282507833	-0.0684464760
24.6153846154	12.5320299682	-0.0667787241	12.5269324747	-0.0686559543
24.6346153846	12.5307315533	-0.0670246025	12.5256102339	-0.0688554090
24.6538461538	12.5294286111	-0.0672621344	12.5242842541	-0.0690448108
24.6730769231	12.5281213245	-0.0674912594	12.5229547289	-0.0692241323
24.6923076923	12.5268098772	-0.0677119129	12.5216218523	-0.0693933471
24.7115384615	12.5254944545	-0.0679240257	12.5202858190	-0.0695524306
24.7307692308	12.5241752425	-0.0681275251	12.5189468239	-0.0697013596
24.7500000000	12.5228524284	-0.0683223347	12.5176050627	-0.0698401123
24.7692307692	12.5215262006	-0.0685083751	12.5162607311	-0.0699686685
24.7884615385	12.5201967486	-0.0686855641	12.5149140255	-0.0700870094
24.8076923077	12.5188642630	-0.0688538173	12.5135651425	-0.0701951177
24.8269230769	12.5175289354	-0.0690130485	12.5122142790	-0.0702929776
24.8461538462	12.5161909585	-0.0691631701	12.5108616322	-0.0703805748
24.8653846154	12.5148505258	-0.0693040940	12.5095073997	-0.0704578967
24.8846153846	12.5135078319	-0.0694357314	12.5081517791	-0.0705249318
24.9038461538	12.5121630725	-0.0695579940	12.5067949683	-0.0705816703
24.9230769231	12.5108164439	-0.0696707941	12.5054371655	-0.0706281041
24.9423076923	12.5094681433	-0.0697740453	12.5040785689	-0.0706642263
24.9615384615	12.5081183688	-0.0698676629	12.5027193768	-0.0706900316
24.9807692308	12.5067673192	-0.0699515645	12.5013597876	-0.0707055163
25.0000000000	12.5054151937	-0.0700256704	12.5000000000	-0.0707106781
25.0192307692	12.5040621926	-0.0700899041	12.4986402124	-0.0707055163
25.0384615385	12.5027085162	-0.0701441926	12.4972806232	-0.0706900316
25.0576923077	12.5013543657	-0.0701884672	12.4959214311	-0.0706642263
25.0769230769	12.4999999424	-0.0702226634	12.4945628345	-0.0706281041
25.0961538462	12.4986454480	-0.0702467215	12.4932050317	-0.0705816703
25.1153846154	12.4972910846	-0.0702605869	12.4918482209	-0.0705249318
25.1346153846	12.4959370542	-0.0702642103	12.4904926003	-0.0704578967
25.1538461538	12.4945835591	-0.0702575483	12.4891383678	-0.0703805748
25.1730769231	12.4932308015	-0.0702405628	12.4877857210	-0.0702929776
25.1923076923	12.4918789836	-0.0702132221	12.4864348575	-0.0701951177
25.2115384615	12.4905283073	-0.0701755003	12.4850859745	-0.0700870094
25.2307692308	12.4891789746	-0.0701273777	12.4837392689	-0.0699686685
25.2500000000	12.4878311869	-0.0700688408	12.4823949373	-0.0698401123
25.2692307692	12.4864851453	-0.0699998820	12.4810531761	-0.0697013596
25.2884615385	12.4851410505	-0.0699205001	12.4797141810	-0.0695524306
25.3076923077	12.4837991027	-0.0698306996	12.4783781477	-0.0693933471
25.3269230769	12.4824595015	-0.0697304908	12.4770452711	-0.0692241323
25.3461538462	12.4811224457	-0.0696198897	12.4757157459	-0.0690448108
25.3653846154	12.4797881336	-0.0694989177	12.4743897661	-0.0688554090
25.3846153846	12.4784567627	-0.0693676011	12.4730675253	-0.0686559543
25.4038461538	12.4771285296	-0.0692259711	12.4717492167	-0.0684464760
25.4230769231	12.4758036300	-0.0690740636	12.4704350326	-0.0682270047
25.4423076923	12.4744822589	-0.0689119184	12.4691251650	-0.0679975723
25.4615384615	12.4731646101	-0.0687395790	12.4678198050	-0.0677582124
25.4807692308	12.4718508764	-0.0685570924	12.4665191433	-0.0675089599
25.5000000000	12.4705412499	-0.0683645084	12.4652233697	-0.0672498512
25.5192307692	12.4692359213	-0.0681618795	12.4639326735	-0.0669809241
25.5384615385	12.4679350804	-0.0679492601	12.4626472430	-0.0667022180
25.5576923077	12.4666389159	-0.0677267063	12.4613672660	-0.0664137734
25.5769230769	12.4653476152	-0.0674942754	12.4600929293	-0.0661156326
25.5961538462	12.4640613649	-0.0672520255	12.4588244189	-0.0658078389
25.6153846154	12.4627803503	-0.0670000151	12.4575619202	-0.0654904375
25.6346153846	12.4615047555	-0.0667383025	12.4563056173	-0.0651634745
25.6538461538	12.4602347637	-0.0664669457	12.4550556937	-0.0648269978
25.6730769231	12.4589705568	-0.0661860017	12.4538123319	-0.0644810565
25.6923076923	12.4577123158	-0.0658955266	12.4525757134	-0.0641257010
25.7115384615	12.4564602202	-0.0655955747	12.4513460188	-0.0637609833
25.7307692308	12.4552144489	-0.0652861987	12.4501234275	-0.0633869566
25.7500000000	12.4539751795	-0.0649674493	12.4489081182	-0.0630036755
25.7692307692	12.4527425886	-0.0646393747	12.4477002682	-0.0626111960
25.7884615385	12.4515168517	-0.0643020208	12.4465000539	-0.0622095754
25.8076923077	12.4502981434	-0.0639554310	12.4453076505	-0.0617988722
25.8269230769	12.4490866372	-0.0635996457	12.4441232320	-0.0613791466
25.8461538462	12.4478825057	-0.0632347029	12.4429469715	-0.0609504597
25.8653846154	12.4466859207	-0.0628606374	12.4417790406	-0.0605128741
25.8846153846	12.4454970528	-0.0624774815	12.4406196099	-0.0600664537
25.9038461538	12.4443160720	-0.0620852647	12.4394688486	-0.0596112638
25.9230769231	12.4431431470	-0.0616840139	12.4383269248	-0.0591473707
25.9423076923	12.4419784460	-0.0612737535	12.4371940051	-0.0586748422
25.9615384615	12.4408221363	-0.0608545055	12.4360702550	-0.0581937472
25.9807692308	12.4396743842	-0.0604262902	12.4349558385	-0.0577041561
26.0000000000	12.4385353551	-0.0599891256	12.4338509184	-0.0572061403
26.0192307692	12.4374052139	-0.0595430287	12.4327556559	-0.0566997725
26.0384615385	12.4362841243	-0.0590880148	12.4316702110	-0.0561851266
26.0576923077	12.4351722494	-0.0586240988	12.4305947421	-0.0556622777
26.0769230769	12.4340697513	-0.0581512949	12.4295294062	-0.0551313023
26.0961538462	12.4329767914	-0.0576696173	12.4284743590	-0.0545922778
26.1153846154	12.4318935300	-0.0571790804	12.4274297543	-0.0540452829
26.1346153846	12.4308201268	-0.0566796996	12.4263957448	-0.0534903975
26.1538461538	12.4297567404	-0.0561714914	12.4253724814	-0.0529277026
26.1730769231	12.4287035284	-0.0556544739	12.4243601135	-0.0523572803
26.1923076923	12.4276606476	-0.0551286673	12.4233587888	-0.0517792140
26.2115384615	12.4266282538	-0.0545940946	12.4223686537	-0.0511935880
26.2307692308	12.4256065015	-0.0540507813	12.4213898526	-0.0506004878
26.2500000000	12.4245955444	-0.0534987567	12.4204225285	-0.0500000000
26.2692307692	12.4235955350	-0.0529380537	12.4194668225	-0.0493922123
26.2884615385	12.4226066245	-0.0523687095	12.4185228742	-0.0487772134
26.3076923077	12.4216289628	-0.0517907658	12.4175908215	-0.0481550932
26.3269230769	12.4206626989	-0.0512042692	12.4166708003	-0.0475259424
26.3461538462	12.4197079799	-0.0506092717	12.4157629451	-0.0468898528
26.3653846154	12.4187649519	-0.0500058305	12.4148673883	-0.0462469175
26.3846153846	12.4178337593	-0.0493940088	12.4139842608	-0.0455972301
26.4038461538	12.4169145451	-0.0487738757	12.4131136914	-0.0449408857
26.4230769231	12.4160074506	-0.0481455064	12.4122558072	-0.0442779799
26.4423076923	12.4151126154	-0.0475089824	12.4114107336	-0.0436086097
26.4615384615	12.4142301774	-0.0468643915	12.4105785938	-0.0429328727
26.4807692308	12.4133602727	-0.0462118278	12.4097595094	-0.0422508675
26.5000000000	12.4125030356	-0.0455513922	12.4089536000	-0.0415626938
26.5192307692	12.4116585982	-0.0448831915	12.4081609832	-0.0408684520
26.5384615385	12.4108270909	-0.0442073389	12.4073817747	-0.0401682435
26.5576923077	12.4100086419	-0.0435239538	12.4066160883	-0.0394621704
26.5769230769	12.4092033773	-0.0428331617	12.4058640358	-0.0387503360
26.5961538462	12.4084114209	-0.0421350934	12.4051257271	-0.0380328441
26.6153846154	12.4076328945	-0.0414298858	12.4044012697	-0.0373097995
26.6346153846	12.4068679174	-0.0407176804	12.4036907697	-0.0365813077
26.6538461538	12.4061166065	-0.0399986240	12.4029943306	-0.0358474750
26.6730769231	12.4053790767	-0.0392728679	12.4023120542	-0.0351084088
26.6923076923	12.4046554402	-0.0385405673	12.4016440401	-0.0343642167
26.7115384615	12.4039458066	-0.0378018813	12.4009903857	-0.0336150075
26.7307692308	12.4032502833	-0.0370569724	12.4003511866	-0.0328608906
26.7500000000	12.4025689752	-0.0363060058	12.3997265361	-0.0321019761
26.7692307692	12.4019019844	-0.0355491492	12.3991165253	-0.0313383747
26.7884615385	12.4012494105	-0.0347865721	12.3985212433	-0.0305701980
26.8076923077	12.4006113509	-0.0340184456	12.3979407770	-0.0297975581
26.8269230769	12.3999878998	-0.0332449418	12.3973752112	-0.0290205678
26.8461538462	12.3993791494	-0.0324662331	12.3968246285	-0.0282393405
26.8653846154	12.3987851888	-0.0316824920	12.3962891092	-0.0274539904
26.8846153846	12.3982061050	-0.0308938907	12.3957687315	-0.0266646320
26.9038461538	12.3976419821	-0.0301006005	12.3952635714	-0.0258713806
26.9230769231	12.3970929017	-0.0293027912	12.3947737026	-0.0250743520
26.9423076923	12.3965589429	-0.0285006311	12.3942991967	-0.0242736627
26.9615384615	12.3960401822	-0.0276942863	12.3938401229	-0.0234694294
26.9807692308	12.3955366937	-0.0268839205	12.3933965483	-0.0226617696
27.0000000000	12.3950485489	-0.0260696947	12.3929685376	-0.0218508012
27.0192307692	12.3945758167	-0.0252517670	12.3925561533	-0.0210366427
27.0384615385	12.3941185640	-0.0244302918	12.3921594556	-0.0202194128
27.0576923077	12.3936768547	-0.0236054205	12.3917785025	-0.0193992310
27.0769230769	12.3932507510	-0.0227773005	12.3914133495	-0.0185762169
27.0961538462	12.3928403120	-0.0219460757	12.3910640500	-0.0177504907
27.1153846154	12.3924455952	-0.0211118860	12.3907306550	-0.0169221729
27.1346153846	12.3920666553	-0.0202748674	12.3904132131	-0.0160913846
27.1538461538	12.3917035449	-0.0194351521	12.3901117706	-0.0152582469
27.1730769231	12.3913563146	-0.0185928684	12.3898263717	-0.0144228815
27.1923076923	12.3910250124	-0.0177481408	12.3895570579	-0.0135854105
27.2115384615	12.3907096844	-0.0169010903	12.3893038686	-0.0127459560
27.2307692308	12.3904103745	-0.0160518344	12.3890668408	-0.0119046406
27.2500000000	12.3901271245	-0.0152004873	12.3888460090	-0.0110615871
27.2692307692	12.3898599741	-0.0143471602	12.3886414055	-0.0102169187
27.2884615385	12.3896089609	-0.0134919616	12.3884530601	-0.0093707586
27.3076923077	12.3893741204	-0.0126349976	12.3882810004	-0.0085232304
27.3269230769	12.3891554862	-0.0117763721	12.3881252515	-0.0076744578
27.3461538462	12.3889530896	-0.0109161872	12.3879858362	-0.0068245648
27.3653846154	12.3887669602	-0.0100545439	12.3878627747	-0.0059736754
27.3846153846	12.3885971253	-0.0091915419	12.3877560850	-0.0051219138
27.4038461538	12.3884436103	-0.0083272804	12.3876657828	-0.0042694045
27.4230769231	12.3883064386	-0.0074618585	12.3875918811	-0.0034162718
27.4423076923	12.3881856315	-0.0065953752	12.3875343909	-0.0025626404
27.4615384615	12.3880812082	-0.0057279306	12.3874933204	-0.0017086348
27.4807692308	12.3879931859	-0.0048596255	12.3874686758	-0.0008543798
27.5000000000	12.3879215798	-0.0039905622	12.3874604605	-0.0000000000
27.5192307692	12.3878664028	-0.0031208448	12.3874686758	0.0008543798
27.5384615385	12.3878276658	-0.0022505797	12.3874933204	0.0017086348
27.5576923077	12.3878053777	-0.0013798755	12.3875343909	0.0025626404
27.5769230769	12.3877995449	-0.0005088441	12.3875918811	0.0034162718
27.5961538462	12.3878101718	0.0003623998	12.3876657828	0.0042694045
27.6153846154	12.3878372606	0.0012337380	12.3877560850	0.0051219138
27.6346153846	12.3878808110	0.0021050485	12.3878627747	0.0059736754
27.6538461538	12.3879408207	0.0029762058	12.3879858362	0.0068245648
27.6730769231	12.3880172847	0.0038470800	12.3881252515	0.0076744578
27.6923076923	12.3881101959	0.0047175374	12.3882810004	0.0085232304
27.7115384615	12.3882195446	0.0055874399	12.3884530601	0.0093707586
27.7307692308	12.3883453189	0.0064566451	12.3886414055	0.0102169187
27.7500000000	12.3884875041	0.0073250066	12.3888460090	0.0110615871
27.7692307692	12.3886460831	0.0081923735	12.3890668408	0.0119046406
27.7884615385	12.3888210363	0.0090585910	12.3893038686	0.0127459560
27.8076923077	12.3890123414	0.0099235002	12.3895570579	0.0135854105
27.8269230769	12.3892199735	0.0107869383	12.3898263717	0.0144228815
27.8461538462	12.3894439051	0.0116487390	12.3901117706	0.0152582469
27.8653846154	12.3896841059	0.0125087326	12.3904132131	0.0160913846
27.8846153846	12.3899405431	0.0133667463	12.3907306550	0.0169221729
27.9038461538	12.3902131809	0.0142226043	12.3910640500	0.0177504907
27.9230769231	12.3905019810	0.0150761287	12.3914133495	0.0185762169
27.9423076923	12.3908069022	0.0159271392	12.3917785025	0.0193992310
27.9615384615	12.3911279006	0.0167754540	12.3921594556	0.0202194128
27.9807692308	12.3914649294	0.0176208900	12.3925561533	0.0210366427
28.0000000000	12.3918179392	0.0184632633	12.3929685376	0.0218508012
28.0192307692	12.3921868777	0.0193023895	12.3933965483	0.0226617696
28.0384615385	12.3925716898	0.0201380842	12.3938401229	0.0234694294
28.0576923077	12.3929723178	0.0209701639	12.3942991967	0.0242736627
28.0769230769	12.3933887011	0.0217984458	12.3947737026	0.0250743520
28.0961538462	12.3938207763	0.0226227486	12.3952635714	0.0258713806
28.1153846154	12.3942684774	0.0234428929	12.3957687315	0.0266646320
28.1346153846	12.3947317357	0.0242587019	12.3962891092	0.0274539904
28.1538461538	12.3952104799	0.0250700014	12.3968246285	0.0282393405
28.1730769231	12.3957046358	0.0258766206	12.3973752112	0.0290205678
28.1923076923	12.3962141268	0.0266783921	12.3979407770	0.0297975581
28.2115384615	12.3967388737	0.0274751527	12.3985212433	0.0305701980
28.2307692308	12.3972787948	0.0282667436	12.3991165253	0.0313383747
28.2500000000	12.3978338057	0.0290530107	12.3997265361	0.0321019761
28.2692307692	12.3984038199	0.0298338047	12.4003511866	0.0328608906
28.2884615385	12.3989887482	0.0306089819	12.4009903857	0.0336150075
28.3076923077	12.3995884991	0.0313784036	12.4016440401	0.0343642167
28.3269230769	12.4002029788	0.0321419371	12.4023120542	0.0351084088
28.3461538462	12.4008320913	0.0328994555	12.4029943306	0.0358474750
28.3653846154	12.4014757384	0.0336508376	12.4036907697	0.0365813077
28.3846153846	12.4021338195	0.0343959684	12.4044012697	0.0373097995
28.4038461538	12.4028062322	0.0351347388	12.4051257271	0.0380328441
28.4230769231	12.4034928718	0.0358670456	12.4058640358	0.0387503360
28.4423076923	12.4041936317	0.0365927919	12.4066160883	0.0394621704
28.4615384615	12.4049084032	0.0373118862	12.4073817747	0.0401682435
28.4807692308	12.4056370757	0.0380242431	12.4081609832	0.0408684520
28.5000000000	12.4063795369	0.0387297827	12.4089536000	0.0415626938
28.5192307692	12.4071356723	0.0394284303	12.4097595094	0.0422508675
28.5384615385	12.4079053660	0.0401201166	12.4105785938	0.0429328727
28.5576923077	12.4086884999	0.0408047771	12.4114107336	0.0436086097
28.5769230769	12.4094849547	0.0414823519	12.4122558072	0.0442779799
28.5961538462	12.4102946088	0.0421527856	12.4131136914	0.0449408857
28.6153846154	12.4111173395	0.0428160266	12.4139842608	0.0455972301
28.6346153846	12.4119530221	0.0434720271	12.4148673883	0.0462469175
28.6538461538	12.4128015304	0.0441207426	12.4157629451	0.0468898528
28.6730769231	12.4136627366	0.0447621316	12.4166708003	0.0475259424
28.6923076923	12.4145365115	0.0453961551	12.4175908215	0.0481550932
28.7115384615	12.4154227242	0.0460227762	12.4185228742	0.0487772134
28.7307692308	12.4163212423	0.0466419602	12.4194668225	0.0493922123
28.7500000000	12.4172319319	0.0472536736	12.4204225285	0.0500000000
28.7692307692	12.4181546577	0.0478578841	12.4213898526	0.0506004878
28.7884615385	12.4190892829	0.0484545600	12.4223686537	0.0511935880
28.8076923077	12.4200356691	0.0490436703	12.4233587888	0.0517792140
28.8269230769	12.4209936766	0.0496251838	12.4243601135	0.0523572803
28.8461538462	12.4219631641	0.0501990692	12.4253724814	0.0529277026
28.8653846154	12.4229439892	0.0507652949	12.4263957448	0.0534903975
28.8846153846	12.4239360076	0.0513238282	12.4274297543	0.0540452829
28.9038461538	12.4249390738	0.0518746356	12.4284743590	0.0545922778
28.9230769231	12.4259530409	0.0524176824	12.4295294062	0.0551313023
28.9423076923	12.4269777606	0.0529529325	12.4305947421	0.0556622777
28.9615384615	12.4280130829	0.0534803483	12.4316702110	0.0561851266
28.9807692308	12.4290588567	0.0539998903	12.4327556559	0.0566997725
29.0000000000	12.4301149293	0.0545115178	12.4338509184	0.0572061403
29.0192307692	12.4311811467	0.0550151877	12.4349558385	0.0577041561
29.0384615385	12.4322573533	0.0555108556	12.4360702550	0.0581937472
29.0576923077	12.4333433923	0.0559984750	12.4371940051	0.0586748422
29.0769230769	12.4344391054	0.0564779978	12.4383269248	0.0591473707
29.0961538462	12.4355443329	0.0569493740	12.4394688486	0.0596112638
29.1153846154	12.4366589137	0.0574125523	12.4406196099	0.0600664537
29.1346153846	12.4377826853	0.0578674797	12.4417790406	0.0605128741
29.1538461538	12.4389154840	0.0583141020	12.4429469715	0.0609504597
29.1730769231	12.4400571445	0.0587523638	12.4441232320	0.0613791466
29.1923076923	12.4412075004	0.0591822088	12.4453076505	0.0617988722
29.2115384615	12.4423663839	0.0596035800	12.4465000539	0.0622095754
29.2307692308	12.4435336258	0.0600164197	12.4477002682	0.0626111960
29.2500000000	12.4447090557	0.0604206702	12.4489081182	0.0630036755
29.2692307692	12.4458925019	0.0608162736	12.4501234275	0.0633869566
29.2884615385	12.4470837917	0.0612031724	12.4513460188	0.0637609833
29.3076923077	12.4482827509	0.0615813096	12.4525757134	0.0641257010
29.3269230769	12.4494892042	0.0619506290	12.4538123319	0.0644810565
29.3461538462	12.4507029754	0.0623110754	12.4550556937	0.0648269978
29.3653846154	12.4519238868	0.0626625950	12.4563056173	0.0651634745
29.3846153846	12.4531517599	0.0630051357	12.4575619202	0.0654904375
29.4038461538	12.4543864151	0.0633386471	12.4588244189	0.0658078389
29.4230769231	12.4556276719	0.0636630810	12.4600929293	0.0661156326
29.4423076923	12.4568753485	0.0639783915	12.4613672660	0.0664137734
29.4615384615	12.4581292627	0.0642845352	12.4626472430	0.0667022180
29.4807692308	12.4593892309	0.0645814716	12.4639326735	0.0669809241
29.5000000000	12.4606550691	0.0648691629	12.4652233697	0.0672498512
29.5192307692	12.4619265921	0.0651475744	12.4665191433	0.0675089599
29.5384615385	12.4632036143	0.0654166748	12.4678198050	0.0677582124
29.5576923077	12.4644859491	0.0656764358	12.4691251650	0.0679975723
29.5769230769	12.4657734094	0.0659268327	12.4704350326	0.0682270047
29.5961538462	12.4670658074	0.0661678440	12.4717492167	0.0684464760
29.6153846154	12.4683629549	0.0663994520	12.4730675253	0.0686559543
29.6346153846	12.4696646627	0.0666216419	12.4743897661	0.0688554090
29.6538461538	12.4709707416	0.0668344029	12.4757157459	0.0690448108
29.6730769231	12.4722810015	0.0670377271	12.4770452711	0.0692241323
29.6923076923	12.4735952522	0.0672316101	12.4783781477	0.0693933471
29.7115384615	12.4749133029	0.0674160506	12.4797141810	0.0695524306
29.7307692308	12.4762349625	0.0675910503	12.4810531761	0.0697013596
29.7500000000	12.4775600396	0.0677566139	12.4823949373	0.0698401123
29.7692307692	12.4788883425	0.0679127487	12.4837392689	0.0699686685
29.7884615385	12.4802196790	0.0680594644	12.4850859745	0.0700870094
29.8076923077	12.4815538570	0.0681967732	12.4864348575	0.0701951177
29.8269230769	12.4828906840	0.0683246891	12.4877857210	0.0702929776
29.8461538462	12.4842299673	0.0684432282	12.4891383678	0.0703805748
29.8653846154	12.4855715141	0.0685524078	12.4904926003	0.0704578967
29.8846153846	12.4869151315	0.0686522468	12.4918482209	0.0705249318
29.9038461538	12.4882606263	0.0687427650	12.4932050317	0.0705816703
29.9230769231	12.4896078054	0.0688239828	12.4945628345	0.0706281041
29.9423076923	12.4909564754	0.0688959213	12.4959214311	0.0706642263
29.9615384615	12.4923064430	0.0689586016	12.4972806232	0.0706900316
29.9807692308	12.4936575147	0.0690120447	12.4986402124	0.0707055163
30.0000000000	12.4950094970	0.0690562715	12.5000000000	0.0707106781
30.0192307692	12.4963621965	0.0690913019	12.5013597876	0.0707055163
30.0384615385	12.4977154196	0.0691171553	12.5027193768	0.0706900316
30.0576923077	12.4990689727	0.0691338498	12.5040785689	0.0706642263
30.0769230769	12.5004226623	0.0691414023	12.5054371655	0.0706281041
30.0961538462	12.5017762948	0.0691398281	12.5067949683	0.0705816703
30.1153846154	12.5031296767	0.0691291409	12.5081517791	0.0705249318
30.1346153846	12.5044826144	0.0691093525	12.5095073997	0.0704578967
30.1538461538	12.5058349145	0.0690804728	12.5108616322	0.0703805748
30.1730769231	12.5071863834	0.0690425095	12.5122142790	0.0702929776
30.1923076923	12.5085368279	0.0689954682	12.5135651425	0.0701951177
30.2115384615	12.5098860546	0.0689393523	12.5149140255	0.0700870094
30.2307692308	12.5112338701	0.0688741629	12.5162607311	0.0699686685
30.2500000000	12.5125800814	0.0687998986	12.5176050627	0.0698401123
30.2692307692	12.5139244953	0.0687165560	12.5189468239	0.0697013596
30.2884615385	12.5152669188	0.0686241295	12.5202858190	0.0695524306
30.3076923077	12.5166071592	0.0685226110	12.5216218523	0.0693933471
30.3269230769	12.5179450237	0.0684119907	12.5229547289	0.0692241323
30.3461538462	12.5192803198	0.0682922566	12.5242842541	0.0690448108
30.3653846154	12.5206128552	0.0681633952	12.5256102339	0.0688554090
30.3846153846	12.5219424377	0.0680253910	12.5269324747	0.0686559543
30.4038461538	12.5232688754	0.0678782272	12.5282507833	0.0684464760
30.4230769231	12.5245919766	0.0677218860	12.5295649674	0.0682270047
30.4423076923	12.5259115501	0.0675563481	12.5308748350	0.0679975723
30.4615384615	12.5272274047	0.0673815938	12.5321801950	0.0677582124
30.4807692308	12.5285393497	0.0671976028	12.5334808567	0.0675089599
30.5000000000	12.5298471948	0.0670043543	12.5347766303	0.0672498512
30.5192307692	12.5311507502	0.0668018279	12.5360673265	0.0669809241
30.5384615385	12.5324498263	0.0665900031	12.5373527570	0.0667022180
30.5576923077	12.5337442342	0.0663688603	12.5386327340	0.0664137734
30.5769230769	12.5350337853	0.0661383807	12.5399070707	0.0661156326
30.5961538462	12.5363182919	0.0658985465	12.5411755811	0.0658078389
30.6153846154	12.5375975665	0.0656493416	12.5424380798	0.0654904375
30.6346153846	12.5388714227	0.0653907515	12.5436943827	0.0651634745
30.6538461538	12.5401396744	0.0651227637	12.5449443063	0.0648269978
30.6730769231	12.5414021363	0.0648453681	12.5461876681	0.0644810565
30.6923076923	12.5426586242	0.0645585572	12.5474242866	0.0641257010
30.7115384615	12.5439089542	0.0642623262	12.5486539812	0.0637609833
30.7307692308	12.5451529438	0.0639566734	12.5498765725	0.0633869566
30.7500000000	12.5463904111	0.0636416004	12.5510918818	0.0630036755
30.7692307692	12.5476211751	0.0633171124	12.5522997318	0.0626111960
30.7884615385	12.5488450560	0.0629832180	12.5534999461	0.0622095754
30.8076923077	12.5500618750	0.0626399299	12.5546923495	0.0617988722
30.8269230769	12.5512714542	0.0622872646	12.5558767680	0.0613791466
30.8461538462	12.5524736172	0.0619252428	12.5570530285	0.0609504597
30.8653846154	12.5536681885	0.0615538896	12.5582209594	0.0605128741
30.8846153846	12.5548549938	0.0611732341	12.5593803901	0.0600664537
30.9038461538	12.5560338601	0.0607833099	12.5605311514	0.0596112638
30.9230769231	12.5572046158	0.0603841550	12.5616730752	0.0591473707
30.9423076923	12.5583670905	0.0599758119	12.5628059949	0.0586748422
30.9615384615	12.5595211153	0.0595583274	12.5639297450	0.0581937472
30.9807692308	12.5606665224	0.0591317528	12.5650441615	0.0577041561
31.0000000000	12.5618031457	0.0586961435	12.5661490816	0.0572061403
31.0192307692	12.5629308205	0.0582515594	12.5672443441	0.0566997725
31.0384615385	12.5640493836	0.0577980644	12.5683297890	0.0561851266
31.0576923077	12.5651586733	0.0573357267	12.5694052579	0.0556622777
31.0769230769	12.5662585293	0.0568646181	12.5704705938	0.0551313023
31.0961538462	12.5673487930	0.0563848145	12.5715256410	0.0545922778
31.1153846154	12.5684293073	0.0558963952	12.5725702457	0.0540452829
31.1346153846	12.5694999169	0.0553994430	12.5736042552	0.0534903975
31.1538461538	12.5705604678	0.0548940442	12.5746275186	0.0529277026
31.1730769231	12.5716108079	0.0543802878	12.5756398865	0.0523572803
31.1923076923	12.5726507866	0.0538582661	12.5766412112	0.0517792140
31.2115384615	12.5736802550	0.0533280736	12.5776313463	0.0511935880
31.2307692308	12.5746990660	0.0527898078	12.5786101474	0.0506004878
31.2500000000	12.5757070739	0.0522435679	12.5795774715	0.0500000000
31.2692307692	12.5767041349	0.0516894555	12.5805331775	0.0493922123
31.2884615385	12.5776901068	0.0511275738	12.5814771258	0.0487772134
31.3076923077	12.5786648494	0.0505580277	12.5824091785	0.0481550932
31.3269230769	12.5796282237	0.0499809233	12.5833291997	0.0475259424
31.3461538462	12.5805800929	0.0493963680	12.5842370549	0.0468898528
31.3653846154	12.5815203217	0.0488044701	12.5851326117	0.0462469175
31.3846153846	12.5824487765	0.0482053386	12.5860157392	0.0455972301
31.4038461538	12.5833653256	0.0475990829	12.5868863086	0.0449408857
31.4230769231	12.5842698389	0.0469858131	12.5877441928	0.0442779799
31.4423076923	12.5851621881	0.0463656392	12.5885892664	0.0436086097
31.4615384615	12.5860422468	0.0457386713	12.5894214062	0.0429328727
31.4807692308	12.5869098902	0.0451050193	12.5902404906	0.0422508675
31.5000000000	12.5877649952	0.0444647929	12.5910464000	0.0415626938
31.5192307692	12.5886074406	0.0438181014	12.5918390168	0.0408684520
31.5384615385	12.5894371070	0.0431650534	12.5926182253	0.0401682435
31.5576923077	12.5902538768	0.0425057572	12.5933839117	0.0394621704
31.5769230769	12.5910576341	0.0418403200	12.5941359642	0.0387503360
31.5961538462	12.5918482649	0.0411688485	12.5948742729	0.0380328441
31.6153846154	12.5926256570	0.0404914483	12.5955987303	0.0373097995
31.6346153846	12.5933896999	0.0398082243	12.5963092303	0.0365813077
31.6538461538	12.5941402851	0.0391192802	12.5970056694	0.0358474750
31.6730769231	12.5948773059	0.0384247190	12.5976879458	0.0351084088
31.6923076923	12.5956006575	0.0377246424	12.5983559599	0.0343642167
31.7115384615	12.5963102370	0.0370191515	12.5990096143	0.0336150075
31.7307692308	12.5970059431	0.0363083460	12.5996488134	0.0328608906
31.7500000000	12.5976876768	0.0355923248	12.6002734639	0.0321019761
31.7692307692	12.5983553409	0.0348711860	12.6008834747	0.0313383747
31.7884615385	12.5990088399	0.0341450266	12.6014787567	0.0305701980
31.8076923077	12.5996480806	0.0334139428	12.6020592230	0.0297975581
31.8269230769	12.6002729715	0.0326780301	12.6026247888	0.0290205678
31.8461538462	12.6008834232	0.0319373831	12.6031753715	0.0282393405
31.8653846154	12.6014793483	0.0311920959	12.6037108908	0.0274539904
31.8846153846	12.6020606613	0.0304422618	12.6042312685	0.0266646320
31.9038461538	12.6026272790	0.0296879737	12.6047364286	0.0258713806
31.9230769231	12.6031791199	0.0289293242	12.6052262974	0.0250743520
31.9423076923	12.6037161047	0.0281664053	12.6057008033	0.0242736627
31.9615384615	12.6042381564	0.0273993089	12.6061598771	0.0234694294
31.9807692308	12.6047451996	0.0266281267	12.6066034517	0.0226617696
32.0000000000	12.6052371616	0.0258529503	12.6070314624	0.0218508012
32.0192307692	12.6057139712	0.0250738714	12.6074438467	0.0210366427
32.0384615385	12.6061755599	0.0242909818	12.6078405444	0.0202194128
32.0576923077	12.6066218609	0.0235043734	12.6082214975	0.0193992310
32.0769230769	12.6070528099	0.0227141386	12.6085866505	0.0185762169
32.0961538462	12.6074683444	0.0219203701	12.6089359500	0.0177504907
32.1153846154	12.6078684044	0.0211231611	12.6092693450	0.0169221729
32.1346153846	12.6082529319	0.0203226057	12.6095867869	0.0160913846
32.1538461538	12.6086218712	0.0195187983	12.6098882294	0.0152582469
32.1730769231	12.6089751687	0.0187118343	12.6101736283	0.0144228815
32.1923076923	12.6093127730	0.0179018102	12.6104429421	0.0135854105
32.2115384615	12.6096346351	0.0170888231	12.6106961314	0.0127459560
32.2307692308	12.6099407080	0.0162729714	12.6109331592	0.0119046406
32.2500000000	12.6102309470	0.0154543549	12.6111539910	0.0110615871
32.2692307692	12.6105053096	0.0146330742	12.6113585945	0.0102169187
32.2884615385	12.6107637556	0.0138092317	12.6115469399	0.0093707586
32.3076923077	12.6110062468	0.0129829310	12.6117189996	0.0085232304
32.3269230769	12.6112327477	0.0121542773	12.6118747485	0.0076744578
32.3461538462	12.6114432244	0.0113233774	12.6120141638	0.0068245648
32.3653846154	12.6116376459	0.0104903398	12.6121372253	0.0059736754
32.3846153846	12.6118159828	0.0096552748	12.6122439150	0.0051219138
32.4038461538	12.6119782085	0.0088182945	12.6123342172	0.0042694045
32.4230769231	12.6121242982	0.0079795129	12.6124081189	0.0034162718
32.4423076923	12.6122542296	0.0071390461	12.6124656091	0.0025626404
32.4615384615	12.6123679825	0.0062970121	12.6125066796	0.0017086348
32.4807692308	12.6124655390	0.0054535311	12.6125313242	0.0008543798
32.5000000000	12.6125468835	0.0046087254	12.6125395395	-0.0000000000
32.5192307692	12.6126120027	0.0037627196	12.6125313242	-0.0008543798
32.5384615385	12.6126608852	0.0029156405	12.6125066796	-0.0017086348
32.5576923077	12.6126935223	0.0020676172	12.6124656091	-0.0025626404
32.5769230769	12.6127099072	0.0012187812	12.6124081189	-0.0034162718
32.5961538462	12.6127100357	0.0003692662	12.6123342172	-0.0042694045
32.6153846154	12.6126939057	-0.0004807916	12.6122439150	-0.0051219138
32.6346153846	12.6126615173	-0.0013312536	12.6121372253	-0.0059736754
32.6538461538	12.6126128730	-0.0021819789	12.6120141638	-0.0068245648
32.6730769231	12.6125479777	-0.0030328241	12.6118747485	-0.0076744578
32.6923076923	12.6124668384	-0.0038836436	12.6117189996	-0.0085232304
32.7115384615	12.6123694645	-0.0047342894	12.6115469399	-0.0093707586
32.7307692308	12.6122558678	-0.0055846112	12.6113585945	-0.0102169187
32.7500000000	12.6121260623	-0.0064344565	12.6111539910	-0.0110615871
32.7692307692	12.6119800647	-0.0072836707	12.6109331592	-0.0119046406
32.7884615385	12.6118178936	-0.0081320970	12.6106961314	-0.0127459560
32.8076923077	12.6116395703	-0.0089795766	12.6104429421	-0.0135854105
32.8269230769	12.6114451184	-0.0098259489	12.6101736283	-0.0144228815
32.8461538462	12.6112345639	-0.0106710516	12.6098882294	-0.0152582469
32.8653846154	12.6110079353	-0.0115147207	12.6095867869	-0.0160913846
32.8846153846	12.6107652634	-0.0123567906	12.6092693450	-0.0169221729
32.9038461538	12.6105065817	-0.0131970946	12.6089359500	-0.0177504907
32.9230769231	12.6102319259	-0.0140354647	12.6085866505	-0.0185762169
32.9423076923	12.6099413343	-0.0148717320	12.6082214975	-0.0193992310
32.9615384615	12.6096348477	-0.0157057270	12.6078405444	-0.0202194128
32.9807692308	12.6093125094	-0.0165372795	12.6074438467	-0.0210366427
33.0000000000	12.6089743652	-0.0173662190	12.6070314624	-0.0218508012
33.0192307692	12.6086204633	-0.0181923750	12.6066034517	-0.0226617696
33.0384615385	12.6082508546	-0.0190155773	12.6061598771	-0.0234694294
33.0576923077	12.6078655924	-0.0198356560	12.6057008033	-0.0242736627
33.0769230769	12.6074647327	-0.0206524420	12.6052262974	-0.0250743520
33.0961538462	12.6070483338	-0.0214657671	12.6047364286	-0.0258713806
33.1153846154	12.6066164566	-0.0222754647	12.6042312685	-0.0266646320
33.1346153846	12.6061691646	-0.0230813693	12.6037108908	-0.0274539904
33.1538461538	12.6057065237	-0.0238833177	12.6031753715	-0.0282393405
33.1730769231	12.6052286024	-0.0246811486	12.6026247888	-0.0290205678
33.1923076923	12.6047354716	-0.0254747032	12.6020592230	-0.0297975581
33.2115384615	12.6042272047	-0.0262638254	12.6014787567	-0.0305701980
33.2307692308	12.6037038777	-0.0270483624	12.6008834747	-0.0313383747
33.2500000000	12.6031655688	-0.0278281642	12.6002734639	-0.0321019761
33.2692307692	12.6026123587	-0.0286030848	12.5996488134	-0.0328608906
33.2884615385	12.6020443306	-0.0293729817	12.5990096143	-0.0336150075
33.3076923077	12.6014615699	-0.0301377168	12.5983559599	-0.0343642167
33.3269230769	12.6008641643	-0.0308971561	12.5976879458	-0.0351084088
33.3461538462	12.6002522041	-0.0316511700	12.5970056694	-0.0358474750
33.3653846154	12.5996257814	-0.0323996340	12.5963092303	-0.0365813077
33.3846153846	12.5989849909	-0.0331424283	12.5955987303	-0.0373097995
33.4038461538	12.5983299293	-0.0338794381	12.5948742729	-0.0380328441
33.4230769231	12.5976606955	-0.0346105539	12.5941359642	-0.0387503360
33.4423076923	12.5969773905	-0.0353356717	12.5933839117	-0.0394621704
33.4615384615	12.5962801172	-0.0360546926	12.5926182253	-0.0401682435
33.4807692308	12.5955689806	-0.0367675235	12.5918390168	-0.0408684520
33.5000000000	12.5948440878	-0.0374740767	12.5910464000	-0.0415626938
33.5192307692	12.5941055477	-0.0381742701	12.5902404906	-0.0422508675
33.5384615385	12.5933534710	-0.0388680270	12.5894214062	-0.0429328727
33.5576923077	12.5925879702	-0.0395552765	12.5885892664	-0.0436086097
33.5769230769	12.5918091598	-0.0402359527	12.5877441928	-0.0442779799
33.5961538462	12.5910171556	-0.0409099955	12.5868863086	-0.0449408857
33.6153846154	12.5902120756	-0.0415773496	12.5860157392	-0.0455972301
33.6346153846	12.5893940390	-0.0422379650	12.5851326117	-0.0462469175
33.6538461538	12.5885631668	-0.0428917965	12.5842370549	-0.0468898528
33.6730769231	12.5877195815	-0.0435388036	12.5833291997	-0.0475259424
33.6923076923	12.5868634071	-0.0441789501	12.5824091785	-0.0481550932
33.7115384615	12.5859947689	-0.0448122040	12.5814771258	-0.0487772134
33.7307692308	12.5851137940	-0.0454385375	12.5805331775	-0.0493922123
33.7500000000	12.5842206105	-0.0460579259	12.5795774715	-0.0500000000
33.7692307692	12.5833153481	-0.0466703482	12.5786101474	-0.0506004878
33.7884615385	12.5823981379	-0.0472757862	12.5776313463	-0.0511935880
33.8076923077	12.5814691119	-0.0478742243	12.5766412112	-0.0517792140
33.8269230769	12.5805284039	-0.0484656491	12.5756398865	-0.0523572803
33.8461538462	12.5795761487	-0.0490500493	12.5746275186	-0.0529277026
33.8653846154	12.5786124822	-0.0496274150	12.5736042552	-0.0534903975
33.8846153846	12.5776375419	-0.0501977373	12.5725702457	-0.0540452829
33.9038461538	12.5766514662	-0.0507610083	12.5715256410	-0.0545922778
33.9230769231	12.5756543949	-0.0513172203	12.5704705938	-0.0551313023
33.9423076923	12.5746464690	-0.0518663658	12.5694052579	-0.0556622777
33.9615384615	12.5736278306	-0.0524084367	12.5683297890	-0.0561851266
33.9807692308	12.5725986231	-0.0529434243	12.5672443441	-0.0566997725
34.0000000000	12.5715589911	-0.0534713191	12.5661490816	-0.0572061403
34.0192307692	12.5705090804	-0.0539921098	12.5650441615	-0.0577041561
34.0384615385	12.5694490380	-0.0545057837	12.5639297450	-0.0581937472
34.0576923077	12.5683790122	-0.0550123259	12.5628059949	-0.0586748422
34.0769230769	12.5672991526	-0.0555117193	12.5616730752	-0.0591473707
34.0961538462	12.5662096099	-0.0560039445	12.5605311514	-0.0596112638
34.1153846154	12.5651105362	-0.0564889791	12.5593803901	-0.0600664537
34.1346153846	12.5640020848	-0.0569667978	12.5582209594	-0.0605128741
34.1538461538	12.5628844104	-0.0574373723	12.5570530285	-0.0609504597
34.1730769231	12.5617576690	-0.0579006710	12.5558767680	-0.0613791466
34.1923076923	12.5606220180	-0.0583566589	12.5546923495	-0.0617988722
34.2115384615	12.5594776159	-0.0588052978	12.5534999461	-0.0622095754
34.2307692308	12.5583246229	-0.0592465456	12.5522997318	-0.0626111960
34.2500000000	12.5571632004	-0.0596803572	12.5510918818	-0.0630036755
34.2692307692	12.5559935112	-0.0601066836	12.5498765725	-0.0633869566
34.2884615385	12.5548157196	-0.0605254727	12.5486539812	-0.0637609833
34.3076923077	12.5536299912	-0.0609366688	12.5474242866	-0.0641257010
34.3269230769	12.5524364932	-0.0613402133	12.5461876681	-0.0644810565
34.3461538462	12.5512353939	-0.0617360440	12.5449443063	-0.0648269978
34.3653846154	12.5500268634	-0.0621240963	12.5436943827	-0.0651634745
34.3846153846	12.5488110731	-0.0625043025	12.5424380798	-0.0654904375
34.4038461538	12.5475881956	-0.0628765926	12.5411755811	-0.0658078389
34.4230769231	12.5463584052	-0.0632408941	12.5399070707	-0.0661156326
34.4423076923	12.5451218774	-0.0635971326	12.5386327340	-0.0664137734
34.4615384615	12.5438787893	-0.0639452321	12.5373527570	-0.0667022180
34.4807692308	12.5426293192	-0.0642851147	12.5360673265	-0.0669809241
34.5000000000	12.5413736468	-0.0646167019	12.5347766303	-0.0672498512
34.5192307692	12.5401119529	-0.0649399139	12.5334808567	-0.0675089599
34.5384615385	12.5388444200	-0.0652546706	12.5321801950	-0.0677582124
34.5576923077	12.5375712316	-0.0655608917	12.5308748350	-0.0679975723
34.5769230769	12.5362925722	-0.0658584970	12.5295649674	-0.0682270047
34.5961538462	12.5350086280	-0.0661474067	12.5282507833	-0.0684464760
34.6153846154	12.5337195857	-0.0664275418	12.5269324747	-0.0686559543
34.6346153846	12.5324256336	-0.0666988246	12.5256102339	-0.0688554090
34.6538461538	12.5311269608	-0.0669611784	12.5242842541	-0.0690448108
34.6730769231	12.5298237572	-0.0672145285	12.5229547289	-0.0692241323
34.6923076923	12.5285162139	-0.0674588021	12.5216218523	-0.0693933471
34.7115384615	12.5272045227	-0.0676939286	12.5202858190	-0.0695524306
34.7307692308	12.5258888761	-0.0679198399	12.5189468239	-0.0697013596
34.7500000000	12.5245694676	-0.0681364704	12.5176050627	-0.0698401123
34.7692307692	12.5232464911	-0.0683437576	12.5162607311	-0.0699686685
34.7884615385	12.5219201411	-0.0685416421	12.5149140255	-0.0700870094
34.8076923077	12.5205906127	-0.0687300675	12.5135651425	-0.0701951177
34.8269230769	12.5192581016	-0.0689089808	12.5122142790	-0.0702929776
34.8461538462	12.5179228036	-0.0690783324	12.5108616322	-0.0703805748
34.8653846154	12.5165849150	-0.0692380763	12.5095073997	-0.0704578967
34.8846153846	12.5152446324	-0.0693881697	12.5081517791	-0.0705249318
34.9038461538	12.5139021523	-0.0695285737	12.5067949683	-0.0705816703
34.9230769231	12.5125576718	-0.0696592524	12.5054371655	-0.0706281041
34.9423076923	12.5112113877	-0.0697801739	12.5040785689	-0.0706642263
34.9615384615	12.5098634969	-0.0698913091	12.5027193768	-0.0706900316
34.9807692308	12.5085141963	-0.0699926325	12.5013597876	-0.0707055163
35.0000000000	12.5071636827	-0.0700841215	12.5000000000	-0.0707106781
35.0192307692	12.5058121527	-0.0701657566	12.4986402124	-0.0707055163
35.0384615385	12.5044598029	-0.0702375211	12.4972806232	-0.0706900316
35.0576923077	12.5031068293	-0.0702994006	12.4959214311	-0.0706642263
35.0769230769	12.5017534279	-0.0703513833	12.4945628345	-0.0706281041
35.0961538462	12.5003997943	-0.0703934596	12.4932050317	-0.0705816703
35.1153846154	12.4990461237	-0.0704256216	12.4918482209	-0.0705249318
35.1346153846	12.4976926111	-0.0704478630	12.4904926003	-0.0704578967
35.1538461538	12.4963394509	-0.0704601791	12.4891383678	-0.0703805748
35.1730769231	12.4949868371	-0.0704625662	12.4877857210	-0.0702929776
35.1923076923	12.4936349635	-0.0704550214	12.4864348575	-0.0701951177
35.2115384615	12.4922840231	-0.0704375424	12.4850859745	-0.0700870094
35.2307692308	12.4909342086	-0.0704101274	12.4837392689	-0.0699686685
35.2500000000	12.4895857124	-0.0703727743	12.4823949373	-0.0698401123
35.2692307692	12.4882387262	-0.0703254813	12.4810531761	-0.0697013596
35.2884615385	12.4868934413	-0.0702682457	12.4797141810	-0.0695524306
35.3076923077	12.4855500487	-0.0702010645	12.4783781477	-0.0693933471
35.3269230769	12.4842087386	-0.0701239338	12.4770452711	-0.0692241323
35.3461538462	12.4828697011	-0.0700368487	12.4757157459	-0.0690448108
35.3653846154	12.4815331257	-0.0699398032	12.4743897661	-0.0688554090
35.3846153846	12.4801992017	-0.0698327900	12.4730675253	-0.0686559543
35.4038461538	12.4788681176	-0.0697158002	12.4717492167	-0.0684464760
35.4230769231	12.4775400620	-0.0695888239	12.4704350326	-0.0682270047
35.4423076923	12.4762152227	-0.0694518492	12.4691251650	-0.0679975723
35.4615384615	12.4748937874	-0.0693048629	12.4678198050	-0.0677582124
35.4807692308	12.4735759436	-0.0691478504	12.4665191433	-0.0675089599
35.5000000000	12.4722618781	-0.0689807954	12.4652233697	-0.0672498512
35.5192307692	12.4709517778	-0.0688036803	12.4639326735	-0.0669809241
35.5384615385	12.4696458291	-0.0686164863	12.4626472430	-0.0667022180
35.5576923077	12.4683442182	-0.0684191933	12.4613672660	-0.0664137734
35.5769230769	12.4670471311	-0.0682117802	12.4600929293	-0.0661156326
35.5961538462	12.4657547535	-0.0679942254	12.4588244189	-0.0658078389
35.6153846154	12.4644672708	-0.0677665063	12.4575619202	-0.0654904375
35.6346153846	12.4631848683	-0.0675286003	12.4563056173	-0.0651634745
35.6538461538	12.4619077310	-0.0672804847	12.4550556937	-0.0648269978
35.6730769231	12.4606360438	-0.0670221370	12.4538123319	-0.0644810565
35.6923076923	12.4593699912	-0.0667535354	12.4525757134	-0.0641257010
35.7115384615	12.4581097575	-0.0664746587	12.4513460188	-0.0637609833
35.7307692308	12.4568555267	-0.0661854874	12.4501234275	-0.0633869566
35.7500000000	12.4556074827	-0.0658860033	12.4489081182	-0.0630036755
35.7692307692	12.4543658088	-0.0655761903	12.4477002682	-0.0626111960
35.7884615385	12.4531306883	-0.0652560347	12.4465000539	-0.0622095754
35.8076923077	12.4519023038	-0.0649255255	12.4453076505	-0.0617988722
35.8269230769	12.4506808379	-0.0645846550	12.4441232320	-0.0613791466
35.8461538462	12.4494664722	-0.0642334187	12.4429469715	-0.0609504597
35.8653846154	12.4482593885	-0.0638718163	12.4417790406	-0.0605128741
35.8846153846	12.4470597674	-0.0634998516	12.4406196099	-0.0600664537
35.9038461538	12.4458677894	-0.0631175330	12.4394688486	-0.0596112638
35.9230769231	12.4446836341	-0.0627248738	12.4383269248	-0.0591473707
35.9423076923	12.4435074804	-0.0623218926	12.4371940051	-0.0586748422
35.9615384615	12.4423395067	-0.0619086135	12.4360702550	-0.0581937472
35.9807692308	12.4411798901	-0.0614850664	12.4349558385	-0.0577041561
36.0000000000	12.4400288072	-0.0610512873	12.4338509184	-0.0572061403
36.0192307692	12.4388864333	-0.0606073183	12.4327556559	-0.0566997725
36.0384615385	12.4377529430	-0.0601532079	12.4316702110	-0.0561851266
36.0576923077	12.4366285096	-0.0596890114	12.4305947421	-0.0556622777
36.0769230769	12.4355133050	-0.0592147906	12.4295294062	-0.0551313023
36.0961538462	12.4344075001	-0.0587306140	12.4284743590	-0.0545922778
36.1153846154	12.4333112644	-0.0582365570	12.4274297543	-0.0540452829
36.1346153846	12.4322247658	-0.0577327016	12.4263957448	-0.0534903975
36.1538461538	12.4311481708	-0.0572191368	12.4253724814	-0.0529277026
36.1730769231	12.4300816445	-0.0566959581	12.4243601135	-0.0523572803
36.1923076923	12.4290253499	-0.0561632675	12.4233587888	-0.0517792140
36.2115384615	12.4279794487	-0.0556211734	12.4223686537	-0.0511935880
36.2307692308	12.4269441007	-0.0550697905	12.4213898526	-0.0506004878
36.2500000000	12.4259194635	-0.0545092393	12.4204225285	-0.0500000000
36.2692307692	12.4249056933	-0.0539396463	12.4194668225	-0.0493922123
36.2884615385	12.4239029439	-0.0533611431	12.4185228742	-0.0487772134
36.3076923077	12.4229113672	-0.0527738665	12.4175908215	-0.0481550932
36.3269230769	12.4219311130	-0.0521779582	12.4166708003	-0.0475259424
36.3461538462	12.4209623291	-0.0515735640	12.4157629451	-0.0468898528
36.3653846154	12.4200051607	-0.0509608339	12.4148673883	-0.0462469175
36.3846153846	12.4190597513	-0.0503399215	12.4139842608	-0.0455972301
36.4038461538	12.4181262417	-0.0497109832	12.4131136914	-0.0449408857
36.4230769231	12.4172047706	-0.0490741784	12.4122558072	-0.0442779799
36.4423076923	12.4162954744	-0.0484296686	12.4114107336	-0.0436086097
36.4615384615	12.4153984871	-0.0477776171	12.4105785938	-0.0429328727
36.4807692308	12.4145139403	-0.0471181886	12.4097595094	-0.0422508675
36.5000000000	12.4136419633	-0.0464515483	12.4089536000	-0.0415626938
36.5192307692	12.4127826831	-0.0457778622	12.4081609832	-0.0408684520
36.5384615385	12.4119362243	-0.0450972959	12.4073817747	-0.0401682435
36.5576923077	12.4111027089	-0.0444100147	12.4066160883	-0.0394621704
36.5769230769	12.4102822568	-0.0437161829	12.4058640358	-0.0387503360
36.5961538462	12.4094749856	-0.0430159633	12.4051257271	-0.0380328441
36.6153846154	12.4086810103	-0.0423095173	12.4044012697	-0.0373097995
36.6346153846	12.4079004439	-0.0415970038	12.4036907697	-0.0365813077
36.6538461538	12.4071333968	-0.0408785796	12.4029943306	-0.0358474750
36.6730769231	12.4063799774	-0.0401543986	12.4023120542	-0.0351084088
36.6923076923	12.4056402917	-0.0394246116	12.4016440401	-0.0343642167
36.7115384615	12.4049144435	-0.0386893663	12.4009903857	-0.0336150075
36.7307692308	12.4042025346	-0.0379488069	12.4003511866	-0.0328608906
36.7500000000	12.4035046645	-0.0372030737	12.3997265361	-0.0321019761
36.7692307692	12.4028209306	-0.0364523035	12.3991165253	-0.0313383747
36.7884615385	12.4021514282	-0.0356966292	12.3985212433	-0.0305701980
36.8076923077	12.4014962507	-0.0349361795	12.3979407770	-0.0297975581
36.8269230769	12.4008554894	-0.0341710793	12.3973752112	-0.0290205678
36.8461538462	12.4002292336	-0.0334014495	12.3968246285	-0.0282393405
36.8653846154	12.3996175708	-0.0326274071	12.3962891092	-0.0274539904
36.8846153846	12.3990205863	-0.0318490652	12.3957687315	-0.0266646320
36.9038461538	12.3984383638	-0.0310665334	12.3952635714	-0.0258713806
36.9230769231	12.3978709851	-0.0302799175	12.3947737026	-0.0250743520
36.9423076923	12.3973185300	-0.0294893201	12.3942991967	-0.0242736627
36.9615384615	12.3967810766	-0.0286948406	12.3938401229	-0.0234694294
36.9807692308	12.3962587012	-0.0278965756	12.3933965483	-0.0226617696
37.0000000000	12.3957514782	-0.0270946191	12.3929685376	-0.0218508012
37.0192307692	12.3952594806	-0.0262890626	12.3925561533	-0.0210366427
37.0384615385	12.3947827790	-0.0254799959	12.3921594556	-0.0202194128
37.0576923077	12.3943214429	-0.0246675069	12.3917785025	-0.0193992310
37.0769230769	12.3938755395	-0.0238516823	12.3914133495	-0.0185762169
37.0961538462	12.3934451346	-0.0230326080	12.3910640500	-0.0177504907
37.1153846154	12.3930302919	-0.0222103691	12.3907306550	-0.0169221729
37.1346153846	12.3926310736	-0.0213850505	12.3904132131	-0.0160913846
37.1538461538	12.3922475399	-0.0205567375	12.3901117706	-0.0152582469
37.1730769231	12.3918797492	-0.0197255158	12.3898263717	-0.0144228815
37.1923076923	12.3915277581	-0.0188914719	12.3895570579	-0.0135854105
37.2115384615	12.3911916211	-0.0180546939	12.3893038686	-0.0127459560
37.2307692308	12.3908713912	-0.0172152712	12.3890668408	-0.0119046406
37.2500000000	12.3905671190	-0.0163732953	12.3888460090	-0.0110615871
37.2692307692	12.3902788534	-0.0155288599	12.3886414055	-0.0102169187
37.2884615385	12.3900066411	-0.0146820613	12.3884530601	-0.0093707586
37.3076923077	12.3897505268	-0.0138329985	12.3882810004	-0.0085232304
37.3269230769	12.3895105532	-0.0129817738	12.3881252515	-0.0076744578
37.3461538462	12.3892867606	-0.0121284925	12.3879858362	-0.0068245648
37.3653846154	12.3890791872	-0.0112732636	12.3878627747	-0.0059736754
37.3846153846	12.3888878690	-0.0104161996	12.3877560850	-0.0051219138
37.4038461538	12.3887128396	-0.0095574168	12.3876657828	-0.0042694045
37.4230769231	12.3885541304	-0.0086970352	12.3875918811	-0.0034162718
37.4423076923	12.3884117703	-0.0078351790	12.3875343909	-0.0025626404
37.4615384615	12.3882857858	-0.0069719761	12.3874933204	-0.0017086348
37.4807692308	12.3881762008	-0.0061075583	12.3874686758	-0.0008543798
37.5000000000	12.3880830368	-0.0052420615	12.3874604605	-0.0000000000
37.5192307692	12.3880063128	-0.0043756251	12.3874686758	0.0008543798
37.5384615385	12.3879460449	-0.0035083926	12.3874933204	0.0017086348
37.5576923077	12.3879022468	-0.0026405108	12.3875343909	0.0025626404
37.5769230769	12.3878749295	-0.0017721299	12.3875918811	0.0034162718
37.5961538462	12.3878641013	-0.0009034035	12.3876657828	0.0042694045
37.6153846154	12.3878697676	-0.0000344881	12.3877560850	0.0051219138
37.6346153846	12.3878919312	0.0008344571	12.3878627747	0.0059736754
37.6538461538	12.3879305921	0.0017032702	12.3879858362	0.0068245648
37.6730769231	12.3879857473	0.0025717872	12.3881252515	0.0076744578
37.6923076923	12.3880573914	0.0034398421	12.3882810004	0.0085232304
37.7115384615	12.3881455158	0.0043072675	12.3884530601	0.0093707586
37.7307692308	12.3882501092	0.0051738943	12.3886414055	0.0102169187
37.7500000000	12.3883711575	0.0060395527	12.3888460090	0.0110615871
37.7692307692	12.3885086437	0.0069040721	12.3890668408	0.0119046406
37.7884615385	12.3886625481	0.0077672818	12.3893038686	0.0127459560
37.8076923077	12.3888328480	0.0086290109	12.3895570579	0.0135854105
37.8269230769	12.3890195181	0.0094890889	12.3898263717	0.0144228815
37.8461538462	12.3892225303	0.0103473461	12.3901117706	0.0152582469
37.8653846154	12.3894418536	0.0112036134	12.3904132131	0.0160913846
37.8846153846	12.3896774543	0.0120577235	12.3907306550	0.0169221729
37.9038461538	12.3899292962	0.0129095103	12.3910640500	0.0177504907
37.9230769231	12.3901973401	0.0137588097	12.3914133495	0.0185762169
37.9423076923	12.3904815443	0.0146054596	12.3917785025	0.0193992310
37.9615384615	12.3907818646	0.0154493002	12.3921594556	0.0202194128
37.9807692308	12.3910982541	0.0162901744	12.3925561533	0.0210366427
38.0000000000	12.3914306633	0.0171279276	12.3929685376	0.0218508012
38.0192307692	12.3917790404	0.0179624083	12.3933965483	0.0226617696
38.0384615385	12.3921433308	0.0187934679	12.3938401229	0.0234694294
38.0576923077	12.3925234778	0.0196209609	12.3942991967	0.0242736627
38.0769230769	12.3929194221	0.0204447451	12.3947737026	0.0250743520
38.0961538462	12.3933311021	0.0212646816	12.3952635714	0.0258713806
38.1153846154	12.3937584541	0.0220806347	12.3957687315	0.0266646320
38.1346153846	12.3942014117	0.0228924721	12.3962891092	0.0274539904
38.1538461538	12.3946599066	0.0237000648	12.3968246285	0.0282393405
38.1730769231	12.3951338681	0.0245032871	12.3973752112	0.0290205678
38.1923076923	12.3956232236	0.0253020164	12.3979407770	0.0297975581
38.2115384615	12.3961278980	0.0260961332	12.3985212433	0.0305701980
38.2307692308	12.3966478143	0.0268855213	12.3991165253	0.0313383747
38.2500000000	12.3971828934	0.0276700670	12.3997265361	0.0321019761
38.2692307692	12.3977330541	0.0284496597	12.4003511866	0.0328608906
38.2884615385	12.3982982132	0.0292241911	12.4009903857	0.0336150075
38.3076923077	12.3988782856	0.0299935555	12.4016440401	0.0343642167
38.3269230769	12.3994731839	0.0307576495	12.4023120542	0.0351084088
38.3461538462	12.4000828191	0.0315163718	12.4029943306	0.0358474750
38.3653846154	12.4007070999	0.0322696228	12.4036907697	0.0365813077
38.3846153846	12.4013459333	0.0330173048	12.4044012697	0.0373097995
38.4038461538	12.4019992243	0.0337593217	12.4051257271	0.0380328441
38.4230769231	12.4026668758	0.0344955784	12.4058640358	0.0387503360
38.4423076923	12.4033487889	0.0352259815	12.4066160883	0.0394621704
38.4615384615	12.4040448628	0.0359504380	12.4073817747	0.0401682435
38.4807692308	12.4047549948	0.0366688563	12.4081609832	0.0408684520
38.5000000000	12.4054790801	0.0373811450	12.4089536000	0.0415626938
38.5192307692	12.4062170121	0.0380872136	12.4097595094	0.0422508675
38.5384615385	12.4069686823	0.0387869719	12.4105785938	0.0429328727
38.5576923077	12.4077339801	0.0394803300	12.4114107336	0.0436086097
38.5769230769	12.4085127932	0.0401671983	12.4122558072	0.0442779799
38.5961538462	12.4093050071	0.0408474873	12.4131136914	0.0449408857
38.6153846154	12.4101105054	0.0415211078	12.4139842608	0.0455972301
38.6346153846	12.4109291699	0.0421879704	12.4148673883	0.0462469175
38.6538461538	12.4117608803	0.0428479861	12.4157629451	0.0468898528
38.6730769231	12.4126055144	0.0435010659	12.4166708003	0.0475259424
38.6923076923	12.4134629478	0.0441471210	12.4175908215	0.0481550932
38.7115384615	12.4143330545	0.0447860627	12.4185228742	0.0487772134
38.7307692308	12.4152157061	0.0454178027	12.4194668225	0.0493922123
38.7500000000	12.4161107727	0.0460422531	12.4204225285	0.0500000000
38.7692307692	12.4170181220	0.0466593267	12.4213898526	0.0506004878
38.7884615385	12.4179376198	0.0472689366	12.4223686537	0.0511935880
38.8076923077	12.4188691302	0.0478709971	12.4233587888	0.0517792140
38.8269230769	12.4198125152	0.0484654232	12.4243601135	0.0523572803
38.8461538462	12.4207676346	0.0490521313	12.4253724814	0.0529277026
38.8653846154	12.4217343467	0.0496310390	12.4263957448	0.0534903975
38.8846153846	12.4227125075	0.0502020658	12.4274297543	0.0540452829
38.9038461538	12.4237019715	0.0507651326	12.4284743590	0.0545922778
38.9230769231	12.4247025909	0.0513201626	12.4295294062	0.0551313023
38.9423076923	12.4257142164	0.0518670810	12.4305947421	0.0556622777
38.9615384615	12.4267366967	0.0524058158	12.4316702110	0.0561851266
38.9807692308	12.4277698788	0.0529362974	12.4327556559	0.0566997725
39.0000000000	12.4288136079	0.0534584590	12.4338509184	0.0572061403
39.0192307692	12.4298677274	0.0539722371	12.4349558385	0.0577041561
39.0384615385	12.4309320793	0.0544775715	12.4360702550	0.0581937472
39.0576923077	12.4320065037	0.0549744052	12.4371940051	0.0586748422
39.0769230769	12.4330908393	0.0554626850	12.4383269248	0.0591473707
39.0961538462	12.4341849230	0.0559423615	12.4394688486	0.0596112638
39.1153846154	12.4352885904	0.0564133891	12.4406196099	0.0600664537
39.1346153846	12.4364016757	0.0568757263	12.4417790406	0.0605128741
39.1538461538	12.4375240116	0.0573293356	12.4429469715	0.0609504597
39.1730769231	12.4386554295	0.0577741837	12.4441232320	0.0613791466
39.1923076923	12.4397957595	0.0582102415	12.4453076505	0.0617988722
39.2115384615	12.4409448305	0.0586374842	12.4465000539	0.0622095754
39.2307692308	12.4421024701	0.0590558910	12.4477002682	0.0626111960
39.2500000000	12.4432685049	0.0594654455	12.4489081182	0.0630036755
39.2692307692	12.4444427604	0.0598661351	12.4501234275	0.0633869566
39.2884615385	12.4456250611	0.0602579515	12.4513460188	0.0637609833
39.3076923077	12.4468152305	0.0606408900	12.4525757134	0.0641257010
39.3269230769	12.4480130912	0.0610149498	12.4538123319	0.0644810565
39.3461538462	12.4492184650	0.0613801334	12.4550556937	0.0648269978
39.3653846154	12.4504311728	0.0617364470	12.4563056173	0.0651634745
39.3846153846	12.4516510347	0.0620838995	12.4575619202	0.0654904375
39.4038461538	12.4528778703	0.0624225030	12.4588244189	0.0658078389
39.4230769231	12.4541114984	0.0627522719	12.4600929293	0.0661156326
39.4423076923	12.4553517370	0.0630732231	12.4613672660	0.0664137734
39.4615384615	12.4565984038	0.0633853753	12.4626472430	0.0667022180
39.4807692308	12.4578513158	0.0636887490	12.4639326735	0.0669809241
39.5000000000	12.4591102895	0.0639833660	12.4652233697	0.0672498512
39.5192307692	12.4603751409	0.0642692491	12.4665191433	0.0675089599
39.5384615385	12.4616456857	0.0645464216	12.4678198050	0.0677582124
39.5576923077	12.4629217388	0.0648149071	12.4691251650	0.0679975723
39.5769230769	12.4642031151	0.0650747293	12.4704350326	0.0682270047
39.5961538462	12.4654896290	0.0653259112	12.4717492167	0.0684464760
39.6153846154	12.4667810943	0.0655684751	12.4730675253	0.0686559543
39.6346153846	12.4680773248	0.0658024421	12.4743897661	0.0688554090
39.6538461538	12.4693781337	0.0660278319	12.4757157459	0.0690448108
39.6730769231	12.4706833340	0.0662446622	12.4770452711	0.0692241323
39.6923076923	12.4719927384	0.0664529487	12.4783781477	0.0693933471
39.7115384615	12.4733061592	0.0666527047	12.4797141810	0.0695524306
39.7307692308	12.4746234084	0.0668439406	12.4810531761	0.0697013596
39.7500000000	12.4759442978	0.0670266640	12.4823949373	0.0698401123
39.7692307692	12.4772686389	0.0672008791	12.4837392689	0.0699686685
39.7884615385	12.4785962427	0.0673665869	12.4850859745	0.0700870094
39.8076923077	12.4799269201	0.0675237846	12.4864348575	0.0701951177
39.8269230769	12.4812604817	0.0676724659	12.4877857210	0.0702929776
39.8461538462	12.4825967376	0.0678126205	12.4891383678	0.0703805748
39.8653846154	12.4839354978	0.0679442340	12.4904926003	0.0704578967
39.8846153846	12.4852765719	0.0680672884	12.4918482209	0.0705249318
39.9038461538	12.4866197692	0.0681817613	12.4932050317	0.0705816703
39.9230769231	12.4879648987	0.0682876265	12.4945628345	0.0706281041
39.9423076923	12.4893117689	0.0683848536	12.4959214311	0.0706642263
39.9615384615	12.4906601884	0.0684734087	12.4972806232	0.0706900316
39.9807692308	12.4920099651	0.0685532537	12.4986402124	0.0707055163
40.0000000000	12.4933609067	0.0686243471	12.5000000000	0.0707106781
40.0192307692	12.4947128207	0.0686866439	12.5013597876	0.0707055163
40.0384615385	12.4960655141	0.0687400958	12.5027193768	0.0706900316
40.0576923077	12.4974187938	0.0687846514	12.5040785689	0.0706642263
40.0769230769	12.4987724662	0.0688202567	12.5054371655	0.0706281041
40.0961538462	12.5001263377	0.0688468552	12.5067949683	0.0705816703
40.1153846154	12.5014802141	0.0688643880	12.5081517791	0.0705249318
40.1346153846	12.5028339012	0.0688727944	12.5095073997	0.0704578967
40.1538461538	12.5041872045	0.0688720125	12.5108616322	0.0703805748
40.1730769231	12.5055399293	0.0688619789	12.5122142790	0.0702929776
40.1923076923	12.5068918807	0.0688426296	12.5135651425	0.0701951177
40.2115384615	12.5082428636	0.0688139001	12.5149140255	0.0700870094
40.2307692308	12.5095926829	0.0687757260	12.5162607311	0.0699686685
40.2500000000	12.5109411433	0.0687280434	12.5176050627	0.0698401123
40.2692307692	12.5122880494	0.0686707890	12.5189468239	0.0697013596
40.2884615385	12.5136332059	0.0686039009	12.5202858190	0.0695524306
40.3076923077	12.5149764174	0.0685273186	12.5216218523	0.0693933471
40.3269230769	12.5163174886	0.0684409840	12.5229547289	0.0692241323
40.3461538462	12.5176562243	0.0683448411	12.5242842541	0.0690448108
40.3653846154	12.5189924294	0.0682388367	12.5256102339	0.0688554090
40.3846153846	12.5203259090	0.0681229209	12.5269324747	0.0686559543
40.4038461538	12.5216564685	0.0679970472	12.5282507833	0.0684464760
40.4230769231	12.5229839134	0.0678611729	12.5295649674	0.0682270047
40.4423076923	12.5243080498	0.0677152594	12.5308748350	0.0679975723
40.4615384615	12.5256286839	0.0675592728	12.5321801950	0.0677582124
40.4807692308	12.5269456225	0.0673931835	12.5334808567	0.0675089599
40.5000000000	12.5282586728	0.0672169671	12.5347766303	0.0672498512
40.5192307692	12.5295676427	0.0670306043	12.5360673265	0.0669809241
40.5384615385	12.5308723405	0.0668340811	12.5373527570	0.0667022180
40.5576923077	12.5321725752	0.0666273890	12.5386327340	0.0664137734
40.5769230769	12.5334681565	0.0664105251	12.5399070707	0.0661156326
40.5961538462	12.5347588948	0.0661834924	12.5411755811	0.0658078389
40.6153846154	12.5360446014	0.0659462995	12.5424380798	0.0654904375
40.6346153846	12.5373250883	0.0656989608	12.5436943827	0.0651634745
40.6538461538	12.5386001686	0.0654414969	12.5449443063	0.0648269978
40.6730769231	12.5398696561	0.0651739338	12.5461876681	0.0644810565
40.6923076923	12.5411333657	0.0648963036	12.5474242866	0.0641257010
40.7115384615	12.5423911133	0.0646086439	12.5486539812	0.0637609833
40.7307692308	12.5436427159	0.0643109982	12.5498765725	0.0633869566
40.7500000000	12.5448879915	0.0640034152	12.5510918818	0.0630036755
40.7692307692	12.5461267595	0.0636859491	12.5522997318	0.0626111960
40.7884615385	12.5473588400	0.0633586593	12.5534999461	0.0622095754
40.8076923077	12.5485840549	0.0630216100	12.5546923495	0.0617988722
40.8269230769	12.5498022269	0.0626748703	12.5558767680	0.0613791466
40.8461538462	12.5510131802	0.0623185139	12.5570530285	0.0609504597
40.8653846154	12.5522167402	0.0619526186	12.5582209594	0.0605128741
40.8846153846	12.5534127335	0.0615772664	12.5593803901	0.0600664537
40.9038461538	12.5546009884	0.0611925428	12.5605311514	0.0596112638
40.9230769231	12.5557813343	0.0607985370	12.5616730752	0.0591473707
40.9423076923	12.5569536019	0.0603953413	12.5628059949	0.0586748422
40.9615384615	12.5581176236	0.0599830509	12.5639297450	0.0581937472
40.9807692308	12.5592732330	0.0595617635	12.5650441615	0.0577041561
41.0000000000	12.5604202651	0.0591315791	12.5661490816	0.0572061403
41.0192307692	12.5615585565	0.0586925997	12.5672443441	0.0566997725
41.0384615385	12.5626879452	0.0582449289	12.5683297890	0.0561851266
41.0576923077	12.5638082705	0.0577886719	12.5694052579	0.0556622777
41.0769230769	12.5649193734	0.0573239348	12.5704705938	0.0551313023
41.0961538462	12.5660210962	0.0568508245	12.5715256410	0.0545922778
41.1153846154	12.5671132826	0.0563694485	12.5725702457	0.0540452829
41.1346153846	12.5681957781	0.0558799146	12.5736042552	0.0534903975
41.1538461538	12.5692684294	0.0553823306	12.5746275186	0.0529277026
41.1730769231	12.5703310848	0.0548768041	12.5756398865	0.0523572803
41.1923076923	12.5713835939	0.0543634423	12.5766412112	0.0517792140
41.2115384615	12.5724258081	0.0538423519	12.5776313463	0.0511935880
41.2307692308	12.5734575800	0.0533136385	12.5786101474	0.0506004878
41.2500000000	12.5744787640	0.0527774071	12.5795774715	0.0500000000
41.2692307692	12.5754892156	0.0522337611	12.5805331775	0.0493922123
41.2884615385	12.5764887922	0.0516828031	12.5814771258	0.0487772134
41.3076923077	12.5774773524	0.0511246342	12.5824091785	0.0481550932
41.3269230769	12.5784547565	0.0505593537	12.5833291997	0.0475259424
41.3461538462	12.5794208662	0.0499870598	12.5842370549	0.0468898528
41.3653846154	12.5803755448	0.0494078489	12.5851326117	0.0462469175
41.3846153846	12.5813186570	0.0488218156	12.5860157392	0.0455972301
41.4038461538	12.5822500693	0.0482290530	12.5868863086	0.0449408857
41.4230769231	12.5831696495	0.0476296525	12.5877441928	0.0442779799
41.4423076923	12.5840772670	0.0470237038	12.5885892664	0.0436086097
41.4615384615	12.5849727928	0.0464112948	12.5894214062	0.0429328727
41.4807692308	12.5858560994	0.0457925119	12.5902404906	0.0422508675
41.5000000000	12.5867270612	0.0451674399	12.5910464000	0.0415626938
41.5192307692	12.5875855538	0.0445361622	12.5918390168	0.0408684520
41.5384615385	12.5884314546	0.0438987606	12.5926182253	0.0401682435
41.5576923077	12.5892646426	0.0432553157	12.5933839117	0.0394621704
41.5769230769	12.5900849986	0.0426059067	12.5941359642	0.0387503360
41.5961538462	12.5908924050	0.0419506118	12.5948742729	0.0380328441
41.6153846154	12.5916867458	0.0412895080	12.5955987303	0.0373097995
41.6346153846	12.5924679067	0.0406226716	12.5963092303	0.0365813077
41.6538461538	12.5932357754	0.0399501779	12.5970056694	0.0358474750
41.6730769231	12.5939902411	0.0392721019	12.5976879458	0.0351084088
41.6923076923	12.5947311948	0.0385885176	12.5983559599	0.0343642167
41.7115384615	12.5954585295	0.0378994989	12.5990096143	0.0336150075
41.7307692308	12.5961721398	0.0372051194	12.5996488134	0.0328608906
41.7500000000	12.5968719223	0.0365054527	12.6002734639	0.0321019761
41.7692307692	12.5975577755	0.0358005722	12.6008834747	0.0313383747
41.7884615385	12.5982295996	0.0350905515	12.6014787567	0.0305701980
41.8076923077	12.5988872969	0.0343754647	12.6020592230	0.0297975581
41.8269230769	12.5995307716	0.0336553860	12.6026247888	0.0290205678
41.8461538462	12.6001599300	0.0329303904	12.6031753715	0.0282393405
41.8653846154	12.6007746800	0.0322005535	12.6037108908	0.0274539904
41.8846153846	12.6013749320	0.0314659516	12.6042312685	0.0266646320
41.9038461538	12.6019605982	0.0307266619	12.6047364286	0.0258713806
41.9230769231	12.6025315928	0.0299827627	12.6052262974	0.0250743520
41.9423076923	12.6030878322	0.0292343333	12.6057008033	0.0242736627
41.9615384615	12.6036292349	0.0284814543	12.6061598771	0.0234694294
41.9807692308	12.6041557216	0.0277242074	12.6066034517	0.0226617696
42.0000000000	12.6046672148	0.0269626760	12.6070314624	0.0218508012
42.0192307692	12.6051636396	0.0261969445	12.6074438467	0.0210366427
42.0384615385	12.6056449230	0.0254270991	12.6078405444	0.0202194128
42.0576923077	12.6061109942	0.0246532276	12.6082214975	0.0193992310
42.0769230769	12.6065617849	0.0238754193	12.6085866505	0.0185762169
42.0961538462	12.6069972287	0.0230937651	12.6089359500	0.0177504907
42.1153846154	12.6074172615	0.0223083579	12.6092693450	0.0169221729
42.1346153846	12.6078218215	0.0215192921	12.6095867869	0.0160913846
42.1538461538	12.6082108494	0.0207266641	12.6098882294	0.0152582469
42.1730769231	12.6085842877	0.0199305719	12.6101736283	0.0144228815
42.1923076923	12.6089420816	0.0191311155	12.6104429421	0.0135854105
42.2115384615	12.6092841785	0.0183283968	12.6106961314	0.0127459560
42.2307692308	12.6096105279	0.0175225193	12.6109331592	0.0119046406
42.2500000000	12.6099210819	0.0167135887	12.6111539910	0.0110615871
42.2692307692	12.6102157948	0.0159017124	12.6113585945	0.0102169187
42.2884615385	12.6104946232	0.0150869997	12.6115469399	0.0093707586
42.3076923077	12.6107575262	0.0142695618	12.6117189996	0.0085232304
42.3269230769	12.6110044650	0.0134495116	12.6118747485	0.0076744578
42.3461538462	12.6112354034	0.0126269640	12.6120141638	0.0068245648
42.3653846154	12.6114503074	0.0118020358	12.6121372253	0.0059736754
42.3846153846	12.6116491456	0.0109748453	12.6122439150	0.0051219138
42.4038461538	12.6118318885	0.0101455127	12.6123342172	0.0042694045
42.4230769231	12.6119985095	0.0093141602	12.6124081189	0.0034162718
42.4423076923	12.6121489841	0.0084809112	12.6124656091	0.0025626404
42.4615384615	12.6122832902	0.0076458912	12.6125066796	0.0017086348
42.4807692308	12.6124014081	0.0068092272	12.6125313242	0.0008543798
42.5000000000	12.6125033205	0.0059710476	12.6125395395	-0.0000000000
42.5192307692	12.6125890126	0.0051314826	12.6125313242	-0.0008543798
42.5384615385	12.6126584718	0.0042906637	12.6125066796	-0.0017086348
42.5576923077	12.6127116881	0.0034487240	12.6124656091	-0.0025626404
42.5769230769	12.6127486536	0.0026057978	12.6124081189	-0.0034162718
42.5961538462	12.6127693630	0.0017620209	12.6123342172	-0.0042694045
42.6153846154	12.6127738135	0.0009175302	12.6122439150	-0.0051219138
42.6346153846	12.6127620045	0.0000724638	12.6121372253	-0.0059736754
42.6538461538	12.6127339379	-0.0007730389	12.6120141638	-0.0068245648
42.6730769231	12.6126896178	-0.0016188376	12.6118747485	-0.0076744578
42.6923076923	12.6126290511	-0.0024647911	12.6117189996	-0.0085232304
42.7115384615	12.6125522467	-0.0033107570	12.6115469399	-0.0093707586
42.7307692308	12.6124592160	-0.0041565925	12.6113585945	-0.0102169187
42.7500000000	12.6123499729	-0.0050021537	12.6111539910	-0.0110615871
42.7692307692	12.6122245337	-0.0058472963	12.6109331592	-0.0119046406
42.7884615385	12.6120829168	-0.0066918753	12.6106961314	-0.0127459560
42.8076923077	12.6119251432	-0.0075357452	12.6104429421	-0.0135854105
42.8269230769	12.6117512364	-0.0083787604	12.6101736283	-0.0144228815
42.8461538462	12.6115612219	-0.0092207747	12.6098882294	-0.0152582469
42.8653846154	12.6113551279	-0.0100616419	12.6095867869	-0.0160913846
42.8846153846	12.6111329847	-0.0109012156	12.6092693450	-0.0169221729
42.9038461538	12.6108948251	-0.0117393497	12.6089359500	-0.0177504907
42.9230769231	12.6106406841	-0.0125758978	12.6085866505	-0.0185762169
42.9423076923	12.6103705991	-0.0134107142	12.6082214975	-0.0193992310
42.9615384615	12.6100846099	-0.0142436530	12.6078405444	-0.0202194128
42.9807692308	12.6097827584	-0.0150745693	12.6074438467	-0.0210366427
43.0000000000	12.6094650889	-0.0159033183	12.6070314624	-0.0218508012
43.0192307692	12.6091316480	-0.0167297561	12.6066034517	-0.0226617696
43.0384615385	12.6087824845	-0.0175537392	12.6061598771	-0.0234694294
43.0576923077	12.6084176495	-0.0183751254	12.6057008033	-0.0242736627
43.0769230769	12.6080371961	-0.0191937730	12.6052262974	-0.0250743520
43.0961538462	12.6076411801	-0.0200095415	12.6047364286	-0.0258713806
43.1153846154	12.6072296590	-0.0208222916	12.6042312685	-0.0266646320
43.1346153846	12.6068026928	-0.0216318851	12.6037108908	-0.0274539904
43.1538461538	12.6063603434	-0.0224381849	12.6031753715	-0.0282393405
43.1730769231	12.6059026753	-0.0232410557	12.6026247888	-0.0290205678
43.1923076923	12.6054297546	-0.0240403632	12.6020592230	-0.0297975581
43.2115384615	12.6049416498	-0.0248359748	12.6014787567	-0.0305701980
43.2307692308	12.6044384316	-0.0256277595	12.6008834747	-0.0313383747
43.2500000000	12.6039201725	-0.0264155879	12.6002734639	-0.0321019761
43.2692307692	12.6033869474	-0.0271993322	12.5996488134	-0.0328608906
43.2884615385	12.6028388329	-0.0279788664	12.5990096143	-0.0336150075
43.3076923077	12.6022759078	-0.0287540664	12.5983559599	-0.0343642167
43.3269230769	12.6016982532	-0.0295248097	12.5976879458	-0.0351084088
43.3461538462	12.6011059516	-0.0302909758	12.5970056694	-0.0358474750
43.3653846154	12.6004990881	-0.0310524462	12.5963092303	-0.0365813077
43.3846153846	12.5998777493	-0.0318091040	12.5955987303	-0.0373097995
43.4038461538	12.5992420242	-0.0325608345	12.5948742729	-0.0380328441
43.4230769231	12.5985920033	-0.0333075248	12.5941359642	-0.0387503360
43.4423076923	12.5979277794	-0.0340490641	12.5933839117	-0.0394621704
43.4615384615	12.5972494472	-0.0347853435	12.5926182253	-0.0401682435
43.4807692308	12.5965571030	-0.0355162558	12.5918390168	-0.0408684520
43.5000000000	12.5958508455	-0.0362416962	12.5910464000	-0.0415626938
43.5192307692	12.5951307748	-0.0369615616	12.5902404906	-0.0422508675
43.5384615385	12.5943969932	-0.0376757508	12.5894214062	-0.0429328727
43.5576923077	12.5936496050	-0.0383841646	12.5885892664	-0.0436086097
43.5769230769	12.5928887161	-0.0390867058	12.5877441928	-0.0442779799
43.5961538462	12.5921144343	-0.0397832789	12.5868863086	-0.0449408857
43.6153846154	12.5913268695	-0.0404737904	12.5860157392	-0.0455972301
43.6346153846	12.5905261334	-0.0411581488	12.5851326117	-0.0462469175
43.6538461538	12.5897123393	-0.0418362641	12.5842370549	-0.0468898528
43.6730769231	12.5888856028	-0.0425080483	12.5833291997	-0.0475259424
43.6923076923	12.5880460410	-0.0431734153	12.5824091785	-0.0481550932
43.7115384615	12.5871937730	-0.0438322806	12.5814771258	-0.0487772134
43.7307692308	12.5863289198	-0.0444845615	12.5805331775	-0.0493922123
43.7500000000	12.5854516042	-0.0451301771	12.5795774715	-0.0500000000
43.7692307692	12.5845619509	-0.0457690482	12.5786101474	-0.0506004878
43.7884615385	12.5836600864	-0.0464010973	12.5776313463	-0.0511935880
43.8076923077	12.5827461391	-0.0470262486	12.5766412112	-0.0517792140
43.8269230769	12.5818202391	-0.0476444280	12.5756398865	-0.0523572803
43.8461538462	12.5808825185	-0.0482555631	12.5746275186	-0.0529277026
43.8653846154	12.5799331113	-0.0488595830	12.5736042552	-0.0534903975
43.8846153846	12.5789721530	-0.0494564187	12.5725702457	-0.0540452829
43.9038461538	12.5779997813	-0.0500460028	12.5715256410	-0.0545922778
43.9230769231	12.5770161355	-0.0506282694	12.5704705938	-0.0551313023
43.9423076923	12.5760213567	-0.0512031546	12.5694052579	-0.0556622777
43.9615384615	12.5750155880	-0.0517705959	12.5683297890	-0.0561851266
43.9807692308	12.5739989740	-0.0523305326	12.5672443441	-0.0566997725
44.0000000000	12.5729716612	-0.0528829055	12.5661490816	-0.0572061403
44.0192307692	12.5719337979	-0.0534276574	12.5650441615	-0.0577041561
44.0384615385	12.5708855340	-0.0539647324	12.5639297450	-0.0581937472
44.0576923077	12.5698270213	-0.0544940768	12.5628059949	-0.0586748422
44.0769230769	12.5687584131	-0.0550156381	12.5616730752	-0.0591473707
44.0961538462	12.5676798645	-0.0555293658	12.5605311514	-0.0596112638
44.1153846154	12.5665915321	-0.0560352112	12.5593803901	-0.0600664537
44.1346153846	12.5654935744	-0.0565331269	12.5582209594	-0.0605128741
44.1538461538	12.5643861511	-0.0570230677	12.5570530285	-0.0609504597
44.1730769231	12.5632694238	-0.0575049897	12.5558767680	-0.0613791466
44.1923076923	12.5621435553	-0.0579788511	12.5546923495	-0.0617988722
44.2115384615	12.5610087103	-0.0584446113	12.5534999461	-0.0622095754
44.2307692308	12.5598650545	-0.0589022318	12.5522997318	-0.0626111960
44.2500000000	12.5587127552	-0.0593516756	12.5510918818	-0.0630036755
44.2692307692	12.5575519813	-0.0597929070	12.5498765725	-0.0633869566
44.2884615385	12.5563829026	-0.0602258924	12.5486539812	-0.0637609833
44.3076923077	12.5552056905	-0.0606505993	12.5474242866	-0.0641257010
44.3269230769	12.5540205175	-0.0610669970	12.5461876681	-0.0644810565
44.3461538462	12.5528275573	-0.0614750558	12.5449443063	-0.0648269978
44.3653846154	12.5516269849	-0.0618747479	12.5436943827	-0.0651634745
44.3846153846	12.5504189763	-0.0622660463	12.5424380798	-0.0654904375
44.4038461538	12.5492037083	-0.0626489256	12.5411755811	-0.0658078389
44.4230769231	12.5479813592	-0.0630233611	12.5399070707	-0.0661156326
44.4423076923	12.5467521080	-0.0633893295	12.5386327340	-0.0664137734
44.4615384615	12.5455161344	-0.0637468082	12.5373527570	-0.0667022180
44.4807692308	12.5442736194	-0.0640957755	12.5360673265	-0.0669809241
44.5000000000	12.5430247445	-0.0644362105	12.5347766303	-0.0672498512
44.5192307692	12.5417696921	-0.0647680927	12.5334808567	-0.0675089599
44.5384615385	12.5405086454	-0.0650914022	12.5321801950	-0.0677582124
44.5576923077	12.5392417880	-0.0654061194	12.5308748350	-0.0679975723
44.5769230769	12.5379693043	-0.0657122248	12.5295649674	-0.0682270047
44.5961538462	12.5366913795	-0.0660096990	12.5282507833	-0.0684464760
44.6153846154	12.5354081990	-0.0662985228	12.5269324747	-0.0686559543
44.6346153846	12.5341199490	-0.0665786763	12.5256102339	-0.0688554090
44.6538461538	12.5328268160	-0.0668501397	12.5242842541	-0.0690448108
44.6730769231	12.5315289870	-0.0671128923	12.5229547289	-0.0692241323
44.6923076923	12.5302266493	-0.0673669131	12.5216218523	-0.0693933471
44.7115384615	12.5289199909	-0.0676121802	12.5202858190	-0.0695524306
44.7307692308	12.5276091998	-0.0678486708	12.5189468239	-0.0697013596
44.7500000000	12.5262944645	-0.0680763609	12.5176050627	-0.0698401123
44.7692307692	12.5249759737	-0.0682952257	12.5162607311	-0.0699686685
44.7884615385	12.5236539165	-0.0685052387	12.5149140255	-0.0700870094
44.8076923077	12.5223284822	-0.0687063724	12.5135651425	-0.0701951177
44.8269230769	12.5209998603	-0.0688985977	12.5122142790	-0.0702929776
44.8461538462	12.5196682405	-0.0690818837	12.5108616322	-0.0703805748
44.8653846154	12.5183338128	-0.0692561981	12.5095073997	-0.0704578967
44.8846153846	12.5169967674	-0.0694215068	12.5081517791	-0.0705249318
44.9038461538	12.5156572946	-0.0695777740	12.5067949683	-0.0705816703
44.9230769231	12.5143155849	-0.0697249621	12.5054371655	-0.0706281041
44.9423076923	12.5129718289	-0.0698630314	12.5040785689	-0.0706642263
44.9615384615	12.5116262176	-0.0699919406	12.5027193768	-0.0706900316
44.9807692308	12.5102789420	-0.0701116466	12.5013597876	-0.0707055163
45.0000000000	12.5089301933	-0.0702221041	12.5000000000	-0.0707106781
45.0192307692	12.5075801628	-0.0703232664	12.4986402124	-0.0707055163
45.0384615385	12.5062290419	-0.0704150849	12.4972806232	-0.0706900316
45.0576923077	12.5048770225	-0.0704975091	12.4959214311	-0.0706642263
45.0769230769	12.5035242962	-0.0705704873	12.4945628345	-0.0706281041
45.0961538462	12.5021710551	-0.0706339659	12.4932050317	-0.0705816703
45.1153846154	12.5008174913	-0.0706878902	12.4918482209	-0.0705249318
45.1346153846	12.4994637971	-0.0707322039	12.4904926003	-0.0704578967
45.1538461538	12.4981101650	-0.0707668499	12.4891383678	-0.0703805748
45.1730769231	12.4967567876	-0.0707917699	12.4877857210	-0.0702929776
45.1923076923	12.4954038578	-0.0708069048	12.4864348575	-0.0701951177
45.2115384615	12.4940515683	-0.0708121951	12.4850859745	-0.0700870094
45.2307692308	12.4927001124	-0.0708075805	12.4837392689	-0.0699686685
45.2500000000	12.4913496833	-0.0707930009	12.4823949373	-0.0698401123
45.2692307692	12.4900004743	-0.0707683957	12.4810531761	-0.0697013596
45.2884615385	12.4886526789	-0.0707337050	12.4797141810	-0.0695524306
45.3076923077	12.4873064907	-0.0706888690	12.4783781477	-0.0693933471
45.3269230769	12.4859621036	-0.0706338286	12.4770452711	-0.0692241323
45.3461538462	12.4846197112	-0.0705685258	12.4757157459	-0.0690448108
45.3653846154	12.4832795074	-0.0704929036	12.4743897661	-0.0688554090
45.3846153846	12.4819416862	-0.0704069065	12.4730675253	-0.0686559543
45.4038461538	12.4806064415	-0.0703104806	12.4717492167	-0.0684464760
45.4230769231	12.4792739673	-0.0702035739	12.4704350326	-0.0682270047
45.4423076923	12.4779444575	-0.0700861366	12.4691251650	-0.0679975723
45.4615384615	12.4766181059	-0.0699581212	12.4678198050	-0.0677582124
45.4807692308	12.4752951063	-0.0698194830	12.4665191433	-0.0675089599
45.5000000000	12.4739756524	-0.0696701799	12.4652233697	-0.0672498512
45.5192307692	12.4726599377	-0.0695101730	12.4639326735	-0.0669809241
45.5384615385	12.4713481554	-0.0693394270	12.4626472430	-0.0667022180
45.5576923077	12.4700404985	-0.0691579095	12.4613672660	-0.0664137734
45.5769230769	12.4687371598	-0.0689655924	12.4600929293	-0.0661156326
45.5961538462	12.4674383318	-0.0687624511	12.4588244189	-0.0658078389
45.6153846154	12.4661442064	-0.0685484653	12.4575619202	-0.0654904375
45.6346153846	12.4648549753	-0.0683236187	12.4563056173	-0.0651634745
45.6538461538	12.4635708295	-0.0680878995	12.4550556937	-0.0648269978
45.6730769231	12.4622919597	-0.0678413006	12.4538123319	-0.0644810565
45.6923076923	12.4610185558	-0.0675838190	12.4525757134	-0.0641257010
45.7115384615	12.4597508072	-0.0673154570	12.4513460188	-0.0637609833
45.7307692308	12.4584889024	-0.0670362213	12.4501234275	-0.0633869566
45.7500000000	12.4572330295	-0.0667461236	12.4489081182	-0.0630036755
45.7692307692	12.4559833756	-0.0664451806	12.4477002682	-0.0626111960
45.7884615385	12.4547401268	-0.0661334139	12.4465000539	-0.0622095754
45.8076923077	12.4535034684	-0.0658108502	12.4453076505	-0.0617988722
45.8269230769	12.4522735849	-0.0654775209	12.4441232320	-0.0613791466
45.8461538462	12.4510506595	-0.0651334627	12.4429469715	-0.0609504597
45.8653846154	12.4498348745	-0.0647787171	12.4417790406	-0.0605128741
45.8846153846	12.4486264111	-0.0644133307	12.4406196099	-0.0600664537
45.9038461538	12.4474254491	-0.0640373548	12.4394688486	-0.0596112638
45.9230769231	12.4462321673	-0.0636508455	12.4383269248	-0.0591473707
45.9423076923	12.4450467431	-0.0632538638	12.4371940051	-0.0586748422
45.9615384615	12.4438693527	-0.0628464752	12.4360702550	-0.0581937472
45.9807692308	12.4427001709	-0.0624287499	12.4349558385	-0.0577041561
46.0000000000	12.4415393710	-0.0620007622	12.4338509184	-0.0572061403
46.0192307692	12.4403871249	-0.0615625912	12.4327556559	-0.0566997725
46.0384615385	12.4392436032	-0.0611143197	12.4316702110	-0.0561851266
46.0576923077	12.4381089747	-0.0606560350	12.4305947421	-0.0556622777
46.0769230769	12.4369834068	-0.0601878279	12.4295294062	-0.0551313023
46.0961538462	12.4358670655	-0.0597097932	12.4284743590	-0.0545922778
46.1153846154	12.4347601149	-0.0592220293	12.4274297543	-0.0540452829
46.1346153846	12.4336627176	-0.0587246379	12.4263957448	-0.0534903975
46.1538461538	12.4325750347	-0.0582177241	12.4253724814	-0.0529277026
46.1730769231	12.4314972254	-0.0577013960	12.4243601135	-0.0523572803
46.1923076923	12.4304294474	-0.0571757649	12.4233587888	-0.0517792140
46.2115384615	12.4293718566	-0.0566409446	12.4223686537	-0.0511935880
46.2307692308	12.4283246072	-0.0560970518	12.4213898526	-0.0506004878
46.2500000000	12.4272878518	-0.0555442053	12.4204225285	-0.0500000000
46.2692307692	12.4262617410	-0.0549825266	12.4194668225	-0.0493922123
46.2884615385	12.4252464241	-0.0544121390	12.4185228742	-0.0487772134
46.3076923077	12.4242420482	-0.0538331679	12.4175908215	-0.0481550932
46.3269230769	12.4232487590	-0.0532457406	12.4166708003	-0.0475259424
46.3461538462	12.4222667003	-0.0526499858	12.4157629451	-0.0468898528
46.3653846154	12.4212960141	-0.0520460339	12.4148673883	-0.0462469175
46.3846153846	12.4203368409	-0.0514340167	12.4139842608	-0.0455972301
46.4038461538	12.4193893191	-0.0508140670	12.4131136914	-0.0449408857
46.4230769231	12.4184535857	-0.0501863188	12.4122558072	-0.0442779799
46.4423076923	12.4175297757	-0.0495509070	12.4114107336	-0.0436086097
46.4615384615	12.4166180225	-0.0489079673	12.4105785938	-0.0429328727
46.4807692308	12.4157184578	-0.0482576361	12.4097595094	-0.0422508675
46.5000000000	12.4148312113	-0.0476000503	12.4089536000	-0.0415626938
46.5192307692	12.4139564114	-0.0469353472	12.4081609832	-0.0408684520
46.5384615385	12.4130941843	-0.0462636645	12.4073817747	-0.0401682435
46.5576923077	12.4122446548	-0.0455851400	12.4066160883	-0.0394621704
46.5769230769	12.4114079459	-0.0448999116	12.4058640358	-0.0387503360
46.5961538462	12.4105841788	-0.0442081173	12.4051257271	-0.0380328441
46.6153846154	12.4097734729	-0.0435098948	12.4044012697	-0.0373097995
46.6346153846	12.4089759460	-0.0428053818	12.4036907697	-0.0365813077
46.6538461538	12.4081917141	-0.0420947155	12.4029943306	-0.0358474750
46.6730769231	12.4074208915	-0.0413780330	12.4023120542	-0.0351084088
46.6923076923	12.4066635906	-0.0406554705	12.4016440401	-0.0343642167
46.7115384615	12.4059199222	-0.0399271640	12.4009903857	-0.0336150075
46.7307692308	12.4051899952	-0.0391932487	12.4003511866	-0.0328608906
46.7500000000	12.4044739168	-0.0384538592	12.3997265361	-0.0321019761
46.7692307692	12.4037717924	-0.0377091292	12.3991165253	-0.0313383747
46.7884615385	12.4030837255	-0.0369591917	12.3985212433	-0.0305701980
46.8076923077	12.4024098177	-0.0362041786	12.3979407770	-0.0297975581
46.8269230769	12.4017501691	-0.0354442209	12.3973752112	-0.0290205678
46.8461538462	12.4011048774	-0.0346794487	12.3968246285	-0.0282393405
46.8653846154	12.4004740390	-0.0339099908	12.3962891092	-0.0274539904
46.8846153846	12.3998577479	-0.0331359751	12.3957687315	-0.0266646320
46.9038461538	12.3992560964	-0.0323575281	12.3952635714	-0.0258713806
46.9230769231	12.3986691748	-0.0315747753	12.3947737026	-0.0250743520
46.9423076923	12.3980970714	-0.0307878407	12.3942991967	-0.0242736627
46.9615384615	12.3975398726	-0.0299968471	12.3938401229	-0.0234694294
46.9807692308	12.3969976625	-0.0292019162	12.3933965483	-0.0226617696
47.0000000000	12.3964705234	-0.0284031681	12.3929685376	-0.0218508012
47.0192307692	12.3959585354	-0.0276007217	12.3925561533	-0.0210366427
47.0384615385	12.3954617765	-0.0267946944	12.3921594556	-0.0202194128
47.0576923077	12.3949803225	-0.0259852025	12.3917785025	-0.0193992310
47.0769230769	12.3945142472	-0.0251723608	12.3914133495	-0.0185762169
47.0961538462	12.3940636220	-0.0243562827	12.3910640500	-0.0177504907
47.1153846154	12.3936285161	-0.0235370805	12.3907306550	-0.0169221729
47.1346153846	12.3932089967	-0.0227148649	12.3904132131	-0.0160913846
47.1538461538	12.3928051283	-0.0218897458	12.3901117706	-0.0152582469
47.1730769231	12.3924169734	-0.0210618314	12.3898263717	-0.0144228815
47.1923076923	12.3920445920	-0.0202312293	12.3895570579	-0.0135854105
47.2115384615	12.3916880420	-0.0193980455	12.3893038686	-0.0127459560
47.2307692308	12.3913473787	-0.0185623854	12.3890668408	-0.0119046406
47.2500000000	12.3910226550	-0.0177243533	12.3888460090	-0.0110615871
47.2692307692	12.3907139215	-0.0168840526	12.3886414055	-0.0102169187
47.2884615385	12.3904212263	-0.0160415860	12.3884530601	-0.0093707586
47.3076923077	12.3901446150	-0.0151970558	12.3882810004	-0.0085232304
47.3269230769	12.3898841308	-0.0143505633	12.3881252515	-0.0076744578
47.3461538462	12.3896398146	-0.0135022099	12.3879858362	-0.0068245648
47.3653846154	12.3894117043	-0.0126520964	12.3878627747	-0.0059736754
47.3846153846	12.3891998359	-0.0118003236	12.3877560850	-0.0051219138
47.4038461538	12.3890042425	-0.0109469922	12.3876657828	-0.0042694045
47.4230769231	12.3888249547	-0.0100922031	12.3875918811	-0.0034162718
47.4423076923	12.3886620007	-0.0092360577	12.3875343909	-0.0025626404
47.4615384615	12.3885154062	-0.0083786575	12.3874933204	-0.0017086348
47.4807692308	12.3883851941	-0.0075201048	12.3874686758	-0.0008543798
47.5000000000	12.3882713852	-0.0066605027	12.3874604605	-0.0000000000
47.5192307692	12.3881739973	-0.0057999551	12.3874686758	0.0008543798
47.5384615385	12.3880930459	-0.0049385673	12.3874933204	0.0017086348
47.5576923077	12.3880285441	-0.0040764454	12.3875343909	0.0025626404
47.5769230769	12.3879805021	-0.0032136974	12.3875918811	0.0034162718
47.5961538462	12.3879489279	-0.0023504325	12.3876657828	0.0042694045
47.6153846154	12.3879338268	-0.0014867618	12.3877560850	0.0051219138
47.6346153846	12.3879352016	-0.0006227982	12.3878627747	0.0059736754
47.6538461538	12.3879530528	0.0002413431	12.3879858362	0.0068245648
47.6730769231	12.3879873780	0.0011055452	12.3881252515	0.0076744578
47.6923076923	12.3880381727	0.0019696886	12.3882810004	0.0085232304
47.7115384615	12.3881054297	0.0028336514	12.3884530601	0.0093707586
47.7307692308	12.3881891394	0.0036973095	12.3886414055	0.0102169187
47.7500000000	12.3882892896	0.0045605359	12.3888460090	0.0110615871
47.7692307692	12.3884058658	0.0054232010	12.3890668408	0.0119046406
47.7884615385	12.3885388509	0.0062851725	12.3893038686	0.0127459560
47.8076923077	12.3886882256	0.0071463154	12.3895570579	0.0135854105
47.8269230769	12.3888539678	0.0080064917	12.3898263717	0.0144228815
47.8461538462	12.3890360534	0.0088655608	12.3901117706	0.0152582469
47.8653846154	12.3892344554	0.0097233788	12.3904132131	0.0160913846
47.8846153846	12.3894491448	0.0105797996	12.3907306550	0.0169221729
47.9038461538	12.3896800901	0.0114346738	12.3910640500	0.0177504907
47.9230769231	12.3899272572	0.0122878495	12.3914133495	0.0185762169
47.9423076923	12.3901906097	0.0131391721	12.3917785025	0.0193992310
47.9615384615	12.3904701090	0.0139884844	12.3921594556	0.0202194128
47.9807692308	12.3907657139	0.0148356266	12.3925561533	0.0210366427
48.0000000000	12.3910773810	0.0156804369	12.3929685376	0.0218508012
48.0192307692	12.3914050642	0.0165227509	12.3933965483	0.0226617696
48.0384615385	12.3917487155	0.0173624025	12.3938401229	0.0234694294
48.0576923077	12.3921082841	0.0181992235	12.3942991967	0.0242736627
48.0769230769	12.3924837172	0.0190330443	12.3947737026	0.0250743520
48.0961538462	12.3928749593	0.0198636935	12.3952635714	0.0258713806
48.1153846154	12.3932819529	0.0206909990	12.3957687315	0.0266646320
48.1346153846	12.3937046378	0.0215147872	12.3962891092	0.0274539904
48.1538461538	12.3941429516	0.0223348842	12.3968246285	0.0282393405
48.1730769231	12.3945968297	0.0231511156	12.3973752112	0.0290205678
48.1923076923	12.3950662048	0.0239633066	12.3979407770	0.0297975581
48.2115384615	12.3955510077	0.0247712828	12.3985212433	0.0305701980
48.2307692308	12.3960511665	0.0255748703	12.3991165253	0.0313383747
48.2500000000	12.3965666070	0.0263738957	12.3997265361	0.0321019761
48.2692307692	12.3970972529	0.0271681868	12.4003511866	0.0328608906
48.2884615385	12.3976430254	0.0279575728	12.4009903857	0.0336150075
48.3076923077	12.3982038433	0.0287418846	12.4016440401	0.0343642167
48.3269230769	12.3987796232	0.0295209550	12.4023120542	0.0351084088
48.3461538462	12.3993702795	0.0302946193	12.4029943306	0.0358474750
48.3653846154	12.3999757240	0.0310627152	12.4036907697	0.0365813077
48.3846153846	12.4005958664	0.0318250836	12.4044012697	0.0373097995
48.4038461538	12.4012306142	0.0325815686	12.4051257271	0.0380328441
48.4230769231	12.4018798724	0.0333320177	12.4058640358	0.0387503360
48.4423076923	12.4025435439	0.0340762823	12.4066160883	0.0394621704
48.4615384615	12.4032215293	0.0348142179	12.4073817747	0.0401682435
48.4807692308	12.4039137270	0.0355456843	12.4081609832	0.0408684520
48.5000000000	12.4046200331	0.0362705460	12.4089536000	0.0415626938
48.5192307692	12.4053403416	0.0369886722	12.4097595094	0.0422508675
48.5384615385	12.4060745442	0.0376999371	12.4105785938	0.0429328727
48.5576923077	12.4068225307	0.0384042201	12.4114107336	0.0436086097
48.5769230769	12.4075841885	0.0391014061	12.4122558072	0.0442779799
48.5961538462	12.4083594030	0.0397913854	12.4131136914	0.0449408857
48.6153846154	12.4091480575	0.0404740539	12.4139842608	0.0455972301
48.6346153846	12.4099500332	0.0411493134	12.4148673883	0.0462469175
48.6538461538	12.4107652095	0.0418170712	12.4157629451	0.0468898528
48.6730769231	12.4115934634	0.0424772408	12.4166708003	0.0475259424
48.6923076923	12.4124346703	0.0431297413	12.4175908215	0.0481550932
48.7115384615	12.4132887035	0.0437744980	12.4185228742	0.0487772134
48.7307692308	12.4141554343	0.0444114418	12.4194668225	0.0493922123
48.7500000000	12.4150347324	0.0450405095	12.4204225285	0.0500000000
48.7692307692	12.4159264653	0.0456616437	12.4213898526	0.0506004878
48.7884615385	12.4168304991	0.0462747925	12.4223686537	0.0511935880
48.8076923077	12.4177466977	0.0468799097	12.4233587888	0.0517792140
48.8269230769	12.4186749237	0.0474769545	12.4243601135	0.0523572803
48.8461538462	12.4196150377	0.0480658911	12.4253724814	0.0529277026
48.8653846154	12.4205668987	0.0486466890	12.4263957448	0.0534903975
48.8846153846	12.4215303641	0.0492193222	12.4274297543	0.0540452829
48.9038461538	12.4225052898	0.0497837697	12.4284743590	0.0545922778
48.9230769231	12.4234915300	0.0503400145	12.4295294062	0.0551313023
48.9423076923	12.4244889375	0.0508880440	12.4305947421	0.0556622777
48.9615384615	12.4254973636	0.0514278491	12.4316702110	0.0561851266
48.9807692308	12.4265166579	0.0519594246	12.4327556559	0.0566997725
49.0000000000	12.4275466691	0.0524827681	12.4338509184	0.0572061403
49.0192307692	12.4285872439	0.0529978806	12.4349558385	0.0577041561
49.0384615385	12.4296382283	0.0535047652	12.4360702550	0.0581937472
49.0576923077	12.4306994663	0.0540034279	12.4371940051	0.0586748422
49.0769230769	12.4317708012	0.0544938761	12.4383269248	0.0591473707
49.0961538462	12.4328520748	0.0549761190	12.4394688486	0.0596112638
49.1153846154	12.4339431275	0.0554501674	12.4406196099	0.0600664537
49.1346153846	12.4350437988	0.0559160327	12.4417790406	0.0605128741
49.1538461538	12.4361539267	0.0563737271	12.4429469715	0.0609504597
49.1730769231	12.4372733484	0.0568232632	12.4441232320	0.0613791466
49.1923076923	12.4384018997	0.0572646535	12.4453076505	0.0617988722
49.2115384615	12.4395394153	0.0576979104	12.4465000539	0.0622095754
49.2307692308	12.4406857290	0.0581230455	12.4477002682	0.0626111960
49.2500000000	12.4418406732	0.0585400697	12.4489081182	0.0630036755
49.2692307692	12.4430040795	0.0589489929	12.4501234275	0.0633869566
49.2884615385	12.4441757784	0.0593498234	12.4513460188	0.0637609833
49.3076923077	12.4453555994	0.0597425680	12.4525757134	0.0641257010
49.3269230769	12.4465433708	0.0601272319	12.4538123319	0.0644810565
49.3461538462	12.4477389200	0.0605038180	12.4550556937	0.0648269978
49.3653846154	12.4489420736	0.0608723273	12.4563056173	0.0651634745
49.3846153846	12.4501526570	0.0612327581	12.4575619202	0.0654904375
49.4038461538	12.4513704945	0.0615851067	12.4588244189	0.0658078389
49.4230769231	12.4525954098	0.0619293664	12.4600929293	0.0661156326
49.4423076923	12.4538272255	0.0622655281	12.4613672660	0.0664137734
49.4615384615	12.4550657630	0.0625935798	12.4626472430	0.0667022180
49.4807692308	12.4563108432	0.0629135069	12.4639326735	0.0669809241
49.5000000000	12.4575622858	0.0632252918	12.4652233697	0.0672498512
49.5192307692	12.4588199096	0.0635289142	12.4665191433	0.0675089599
49.5384615385	12.4600835327	0.0638243510	12.4678198050	0.0677582124
49.5576923077	12.4613529719	0.0641115763	12.4691251650	0.0679975723
49.5769230769	12.4626280436	0.0643905616	12.4704350326	0.0682270047
49.5961538462	12.4639085629	0.0646612756	12.4717492167	0.0684464760
49.6153846154	12.4651943444	0.0649236848	12.4730675253	0.0686559543
49.6346153846	12.4664852016	0.0651777530	12.4743897661	0.0688554090
49.6538461538	12.4677809472	0.0654234420	12.4757157459	0.0690448108
49.6730769231	12.4690813932	0.0656607113	12.4770452711	0.0692241323
49.6923076923	12.4703863507	0.0658895186	12.4783781477	0.0693933471
49.7115384615	12.4716956300	0.0661098197	12.4797141810	0.0695524306
49.7307692308	12.4730090407	0.0663215689	12.4810531761	0.0697013596
49.7500000000	12.4743263917	0.0665247193	12.4823949373	0.0698401123
49.7692307692	12.4756474910	0.0667192224	12.4837392689	0.0699686685
49.7884615385	12.4769721461	0.0669050292	12.4850859745	0.0700870094
49.8076923077	12.4783001636	0.0670820895	12.4864348575	0.0701951177
49.8269230769	12.4796313496	0.0672503531	12.4877857210	0.0702929776
49.8461538462	12.4809655097	0.0674097691	12.4891383678	0.0703805748
49.8653846154	12.4823024487	0.0675602866	12.4904926003	0.0704578967
49.8846153846	12.4836419709	0.0677018551	12.4918482209	0.0705249318
49.9038461538	12.4849838802	0.0678344241	12.4932050317	0.0705816703
49.9230769231	12.4863279798	0.0679579439	12.4945628345	0.0706281041
49.9423076923	12.4876740727	0.0680723657	12.4959214311	0.0706642263
49.9615384615	12.4890219612	0.0681776414	12.4972806232	0.0706900316
49.9807692308	12.4903714476	0.0682737244	12.4986402124	0.0707055163
50.0000000000	12.4917223336	0.0683605694	12.5000000000	0.0707106781
50.0192307692	12.4930744207	0.0684381325	12.5013597876	0.0707055163
50.0384615385	12.4944275102	0.0685063717	12.5027193768	0.0706900316
50.0576923077	12.4957814031	0.0685652469	12.5040785689	0.0706642263
50.0769230769	12.4971359003	0.0686147199	12.5054371655	0.0706281041
50.0961538462	12.4984908027	0.0686547547	12.5067949683	0.0705816703
50.1153846154	12.4998459110	0.0686853176	12.5081517791	0.0705249318
50.1346153846	12.5012010260	0.0687063774	12.5095073997	0.0704578967
50.1538461538	12.5025559485	0.0687179049	12.5108616322	0.0703805748
50.1730769231	12.5039104793	0.0687198740	12.5122142790	0.0702929776
50.1923076923	12.5052644196	0.0687122607	12.5135651425	0.0701951177
50.2115384615	12.5066175704	0.0686950440	12.5149140255	0.0700870094
50.2307692308	12.5079697333	0.0686682052	12.5162607311	0.0699686685
50.2500000000	12.5093207100	0.0686317285	12.5176050627	0.0698401123
50.2692307692	12.5106703025	0.0685856006	12.5189468239	0.0697013596
50.2884615385	12.5120183134	0.0685298110	12.5202858190	0.0695524306
50.3076923077	12.5133645453	0.0684643517	12.5216218523	0.0693933471
50.3269230769	12.5147088017	0.0683892174	12.5229547289	0.0692241323
50.3461538462	12.5160508864	0.0683044052	12.5242842541	0.0690448108
50.3653846154	12.5173906037	0.0682099147	12.5256102339	0.0688554090
50.3846153846	12.5187277586	0.0681057480	12.5269324747	0.0686559543
50.4038461538	12.5200621567	0.0679919094	12.5282507833	0.0684464760
50.4230769231	12.5213936043	0.0678684056	12.5295649674	0.0682270047
50.4423076923	12.5227219083	0.0677352454	12.5308748350	0.0679975723
50.4615384615	12.5240468763	0.0675924395	12.5321801950	0.0677582124
50.4807692308	12.5253683170	0.0674400009	12.5334808567	0.0675089599
50.5000000000	12.5266860394	0.0672779442	12.5347766303	0.0672498512
50.5192307692	12.5279998538	0.0671062858	12.5360673265	0.0669809241
50.5384615385	12.5293095711	0.0669250440	12.5373527570	0.0667022180
50.5576923077	12.5306150030	0.0667342383	12.5386327340	0.0664137734
50.5769230769	12.5319159624	0.0665338900	12.5399070707	0.0661156326
50.5961538462	12.5332122629	0.0663240215	12.5411755811	0.0658078389
50.6153846154	12.5345037190	0.0661046567	12.5424380798	0.0654904375
50.6346153846	12.5357901465	0.0658758205	12.5436943827	0.0651634745
50.6538461538	12.5370713618	0.0656375391	12.5449443063	0.0648269978
50.6730769231	12.5383471825	0.0653898395	12.5461876681	0.0644810565
50.6923076923	12.5396174271	0.0651327499	12.5474242866	0.0641257010
50.7115384615	12.5408819153	0.0648662991	12.5486539812	0.0637609833
50.7307692308	12.5421404677	0.0645905170	12.5498765725	0.0633869566
50.7500000000	12.5433929060	0.0643054341	12.5510918818	0.0630036755
50.7692307692	12.5446390528	0.0640110818	12.5522997318	0.0626111960
50.7884615385	12.5458787320	0.0637074922	12.5534999461	0.0622095754
50.8076923077	12.5471117685	0.0633946979	12.5546923495	0.0617988722
50.8269230769	12.5483379881	0.0630727325	12.5558767680	0.0613791466
50.8461538462	12.5495572179	0.0627416300	12.5570530285	0.0609504597
50.8653846154	12.5507692860	0.0624014254	12.5582209594	0.0605128741
50.8846153846	12.5519740216	0.0620521540	12.5593803901	0.0600664537
50.9038461538	12.5531712549	0.0616938523	12.5605311514	0.0596112638
50.9230769231	12.5543608174	0.0613265573	12.5616730752	0.0591473707
50.9423076923	12.5555425415	0.0609503069	12.5628059949	0.0586748422
50.9615384615	12.5567162608	0.0605651398	12.5639297450	0.0581937472
50.9807692308	12.5578818100	0.0601710956	12.5650441615	0.0577041561
51.0000000000	12.5590390249	0.0597682151	12.5661490816	0.0572061403
51.0192307692	12.5601877425	0.0593565400	12.5672443441	0.0566997725
51.0384615385	12.5613278008	0.0589361130	12.5683297890	0.0561851266
51.0576923077	12.5624590390	0.0585069783	12.5694052579	0.0556622777
51.0769230769	12.5635812976	0.0580691811	12.5704705938	0.0551313023
51.0961538462	12.5646944179	0.0576227682	12.5715256410	0.0545922778
51.1153846154	12.5657982426	0.0571677878	12.5725702457	0.0540452829
51.1346153846	12.5668926156	0.0567042896	12.5736042552	0.0534903975
51.1538461538	12.5679773818	0.0562323249	12.5746275186	0.0529277026
51.1730769231	12.5690523874	0.0557519467	12.5756398865	0.0523572803
51.1923076923	12.5701174799	0.0552632101	12.5766412112	0.0517792140
51.2115384615	12.5711725079	0.0547661716	12.5776313463	0.0511935880
51.2307692308	12.5722173212	0.0542608901	12.5786101474	0.0506004878
51.2500000000	12.5732517710	0.0537474263	12.5795774715	0.0500000000
51.2692307692	12.5742757097	0.0532258430	12.5805331775	0.0493922123
51.2884615385	12.5752889909	0.0526962054	12.5814771258	0.0487772134
51.3076923077	12.5762914697	0.0521585805	12.5824091785	0.0481550932
51.3269230769	12.5772830023	0.0516130380	12.5833291997	0.0475259424
51.3461538462	12.5782634466	0.0510596497	12.5842370549	0.0468898528
51.3653846154	12.5792326616	0.0504984899	12.5851326117	0.0462469175
51.3846153846	12.5801905077	0.0499296350	12.5860157392	0.0455972301
51.4038461538	12.5811368470	0.0493531642	12.5868863086	0.0449408857
51.4230769231	12.5820715428	0.0487691587	12.5877441928	0.0442779799
51.4423076923	12.5829944600	0.0481777025	12.5885892664	0.0436086097
51.4615384615	12.5839054651	0.0475788816	12.5894214062	0.0429328727
51.4807692308	12.5848044259	0.0469727846	12.5902404906	0.0422508675
51.5000000000	12.5856912122	0.0463595026	12.5910464000	0.0415626938
51.5192307692	12.5865656949	0.0457391286	12.5918390168	0.0408684520
51.5384615385	12.5874277470	0.0451117582	12.5926182253	0.0401682435
51.5576923077	12.5882772429	0.0444774890	12.5933839117	0.0394621704
51.5769230769	12.5891140588	0.0438364209	12.5941359642	0.0387503360
51.5961538462	12.5899380727	0.0431886557	12.5948742729	0.0380328441
51.6153846154	12.5907491642	0.0425342973	12.5955987303	0.0373097995
51.6346153846	12.5915472149	0.0418734513	12.5963092303	0.0365813077
51.6538461538	12.5923321082	0.0412062253	12.5970056694	0.0358474750
51.6730769231	12.5931037291	0.0405327284	12.5976879458	0.0351084088
51.6923076923	12.5938619650	0.0398530714	12.5983559599	0.0343642167
51.7115384615	12.5946067048	0.0391673663	12.5990096143	0.0336150075
51.7307692308	12.5953378395	0.0384757267	12.5996488134	0.0328608906
51.7500000000	12.5960552621	0.0377782673	12.6002734639	0.0321019761
51.7692307692	12.5967588677	0.0370751037	12.6008834747	0.0313383747
51.7884615385	12.5974485534	0.0363663525	12.6014787567	0.0305701980
51.8076923077	12.5981242182	0.0356521313	12.6020592230	0.0297975581
51.8269230769	12.5987857634	0.0349325579	12.6026247888	0.0290205678
51.8461538462	12.5994330924	0.0342077510	12.6031753715	0.0282393405
51.8653846154	12.6000661108	0.0334778294	12.6037108908	0.0274539904
51.8846153846	12.6006847261	0.0327429123	12.6042312685	0.0266646320
51.9038461538	12.6012888482	0.0320031190	12.6047364286	0.0258713806
51.9230769231	12.6018783894	0.0312585685	12.6052262974	0.0250743520
51.9423076923	12.6024532638	0.0305093799	12.6057008033	0.0242736627
51.9615384615	12.6030133880	0.0297556719	12.6061598771	0.0234694294
51.9807692308	12.6035586809	0.0289975628	12.6066034517	0.0226617696
52.0000000000	12.6040890636	0.0282351702	12.6070314624	0.0218508012
52.0192307692	12.6046044595	0.0274686115	12.6074438467	0.0210366427
52.0384615385	12.6051047943	0.0266980028	12.6078405444	0.0202194128
52.0576923077	12.6055899959	0.0259234597	12.6082214975	0.0193992310
52.0769230769	12.6060599948	0.0251450969	12.6085866505	0.0185762169
52.0961538462	12.6065147235	0.0243630279	12.6089359500	0.0177504907
52.1153846154	12.6069541170	0.0235773654	12.6092693450	0.0169221729
52.1346153846	12.6073781126	0.0227882208	12.6095867869	0.0160913846
52.1538461538	12.6077866501	0.0219957043	12.6098882294	0.0152582469
52.1730769231	12.6081796713	0.0211999252	12.6101736283	0.0144228815
52.1923076923	12.6085571207	0.0204009912	12.6104429421	0.0135854105
52.2115384615	12.6089189448	0.0195990092	12.6106961314	0.0127459560
52.2307692308	12.6092650926	0.0187940845	12.6109331592	0.0119046406
52.2500000000	12.6095955155	0.0179863213	12.6111539910	0.0110615871
52.2692307692	12.6099101672	0.0171758228	12.6113585945	0.0102169187
52.2884615385	12.6102090035	0.0163626909	12.6115469399	0.0093707586
52.3076923077	12.6104919828	0.0155470264	12.6117189996	0.0085232304
52.3269230769	12.6107590656	0.0147289291	12.6118747485	0.0076744578
52.3461538462	12.6110102149	0.0139084978	12.6120141638	0.0068245648
52.3653846154	12.6112453958	0.0130858304	12.6121372253	0.0059736754
52.3846153846	12.6114645756	0.0122610241	12.6122439150	0.0051219138
52.4038461538	12.6116677243	0.0114341754	12.6123342172	0.0042694045
52.4230769231	12.6118548137	0.0106053801	12.6124081189	0.0034162718
52.4423076923	12.6120258181	0.0097747337	12.6124656091	0.0025626404
52.4615384615	12.6121807138	0.0089423314	12.6125066796	0.0017086348
52.4807692308	12.6123194797	0.0081082681	12.6125313242	0.0008543798
52.5000000000	12.6124420967	0.0072726387	12.6125395395	-0.0000000000
52.5192307692	12.6125485478	0.0064355384	12.6125313242	-0.0008543798
52.5384615385	12.6126388184	0.0055970625	12.6125066796	-0.0017086348
52.5576923077	12.6127128960	0.0047573068	12.6124656091	-0.0025626404
52.5769230769	12.6127707703	0.0039163678	12.6124081189	-0.0034162718
52.5961538462	12.6128124332	0.0030743428	12.6123342172	-0.0042694045
52.6153846154	12.6128378788	0.0022313300	12.6122439150	-0.0051219138
52.6346153846	12.6128471031	0.0013874288	12.6121372253	-0.0059736754
52.6538461538	12.6128401047	0.0005427399	12.6120141638	-0.0068245648
52.6730769231	12.6128168840	-0.0003026343	12.6118747485	-0.0076744578
52.6923076923	12.6127774436	-0.0011485901	12.6117189996	-0.0085232304
52.7115384615	12.6127217884	-0.0019950217	12.6115469399	-0.0093707586
52.7307692308	12.6126499253	-0.0028418212	12.6113585945	-0.0102169187
52.7500000000	12.6125618635	-0.0036888788	12.6111539910	-0.0110615871
52.7692307692	12.6124576140	-0.0045360822	12.6109331592	-0.0119046406
52.7884615385	12.6123371904	-0.0053833168	12.6106961314	-0.0127459560
52.8076923077	12.6122006082	-0.0062304652	12.6104429421	-0.0135854105
52.8269230769	12.6120478849	-0.0070774075	12.6101736283	-0.0144228815
52.8461538462	12.6118790406	-0.0079240210	12.6098882294	-0.0152582469
52.8653846154	12.6116940971	-0.0087701798	12.6095867869	-0.0160913846
52.8846153846	12.6114930786	-0.0096157554	12.6092693450	-0.0169221729
52.9038461538	12.6112760116	-0.0104606160	12.6089359500	-0.0177504907
52.9230769231	12.6110429245	-0.0113046269	12.6085866505	-0.0185762169
52.9423076923	12.6107938480	-0.0121476501	12.6082214975	-0.0193992310
52.9615384615	12.6105288152	-0.0129895446	12.6078405444	-0.0202194128
52.9807692308	12.6102478613	-0.0138301662	12.6074438467	-0.0210366427
53.0000000000	12.6099510235	-0.0146693676	12.6070314624	-0.0218508012
53.0192307692	12.6096383416	-0.0155069984	12.6066034517	-0.0226617696
53.0384615385	12.6093098575	-0.0163429054	12.6061598771	-0.0234694294
53.0576923077	12.6089656154	-0.0171769323	12.6057008033	-0.0242736627
53.0769230769	12.6086056618	-0.0180089201	12.6052262974	-0.0250743520
53.0961538462	12.6082300455	-0.0188387071	12.6047364286	-0.0258713806
53.1153846154	12.6078388176	-0.0196661292	12.6042312685	-0.0266646320
53.1346153846	12.6074320314	-0.0204910197	12.6037108908	-0.0274539904
53.1538461538	12.6070097428	-0.0213132100	12.6031753715	-0.0282393405
53.1730769231	12.6065720100	-0.0221325294	12.6026247888	-0.0290205678
53.1923076923	12.6061188933	-0.0229488056	12.6020592230	-0.0297975581
53.2115384615	12.6056504558	-0.0237618647	12.6014787567	-0.0305701980
53.2307692308	12.6051667626	-0.0245715317	12.6008834747	-0.0313383747
53.2500000000	12.6046678814	-0.0253776307	12.6002734639	-0.0321019761
53.2692307692	12.6041538822	-0.0261799849	12.5996488134	-0.0328608906
53.2884615385	12.6036248376	-0.0269784175	12.5990096143	-0.0336150075
53.3076923077	12.6030808224	-0.0277727516	12.5983559599	-0.0343642167
53.3269230769	12.6025219139	-0.0285628106	12.5976879458	-0.0351084088
53.3461538462	12.6019481917	-0.0293484186	12.5970056694	-0.0358474750
53.3653846154	12.6013597381	-0.0301294006	12.5963092303	-0.0365813077
53.3846153846	12.6007566375	-0.0309055832	12.5955987303	-0.0373097995
53.4038461538	12.6001389768	-0.0316767947	12.5948742729	-0.0380328441
53.4230769231	12.5995068454	-0.0324428652	12.5941359642	-0.0387503360
53.4423076923	12.5988603349	-0.0332036278	12.5933839117	-0.0394621704
53.4615384615	12.5981995393	-0.0339589179	12.5926182253	-0.0401682435
53.4807692308	12.5975245552	-0.0347085744	12.5918390168	-0.0408684520
53.5000000000	12.5968354813	-0.0354524396	12.5910464000	-0.0415626938
53.5192307692	12.5961324185	-0.0361903598	12.5902404906	-0.0422508675
53.5384615385	12.5954154703	-0.0369221852	12.5894214062	-0.0429328727
53.5576923077	12.5946847422	-0.0376477710	12.5885892664	-0.0436086097
53.5769230769	12.5939403421	-0.0383669766	12.5877441928	-0.0442779799
53.5961538462	12.5931823801	-0.0390796671	12.5868863086	-0.0449408857
53.6153846154	12.5924109682	-0.0397857126	12.5860157392	-0.0455972301
53.6346153846	12.5916262210	-0.0404849889	12.5851326117	-0.0462469175
53.6538461538	12.5908282549	-0.0411773776	12.5842370549	-0.0468898528
53.6730769231	12.5900171884	-0.0418627664	12.5833291997	-0.0475259424
53.6923076923	12.5891931419	-0.0425410492	12.5824091785	-0.0481550932
53.7115384615	12.5883562382	-0.0432121263	12.5814771258	-0.0487772134
53.7307692308	12.5875066015	-0.0438759044	12.5805331775	-0.0493922123
53.7500000000	12.5866443584	-0.0445322967	12.5795774715	-0.0500000000
53.7692307692	12.5857696369	-0.0451812231	12.5786101474	-0.0506004878
53.7884615385	12.5848825670	-0.0458226103	12.5776313463	-0.0511935880
53.8076923077	12.5839832806	-0.0464563913	12.5766412112	-0.0517792140
53.8269230769	12.5830719111	-0.0470825061	12.5756398865	-0.0523572803
53.8461538462	12.5821485937	-0.0477009010	12.5746275186	-0.0529277026
53.8653846154	12.5812134649	-0.0483115288	12.5736042552	-0.0534903975
53.8846153846	12.5802666633	-0.0489143487	12.5725702457	-0.0540452829
53.9038461538	12.5793083285	-0.0495093260	12.5715256410	-0.0545922778
53.9230769231	12.5783386018	-0.0500964320	12.5704705938	-0.0551313023
53.9423076923	12.5773576261	-0.0506756437	12.5694052579	-0.0556622777
53.9615384615	12.5763655453	-0.0512469438	12.5683297890	-0.0561851266
53.9807692308	12.5753625049	-0.0518103200	12.5672443441	-0.0566997725
54.0000000000	12.5743486516	-0.0523657651	12.5661490816	-0.0572061403
54.0192307692	12.5733241335	-0.0529132763	12.5650441615	-0.0577041561
54.0384615385	12.5722890997	-0.0534528555	12.5639297450	-0.0581937472
54.0576923077	12.5712437006	-0.0539845081	12.5628059949	-0.0586748422
54.0769230769	12.5701880878	-0.0545082432	12.5616730752	-0.0591473707
54.0961538462	12.5691224138	-0.0550240730	12.5605311514	-0.0596112638
54.1153846154	12.5680468325	-0.0555320125	12.5593803901	-0.0600664537
54.1346153846	12.5669614987	-0.0560320789	12.5582209594	-0.0605128741
54.1538461538	12.5658665682	-0.0565242914	12.5570530285	-0.0609504597
54.1730769231	12.5647621978	-0.0570086705	12.5558767680	-0.0613791466
54.1923076923	12.5636485454	-0.0574852377	12.5546923495	-0.0617988722
54.2115384615	12.5625257699	-0.0579540154	12.5534999461	-0.0622095754
54.2307692308	12.5613940309	-0.0584150256	12.5522997318	-0.0626111960
54.2500000000	12.5602534892	-0.0588682906	12.5510918818	-0.0630036755
54.2692307692	12.5591043066	-0.0593138314	12.5498765725	-0.0633869566
54.2884615385	12.5579466456	-0.0597516684	12.5486539812	-0.0637609833
54.3076923077	12.5567806698	-0.0601818202	12.5474242866	-0.0641257010
54.3269230769	12.5556065435	-0.0606043036	12.5461876681	-0.0644810565
54.3461538462	12.5544244323	-0.0610191330	12.5449443063	-0.0648269978
54.3653846154	12.5532345024	-0.0614263204	12.5436943827	-0.0651634745
54.3846153846	12.5520369210	-0.0618258748	12.5424380798	-0.0654904375
54.4038461538	12.5508318563	-0.0622178020	12.5411755811	-0.0658078389
54.4230769231	12.5496194775	-0.0626021042	12.5399070707	-0.0661156326
54.4423076923	12.5483999545	-0.0629787800	12.5386327340	-0.0664137734
54.4615384615	12.5471734584	-0.0633478240	12.5373527570	-0.0667022180
54.4807692308	12.5459401610	-0.0637092266	12.5360673265	-0.0669809241
54.5000000000	12.5447002354	-0.0640629740	12.5347766303	-0.0672498512
54.5192307692	12.5434538554	-0.0644090478	12.5334808567	-0.0675089599
54.5384615385	12.5422011959	-0.0647474254	12.5321801950	-0.0677582124
54.5576923077	12.5409424327	-0.0650780792	12.5308748350	-0.0679975723
54.5769230769	12.5396777427	-0.0654009774	12.5295649674	-0.0682270047
54.5961538462	12.5384073037	-0.0657160834	12.5282507833	-0.0684464760
54.6153846154	12.5371312946	-0.0660233558	12.5269324747	-0.0686559543
54.6346153846	12.5358498954	-0.0663227490	12.5256102339	-0.0688554090
54.6538461538	12.5345632868	-0.0666142129	12.5242842541	-0.0690448108
54.6730769231	12.5332716508	-0.0668976930	12.5229547289	-0.0692241323
54.6923076923	12.5319751702	-0.0671731306	12.5216218523	-0.0693933471
54.7115384615	12.5306740291	-0.0674404631	12.5202858190	-0.0695524306
54.7307692308	12.5293684124	-0.0676996241	12.5189468239	-0.0697013596
54.7500000000	12.5280585059	-0.0679505434	12.5176050627	-0.0698401123
54.7692307692	12.5267444967	-0.0681931478	12.5162607311	-0.0699686685
54.7884615385	12.5254265726	-0.0684273606	12.5149140255	-0.0700870094
54.8076923077	12.5241049225	-0.0686531026	12.5135651425	-0.0701951177
54.8269230769	12.5227797361	-0.0688702920	12.5122142790	-0.0702929776
54.8461538462	12.5214512042	-0.0690788445	12.5108616322	-0.0703805748
54.8653846154	12.5201195183	-0.0692786741	12.5095073997	-0.0704578967
54.8846153846	12.5187848711	-0.0694696931	12.5081517791	-0.0705249318
54.9038461538	12.5174474558	-0.0696518125	12.5067949683	-0.0705816703
54.9230769231	12.5161074665	-0.0698249423	12.5054371655	-0.0706281041
54.9423076923	12.5147650982	-0.0699889916	12.5040785689	-0.0706642263
54.9615384615	12.5134205465	-0.0701438695	12.5027193768	-0.0706900316
54.9807692308	12.5120740077	-0.0702894848	12.5013597876	-0.0707055163
55.0000000000	12.5107256789	-0.0704257466	12.5000000000	-0.0707106781
55.0192307692	12.5093757576	-0.0705525645	12.4986402124	-0.0707055163
55.0384615385	12.5080244420	-0.0706698490	12.4972806232	-0.0706900316
55.0576923077	12.5066719308	-0.0707775116	12.4959214311	-0.0706642263
55.0769230769	12.5053184232	-0.0708754653	12.4945628345	-0.0706281041
55.0961538462	12.5039641187	-0.0709636245	12.4932050317	-0.0705816703
55.1153846154	12.5026092172	-0.0710419055	12.4918482209	-0.0705249318
55.1346153846	12.5012539191	-0.0711102268	12.4904926003	-0.0704578967
55.1538461538	12.4998984246	-0.0711685090	12.4891383678	-0.0703805748
55.1730769231	12.4985429347	-0.0712166749	12.4877857210	-0.0702929776
55.1923076923	12.4971876499	-0.0712546502	12.4864348575	-0.0701951177
55.2115384615	12.4958327713	-0.0712823632	12.4850859745	-0.0700870094
55.2307692308	12.4944784997	-0.0712997448	12.4837392689	-0.0699686685
55.2500000000	12.4931250361	-0.0713067292	12.4823949373	-0.0698401123
55.2692307692	12.4917725813	-0.0713032532	12.4810531761	-0.0697013596
55.2884615385	12.4904213359	-0.0712892569	12.4797141810	-0.0695524306
55.3076923077	12.4890715003	-0.0712646834	12.4783781477	-0.0693933471
55.3269230769	12.4877232749	-0.0712294791	12.4770452711	-0.0692241323
55.3461538462	12.4863768595	-0.0711835933	12.4757157459	-0.0690448108
55.3653846154	12.4850324537	-0.0711269787	12.4743897661	-0.0688554090
55.3846153846	12.4836902566	-0.0710595910	12.4730675253	-0.0686559543
55.4038461538	12.4823504670	-0.0709813890	12.4717492167	-0.0684464760
55.4230769231	12.4810132832	-0.0708923347	12.4704350326	-0.0682270047
55.4423076923	12.4796789027	-0.0707923931	12.4691251650	-0.0679975723
55.4615384615	12.4783475228	-0.0706815322	12.4678198050	-0.0677582124
55.4807692308	12.4770193398	-0.0705597232	12.4665191433	-0.0675089599
55.5000000000	12.4756945497	-0.0704269398	12.4652233697	-0.0672498512
55.5192307692	12.4743733476	-0.0702831590	12.4639326735	-0.0669809241
55.5384615385	12.4730559280	-0.0701283602	12.4626472430	-0.0667022180
55.5576923077	12.4717424844	-0.0699625260	12.4613672660	-0.0664137734
55.5769230769	12.4704332099	-0.0697856414	12.4600929293	-0.0661156326
55.5961538462	12.4691282964	-0.0695976943	12.4588244189	-0.0658078389
55.6153846154	12.4678279353	-0.0693986752	12.4575619202	-0.0654904375
55.6346153846	12.4665323169	-0.0691885773	12.4563056173	-0.0651634745
55.6538461538	12.4652416307	-0.0689673963	12.4550556937	-0.0648269978
55.6730769231	12.4639560654	-0.0687351306	12.4538123319	-0.0644810565
55.6923076923	12.4626758086	-0.0684917814	12.4525757134	-0.0641257010
55.7115384615	12.4614010471	-0.0682373523	12.4513460188	-0.0637609833
55.7307692308	12.4601319667	-0.0679718498	12.4501234275	-0.0633869566
55.7500000000	12.4588687523	-0.0676952830	12.4489081182	-0.0630036755
55.7692307692	12.4576115877	-0.0674076640	12.4477002682	-0.0626111960
55.7884615385	12.4563606559	-0.0671090077	12.4465000539	-0.0622095754
55.8076923077	12.4551161387	-0.0667993317	12.4453076505	-0.0617988722
55.8269230769	12.4538782169	-0.0664786570	12.4441232320	-0.0613791466
55.8461538462	12.4526470705	-0.0661470077	12.4429469715	-0.0609504597
55.8653846154	12.4514228783	-0.0658044110	12.4417790406	-0.0605128741
55.8846153846	12.4502058180	-0.0654508977	12.4406196099	-0.0600664537
55.9038461538	12.4489960663	-0.0650865019	12.4394688486	-0.0596112638
55.9230769231	12.4477937988	-0.0647112616	12.4383269248	-0.0591473707
55.9423076923	12.4465991901	-0.0643252185	12.4371940051	-0.0586748422
55.9615384615	12.4454124138	-0.0639284183	12.4360702550	-0.0581937472
55.9807692308	12.4442336420	-0.0635209106	12.4349558385	-0.0577041561
56.0000000000	12.4430630461	-0.0631027496	12.4338509184	-0.0572061403
56.0192307692	12.4419007960	-0.0626739936	12.4327556559	-0.0566997725
56.0384615385	12.4407470608	-0.0622347055	12.4316702110	-0.0561851266
56.0576923077	12.4396020082	-0.0617849529	12.4305947421	-0.0556622777
56.0769230769	12.4384658047	-0.0613248081	12.4295294062	-0.0551313023
56.0961538462	12.4373386156	-0.0608543485	12.4284743590	-0.0545922778
56.1153846154	12.4362206051	-0.0603736561	12.4274297543	-0.0540452829
56.1346153846	12.4351119359	-0.0598828183	12.4263957448	-0.0534903975
56.1538461538	12.4340127696	-0.0593819274	12.4253724814	-0.0529277026
56.1730769231	12.4329232665	-0.0588710812	12.4243601135	-0.0523572803
56.1923076923	12.4318435853	-0.0583503823	12.4233587888	-0.0517792140
56.2115384615	12.4307738837	-0.0578199387	12.4223686537	-0.0511935880
56.2307692308	12.4297143178	-0.0572798637	12.4213898526	-0.0506004878
56.2500000000	12.4286650422	-0.0567302756	12.4204225285	-0.0500000000
56.2692307692	12.4276262103	-0.0561712979	12.4194668225	-0.0493922123
56.2884615385	12.4265979737	-0.0556030588	12.4185228742	-0.0487772134
56.3076923077	12.4255804828	-0.0550256918	12.4175908215	-0.0481550932
56.3269230769	12.4245738862	-0.0544393348	12.4166708003	-0.0475259424
56.3461538462	12.4235783310	-0.0538441304	12.4157629451	-0.0468898528
56.3653846154	12.4225939629	-0.0532402255	12.4148673883	-0.0462469175
56.3846153846	12.4216209255	-0.0526277711	12.4139842608	-0.0455972301
56.4038461538	12.4206593612	-0.0520069221	12.4131136914	-0.0449408857
56.4230769231	12.4197094105	-0.0513778371	12.4122558072	-0.0442779799
56.4423076923	12.4187712120	-0.0507406779	12.4114107336	-0.0436086097
56.4615384615	12.4178449028	-0.0500956093	12.4105785938	-0.0429328727
56.4807692308	12.4169306181	-0.0494427988	12.4097595094	-0.0422508675
56.5000000000	12.4160284912	-0.0487824161	12.4089536000	-0.0415626938
56.5192307692	12.4151386538	-0.0481146329	12.4081609832	-0.0408684520
56.5384615385	12.4142612354	-0.0474396223	12.4073817747	-0.0401682435
56.5576923077	12.4133963639	-0.0467575589	12.4066160883	-0.0394621704
56.5769230769	12.4125441651	-0.0460686176	12.4058640358	-0.0387503360
56.5961538462	12.4117047629	-0.0453729739	12.4051257271	-0.0380328441
56.6153846154	12.4108782794	-0.0446708031	12.4044012697	-0.0373097995
56.6346153846	12.4100648344	-0.0439622801	12.4036907697	-0.0365813077
56.6538461538	12.4092645461	-0.0432475787	12.4029943306	-0.0358474750
56.6730769231	12.4084775304	-0.0425268716	12.4023120542	-0.0351084088
56.6923076923	12.4077039014	-0.0418003297	12.4016440401	-0.0343642167
56.7115384615	12.4069437710	-0.0410681220	12.4009903857	-0.0336150075
56.7307692308	12.4061972493	-0.0403304147	12.4003511866	-0.0328608906
56.7500000000	12.4054644441	-0.0395873715	12.3997265361	-0.0321019761
56.7692307692	12.4047454614	-0.0388391529	12.3991165253	-0.0313383747
56.7884615385	12.4040404050	-0.0380859161	12.3985212433	-0.0305701980
56.8076923077	12.4033493767	-0.0373278145	12.3979407770	-0.0297975581
56.8269230769	12.4026724764	-0.0365649975	12.3973752112	-0.0290205678
56.8461538462	12.4020098017	-0.0357976106	12.3968246285	-0.0282393405
56.8653846154	12.4013614484	-0.0350257947	12.3962891092	-0.0274539904
56.8846153846	12.4007275102	-0.0342496865	12.3957687315	-0.0266646320
56.9038461538	12.4001080788	-0.0334694181	12.3952635714	-0.0258713806
56.9230769231	12.3995032436	-0.0326851167	12.3947737026	-0.0250743520
56.9423076923	12.3989130925	-0.0318969051	12.3942991967	-0.0242736627
56.9615384615	12.3983377110	-0.0311049014	12.3938401229	-0.0234694294
56.9807692308	12.3977771826	-0.0303092189	12.3933965483	-0.0226617696
57.0000000000	12.3972315890	-0.0295099664	12.3929685376	-0.0218508012
57.0192307692	12.3967010098	-0.0287072485	12.3925561533	-0.0210366427
57.0384615385	12.3961855227	-0.0279011654	12.3921594556	-0.0202194128
57.0576923077	12.3956852031	-0.0270918130	12.3917785025	-0.0193992310
57.0769230769	12.3952001249	-0.0262792836	12.3914133495	-0.0185762169
57.0961538462	12.3947303595	-0.0254636659	12.3910640500	-0.0177504907
57.1153846154	12.3942759768	-0.0246450453	12.3907306550	-0.0169221729
57.1346153846	12.3938370445	-0.0238235041	12.3904132131	-0.0160913846
57.1538461538	12.3934136281	-0.0229991220	12.3901117706	-0.0152582469
57.1730769231	12.3930057915	-0.0221719767	12.3898263717	-0.0144228815
57.1923076923	12.3926135964	-0.0213421437	12.3895570579	-0.0135854105
57.2115384615	12.3922371025	-0.0205096973	12.3893038686	-0.0127459560
57.2307692308	12.3918763676	-0.0196747105	12.3890668408	-0.0119046406
57.2500000000	12.3915314472	-0.0188372559	12.3888460090	-0.0110615871
57.2692307692	12.3912023952	-0.0179974060	12.3886414055	-0.0102169187
57.2884615385	12.3908892630	-0.0171552335	12.3884530601	-0.0093707586
57.3076923077	12.3905921003	-0.0163108118	12.3882810004	-0.0085232304
57.3269230769	12.3903109545	-0.0154642155	12.3881252515	-0.0076744578
57.3461538462	12.3900458709	-0.0146155209	12.3879858362	-0.0068245648
57.3653846154	12.3897968928	-0.0137648063	12.3878627747	-0.0059736754
57.3846153846	12.3895640612	-0.0129121524	12.3877560850	-0.0051219138
57.4038461538	12.3893474149	-0.0120576428	12.3876657828	-0.0042694045
57.4230769231	12.3891469908	-0.0112013642	12.3875918811	-0.0034162718
57.4423076923	12.3889628231	-0.0103434072	12.3875343909	-0.0025626404
57.4615384615	12.3887949441	-0.0094838659	12.3874933204	-0.0017086348
57.4807692308	12.3886433836	-0.0086228389	12.3874686758	-0.0008543798
57.5000000000	12.3885081692	-0.0077604289	12.3874604605	-0.0000000000
57.5192307692	12.3883893261	-0.0068967435	12.3874686758	0.0008543798
57.5384615385	12.3882868770	-0.0060318951	12.3874933204	0.0017086348
57.5576923077	12.3882008423	-0.0051660012	12.3875343909	0.0025626404
57.5769230769	12.3881312398	-0.0042991842	12.3875918811	0.0034162718
57.5961538462	12.3880780851	-0.0034315718	12.3876657828	0.0042694045
57.6153846154	12.3880413910	-0.0025632971	12.3877560850	0.0051219138
57.6346153846	12.3880211679	-0.0016944981	12.3878627747	0.0059736754
57.6538461538	12.3880174234	-0.0008253181	12.3879858362	0.0068245648
57.6730769231	12.3880301628	0.0000440944	12.3881252515	0.0076744578
57.6923076923	12.3880593885	0.0009135862	12.3882810004	0.0085232304
57.7115384615	12.3881051004	0.0017829990	12.3884530601	0.0093707586
57.7307692308	12.3881672957	0.0026521704	12.3886414055	0.0102169187
57.7500000000	12.3882459687	0.0035209332	12.3888460090	0.0110615871
57.7692307692	12.3883411112	0.0043891165	12.3890668408	0.0119046406
57.7884615385	12.3884527123	0.0052565454	12.3893038686	0.0127459560
57.8076923077	12.3885807580	0.0061230417	12.3895570579	0.0135854105
57.8269230769	12.3887252319	0.0069884243	12.3898263717	0.0144228815
57.8461538462	12.3888861147	0.0078525092	12.3901117706	0.0152582469
57.8653846154	12.3890633842	0.0087151102	12.3904132131	0.0160913846
57.8846153846	12.3892570155	0.0095760396	12.3907306550	0.0169221729
57.9038461538	12.3894669809	0.0104351078	12.3910640500	0.0177504907
57.9230769231	12.3896932501	0.0112921247	12.3914133495	0.0185762169
57.9423076923	12.3899357896	0.0121468994	12.3917785025	0.0193992310
57.9615384615	12.3901945635	0.0129992413	12.3921594556	0.0202194128
57.9807692308	12.3904695331	0.0138489601	12.3925561533	0.0210366427
58.0000000000	12.3907606567	0.0146958664	12.3929685376	0.0218508012
58.0192307692	12.3910678902	0.0155397721	12.3933965483	0.0226617696
58.0384615385	12.3913911866	0.0163804911	12.3938401229	0.0234694294
58.0576923077	12.3917304962	0.0172178393	12.3942991967	0.0242736627
58.0769230769	12.3920857667	0.0180516355	12.3947737026	0.0250743520
58.0961538462	12.3924569432	0.0188817014	12.3952635714	0.0258713806
58.1153846154	12.3928439681	0.0197078621	12.3957687315	0.0266646320
58.1346153846	12.3932467814	0.0205299466	12.3962891092	0.0274539904
58.1538461538	12.3936653203	0.0213477879	12.3968246285	0.0282393405
58.1730769231	12.3940995197	0.0221612233	12.3973752112	0.0290205678
58.1923076923	12.3945493120	0.0229700951	12.3979407770	0.0297975581
58.2115384615	12.3950146270	0.0237742500	12.3985212433	0.0305701980
58.2307692308	12.3954953922	0.0245735401	12.3991165253	0.0313383747
58.2500000000	12.3959915329	0.0253678229	12.3997265361	0.0321019761
58.2692307692	12.3965029719	0.0261569608	12.4003511866	0.0328608906
58.2884615385	12.3970296297	0.0269408222	12.4009903857	0.0336150075
58.3076923077	12.3975714246	0.0277192808	12.4016440401	0.0343642167
58.3269230769	12.3981282727	0.0284922158	12.4023120542	0.0351084088
58.3461538462	12.3987000880	0.0292595123	12.4029943306	0.0358474750
58.3653846154	12.3992867821	0.0300210606	12.4036907697	0.0365813077
58.3846153846	12.3998882649	0.0307767566	12.4044012697	0.0373097995
58.4038461538	12.4005044439	0.0315265017	12.4051257271	0.0380328441
58.4230769231	12.4011352247	0.0322702025	12.4058640358	0.0387503360
58.4423076923	12.4017805110	0.0330077704	12.4066160883	0.0394621704
58.4615384615	12.4024402044	0.0337391223	12.4073817747	0.0401682435
58.4807692308	12.4031142046	0.0344641792	12.4081609832	0.0408684520
58.5000000000	12.4038024093	0.0351828670	12.4089536000	0.0415626938
58.5192307692	12.4045047147	0.0358951158	12.4097595094	0.0422508675
58.5384615385	12.4052210146	0.0366008595	12.4105785938	0.0429328727
58.5576923077	12.4059512014	0.0373000359	12.4114107336	0.0436086097
58.5769230769	12.4066951655	0.0379925863	12.4122558072	0.0442779799
58.5961538462	12.4074527955	0.0386784551	12.4131136914	0.0449408857
58.6153846154	12.4082239784	0.0393575894	12.4139842608	0.0455972301
58.6346153846	12.4090085993	0.0400299392	12.4148673883	0.0462469175
58.6538461538	12.4098065416	0.0406954567	12.4157629451	0.0468898528
58.6730769231	12.4106176870	0.0413540960	12.4166708003	0.0475259424
58.6923076923	12.4114419154	0.0420058131	12.4175908215	0.0481550932
58.7115384615	12.4122791051	0.0426505653	12.4185228742	0.0487772134
58.7307692308	12.4131291327	0.0432883113	12.4194668225	0.0493922123
58.7500000000	12.4139918731	0.0439190106	12.4204225285	0.0500000000
58.7692307692	12.4148671995	0.0445426235	12.4213898526	0.0506004878
58.7884615385	12.4157549834	0.0451591109	12.4223686537	0.0511935880
58.8076923077	12.4166550947	0.0457684338	12.4233587888	0.0517792140
58.8269230769	12.4175674018	0.0463705535	12.4243601135	0.0523572803
58.8461538462	12.4184917710	0.0469654312	12.4253724814	0.0529277026
58.8653846154	12.4194280674	0.0475530282	12.4263957448	0.0534903975
58.8846153846	12.4203761541	0.0481333051	12.4274297543	0.0540452829
58.9038461538	12.4213358930	0.0487062226	12.4284743590	0.0545922778
58.9230769231	12.4223071438	0.0492717407	12.4295294062	0.0551313023
58.9423076923	12.4232897649	0.0498298191	12.4305947421	0.0556622777
58.9615384615	12.4242836132	0.0503804169	12.4316702110	0.0561851266
58.9807692308	12.4252885436	0.0509234927	12.4327556559	0.0566997725
59.0000000000	12.4263044096	0.0514590049	12.4338509184	0.0572061403
59.0192307692	12.4273310631	0.0519869112	12.4349558385	0.0577041561
59.0384615385	12.4283683544	0.0525071692	12.4360702550	0.0581937472
59.0576923077	12.4294161320	0.0530197359	12.4371940051	0.0586748422
59.0769230769	12.4304742431	0.0535245685	12.4383269248	0.0591473707
59.0961538462	12.4315425332	0.0540216240	12.4394688486	0.0596112638
59.1153846154	12.4326208462	0.0545108594	12.4406196099	0.0600664537
59.1346153846	12.4337090245	0.0549922320	12.4417790406	0.0605128741
59.1538461538	12.4348069090	0.0554656993	12.4429469715	0.0609504597
59.1730769231	12.4359143390	0.0559312195	12.4441232320	0.0613791466
59.1923076923	12.4370311524	0.0563887514	12.4453076505	0.0617988722
59.2115384615	12.4381571855	0.0568382545	12.4465000539	0.0622095754
59.2307692308	12.4392922734	0.0572796894	12.4477002682	0.0626111960
59.2500000000	12.4404362496	0.0577130177	12.4489081182	0.0630036755
59.2692307692	12.4415889461	0.0581382025	12.4501234275	0.0633869566
59.2884615385	12.4427501938	0.0585552082	12.4513460188	0.0637609833
59.3076923077	12.4439198220	0.0589640007	12.4525757134	0.0641257010
59.3269230769	12.4450976588	0.0593645478	12.4538123319	0.0644810565
59.3461538462	12.4462835310	0.0597568190	12.4550556937	0.0648269978
59.3653846154	12.4474772643	0.0601407858	12.4563056173	0.0651634745
59.3846153846	12.4486786829	0.0605164216	12.4575619202	0.0654904375
59.4038461538	12.4498876101	0.0608837020	12.4588244189	0.0658078389
59.4230769231	12.4511038677	0.0612426048	12.4600929293	0.0661156326
59.4423076923	12.4523272769	0.0615931100	12.4613672660	0.0664137734
59.4615384615	12.4535576573	0.0619351997	12.4626472430	0.0667022180
59.4807692308	12.4547948278	0.0622688583	12.4639326735	0.0669809241
59.5000000000	12.4560386062	0.0625940725	12.4652233697	0.0672498512
59.5192307692	12.4572888093	0.0629108309	12.4665191433	0.0675089599
59.5384615385	12.4585452531	0.0632191246	12.4678198050	0.0677582124
59.5576923077	12.4598077525	0.0635189464	12.4691251650	0.0679975723
59.5769230769	12.4610761218	0.0638102911	12.4704350326	0.0682270047
59.5961538462	12.4623501744	0.0640931553	12.4717492167	0.0684464760
59.6153846154	12.4636297228	0.0643675376	12.4730675253	0.0686559543
59.6346153846	12.4649145790	0.0646334376	12.4743897661	0.0688554090
59.6538461538	12.4662045541	0.0648908565	12.4757157459	0.0690448108
59.6730769231	12.4674994588	0.0651397969	12.4770452711	0.0692241323
59.6923076923	12.4687991028	0.0653802620	12.4783781477	0.0693933471
59.7115384615	12.4701032955	0.0656122559	12.4797141810	0.0695524306
59.7307692308	12.4714118457	0.0658357833	12.4810531761	0.0697013596
59.7500000000	12.4727245617	0.0660508491	12.4823949373	0.0698401123
59.7692307692	12.4740412512	0.0662574584	12.4837392689	0.0699686685
59.7884615385	12.4753617216	0.0664556162	12.4850859745	0.0700870094
59.8076923077	12.4766857797	0.0666453268	12.4864348575	0.0701951177
59.8269230769	12.4780132321	0.0668265941	12.4877857210	0.0702929776
59.8461538462	12.4793438848	0.0669994212	12.4891383678	0.0703805748
59.8653846154	12.4806775439	0.0671638098	12.4904926003	0.0704578967
59.8846153846	12.4820140146	0.0673197605	12.4918482209	0.0705249318
59.9038461538	12.4833531024	0.0674672723	12.4932050317	0.0705816703
59.9230769231	12.4846946121	0.0676063424	12.4945628345	0.0706281041
59.9423076923	12.4860383486	0.0677369659	12.4959214311	0.0706642263
59.9615384615	12.4873841163	0.0678591360	12.4972806232	0.0706900316
59.9807692308	12.4887317198	0.0679728433	12.4986402124	0.0707055163
60.0000000000	12.4900809631	0.0680780761	12.5000000000	0.0707106781
60.0192307692	12.4914316504	0.0681748201	12.5013597876	0.0707055163
60.0384615385	12.4927835857	0.0682630583	12.5027193768	0.0706900316
60.0576923077	12.4941365729	0.0683427707	12.5040785689	0.0706642263
60.0769230769	12.4954904158	0.0684139345	12.5054371655	0.0706281041
60.0961538462	12.4968449182	0.0684765241	12.5067949683	0.0705816703
60.1153846154	12.4981998838	0.0685305108	12.5081517791	0.0705249318
60.1346153846	12.4995551164	0.0685758630	12.5095073997	0.0704578967
60.1538461538	12.5009104199	0.0686125461	12.5108616322	0.0703805748
60.1730769231	12.5022655979	0.0686405227	12.5122142790	0.0702929776
60.1923076923	12.5036204544	0.0686597525	12.5135651425	0.0701951177
60.2115384615	12.5049747934	0.0686701927	12.5149140255	0.0700870094
60.2307692308	12.5063284188	0.0686717975	12.5162607311	0.0699686685
60.2500000000	12.5076811349	0.0686645190	12.5176050627	0.0698401123
60.2692307692	12.5090327460	0.0686483069	12.5189468239	0.0697013596
60.2884615385	12.5103830565	0.0686231088	12.5202858190	0.0695524306
60.3076923077	12.5117318712	0.0685888702	12.5216218523	0.0693933471
60.3269230769	12.5130789950	0.0685455352	12.5229547289	0.0692241323
60.3461538462	12.5144242329	0.0684930463	12.5242842541	0.0690448108
60.3653846154	12.5157673904	0.0684313449	12.5256102339	0.0688554090
60.3846153846	12.5171082732	0.0683603713	12.5269324747	0.0686559543
60.4038461538	12.5184466873	0.0682800653	12.5282507833	0.0684464760
60.4230769231	12.5197824389	0.0681903662	12.5295649674	0.0682270047
60.4423076923	12.5211153348	0.0680912135	12.5308748350	0.0679975723
60.4615384615	12.5224451822	0.0679825467	12.5321801950	0.0677582124
60.4807692308	12.5237717884	0.0678643059	12.5334808567	0.0675089599
60.5000000000	12.5250949614	0.0677364321	12.5347766303	0.0672498512
60.5192307692	12.5264145098	0.0675988674	12.5360673265	0.0669809241
60.5384615385	12.5277302424	0.0674515555	12.5373527570	0.0667022180
60.5576923077	12.5290419687	0.0672944418	12.5386327340	0.0664137734
60.5769230769	12.5303494988	0.0671274738	12.5399070707	0.0661156326
60.5961538462	12.5316526432	0.0669506013	12.5411755811	0.0658078389
60.6153846154	12.5329512133	0.0667637769	12.5424380798	0.0654904375
60.6346153846	12.5342450210	0.0665669561	12.5436943827	0.0651634745
60.6538461538	12.5355338790	0.0663600975	12.5449443063	0.0648269978
60.6730769231	12.5368176004	0.0661431634	12.5461876681	0.0644810565
60.6923076923	12.5380959994	0.0659161195	12.5474242866	0.0641257010
60.7115384615	12.5393688909	0.0656789355	12.5486539812	0.0637609833
60.7307692308	12.5406360905	0.0654315854	12.5498765725	0.0633869566
60.7500000000	12.5418974148	0.0651740473	12.5510918818	0.0630036755
60.7692307692	12.5431526811	0.0649063039	12.5522997318	0.0626111960
60.7884615385	12.5444017077	0.0646283424	12.5534999461	0.0622095754
60.8076923077	12.5456443138	0.0643401549	12.5546923495	0.0617988722
60.8269230769	12.5468803197	0.0640417384	12.5558767680	0.0613791466
60.8461538462	12.5481095464	0.0637330947	12.5570530285	0.0609504597
60.8653846154	12.5493318162	0.0634142309	12.5582209594	0.0605128741
60.8846153846	12.5505469524	0.0630851589	12.5593803901	0.0600664537
60.9038461538	12.5517547792	0.0627458961	12.5605311514	0.0596112638
60.9230769231	12.5529551221	0.0623964649	12.5616730752	0.0591473707
60.9423076923	12.5541478076	0.0620368929	12.5628059949	0.0586748422
60.9615384615	12.5553326635	0.0616672128	12.5639297450	0.0581937472
60.9807692308	12.5565095187	0.0612874626	12.5650441615	0.0577041561
61.0000000000	12.5576782033	0.0608976854	12.5661490816	0.0572061403
61.0192307692	12.5588385487	0.0604979291	12.5672443441	0.0566997725
61.0384615385	12.5599903875	0.0600882470	12.5683297890	0.0561851266
61.0576923077	12.5611335536	0.0596686969	12.5694052579	0.0556622777
61.0769230769	12.5622678822	0.0592393416	12.5704705938	0.0551313023
61.0961538462	12.5633932099	0.0588002485	12.5715256410	0.0545922778
61.1153846154	12.5645093747	0.0583514898	12.5725702457	0.0540452829
61.1346153846	12.5656162158	0.0578931420	12.5736042552	0.0534903975
61.1538461538	12.5667135740	0.0574252859	12.5746275186	0.0529277026
61.1730769231	12.5678012915	0.0569480065	12.5756398865	0.0523572803
61.1923076923	12.5688792117	0.0564613931	12.5766412112	0.0517792140
61.2115384615	12.5699471799	0.0559655387	12.5776313463	0.0511935880
61.2307692308	12.5710050426	0.0554605401	12.5786101474	0.0506004878
61.2500000000	12.5720526479	0.0549464978	12.5795774715	0.0500000000
61.2692307692	12.5730898454	0.0544235157	12.5805331775	0.0493922123
61.2884615385	12.5741164865	0.0538917012	12.5814771258	0.0487772134
61.3076923077	12.5751324238	0.0533511647	12.5824091785	0.0481550932
61.3269230769	12.5761375119	0.0528020196	12.5833291997	0.0475259424
61.3461538462	12.5771316068	0.0522443824	12.5842370549	0.0468898528
61.3653846154	12.5781145661	0.0516783722	12.5851326117	0.0462469175
61.3846153846	12.5790862495	0.0511041105	12.5860157392	0.0455972301
61.4038461538	12.5800465178	0.0505217216	12.5868863086	0.0449408857
61.4230769231	12.5809952340	0.0499313317	12.5877441928	0.0442779799
61.4423076923	12.5819322627	0.0493330694	12.5885892664	0.0436086097
61.4615384615	12.5828574702	0.0487270652	12.5894214062	0.0429328727
61.4807692308	12.5837707247	0.0481134515	12.5902404906	0.0422508675
61.5000000000	12.5846718962	0.0474923624	12.5910464000	0.0415626938
61.5192307692	12.5855608565	0.0468639335	12.5918390168	0.0408684520
61.5384615385	12.5864374793	0.0462283019	12.5926182253	0.0401682435
61.5576923077	12.5873016401	0.0455856060	12.5933839117	0.0394621704
61.5769230769	12.5881532165	0.0449359853	12.5941359642	0.0387503360
61.5961538462	12.5889920879	0.0442795805	12.5948742729	0.0380328441
61.6153846154	12.5898181357	0.0436165328	12.5955987303	0.0373097995
61.6346153846	12.5906312432	0.0429469845	12.5963092303	0.0365813077
61.6538461538	12.5914312957	0.0422710784	12.5970056694	0.0358474750
61.6730769231	12.5922181806	0.0415889575	12.5976879458	0.0351084088
61.6923076923	12.5929917873	0.0409007654	12.5983559599	0.0343642167
61.7115384615	12.5937520071	0.0402066458	12.5990096143	0.0336150075
61.7307692308	12.5944987337	0.0395067422	12.5996488134	0.0328608906
61.7500000000	12.5952318625	0.0388011981	12.6002734639	0.0321019761
61.7692307692	12.5959512912	0.0380901567	12.6008834747	0.0313383747
61.7884615385	12.5966569197	0.0373737607	12.6014787567	0.0305701980
61.8076923077	12.5973486496	0.0366521521	12.6020592230	0.0297975581
61.8269230769	12.5980263851	0.0359254723	12.6026247888	0.0290205678
61.8461538462	12.5986900324	0.0351938616	12.6031753715	0.0282393405
61.8653846154	12.5993394995	0.0344574590	12.6037108908	0.0274539904
61.8846153846	12.5999746971	0.0337164028	12.6042312685	0.0266646320
61.9038461538	12.6005955377	0.0329708292	12.6047364286	0.0258713806
61.9230769231	12.6012019359	0.0322208732	12.6052262974	0.0250743520
61.9423076923	12.6017938087	0.0314666681	12.6057008033	0.0242736627
61.9615384615	12.6023710751	0.0307083450	12.6061598771	0.0234694294
61.9807692308	12.6029336562	0.0299460331	12.6066034517	0.0226617696
62.0000000000	12.6034814753	0.0291798595	12.6070314624	0.0218508012
62.0192307692	12.6040144579	0.0284099489	12.6074438467	0.0210366427
62.0384615385	12.6045325315	0.0276364235	12.6078405444	0.0202194128
62.0576923077	12.6050356259	0.0268594029	12.6082214975	0.0193992310
62.0769230769	12.6055236727	0.0260790040	12.6085866505	0.0185762169
62.0961538462	12.6059966058	0.0252953412	12.6089359500	0.0177504907
62.1153846154	12.6064543613	0.0245085257	12.6092693450	0.0169221729
62.1346153846	12.6068968771	0.0237186659	12.6095867869	0.0160913846
62.1538461538	12.6073240932	0.0229258674	12.6098882294	0.0152582469
62.1730769231	12.6077359518	0.0221302324	12.6101736283	0.0144228815
62.1923076923	12.6081323970	0.0213318604	12.6104429421	0.0135854105
62.2115384615	12.6085133749	0.0205308478	12.6106961314	0.0127459560
62.2307692308	12.6088788336	0.0197272880	12.6109331592	0.0119046406
62.2500000000	12.6092287232	0.0189212715	12.6111539910	0.0110615871
62.2692307692	12.6095629956	0.0181128858	12.6113585945	0.0102169187
62.2884615385	12.6098816049	0.0173022158	12.6115469399	0.0093707586
62.3076923077	12.6101845069	0.0164893434	12.6117189996	0.0085232304
62.3269230769	12.6104716593	0.0156743484	12.6118747485	0.0076744578
62.3461538462	12.6107430219	0.0148573078	12.6120141638	0.0068245648
62.3653846154	12.6109985563	0.0140382967	12.6121372253	0.0059736754
62.3846153846	12.6112382257	0.0132173880	12.6122439150	0.0051219138
62.4038461538	12.6114619956	0.0123946530	12.6123342172	0.0042694045
62.4230769231	12.6116698331	0.0115701614	12.6124081189	0.0034162718
62.4423076923	12.6118617071	0.0107439814	12.6124656091	0.0025626404
62.4615384615	12.6120375886	0.0099161807	12.6125066796	0.0017086348
62.4807692308	12.6121974501	0.0090868258	12.6125313242	0.0008543798
62.5000000000	12.6123412663	0.0082559831	12.6125395395	-0.0000000000
62.5192307692	12.6124690136	0.0074237191	12.6125313242	-0.0008543798
62.5384615385	12.6125806703	0.0065901002	12.6125066796	-0.0017086348
62.5576923077	12.6126762164	0.0057551938	12.6124656091	-0.0025626404
62.5769230769	12.6127556341	0.0049190681	12.6124081189	-0.0034162718
62.5961538462	12.6128189072	0.0040817927	12.6123342172	-0.0042694045
62.6153846154	12.6128660218	0.0032434389	12.6122439150	-0.0051219138
62.6346153846	12.6128969655	0.0024040801	12.6121372253	-0.0059736754
62.6538461538	12.6129117281	0.0015637922	12.6120141638	-0.0068245648
62.6730769231	12.6129103016	0.0007226537	12.6118747485	-0.0076744578
62.6923076923	12.6128926796	-0.0001192536	12.6117189996	-0.0085232304
62.7115384615	12.6128588580	-0.0009618446	12.6115469399	-0.0093707586
62.7307692308	12.6128088350	-0.0018050303	12.6113585945	-0.0102169187
62.7500000000	12.6127426104	-0.0026487179	12.6111539910	-0.0110615871
62.7692307692	12.6126601867	-0.0034928101	12.6109331592	-0.0119046406
62.7884615385	12.6125615682	-0.0043372051	12.6106961314	-0.0127459560
62.8076923077	12.6124467618	-0.0051817962	12.6104429421	-0.0135854105
62.8269230769	12.6123157763	-0.0060264719	12.6101736283	-0.0144228815
62.8461538462	12.6121686233	-0.0068711156	12.6098882294	-0.0152582469
62.8653846154	12.6120053163	-0.0077156053	12.6095867869	-0.0160913846
62.8846153846	12.6118258715	-0.0085598138	12.6092693450	-0.0169221729
62.9038461538	12.6116303076	-0.0094036085	12.6089359500	-0.0177504907
62.9230769231	12.6114186455	-0.0102468512	12.6085866505	-0.0185762169
62.9423076923	12.6111909089	-0.0110893986	12.6082214975	-0.0193992310
62.9615384615	12.6109471240	-0.0119311019	12.6078405444	-0.0202194128
62.9807692308	12.6106873196	-0.0127718073	12.6074438467	-0.0210366427
63.0000000000	12.6104115272	-0.0136113555	12.6070314624	-0.0218508012
63.0192307692	12.6101197810	-0.0144495829	12.6066034517	-0.0226617696
63.0384615385	12.6098121178	-0.0152863209	12.6061598771	-0.0234694294
63.0576923077	12.6094885771	-0.0161213966	12.6057008033	-0.0242736627
63.0769230769	12.6091492015	-0.0169546330	12.6052262974	-0.0250743520
63.0961538462	12.6087940360	-0.0177858493	12.6047364286	-0.0258713806
63.1153846154	12.6084231287	-0.0186148617	12.6042312685	-0.0266646320
63.1346153846	12.6080365303	-0.0194414830	12.6037108908	-0.0274539904
63.1538461538	12.6076342943	-0.0202655237	12.6031753715	-0.0282393405
63.1730769231	12.6072164774	-0.0210867923	12.6026247888	-0.0290205678
63.1923076923	12.6067831387	-0.0219050958	12.6020592230	-0.0297975581
63.2115384615	12.6063343404	-0.0227202400	12.6014787567	-0.0305701980
63.2307692308	12.6058701474	-0.0235320303	12.6008834747	-0.0313383747
63.2500000000	12.6053906273	-0.0243402721	12.6002734639	-0.0321019761
63.2692307692	12.6048958509	-0.0251447716	12.5996488134	-0.0328608906
63.2884615385	12.6043858912	-0.0259453359	12.5990096143	-0.0336150075
63.3076923077	12.6038608244	-0.0267417741	12.5983559599	-0.0343642167
63.3269230769	12.6033207292	-0.0275338975	12.5976879458	-0.0351084088
63.3461538462	12.6027656870	-0.0283215201	12.5970056694	-0.0358474750
63.3653846154	12.6021957819	-0.0291044597	12.5963092303	-0.0365813077
63.3846153846	12.6016111003	-0.0298825377	12.5955987303	-0.0373097995
63.4038461538	12.6010117316	-0.0306555804	12.5948742729	-0.0380328441
63.4230769231	12.6003977672	-0.0314234186	12.5941359642	-0.0387503360
63.4423076923	12.5997693014	-0.0321858891	12.5933839117	-0.0394621704
63.4615384615	12.5991264306	-0.0329428341	12.5926182253	-0.0401682435
63.4807692308	12.5984692534	-0.0336941026	12.5918390168	-0.0408684520
63.5000000000	12.5977978709	-0.0344395500	12.5910464000	-0.0415626938
63.5192307692	12.5971123864	-0.0351790389	12.5902404906	-0.0422508675
63.5384615385	12.5964129051	-0.0359124392	12.5894214062	-0.0429328727
63.5576923077	12.5956995343	-0.0366396285	12.5885892664	-0.0436086097
63.5769230769	12.5949723836	-0.0373604921	12.5877441928	-0.0442779799
63.5961538462	12.5942315640	-0.0380749234	12.5868863086	-0.0449408857
63.6153846154	12.5934771889	-0.0387828239	12.5860157392	-0.0455972301
63.6346153846	12.5927093731	-0.0394841032	12.5851326117	-0.0462469175
63.6538461538	12.5919282332	-0.0401786791	12.5842370549	-0.0468898528
63.6730769231	12.5911338876	-0.0408664778	12.5833291997	-0.0475259424
63.6923076923	12.5903264562	-0.0415474332	12.5824091785	-0.0481550932
63.7115384615	12.5895060605	-0.0422214875	12.5814771258	-0.0487772134
63.7307692308	12.5886728232	-0.0428885904	12.5805331775	-0.0493922123
63.7500000000	12.5878268689	-0.0435486992	12.5795774715	-0.0500000000
63.7692307692	12.5869683233	-0.0442017785	12.5786101474	-0.0506004878
63.7884615385	12.5860973134	-0.0448478000	12.5776313463	-0.0511935880
63.8076923077	12.5852139675	-0.0454867416	12.5766412112	-0.0517792140
63.8269230769	12.5843184153	-0.0461185878	12.5756398865	-0.0523572803
63.8461538462	12.5834107875	-0.0467433286	12.5746275186	-0.0529277026
63.8653846154	12.5824912162	-0.0473609594	12.5736042552	-0.0534903975
63.8846153846	12.5815598344	-0.0479714802	12.5725702457	-0.0540452829
63.9038461538	12.5806167765	-0.0485748955	12.5715256410	-0.0545922778
63.9230769231	12.5796621778	-0.0491712135	12.5704705938	-0.0551313023
63.9423076923	12.5786961747	-0.0497604456	12.5694052579	-0.0556622777
63.9615384615	12.5777189049	-0.0503426057	12.5683297890	-0.0561851266
63.9807692308	12.5767305069	-0.0509177097	12.5672443441	-0.0566997725
64.0000000000	12.5757311205	-0.0514857752	12.5661490816	-0.0572061403
64.0192307692	12.5747208864	-0.0520468204	12.5650441615	-0.0577041561
64.0384615385	12.5736999465	-0.0526008640	12.5639297450	-0.0581937472
64.0576923077	12.5726684438	-0.0531479243	12.5628059949	-0.0586748422
64.0769230769	12.5716265224	-0.0536880188	12.5616730752	-0.0591473707
64.0961538462	12.5705743274	-0.0542211637	12.5605311514	-0.0596112638
64.1153846154	12.5695120053	-0.0547473733	12.5593803901	-0.0600664537
64.1346153846	12.5684397036	-0.0552666595	12.5582209594	-0.0605128741
64.1538461538	12.5673575709	-0.0557790313	12.5570530285	-0.0609504597
64.1730769231	12.5662657572	-0.0562844945	12.5558767680	-0.0613791466
64.1923076923	12.5651644136	-0.0567830512	12.5546923495	-0.0617988722
64.2115384615	12.5640536925	-0.0572746995	12.5534999461	-0.0622095754
64.2307692308	12.5629337478	-0.0577594332	12.5522997318	-0.0626111960
64.2500000000	12.5618047342	-0.0582372412	12.5510918818	-0.0630036755
64.2692307692	12.5606668084	-0.0587081077	12.5498765725	-0.0633869566
64.2884615385	12.5595201280	-0.0591720118	12.5486539812	-0.0637609833
64.3076923077	12.5583648520	-0.0596289274	12.5474242866	-0.0641257010
64.3269230769	12.5572011412	-0.0600788228	12.5461876681	-0.0644810565
64.3461538462	12.5560291574	-0.0605216612	12.5449443063	-0.0648269978
64.3653846154	12.5548490642	-0.0609574001	12.5436943827	-0.0651634745
64.3846153846	12.5536610263	-0.0613859916	12.5424380798	-0.0654904375
64.4038461538	12.5524652103	-0.0618073826	12.5411755811	-0.0658078389
64.4230769231	12.5512617840	-0.0622215147	12.5399070707	-0.0661156326
64.4423076923	12.5500509168	-0.0626283241	12.5386327340	-0.0664137734
64.4615384615	12.5488327796	-0.0630277425	12.5373527570	-0.0667022180
64.4807692308	12.5476075447	-0.0634196966	12.5360673265	-0.0669809241
64.5000000000	12.5463753861	-0.0638041086	12.5347766303	-0.0672498512
64.5192307692	12.5451364791	-0.0641808968	12.5334808567	-0.0675089599
64.5384615385	12.5438910005	-0.0645499753	12.5321801950	-0.0677582124
64.5576923077	12.5426391287	-0.0649112549	12.5308748350	-0.0679975723
64.5769230769	12.5413810434	-0.0652646431	12.5295649674	-0.0682270047
64.5961538462	12.5401169256	-0.0656100445	12.5282507833	-0.0684464760
64.6153846154	12.5388469579	-0.0659473613	12.5269324747	-0.0686559543
64.6346153846	12.5375713241	-0.0662764938	12.5256102339	-0.0688554090
64.6538461538	12.5362902094	-0.0665973405	12.5242842541	-0.0690448108
64.6730769231	12.5350038000	-0.0669097985	12.5229547289	-0.0692241323
64.6923076923	12.5337122837	-0.0672137644	12.5216218523	-0.0693933471
64.7115384615	12.5324158490	-0.0675091341	12.5202858190	-0.0695524306
64.7307692308	12.5311146860	-0.0677958034	12.5189468239	-0.0697013596
64.7500000000	12.5298089855	-0.0680736686	12.5176050627	-0.0698401123
64.7692307692	12.5284989395	-0.0683426265	12.5162607311	-0.0699686685
64.7884615385	12.5271847406	-0.0686025749	12.5149140255	-0.0700870094
64.8076923077	12.5258665827	-0.0688534131	12.5135651425	-0.0701951177
64.8269230769	12.5245446603	-0.0690950419	12.5122142790	-0.0702929776
64.8461538462	12.5232191687	-0.0693273642	12.5108616322	-0.0703805748
64.8653846154	12.5218903036	-0.0695502849	12.5095073997	-0.0704578967
64.8846153846	12.5205582619	-0.0697637115	12.5081517791	-0.0705249318
64.9038461538	12.5192232404	-0.0699675539	12.5067949683	-0.0705816703
64.9230769231	12.5178854368	-0.0701617249	12.5054371655	-0.0706281041
64.9423076923	12.5165450492	-0.0703461404	12.5040785689	-0.0706642263
64.9615384615	12.5152022758	-0.0705207191	12.5027193768	-0.0706900316
64.9807692308	12.5138573153	-0.0706853830	12.5013597876	-0.0707055163
65.0000000000	12.5125103666	-0.0708400571	12.5000000000	-0.0707106781
65.0192307692	12.5111616287	-0.0709846698	12.4986402124	-0.0707055163
65.0384615385	12.5098113009	-0.0711191526	12.4972806232	-0.0706900316
65.0576923077	12.5084595823	-0.0712434401	12.4959214311	-0.0706642263
65.0769230769	12.5071066722	-0.0713574702	12.4945628345	-0.0706281041
65.0961538462	12.5057527699	-0.0714611837	12.4932050317	-0.0705816703
65.1153846154	12.5043980744	-0.0715545243	12.4918482209	-0.0705249318
65.1346153846	12.5030427848	-0.0716374388	12.4904926003	-0.0704578967
65.1538461538	12.5016870999	-0.0717098762	12.4891383678	-0.0703805748
65.1730769231	12.5003312184	-0.0717717885	12.4877857210	-0.0702929776
65.1923076923	12.4989753388	-0.0718231297	12.4864348575	-0.0701951177
65.2115384615	12.4976196591	-0.0718638562	12.4850859745	-0.0700870094
65.2307692308	12.4962643774	-0.0718939265	12.4837392689	-0.0699686685
65.2500000000	12.4949096912	-0.0719133008	12.4823949373	-0.0698401123
65.2692307692	12.4935557977	-0.0719219408	12.4810531761	-0.0697013596
65.2884615385	12.4922028940	-0.0719198101	12.4797141810	-0.0695524306
65.3076923077	12.4908511767	-0.0719068733	12.4783781477	-0.0693933471
65.3269230769	12.4895008418	-0.0718830963	12.4770452711	-0.0692241323
65.3461538462	12.4881520854	-0.0718484460	12.4757157459	-0.0690448108
65.3653846154	12.4868051030	-0.0718028901	12.4743897661	-0.0688554090
65.3846153846	12.4854600895	-0.0717463971	12.4730675253	-0.0686559543
65.4038461538	12.4841172398	-0.0716789363	12.4717492167	-0.0684464760
65.4230769231	12.4827767482	-0.0716004773	12.4704350326	-0.0682270047
65.4423076923	12.4814388088	-0.0715109904	12.4691251650	-0.0679975723
65.4615384615	12.4801036149	-0.0714104464	12.4678198050	-0.0677582124
65.4807692308	12.4787713600	-0.0712988165	12.4665191433	-0.0675089599
65.5000000000	12.4774422369	-0.0711760724	12.4652233697	-0.0672498512
65.5192307692	12.4761164379	-0.0710421864	12.4639326735	-0.0669809241
65.5384615385	12.4747941552	-0.0708971313	12.4626472430	-0.0667022180
65.5576923077	12.4734755805	-0.0707408806	12.4613672660	-0.0664137734
65.5769230769	12.4721609050	-0.0705734087	12.4600929293	-0.0661156326
65.5961538462	12.4708503199	-0.0703946909	12.4588244189	-0.0658078389
65.6153846154	12.4695440155	-0.0702047038	12.4575619202	-0.0654904375
65.6346153846	12.4682421821	-0.0700034249	12.4563056173	-0.0651634745
65.6538461538	12.4669450095	-0.0697908338	12.4550556937	-0.0648269978
65.6730769231	12.4656526869	-0.0695669115	12.4538123319	-0.0644810565
65.6923076923	12.4643654032	-0.0693316411	12.4525757134	-0.0641257010
65.7115384615	12.4630833470	-0.0690850082	12.4513460188	-0.0637609833
65.7307692308	12.4618067061	-0.0688270009	12.4501234275	-0.0633869566
65.7500000000	12.4605356682	-0.0685576101	12.4489081182	-0.0630036755
65.7692307692	12.4592704201	-0.0682768300	12.4477002682	-0.0626111960
65.7884615385	12.4580111483	-0.0679846583	12.4465000539	-0.0622095754
65.8076923077	12.4567580386	-0.0676810966	12.4453076505	-0.0617988722
65.8269230769	12.4555112762	-0.0673661507	12.4441232320	-0.0613791466
65.8461538462	12.4542710457	-0.0670398308	12.4429469715	-0.0609504597
65.8653846154	12.4530375309	-0.0667021517	12.4417790406	-0.0605128741
65.8846153846	12.4518109149	-0.0663531336	12.4406196099	-0.0600664537
65.9038461538	12.4505913800	-0.0659928018	12.4394688486	-0.0596112638
65.9230769231	12.4493791077	-0.0656211875	12.4383269248	-0.0591473707
65.9423076923	12.4481742786	-0.0652383274	12.4371940051	-0.0586748422
65.9615384615	12.4469770722	-0.0648442648	12.4360702550	-0.0581937472
65.9807692308	12.4457876671	-0.0644390488	12.4349558385	-0.0577041561
66.0000000000	12.4446062410	-0.0640227354	12.4338509184	-0.0572061403
66.0192307692	12.4434329701	-0.0635953871	12.4327556559	-0.0566997725
66.0384615385	12.4422680298	-0.0631570732	12.4316702110	-0.0561851266
66.0576923077	12.4411115939	-0.0627078698	12.4305947421	-0.0556622777
66.0769230769	12.4399638352	-0.0622478599	12.4295294062	-0.0551313023
66.0961538462	12.4388249250	-0.0617771336	12.4284743590	-0.0545922778
66.1153846154	12.4376950331	-0.0612957879	12.4274297543	-0.0540452829
66.1346153846	12.4365743280	-0.0608039266	12.4263957448	-0.0534903975
66.1538461538	12.4354629764	-0.0603016602	12.4253724814	-0.0529277026
66.1730769231	12.4343611436	-0.0597891061	12.4243601135	-0.0523572803
66.1923076923	12.4332689933	-0.0592663882	12.4233587888	-0.0517792140
66.2115384615	12.4321866873	-0.0587336366	12.4223686537	-0.0511935880
66.2307692308	12.4311143857	-0.0581909876	12.4213898526	-0.0506004878
66.2500000000	12.4300522469	-0.0576385833	12.4204225285	-0.0500000000
66.2692307692	12.4290004274	-0.0570765714	12.4194668225	-0.0493922123
66.2884615385	12.4279590817	-0.0565051049	12.4185228742	-0.0487772134
66.3076923077	12.4269283626	-0.0559243416	12.4175908215	-0.0481550932
66.3269230769	12.4259084207	-0.0553344438	12.4166708003	-0.0475259424
66.3461538462	12.4248994048	-0.0547355781	12.4157629451	-0.0468898528
66.3653846154	12.4239014616	-0.0541279148	12.4148673883	-0.0462469175
66.3846153846	12.4229147358	-0.0535116275	12.4139842608	-0.0455972301
66.4038461538	12.4219393699	-0.0528868925	12.4131136914	-0.0449408857
66.4230769231	12.4209755046	-0.0522538889	12.4122558072	-0.0442779799
66.4423076923	12.4200232783	-0.0516127974	12.4114107336	-0.0436086097
66.4615384615	12.4190828274	-0.0509638005	12.4105785938	-0.0429328727
66.4807692308	12.4181542861	-0.0503070816	12.4097595094	-0.0422508675
66.5000000000	12.4172377867	-0.0496428248	12.4089536000	-0.0415626938
66.5192307692	12.4163334593	-0.0489712144	12.4081609832	-0.0408684520
66.5384615385	12.4154414318	-0.0482924343	12.4073817747	-0.0401682435
66.5576923077	12.4145618304	-0.0476066678	12.4066160883	-0.0394621704
66.5769230769	12.4136947788	-0.0469140973	12.4058640358	-0.0387503360
66.5961538462	12.4128403989	-0.0462149034	12.4051257271	-0.0380328441
66.6153846154	12.4119988106	-0.0455092650	12.4044012697	-0.0373097995
66.6346153846	12.4111701318	-0.0447973591	12.4036907697	-0.0365813077
66.6538461538	12.4103544782	-0.0440793599	12.4029943306	-0.0358474750
66.6730769231	12.4095519638	-0.0433554389	12.4023120542	-0.0351084088
66.6923076923	12.4087627005	-0.0426257647	12.4016440401	-0.0343642167
66.7115384615	12.4079867984	-0.0418905028	12.4009903857	-0.0336150075
66.7307692308	12.4072243657	-0.0411498151	12.4003511866	-0.0328608906
66.7500000000	12.4064755086	-0.0404038600	12.3997265361	-0.0321019761
66.7692307692	12.4057403316	-0.0396527923	12.3991165253	-0.0313383747
66.7884615385	12.4050189374	-0.0388967630	12.3985212433	-0.0305701980
66.8076923077	12.4043114269	-0.0381359195	12.3979407770	-0.0297975581
66.8269230769	12.4036178990	-0.0373704053	12.3973752112	-0.0290205678
66.8461538462	12.4029384511	-0.0366003600	12.3968246285	-0.0282393405
66.8653846154	12.4022731788	-0.0358259198	12.3962891092	-0.0274539904
66.8846153846	12.4016221759	-0.0350472172	12.3957687315	-0.0266646320
66.9038461538	12.4009855347	-0.0342643810	12.3952635714	-0.0258713806
66.9230769231	12.4003633454	-0.0334775370	12.3947737026	-0.0250743520
66.9423076923	12.3997556969	-0.0326868076	12.3942991967	-0.0242736627
66.9615384615	12.3991626762	-0.0318923124	12.3938401229	-0.0234694294
66.9807692308	12.3985843686	-0.0310941680	12.3933965483	-0.0226617696
67.0000000000	12.3980208578	-0.0302924889	12.3929685376	-0.0218508012
67.0192307692	12.3974722256	-0.0294873871	12.3925561533	-0.0210366427
67.0384615385	12.3969385524	-0.0286789725	12.3921594556	-0.0202194128
67.0576923077	12.3964199164	-0.0278673535	12.3917785025	-0.0193992310
67.0769230769	12.3959163945	-0.0270526372	12.3914133495	-0.0185762169
67.0961538462	12.3954280616	-0.0262349291	12.3910640500	-0.0177504907
67.1153846154	12.3949549907	-0.0254143344	12.3907306550	-0.0169221729
67.1346153846	12.3944972533	-0.0245909573	12.3904132131	-0.0160913846
67.1538461538	12.3940549187	-0.0237649020	12.3901117706	-0.0152582469
67.1730769231	12.3936280545	-0.0229362725	12.3898263717	-0.0144228815
67.1923076923	12.3932167264	-0.0221051731	12.3895570579	-0.0135854105
67.2115384615	12.3928209979	-0.0212717088	12.3893038686	-0.0127459560
67.2307692308	12.3924409309	-0.0204359849	12.3890668408	-0.0119046406
67.2500000000	12.3920765848	-0.0195981081	12.3888460090	-0.0110615871
67.2692307692	12.3917280172	-0.0187581858	12.3886414055	-0.0102169187
67.2884615385	12.3913952836	-0.0179163270	12.3884530601	-0.0093707586
67.3076923077	12.3910784372	-0.0170726420	12.3882810004	-0.0085232304
67.3269230769	12.3907775290	-0.0162272427	12.3881252515	-0.0076744578
67.3461538462	12.3904926077	-0.0153802427	12.3879858362	-0.0068245648
67.3653846154	12.3902237200	-0.0145317571	12.3878627747	-0.0059736754
67.3846153846	12.3899709097	-0.0136819031	12.3877560850	-0.0051219138
67.4038461538	12.3897342188	-0.0128307995	12.3876657828	-0.0042694045
67.4230769231	12.3895136865	-0.0119785668	12.3875918811	-0.0034162718
67.4423076923	12.3893093496	-0.0111253274	12.3875343909	-0.0025626404
67.4615384615	12.3891212426	-0.0102712052	12.3874933204	-0.0017086348
67.4807692308	12.3889493972	-0.0094163259	12.3874686758	-0.0008543798
67.5000000000	12.3887938427	-0.0085608164	12.3874604605	-0.0000000000
67.5192307692	12.3886546058	-0.0077048052	12.3874686758	0.0008543798
67.5384615385	12.3885317104	-0.0068484218	12.3874933204	0.0017086348
67.5576923077	12.3884251781	-0.0059917969	12.3875343909	0.0025626404
67.5769230769	12.3883350275	-0.0051350618	12.3875918811	0.0034162718
67.5961538462	12.3882612748	-0.0042783486	12.3876657828	0.0042694045
67.6153846154	12.3882039333	-0.0034217899	12.3877560850	0.0051219138
67.6346153846	12.3881630137	-0.0025655185	12.3878627747	0.0059736754
67.6538461538	12.3881385241	-0.0017096669	12.3879858362	0.0068245648
67.6730769231	12.3881304697	-0.0008543679	12.3881252515	0.0076744578
67.6923076923	12.3881388532	0.0000002466	12.3882810004	0.0085232304
67.7115384615	12.3881636745	0.0008540451	12.3884530601	0.0093707586
67.7307692308	12.3882049307	0.0017068971	12.3886414055	0.0102169187
67.7500000000	12.3882626166	0.0025586731	12.3888460090	0.0110615871
67.7692307692	12.3883367240	0.0034092450	12.3890668408	0.0119046406
67.7884615385	12.3884272421	0.0042584859	12.3893038686	0.0127459560
67.8076923077	12.3885341578	0.0051062710	12.3895570579	0.0135854105
67.8269230769	12.3886574550	0.0059524767	12.3898263717	0.0144228815
67.8461538462	12.3887971153	0.0067969818	12.3901117706	0.0152582469
67.8653846154	12.3889531177	0.0076396669	12.3904132131	0.0160913846
67.8846153846	12.3891254387	0.0084804146	12.3907306550	0.0169221729
67.9038461538	12.3893140522	0.0093191100	12.3910640500	0.0177504907
67.9230769231	12.3895189299	0.0101556402	12.3914133495	0.0185762169
67.9423076923	12.3897400409	0.0109898946	12.3917785025	0.0193992310
67.9615384615	12.3899773520	0.0118217649	12.3921594556	0.0202194128
67.9807692308	12.3902308276	0.0126511448	12.3925561533	0.0210366427
68.0000000000	12.3905004297	0.0134779304	12.3929685376	0.0218508012
68.0192307692	12.3907861183	0.0143020197	12.3933965483	0.0226617696
68.0384615385	12.3910878508	0.0151233129	12.3938401229	0.0234694294
68.0576923077	12.3914055826	0.0159417118	12.3942991967	0.0242736627
68.0769230769	12.3917392669	0.0167571201	12.3947737026	0.0250743520
68.0961538462	12.3920888546	0.0175694430	12.3952635714	0.0258713806
68.1153846154	12.3924542945	0.0183785870	12.3957687315	0.0266646320
68.1346153846	12.3928355333	0.0191844598	12.3962891092	0.0274539904
68.1538461538	12.3932325156	0.0199869702	12.3968246285	0.0282393405
68.1730769231	12.3936451838	0.0207860277	12.3973752112	0.0290205678
68.1923076923	12.3940734784	0.0215815422	12.3979407770	0.0297975581
68.2115384615	12.3945173376	0.0223734242	12.3985212433	0.0305701980
68.2307692308	12.3949766978	0.0231615839	12.3991165253	0.0313383747
68.2500000000	12.3954514932	0.0239459317	12.3997265361	0.0321019761
68.2692307692	12.3959416559	0.0247263776	12.4003511866	0.0328608906
68.2884615385	12.3964471162	0.0255028307	12.4009903857	0.0336150075
68.3076923077	12.3969678020	0.0262751996	12.4016440401	0.0343642167
68.3269230769	12.3975036394	0.0270433918	12.4023120542	0.0351084088
68.3461538462	12.3980545523	0.0278073137	12.4029943306	0.0358474750
68.3653846154	12.3986204627	0.0285668702	12.4036907697	0.0365813077
68.3846153846	12.3992012904	0.0293219649	12.4044012697	0.0373097995
68.4038461538	12.3997969530	0.0300724996	12.4051257271	0.0380328441
68.4230769231	12.4004073663	0.0308183746	12.4058640358	0.0387503360
68.4423076923	12.4010324437	0.0315594882	12.4066160883	0.0394621704
68.4615384615	12.4016720966	0.0322957369	12.4073817747	0.0401682435
68.4807692308	12.4023262341	0.0330270155	12.4081609832	0.0408684520
68.5000000000	12.4029947633	0.0337532169	12.4089536000	0.0415626938
68.5192307692	12.4036775891	0.0344742320	12.4097595094	0.0422508675
68.5384615385	12.4043746140	0.0351899501	12.4105785938	0.0429328727
68.5576923077	12.4050857386	0.0359002591	12.4114107336	0.0436086097
68.5769230769	12.4058108609	0.0366050449	12.4122558072	0.0442779799
68.5961538462	12.4065498768	0.0373041926	12.4131136914	0.0449408857
68.6153846154	12.4073026800	0.0379975856	12.4139842608	0.0455972301
68.6346153846	12.4080691618	0.0386851069	12.4148673883	0.0462469175
68.6538461538	12.4088492114	0.0393666384	12.4157629451	0.0468898528
68.6730769231	12.4096427154	0.0400420619	12.4166708003	0.0475259424
68.6923076923	12.4104495584	0.0407112587	12.4175908215	0.0481550932
68.7115384615	12.4112696224	0.0413741106	12.4185228742	0.0487772134
68.7307692308	12.4121027873	0.0420304999	12.4194668225	0.0493922123
68.7500000000	12.4129489307	0.0426803094	12.4204225285	0.0500000000
68.7692307692	12.4138079277	0.0433234237	12.4213898526	0.0506004878
68.7884615385	12.4146796515	0.0439597283	12.4223686537	0.0511935880
68.8076923077	12.4155639725	0.0445891113	12.4233587888	0.0517792140
68.8269230769	12.4164607594	0.0452114627	12.4243601135	0.0523572803
68.8461538462	12.4173698782	0.0458266753	12.4253724814	0.0529277026
68.8653846154	12.4182911930	0.0464346451	12.4263957448	0.0534903975
68.8846153846	12.4192245656	0.0470352713	12.4274297543	0.0540452829
68.9038461538	12.4201698556	0.0476284572	12.4284743590	0.0545922778
68.9230769231	12.4211269207	0.0482141098	12.4295294062	0.0551313023
68.9423076923	12.4220956163	0.0487921410	12.4305947421	0.0556622777
68.9615384615	12.4230757959	0.0493624670	12.4316702110	0.0561851266
68.9807692308	12.4240673110	0.0499250094	12.4327556559	0.0566997725
69.0000000000	12.4250700112	0.0504796948	12.4338509184	0.0572061403
69.0192307692	12.4260837440	0.0510264553	12.4349558385	0.0577041561
69.0384615385	12.4271083555	0.0515652289	12.4360702550	0.0581937472
69.0576923077	12.4281436895	0.0520959590	12.4371940051	0.0586748422
69.0769230769	12.4291895886	0.0526185954	12.4383269248	0.0591473707
69.0961538462	12.4302458934	0.0531330935	12.4394688486	0.0596112638
69.1153846154	12.4313124431	0.0536394149	12.4406196099	0.0600664537
69.1346153846	12.4323890752	0.0541375274	12.4417790406	0.0605128741
69.1538461538	12.4334756258	0.0546274046	12.4429469715	0.0609504597
69.1730769231	12.4345719298	0.0551090261	12.4441232320	0.0613791466
69.1923076923	12.4356778204	0.0555823774	12.4453076505	0.0617988722
69.2115384615	12.4367931298	0.0560474494	12.4465000539	0.0622095754
69.2307692308	12.4379176889	0.0565042386	12.4477002682	0.0626111960
69.2500000000	12.4390513274	0.0569527468	12.4489081182	0.0630036755
69.2692307692	12.4401938739	0.0573929804	12.4501234275	0.0633869566
69.2884615385	12.4413451561	0.0578249507	12.4513460188	0.0637609833
69.3076923077	12.4425050005	0.0582486732	12.4525757134	0.0641257010
69.3269230769	12.4436732329	0.0586641671	12.4538123319	0.0644810565
69.3461538462	12.4448496782	0.0590714553	12.4550556937	0.0648269978
69.3653846154	12.4460341602	0.0594705636	12.4563056173	0.0651634745
69.3846153846	12.4472265023	0.0598615204	12.4575619202	0.0654904375
69.4038461538	12.4484265269	0.0602443562	12.4588244189	0.0658078389
69.4230769231	12.4496340559	0.0606191031	12.4600929293	0.0661156326
69.4423076923	12.4508489104	0.0609857946	12.4613672660	0.0664137734
69.4615384615	12.4520709110	0.0613444643	12.4626472430	0.0667022180
69.4807692308	12.4532998776	0.0616951462	12.4639326735	0.0669809241
69.5000000000	12.4545356296	0.0620378740	12.4652233697	0.0672498512
69.5192307692	12.4557779860	0.0623726802	12.4665191433	0.0675089599
69.5384615385	12.4570267650	0.0626995960	12.4678198050	0.0677582124
69.5576923077	12.4582817846	0.0630186506	12.4691251650	0.0679975723
69.5769230769	12.4595428621	0.0633298709	12.4704350326	0.0682270047
69.5961538462	12.4608098146	0.0636332807	12.4717492167	0.0684464760
69.6153846154	12.4620824584	0.0639289008	12.4730675253	0.0686559543
69.6346153846	12.4633606097	0.0642167482	12.4743897661	0.0688554090
69.6538461538	12.4646440840	0.0644968355	12.4757157459	0.0690448108
69.6730769231	12.4659326965	0.0647691712	12.4770452711	0.0692241323
69.6923076923	12.4672262620	0.0650337589	12.4783781477	0.0693933471
69.7115384615	12.4685245947	0.0652905971	12.4797141810	0.0695524306
69.7307692308	12.4698275085	0.0655396790	12.4810531761	0.0697013596
69.7500000000	12.4711348169	0.0657809924	12.4823949373	0.0698401123
69.7692307692	12.4724463327	0.0660145193	12.4837392689	0.0699686685
69.7884615385	12.4737618685	0.0662402360	12.4850859745	0.0700870094
69.8076923077	12.4750812363	0.0664581129	12.4864348575	0.0701951177
69.8269230769	12.4764042478	0.0666681145	12.4877857210	0.0702929776
69.8461538462	12.4777307140	0.0668701994	12.4891383678	0.0703805748
69.8653846154	12.4790604455	0.0670643205	12.4904926003	0.0704578967
69.8846153846	12.4803932525	0.0672504248	12.4918482209	0.0705249318
69.9038461538	12.4817289446	0.0674284538	12.4932050317	0.0705816703
69.9230769231	12.4830673310	0.0675983436	12.4945628345	0.0706281041
69.9423076923	12.4844082204	0.0677600252	12.4959214311	0.0706642263
69.9615384615	12.4857514208	0.0679134246	12.4972806232	0.0706900316
69.9807692308	12.4870967401	0.0680584633	12.4986402124	0.0707055163
70.0000000000	12.4884439853	0.0681950583	12.5000000000	0.0707106781
70.0192307692	12.4897929633	0.0683231228	12.5013597876	0.0707055163
70.0384615385	12.4911434801	0.0684425666	12.5027193768	0.0706900316
70.0576923077	12.4924953416	0.0685532961	12.5040785689	0.0706642263
70.0769230769	12.4938483530	0.0686552154	12.5054371655	0.0706281041
70.0961538462	12.4952023194	0.0687482259	12.5067949683	0.0705816703
70.1153846154	12.4965570451	0.0688322277	12.5081517791	0.0705249318
70.1346153846	12.4979123342	0.0689071193	12.5095073997	0.0704578967
70.1538461538	12.4992679904	0.0689727984	12.5108616322	0.0703805748
70.1730769231	12.5006238172	0.0690291626	12.5122142790	0.0702929776
70.1923076923	12.5019796175	0.0690761095	12.5135651425	0.0701951177
70.2115384615	12.5033351941	0.0691135375	12.5149140255	0.0700870094
70.2307692308	12.5046903496	0.0691413460	12.5162607311	0.0699686685
70.2500000000	12.5060448862	0.0691594362	12.5176050627	0.0698401123
70.2692307692	12.5073986063	0.0691677112	12.5189468239	0.0697013596
70.2884615385	12.5087513117	0.0691660768	12.5202858190	0.0695524306
70.3076923077	12.5101028045	0.0691544415	12.5216218523	0.0693933471
70.3269230769	12.5114528865	0.0691327173	12.5229547289	0.0692241323
70.3461538462	12.5128013597	0.0691008199	12.5242842541	0.0690448108
70.3653846154	12.5141480261	0.0690586692	12.5256102339	0.0688554090
70.3846153846	12.5154926878	0.0690061893	12.5269324747	0.0686559543
70.4038461538	12.5168351471	0.0689433090	12.5282507833	0.0684464760
70.4230769231	12.5181752063	0.0688699621	12.5295649674	0.0682270047
70.4423076923	12.5195126683	0.0687860877	12.5308748350	0.0679975723
70.4615384615	12.5208473360	0.0686916301	12.5321801950	0.0677582124
70.4807692308	12.5221790129	0.0685865393	12.5334808567	0.0675089599
70.5000000000	12.5235075029	0.0684707708	12.5347766303	0.0672498512
70.5192307692	12.5248326101	0.0683442862	12.5360673265	0.0669809241
70.5384615385	12.5261541394	0.0682070525	12.5373527570	0.0667022180
70.5576923077	12.5274718962	0.0680590430	12.5386327340	0.0664137734
70.5769230769	12.5287856864	0.0679002367	12.5399070707	0.0661156326
70.5961538462	12.5300953168	0.0677306185	12.5411755811	0.0658078389
70.6153846154	12.5314005948	0.0675501791	12.5424380798	0.0654904375
70.6346153846	12.5327013283	0.0673589149	12.5436943827	0.0651634745
70.6538461538	12.5339973264	0.0671568281	12.5449443063	0.0648269978
70.6730769231	12.5352883988	0.0669439263	12.5461876681	0.0644810565
70.6923076923	12.5365743562	0.0667202224	12.5474242866	0.0641257010
70.7115384615	12.5378550102	0.0664857346	12.5486539812	0.0637609833
70.7307692308	12.5391301732	0.0662404862	12.5498765725	0.0633869566
70.7500000000	12.5403996589	0.0659845052	12.5510918818	0.0630036755
70.7692307692	12.5416632816	0.0657178243	12.5522997318	0.0626111960
70.7884615385	12.5429208571	0.0654404806	12.5534999461	0.0622095754
70.8076923077	12.5441722021	0.0651525154	12.5546923495	0.0617988722
70.8269230769	12.5454171342	0.0648539742	12.5558767680	0.0613791466
70.8461538462	12.5466554724	0.0645449061	12.5570530285	0.0609504597
70.8653846154	12.5478870368	0.0642253638	12.5582209594	0.0605128741
70.8846153846	12.5491116487	0.0638954035	12.5593803901	0.0600664537
70.9038461538	12.5503291306	0.0635550844	12.5605311514	0.0596112638
70.9230769231	12.5515393061	0.0632044689	12.5616730752	0.0591473707
70.9423076923	12.5527420002	0.0628436220	12.5628059949	0.0586748422
70.9615384615	12.5539370391	0.0624726115	12.5639297450	0.0581937472
70.9807692308	12.5551242503	0.0620915077	12.5650441615	0.0577041561
71.0000000000	12.5563034625	0.0617003830	12.5661490816	0.0572061403
71.0192307692	12.5574745059	0.0612993124	12.5672443441	0.0566997725
71.0384615385	12.5586372118	0.0608883727	12.5683297890	0.0561851266
71.0576923077	12.5597914130	0.0604676430	12.5694052579	0.0556622777
71.0769230769	12.5609369436	0.0600372042	12.5704705938	0.0551313023
71.0961538462	12.5620736391	0.0595971391	12.5715256410	0.0545922778
71.1153846154	12.5632013364	0.0591475325	12.5725702457	0.0540452829
71.1346153846	12.5643198736	0.0586884710	12.5736042552	0.0534903975
71.1538461538	12.5654290906	0.0582200431	12.5746275186	0.0529277026
71.1730769231	12.5665288284	0.0577423390	12.5756398865	0.0523572803
71.1923076923	12.5676189296	0.0572554509	12.5766412112	0.0517792140
71.2115384615	12.5686992384	0.0567594730	12.5776313463	0.0511935880
71.2307692308	12.5697696001	0.0562545014	12.5786101474	0.0506004878
71.2500000000	12.5708298619	0.0557406340	12.5795774715	0.0500000000
71.2692307692	12.5718798723	0.0552179712	12.5805331775	0.0493922123
71.2884615385	12.5729194816	0.0546866153	12.5814771258	0.0487772134
71.3076923077	12.5739485414	0.0541466707	12.5824091785	0.0481550932
71.3269230769	12.5749669050	0.0535982443	12.5833291997	0.0475259424
71.3461538462	12.5759744274	0.0530414454	12.5842370549	0.0468898528
71.3653846154	12.5769709653	0.0524763855	12.5851326117	0.0462469175
71.3846153846	12.5779563767	0.0519031786	12.5860157392	0.0455972301
71.4038461538	12.5789305218	0.0513219414	12.5868863086	0.0449408857
71.4230769231	12.5798932622	0.0507327930	12.5877441928	0.0442779799
71.4423076923	12.5808444614	0.0501358552	12.5885892664	0.0436086097
71.4615384615	12.5817839846	0.0495312523	12.5894214062	0.0429328727
71.4807692308	12.5827116988	0.0489191112	12.5902404906	0.0422508675
71.5000000000	12.5836274730	0.0482995616	12.5910464000	0.0415626938
71.5192307692	12.5845311778	0.0476727354	12.5918390168	0.0408684520
71.5384615385	12.5854226860	0.0470387672	12.5926182253	0.0401682435
71.5576923077	12.5863018720	0.0463977940	12.5933839117	0.0394621704
71.5769230769	12.5871686123	0.0457499551	12.5941359642	0.0387503360
71.5961538462	12.5880227854	0.0450953918	12.5948742729	0.0380328441
71.6153846154	12.5888642717	0.0444342478	12.5955987303	0.0373097995
71.6346153846	12.5896929536	0.0437666684	12.5963092303	0.0365813077
71.6538461538	12.5905087157	0.0430928007	12.5970056694	0.0358474750
71.6730769231	12.5913114443	0.0424127932	12.5976879458	0.0351084088
71.6923076923	12.5921010281	0.0417267958	12.5983559599	0.0343642167
71.7115384615	12.5928773578	0.0410349593	12.5990096143	0.0336150075
71.7307692308	12.5936403260	0.0403374354	12.5996488134	0.0328608906
71.7500000000	12.5943898276	0.0396343761	12.6002734639	0.0321019761
71.7692307692	12.5951257594	0.0389259338	12.6008834747	0.0313383747
71.7884615385	12.5958480207	0.0382122606	12.6014787567	0.0305701980
71.8076923077	12.5965565125	0.0374935083	12.6020592230	0.0297975581
71.8269230769	12.5972511380	0.0367698279	12.6026247888	0.0290205678
71.8461538462	12.5979318028	0.0360413695	12.6031753715	0.0282393405
71.8653846154	12.5985984142	0.0353082816	12.6037108908	0.0274539904
71.8846153846	12.5992508820	0.0345707113	12.6042312685	0.0266646320
71.9038461538	12.5998891178	0.0338288034	12.6047364286	0.0258713806
71.9230769231	12.6005130355	0.0330827005	12.6052262974	0.0250743520
71.9423076923	12.6011225509	0.0323325427	12.6057008033	0.0242736627
71.9615384615	12.6017175820	0.0315784670	12.6061598771	0.0234694294
71.9807692308	12.6022980488	0.0308206076	12.6066034517	0.0226617696
72.0000000000	12.6028638734	0.0300590948	12.6070314624	0.0218508012
72.0192307692	12.6034149797	0.0292940558	12.6074438467	0.0210366427
72.0384615385	12.6039512940	0.0285256136	12.6078405444	0.0202194128
72.0576923077	12.6044727442	0.0277538874	12.6082214975	0.0193992310
72.0769230769	12.6049792603	0.0269789921	12.6085866505	0.0185762169
72.0961538462	12.6054707744	0.0262010386	12.6089359500	0.0177504907
72.1153846154	12.6059472202	0.0254201331	12.6092693450	0.0169221729
72.1346153846	12.6064085337	0.0246363778	12.6095867869	0.0160913846
72.1538461538	12.6068546525	0.0238498703	12.6098882294	0.0152582469
72.1730769231	12.6072855161	0.0230607039	12.6101736283	0.0144228815
72.1923076923	12.6077010659	0.0222689675	12.6104429421	0.0135854105
72.2115384615	12.6081012453	0.0214747459	12.6106961314	0.0127459560
72.2307692308	12.6084859992	0.0206781197	12.6109331592	0.0119046406
72.2500000000	12.6088552746	0.0198791658	12.6111539910	0.0110615871
72.2692307692	12.6092090201	0.0190779573	12.6113585945	0.0102169187
72.2884615385	12.6095471862	0.0182745637	12.6115469399	0.0093707586
72.3076923077	12.6098697253	0.0174690514	12.6117189996	0.0085232304
72.3269230769	12.6101765912	0.0166614840	12.6118747485	0.0076744578
72.3461538462	12.6104677400	0.0158519224	12.6120141638	0.0068245648
72.3653846154	12.6107431293	0.0150404254	12.6121372253	0.0059736754
72.3846153846	12.6110027185	0.0142270498	12.6122439150	0.0051219138
72.4038461538	12.6112464687	0.0134118512	12.6123342172	0.0042694045
72.4230769231	12.6114743432	0.0125948838	12.6124081189	0.0034162718
72.4423076923	12.6116863067	0.0117762016	12.6124656091	0.0025626404
72.4615384615	12.6118823261	0.0109558581	12.6125066796	0.0017086348
72.4807692308	12.6120623699	0.0101339074	12.6125313242	0.0008543798
72.5000000000	12.6122264087	0.0093104040	12.6125395395	-0.0000000000
72.5192307692	12.6123744148	0.0084854036	12.6125313242	-0.0008543798
72.5384615385	12.6125063627	0.0076589638	12.6125066796	-0.0017086348
72.5576923077	12.6126222286	0.0068311438	12.6124656091	-0.0025626404
72.5769230769	12.6127219911	0.0060020054	12.6124081189	-0.0034162718
72.5961538462	12.6128056304	0.0051716134	12.6123342172	-0.0042694045
72.6153846154	12.6128731291	0.0043400356	12.6122439150	-0.0051219138
72.6346153846	12.6129244718	0.0035073433	12.6121372253	-0.0059736754
72.6538461538	12.6129596453	0.0026736119	12.6120141638	-0.0068245648
72.6730769231	12.6129786386	0.0018389207	12.6118747485	-0.0076744578
72.6923076923	12.6129814430	0.0010033537	12.6117189996	-0.0085232304
72.7115384615	12.6129680519	0.0001669992	12.6115469399	-0.0093707586
72.7307692308	12.6129384612	-0.0006700492	12.6113585945	-0.0102169187
72.7500000000	12.6128926692	-0.0015076934	12.6111539910	-0.0110615871
72.7692307692	12.6128306764	-0.0023458299	12.6109331592	-0.0119046406
72.7884615385	12.6127524859	-0.0031843502	12.6106961314	-0.0127459560
72.8076923077	12.6126581033	-0.0040231405	12.6104429421	-0.0135854105
72.8269230769	12.6125475367	-0.0048620821	12.6101736283	-0.0144228815
72.8461538462	12.6124207966	-0.0057010511	12.6098882294	-0.0152582469
72.8653846154	12.6122778962	-0.0065399186	12.6095867869	-0.0160913846
72.8846153846	12.6121188514	-0.0073785510	12.6092693450	-0.0169221729
72.9038461538	12.6119436805	-0.0082168102	12.6089359500	-0.0177504907
72.9230769231	12.6117524047	-0.0090545536	12.6085866505	-0.0185762169
72.9423076923	12.6115450477	-0.0098916345	12.6082214975	-0.0193992310
72.9615384615	12.6113216359	-0.0107279027	12.6078405444	-0.0202194128
72.9807692308	12.6110821984	-0.0115632044	12.6074438467	-0.0210366427
73.0000000000	12.6108267671	-0.0123973828	12.6070314624	-0.0218508012
73.0192307692	12.6105553765	-0.0132302785	12.6066034517	-0.0226617696
73.0384615385	12.6102680637	-0.0140617300	12.6061598771	-0.0234694294
73.0576923077	12.6099648687	-0.0148915740	12.6057008033	-0.0242736627
73.0769230769	12.6096458342	-0.0157196459	12.6052262974	-0.0250743520
73.0961538462	12.6093110052	-0.0165457803	12.6047364286	-0.0258713806
73.1153846154	12.6089604298	-0.0173698117	12.6042312685	-0.0266646320
73.1346153846	12.6085941584	-0.0181915745	12.6037108908	-0.0274539904
73.1538461538	12.6082122441	-0.0190109040	12.6031753715	-0.0282393405
73.1730769231	12.6078147428	-0.0198276366	12.6026247888	-0.0290205678
73.1923076923	12.6074017125	-0.0206416103	12.6020592230	-0.0297975581
73.2115384615	12.6069732141	-0.0214526654	12.6014787567	-0.0305701980
73.2307692308	12.6065293107	-0.0222606446	12.6008834747	-0.0313383747
73.2500000000	12.6060700679	-0.0230653937	12.6002734639	-0.0321019761
73.2692307692	12.6055955537	-0.0238667617	12.5996488134	-0.0328608906
73.2884615385	12.6051058384	-0.0246646015	12.5990096143	-0.0336150075
73.3076923077	12.6046009947	-0.0254587703	12.5983559599	-0.0343642167
73.3269230769	12.6040810973	-0.0262491295	12.5976879458	-0.0351084088
73.3461538462	12.6035462234	-0.0270355452	12.5970056694	-0.0358474750
73.3653846154	12.6029964520	-0.0278178885	12.5963092303	-0.0365813077
73.3846153846	12.6024318645	-0.0285960357	12.5955987303	-0.0373097995
73.4038461538	12.6018525441	-0.0293698682	12.5948742729	-0.0380328441
73.4230769231	12.6012585762	-0.0301392730	12.5941359642	-0.0387503360
73.4423076923	12.6006500479	-0.0309041423	12.5933839117	-0.0394621704
73.4615384615	12.6000270485	-0.0316643741	12.5926182253	-0.0401682435
73.4807692308	12.5993896689	-0.0324198716	12.5918390168	-0.0408684520
73.5000000000	12.5987380019	-0.0331705433	12.5910464000	-0.0415626938
73.5192307692	12.5980721423	-0.0339163033	12.5902404906	-0.0422508675
73.5384615385	12.5973921862	-0.0346570705	12.5894214062	-0.0429328727
73.5576923077	12.5966982318	-0.0353927688	12.5885892664	-0.0436086097
73.5769230769	12.5959903789	-0.0361233268	12.5877441928	-0.0442779799
73.5961538462	12.5952687287	-0.0368486777	12.5868863086	-0.0449408857
73.6153846154	12.5945333844	-0.0375687584	12.5860157392	-0.0455972301
73.6346153846	12.5937844505	-0.0382835098	12.5851326117	-0.0462469175
73.6538461538	12.5930220333	-0.0389928764	12.5842370549	-0.0468898528
73.6730769231	12.5922462405	-0.0396968054	12.5833291997	-0.0475259424
73.6923076923	12.5914571816	-0.0403952469	12.5824091785	-0.0481550932
73.7115384615	12.5906549675	-0.0410881530	12.5814771258	-0.0487772134
73.7307692308	12.5898397106	-0.0417754776	12.5805331775	-0.0493922123
73.7500000000	12.5890115251	-0.0424571762	12.5795774715	-0.0500000000
73.7692307692	12.5881705265	-0.0431332049	12.5786101474	-0.0506004878
73.7884615385	12.5873168321	-0.0438035205	12.5776313463	-0.0511935880
73.8076923077	12.5864505607	-0.0444680795	12.5766412112	-0.0517792140
73.8269230769	12.5855718327	-0.0451268384	12.5756398865	-0.0523572803
73.8461538462	12.5846807700	-0.0457797526	12.5746275186	-0.0529277026
73.8653846154	12.5837774964	-0.0464267763	12.5736042552	-0.0534903975
73.8846153846	12.5828621370	-0.0470678622	12.5725702457	-0.0540452829
73.9038461538	12.5819348190	-0.0477029609	12.5715256410	-0.0545922778
73.9230769231	12.5809956709	-0.0483320209	12.5704705938	-0.0551313023
73.9423076923	12.5800448231	-0.0489549879	12.5694052579	-0.0556622777
73.9615384615	12.5790824077	-0.0495718048	12.5683297890	-0.0561851266
73.9807692308	12.5781085586	-0.0501824115	12.5672443441	-0.0566997725
74.0000000000	12.5771234114	-0.0507867444	12.5661490816	-0.0572061403
74.0192307692	12.5761271037	-0.0513847367	12.5650441615	-0.0577041561
74.0384615385	12.5751197746	-0.0519763178	12.5639297450	-0.0581937472
74.0576923077	12.5741015652	-0.0525614134	12.5628059949	-0.0586748422
74.0769230769	12.5730726187	-0.0531399458	12.5616730752	-0.0591473707
74.0961538462	12.5720330796	-0.0537118333	12.5605311514	-0.0596112638
74.1153846154	12.5709830949	-0.0542769906	12.5593803901	-0.0600664537
74.1346153846	12.5699228130	-0.0548353289	12.5582209594	-0.0605128741
74.1538461538	12.5688523845	-0.0553867558	12.5570530285	-0.0609504597
74.1730769231	12.5677719618	-0.0559311757	12.5558767680	-0.0613791466
74.1923076923	12.5666816990	-0.0564684899	12.5546923495	-0.0617988722
74.2115384615	12.5655817524	-0.0569985966	12.5534999461	-0.0622095754
74.2307692308	12.5644722800	-0.0575213917	12.5522997318	-0.0626111960
74.2500000000	12.5633534417	-0.0580367685	12.5510918818	-0.0630036755
74.2692307692	12.5622253992	-0.0585446184	12.5498765725	-0.0633869566
74.2884615385	12.5610883159	-0.0590448308	12.5486539812	-0.0637609833
74.3076923077	12.5599423574	-0.0595372943	12.5474242866	-0.0641257010
74.3269230769	12.5587876906	-0.0600218959	12.5461876681	-0.0644810565
74.3461538462	12.5576244843	-0.0604985226	12.5449443063	-0.0648269978
74.3653846154	12.5564529091	-0.0609670607	12.5436943827	-0.0651634745
74.3846153846	12.5552731371	-0.0614273971	12.5424380798	-0.0654904375
74.4038461538	12.5540853421	-0.0618794190	12.5411755811	-0.0658078389
74.4230769231	12.5528896992	-0.0623230148	12.5399070707	-0.0661156326
74.4423076923	12.5516863852	-0.0627580741	12.5386327340	-0.0664137734
74.4615384615	12.5504755784	-0.0631844883	12.5373527570	-0.0667022180
74.4807692308	12.5492574584	-0.0636021512	12.5360673265	-0.0669809241
74.5000000000	12.5480322059	-0.0640109587	12.5347766303	-0.0672498512
74.5192307692	12.5468000032	-0.0644108098	12.5334808567	-0.0675089599
74.5384615385	12.5455610335	-0.0648016064	12.5321801950	-0.0677582124
74.5576923077	12.5443154813	-0.0651832540	12.5308748350	-0.0679975723
74.5769230769	12.5430635320	-0.0655556615	12.5295649674	-0.0682270047
74.5961538462	12.5418053722	-0.0659187420	12.5282507833	-0.0684464760
74.6153846154	12.5405411892	-0.0662724125	12.5269324747	-0.0686559543
74.6346153846	12.5392711711	-0.0666165942	12.5256102339	-0.0688554090
74.6538461538	12.5379955071	-0.0669512127	12.5242842541	-0.0690448108
74.6730769231	12.5367143867	-0.0672761980	12.5229547289	-0.0692241323
74.6923076923	12.5354280004	-0.0675914847	12.5216218523	-0.0693933471
74.7115384615	12.5341365391	-0.0678970117	12.5202858190	-0.0695524306
74.7307692308	12.5328401942	-0.0681927227	12.5189468239	-0.0697013596
74.7500000000	12.5315391576	-0.0684785655	12.5176050627	-0.0698401123
74.7692307692	12.5302336216	-0.0687544924	12.5162607311	-0.0699686685
74.7884615385	12.5289237789	-0.0690204598	12.5149140255	-0.0700870094
74.8076923077	12.5276098225	-0.0692764283	12.5135651425	-0.0701951177
74.8269230769	12.5262919455	-0.0695223622	12.5122142790	-0.0702929776
74.8461538462	12.5249703414	-0.0697582294	12.5108616322	-0.0703805748
74.8653846154	12.5236452037	-0.0699840014	12.5095073997	-0.0704578967
74.8846153846	12.5223167261	-0.0701996525	12.5081517791	-0.0705249318
74.9038461538	12.5209851025	-0.0704051602	12.5067949683	-0.0705816703
74.9230769231	12.5196505266	-0.0706005041	12.5054371655	-0.0706281041
74.9423076923	12.5183131925	-0.0707856663	12.5040785689	-0.0706642263
74.9615384615	12.5169732940	-0.0709606306	12.5027193768	-0.0706900316
74.9807692308	12.5156310251	-0.0711253824	12.5013597876	-0.0707055163
75.0000000000	12.5142865797	-0.0712799081	12.5000000000	-0.0707106781
75.0192307692	12.5129401516	-0.0714241952	12.4986402124	-0.0707055163
75.0384615385	12.5115919348	-0.0715582315	12.4972806232	-0.0706900316
75.0576923077	12.5102421230	-0.0716820048	12.4959214311	-0.0706642263
75.0769230769	12.5088909101	-0.0717955029	12.4945628345	-0.0706281041
75.0961538462	12.5075384897	-0.0718987131	12.4932050317	-0.0705816703
75.1153846154	12.5061850557	-0.0719916218	12.4918482209	-0.0705249318
75.1346153846	12.5048308016	-0.0720742143	12.4904926003	-0.0704578967
75.1538461538	12.5034759212	-0.0721464747	12.4891383678	-0.0703805748
75.1730769231	12.5021206080	-0.0722083852	12.4877857210	-0.0702929776
75.1923076923	12.5007650558	-0.0722599267	12.4864348575	-0.0701951177
75.2115384615	12.4994094582	-0.0723010777	12.4850859745	-0.0700870094
75.2307692308	12.4980540088	-0.0723318148	12.4837392689	-0.0699686685
75.2500000000	12.4966989013	-0.0723521124	12.4823949373	-0.0698401123
75.2692307692	12.4953443295	-0.0723619425	12.4810531761	-0.0697013596
75.2884615385	12.4939904871	-0.0723612749	12.4797141810	-0.0695524306
75.3076923077	12.4926375679	-0.0723500769	12.4783781477	-0.0693933471
75.3269230769	12.4912857659	-0.0723283138	12.4770452711	-0.0692241323
75.3461538462	12.4899352749	-0.0722959484	12.4757157459	-0.0690448108
75.3653846154	12.4885862889	-0.0722529414	12.4743897661	-0.0688554090
75.3846153846	12.4872390021	-0.0721992518	12.4730675253	-0.0686559543
75.4038461538	12.4858936085	-0.0721348365	12.4717492167	-0.0684464760
75.4230769231	12.4845503024	-0.0720596510	12.4704350326	-0.0682270047
75.4423076923	12.4832092780	-0.0719736494	12.4691251650	-0.0679975723
75.4615384615	12.4818707296	-0.0718767849	12.4678198050	-0.0677582124
75.4807692308	12.4805348515	-0.0717690096	12.4665191433	-0.0675089599
75.5000000000	12.4792018380	-0.0716502756	12.4652233697	-0.0672498512
75.5192307692	12.4778718833	-0.0715205348	12.4639326735	-0.0669809241
75.5384615385	12.4765451819	-0.0713797392	12.4626472430	-0.0667022180
75.5576923077	12.4752219278	-0.0712278419	12.4613672660	-0.0664137734
75.5769230769	12.4739023151	-0.0710647969	12.4600929293	-0.0661156326
75.5961538462	12.4725865377	-0.0708905597	12.4588244189	-0.0658078389
75.6153846154	12.4712747895	-0.0707050879	12.4575619202	-0.0654904375
75.6346153846	12.4699672639	-0.0705083415	12.4563056173	-0.0651634745
75.6538461538	12.4686641543	-0.0703002833	12.4550556937	-0.0648269978
75.6730769231	12.4673656535	-0.0700808794	12.4538123319	-0.0644810565
75.6923076923	12.4660719542	-0.0698500997	12.4525757134	-0.0641257010
75.7115384615	12.4647832485	-0.0696079181	12.4513460188	-0.0637609833
75.7307692308	12.4634997281	-0.0693543130	12.4501234275	-0.0633869566
75.7500000000	12.4622215841	-0.0690892679	12.4489081182	-0.0630036755
75.7692307692	12.4609490070	-0.0688127714	12.4477002682	-0.0626111960
75.7884615385	12.4596821866	-0.0685248180	12.4465000539	-0.0622095754
75.8076923077	12.4584213122	-0.0682254079	12.4453076505	-0.0617988722
75.8269230769	12.4571665721	-0.0679145477	12.4441232320	-0.0613791466
75.8461538462	12.4559181536	-0.0675922506	12.4429469715	-0.0609504597
75.8653846154	12.4546762435	-0.0672585365	12.4417790406	-0.0605128741
75.8846153846	12.4534410272	-0.0669134323	12.4406196099	-0.0600664537
75.9038461538	12.4522126892	-0.0665569720	12.4394688486	-0.0596112638
75.9230769231	12.4509914130	-0.0661891970	12.4383269248	-0.0591473707
75.9423076923	12.4497773808	-0.0658101560	12.4371940051	-0.0586748422
75.9615384615	12.4485707736	-0.0654199052	12.4360702550	-0.0581937472
75.9807692308	12.4473717710	-0.0650185084	12.4349558385	-0.0577041561
76.0000000000	12.4461805515	-0.0646060365	12.4338509184	-0.0572061403
76.0192307692	12.4449972919	-0.0641825681	12.4327556559	-0.0566997725
76.0384615385	12.4438221677	-0.0637481891	12.4316702110	-0.0561851266
76.0576923077	12.4426553530	-0.0633029925	12.4305947421	-0.0556622777
76.0769230769	12.4414970202	-0.0628470783	12.4295294062	-0.0551313023
76.0961538462	12.4403473400	-0.0623805534	12.4284743590	-0.0545922778
76.1153846154	12.4392064818	-0.0619035313	12.4274297543	-0.0540452829
76.1346153846	12.4380746131	-0.0614161318	12.4263957448	-0.0534903975
76.1538461538	12.4369518998	-0.0609184809	12.4253724814	-0.0529277026
76.1730769231	12.4358385060	-0.0604107102	12.4243601135	-0.0523572803
76.1923076923	12.4347345942	-0.0598929569	12.4233587888	-0.0517792140
76.2115384615	12.4336403250	-0.0593653630	12.4223686537	-0.0511935880
76.2307692308	12.4325558574	-0.0588280755	12.4213898526	-0.0506004878
76.2500000000	12.4314813483	-0.0582812455	12.4204225285	-0.0500000000
76.2692307692	12.4304169532	-0.0577250281	12.4194668225	-0.0493922123
76.2884615385	12.4293628254	-0.0571595820	12.4185228742	-0.0487772134
76.3076923077	12.4283191168	-0.0565850688	12.4175908215	-0.0481550932
76.3269230769	12.4272859772	-0.0560016530	12.4166708003	-0.0475259424
76.3461538462	12.4262635546	-0.0554095013	12.4157629451	-0.0468898528
76.3653846154	12.4252519954	-0.0548087822	12.4148673883	-0.0462469175
76.3846153846	12.4242514442	-0.0541996658	12.4139842608	-0.0455972301
76.4038461538	12.4232620435	-0.0535823230	12.4131136914	-0.0449408857
76.4230769231	12.4222839343	-0.0529569258	12.4122558072	-0.0442779799
76.4423076923	12.4213172559	-0.0523236460	12.4114107336	-0.0436086097
76.4615384615	12.4203621458	-0.0516826559	12.4105785938	-0.0429328727
76.4807692308	12.4194187395	-0.0510341269	12.4097595094	-0.0422508675
76.5000000000	12.4184871713	-0.0503782302	12.4089536000	-0.0415626938
76.5192307692	12.4175675732	-0.0497151356	12.4081609832	-0.0408684520
76.5384615385	12.4166600761	-0.0490450120	12.4073817747	-0.0401682435
76.5576923077	12.4157648088	-0.0483680265	12.4066160883	-0.0394621704
76.5769230769	12.4148818985	-0.0476843446	12.4058640358	-0.0387503360
76.5961538462	12.4140114710	-0.0469941300	12.4051257271	-0.0380328441
76.6153846154	12.4131536502	-0.0462975441	12.4044012697	-0.0373097995
76.6346153846	12.4123085585	-0.0455947463	12.4036907697	-0.0365813077
76.6538461538	12.4114763165	-0.0448858936	12.4029943306	-0.0358474750
76.6730769231	12.4106570433	-0.0441711405	12.4023120542	-0.0351084088
76.6923076923	12.4098508564	-0.0434506390	12.4016440401	-0.0343642167
76.7115384615	12.4090578717	-0.0427245389	12.4009903857	-0.0336150075
76.7307692308	12.4082782032	-0.0419929870	12.4003511866	-0.0328608906
76.7500000000	12.4075119636	-0.0412561280	12.3997265361	-0.0321019761
76.7692307692	12.4067592637	-0.0405141039	12.3991165253	-0.0313383747
76.7884615385	12.4060202128	-0.0397670545	12.3985212433	-0.0305701980
76.8076923077	12.4052949183	-0.0390151169	12.3979407770	-0.0297975581
76.8269230769	12.4045834861	-0.0382584262	12.3973752112	-0.0290205678
76.8461538462	12.4038860203	-0.0374971154	12.3968246285	-0.0282393405
76.8653846154	12.4032026233	-0.0367313153	12.3962891092	-0.0274539904
76.8846153846	12.4025333955	-0.0359611549	12.3957687315	-0.0266646320
76.9038461538	12.4018784359	-0.0351867614	12.3952635714	-0.0258713806
76.9230769231	12.4012378412	-0.0344082604	12.3947737026	-0.0250743520
76.9423076923	12.4006117065	-0.0336257759	12.3942991967	-0.0242736627
76.9615384615	12.4000001250	-0.0328394307	12.3938401229	-0.0234694294
76.9807692308	12.3994031879	-0.0320493465	12.3933965483	-0.0226617696
77.0000000000	12.3988209842	-0.0312556438	12.3929685376	-0.0218508012
77.0192307692	12.3982536013	-0.0304584423	12.3925561533	-0.0210366427
77.0384615385	12.3977011241	-0.0296578608	12.3921594556	-0.0202194128
77.0576923077	12.3971636357	-0.0288540179	12.3917785025	-0.0193992310
77.0769230769	12.3966412168	-0.0280470313	12.3914133495	-0.0185762169
77.0961538462	12.3961339461	-0.0272370184	12.3910640500	-0.0177504907
77.1153846154	12.3956418999	-0.0264240964	12.3907306550	-0.0169221729
77.1346153846	12.3951651525	-0.0256083824	12.3904132131	-0.0160913846
77.1538461538	12.3947037755	-0.0247899932	12.3901117706	-0.0152582469
77.1730769231	12.3942578385	-0.0239690457	12.3898263717	-0.0144228815
77.1923076923	12.3938274084	-0.0231456566	12.3895570579	-0.0135854105
77.2115384615	12.3934125500	-0.0223199429	12.3893038686	-0.0127459560
77.2307692308	12.3930133254	-0.0214920214	12.3890668408	-0.0119046406
77.2500000000	12.3926297942	-0.0206620092	12.3888460090	-0.0110615871
77.2692307692	12.3922620137	-0.0198300232	12.3886414055	-0.0102169187
77.2884615385	12.3919100386	-0.0189961804	12.3884530601	-0.0093707586
77.3076923077	12.3915739209	-0.0181605980	12.3882810004	-0.0085232304
77.3269230769	12.3912537102	-0.0173233927	12.3881252515	-0.0076744578
77.3461538462	12.3909494535	-0.0164846816	12.3879858362	-0.0068245648
77.3653846154	12.3906611952	-0.0156445811	12.3878627747	-0.0059736754
77.3846153846	12.3903889769	-0.0148032078	12.3877560850	-0.0051219138
77.4038461538	12.3901328380	-0.0139606777	12.3876657828	-0.0042694045
77.4230769231	12.3898928149	-0.0131171063	12.3875918811	-0.0034162718
77.4423076923	12.3896689418	-0.0122726089	12.3875343909	-0.0025626404
77.4615384615	12.3894612499	-0.0114272998	12.3874933204	-0.0017086348
77.4807692308	12.3892697682	-0.0105812929	12.3874686758	-0.0008543798
77.5000000000	12.3890945229	-0.0097347012	12.3874604605	-0.0000000000
77.5192307692	12.3889355378	-0.0088876368	12.3874686758	0.0008543798
77.5384615385	12.3887928341	-0.0080402108	12.3874933204	0.0017086348
77.5576923077	12.3886664304	-0.0071925333	12.3875343909	0.0025626404
77.5769230769	12.3885563432	-0.0063447134	12.3875918811	0.0034162718
77.5961538462	12.3884625862	-0.0054968589	12.3876657828	0.0042694045
77.6153846154	12.3883851707	-0.0046490764	12.3877560850	0.0051219138
77.6346153846	12.3883241059	-0.0038014712	12.3878627747	0.0059736754
77.6538461538	12.3882793982	-0.0029541474	12.3879858362	0.0068245648
77.6730769231	12.3882510522	-0.0021072079	12.3881252515	0.0076744578
77.6923076923	12.3882390698	-0.0012607542	12.3882810004	0.0085232304
77.7115384615	12.3882434508	-0.0004148865	12.3884530601	0.0093707586
77.7307692308	12.3882641928	0.0004302961	12.3886414055	0.0102169187
77.7500000000	12.3883012912	0.0012746958	12.3888460090	0.0110615871
77.7692307692	12.3883547391	0.0021182158	12.3890668408	0.0119046406
77.7884615385	12.3884245277	0.0029607604	12.3893038686	0.0127459560
77.8076923077	12.3885106459	0.0038022349	12.3895570579	0.0135854105
77.8269230769	12.3886130806	0.0046425452	12.3898263717	0.0144228815
77.8461538462	12.3887318167	0.0054815981	12.3901117706	0.0152582469
77.8653846154	12.3888668370	0.0063193010	12.3904132131	0.0160913846
77.8846153846	12.3890181223	0.0071555616	12.3907306550	0.0169221729
77.9038461538	12.3891856514	0.0079902878	12.3910640500	0.0177504907
77.9230769231	12.3893694012	0.0088233879	12.3914133495	0.0185762169
77.9423076923	12.3895693464	0.0096547698	12.3917785025	0.0193992310
77.9615384615	12.3897854600	0.0104843415	12.3921594556	0.0202194128
77.9807692308	12.3900177129	0.0113120103	12.3925561533	0.0210366427
78.0000000000	12.3902660741	0.0121376832	12.3929685376	0.0218508012
78.0192307692	12.3905305105	0.0129612661	12.3933965483	0.0226617696
78.0384615385	12.3908109872	0.0137826644	12.3938401229	0.0234694294
78.0576923077	12.3911074672	0.0146017820	12.3942991967	0.0242736627
78.0769230769	12.3914199116	0.0154185220	12.3947737026	0.0250743520
78.0961538462	12.3917482794	0.0162327856	12.3952635714	0.0258713806
78.1153846154	12.3920925276	0.0170444728	12.3957687315	0.0266646320
78.1346153846	12.3924526111	0.0178534821	12.3962891092	0.0274539904
78.1538461538	12.3928284829	0.0186597098	12.3968246285	0.0282393405
78.1730769231	12.3932200937	0.0194630508	12.3973752112	0.0290205678
78.1923076923	12.3936273922	0.0202633978	12.3979407770	0.0297975581
78.2115384615	12.3940503247	0.0210606417	12.3985212433	0.0305701980
78.2307692308	12.3944888357	0.0218546714	12.3991165253	0.0313383747
78.2500000000	12.3949428671	0.0226453738	12.3997265361	0.0321019761
78.2692307692	12.3954123588	0.0234326339	12.4003511866	0.0328608906
78.2884615385	12.3958972483	0.0242163346	12.4009903857	0.0336150075
78.3076923077	12.3963974706	0.0249963571	12.4016440401	0.0343642167
78.3269230769	12.3969129587	0.0257725809	12.4023120542	0.0351084088
78.3461538462	12.3974436430	0.0265448837	12.4029943306	0.0358474750
78.3653846154	12.3979894514	0.0273131417	12.4036907697	0.0365813077
78.3846153846	12.3985503095	0.0280772300	12.4044012697	0.0373097995
78.4038461538	12.3991261403	0.0288370222	12.4051257271	0.0380328441
78.4230769231	12.3997168644	0.0295923912	12.4058640358	0.0387503360
78.4423076923	12.4003223998	0.0303432091	12.4066160883	0.0394621704
78.4615384615	12.4009426620	0.0310893475	12.4073817747	0.0401682435
78.4807692308	12.4015775638	0.0318306779	12.4081609832	0.0408684520
78.5000000000	12.4022270156	0.0325670718	12.4089536000	0.0415626938
78.5192307692	12.4028909251	0.0332984011	12.4097595094	0.0422508675
78.5384615385	12.4035691974	0.0340245383	12.4105785938	0.0429328727
78.5576923077	12.4042617351	0.0347453569	12.4114107336	0.0436086097
78.5769230769	12.4049684380	0.0354607317	12.4122558072	0.0442779799
78.5961538462	12.4056892035	0.0361705391	12.4131136914	0.0449408857
78.6153846154	12.4064239264	0.0368746576	12.4139842608	0.0455972301
78.6346153846	12.4071724987	0.0375729678	12.4148673883	0.0462469175
78.6538461538	12.4079348103	0.0382653527	12.4157629451	0.0468898528
78.6730769231	12.4087107481	0.0389516984	12.4166708003	0.0475259424
78.6923076923	12.4095001968	0.0396318942	12.4175908215	0.0481550932
78.7115384615	12.4103030386	0.0403058326	12.4185228742	0.0487772134
78.7307692308	12.4111191532	0.0409734099	12.4194668225	0.0493922123
78.7500000000	12.4119484179	0.0416345265	12.4204225285	0.0500000000
78.7692307692	12.4127907077	0.0422890867	12.4213898526	0.0506004878
78.7884615385	12.4136458953	0.0429369993	12.4223686537	0.0511935880
78.8076923077	12.4145138512	0.0435781777	12.4233587888	0.0517792140
78.8269230769	12.4153944437	0.0442125398	12.4243601135	0.0523572803
78.8461538462	12.4162875389	0.0448400085	12.4253724814	0.0529277026
78.8653846154	12.4171930008	0.0454605114	12.4263957448	0.0534903975
78.8846153846	12.4181106915	0.0460739811	12.4274297543	0.0540452829
78.9038461538	12.4190404710	0.0466803553	12.4284743590	0.0545922778
78.9230769231	12.4199821976	0.0472795765	12.4295294062	0.0551313023
78.9423076923	12.4209357276	0.0478715922	12.4305947421	0.0556622777
78.9615384615	12.4219009156	0.0484563546	12.4316702110	0.0561851266
78.9807692308	12.4228776145	0.0490338207	12.4327556559	0.0566997725
79.0000000000	12.4238656756	0.0496039522	12.4338509184	0.0572061403
79.0192307692	12.4248649484	0.0501667150	12.4349558385	0.0577041561
79.0384615385	12.4258752813	0.0507220794	12.4360702550	0.0581937472
79.0576923077	12.4268965208	0.0512700194	12.4371940051	0.0586748422
79.0769230769	12.4279285124	0.0518105130	12.4383269248	0.0591473707
79.0961538462	12.4289711000	0.0523435415	12.4394688486	0.0596112638
79.1153846154	12.4300241263	0.0528690891	12.4406196099	0.0600664537
79.1346153846	12.4310874328	0.0533871432	12.4417790406	0.0605128741
79.1538461538	12.4321608599	0.0538976931	12.4429469715	0.0609504597
79.1730769231	12.4332442465	0.0544007305	12.4441232320	0.0613791466
79.1923076923	12.4343374310	0.0548962488	12.4453076505	0.0617988722
79.2115384615	12.4354402502	0.0553842424	12.4465000539	0.0622095754
79.2307692308	12.4365525402	0.0558647067	12.4477002682	0.0626111960
79.2500000000	12.4376741360	0.0563376376	12.4489081182	0.0630036755
79.2692307692	12.4388048717	0.0568030311	12.4501234275	0.0633869566
79.2884615385	12.4399445804	0.0572608828	12.4513460188	0.0637609833
79.3076923077	12.4410930945	0.0577111876	12.4525757134	0.0641257010
79.3269230769	12.4422502453	0.0581539391	12.4538123319	0.0644810565
79.3461538462	12.4434158633	0.0585891297	12.4550556937	0.0648269978
79.3653846154	12.4445897781	0.0590167498	12.4563056173	0.0651634745
79.3846153846	12.4457718186	0.0594367875	12.4575619202	0.0654904375
79.4038461538	12.4469618127	0.0598492285	12.4588244189	0.0658078389
79.4230769231	12.4481595875	0.0602540557	12.4600929293	0.0661156326
79.4423076923	12.4493649694	0.0606512488	12.4613672660	0.0664137734
79.4615384615	12.4505777836	0.0610407843	12.4626472430	0.0667022180
79.4807692308	12.4517978550	0.0614226350	12.4639326735	0.0669809241
79.5000000000	12.4530250071	0.0617967700	12.4652233697	0.0672498512
79.5192307692	12.4542590630	0.0621631547	12.4665191433	0.0675089599
79.5384615385	12.4554998446	0.0625217501	12.4678198050	0.0677582124
79.5576923077	12.4567471730	0.0628725135	12.4691251650	0.0679975723
79.5769230769	12.4580008687	0.0632153979	12.4704350326	0.0682270047
79.5961538462	12.4592607509	0.0635503521	12.4717492167	0.0684464760
79.6153846154	12.4605266381	0.0638773210	12.4730675253	0.0686559543
79.6346153846	12.4617983479	0.0641962452	12.4743897661	0.0688554090
79.6538461538	12.4630756971	0.0645070614	12.4757157459	0.0690448108
79.6730769231	12.4643585012	0.0648097027	12.4770452711	0.0692241323
79.6923076923	12.4656465752	0.0651040982	12.4783781477	0.0693933471
79.7115384615	12.4669397328	0.0653901738	12.4797141810	0.0695524306
79.7307692308	12.4682377872	0.0656678520	12.4810531761	0.0697013596
79.7500000000	12.4695405501	0.0659370524	12.4823949373	0.0698401123
79.7692307692	12.4708478328	0.0661976919	12.4837392689	0.0699686685
79.7884615385	12.4721594454	0.0664496849	12.4850859745	0.0700870094
79.8076923077	12.4734751972	0.0666929439	12.4864348575	0.0701951177
79.8269230769	12.4747948964	0.0669273795	12.4877857210	0.0702929776
79.8461538462	12.4761183506	0.0671529011	12.4891383678	0.0703805748
79.8653846154	12.4774453664	0.0673694168	12.4904926003	0.0704578967
79.8846153846	12.4787757494	0.0675768344	12.4918482209	0.0705249318
79.9038461538	12.4801093047	0.0677750613	12.4932050317	0.0705816703
79.9230769231	12.4814458363	0.0679640051	12.4945628345	0.0706281041
79.9423076923	12.4827851477	0.0681435739	12.4959214311	0.0706642263
79.9615384615	12.4841270414	0.0683136769	12.4972806232	0.0706900316
79.9807692308	12.4854713195	0.0684742243	12.4986402124	0.0707055163
80.0000000000	12.4868177834	0.0686251283	12.5000000000	0.0707106781
80.0192307692	12.4881662336	0.0687663031	12.5013597876	0.0707055163
80.0384615385	12.4895164704	0.0688976652	12.5027193768	0.0706900316
80.0576923077	12.4908682935	0.0690191340	12.5040785689	0.0706642263
80.0769230769	12.4922215021	0.0691306318	12.5054371655	0.0706281041
80.0961538462	12.4935758950	0.0692320843	12.5067949683	0.0705816703
80.1153846154	12.4949312708	0.0693234210	12.5081517791	0.0705249318
80.1346153846	12.4962874276	0.0694045750	12.5095073997	0.0704578967
80.1538461538	12.4976441635	0.0694754837	12.5108616322	0.0703805748
80.1730769231	12.4990012762	0.0695360888	12.5122142790	0.0702929776
80.1923076923	12.5003585636	0.0695863363	12.5135651425	0.0701951177
80.2115384615	12.5017158233	0.0696261769	12.5149140255	0.0700870094
80.2307692308	12.5030728530	0.0696555660	12.5162607311	0.0699686685
80.2500000000	12.5044294507	0.0696744639	12.5176050627	0.0698401123
80.2692307692	12.5057854143	0.0696828355	12.5189468239	0.0697013596
80.2884615385	12.5071405420	0.0696806508	12.5202858190	0.0695524306
80.3076923077	12.5084946322	0.0696678845	12.5216218523	0.0693933471
80.3269230769	12.5098474838	0.0696445161	12.5229547289	0.0692241323
80.3461538462	12.5111988960	0.0696105301	12.5242842541	0.0690448108
80.3653846154	12.5125486684	0.0695659153	12.5256102339	0.0688554090
80.3846153846	12.5138966011	0.0695106655	12.5269324747	0.0686559543
80.4038461538	12.5152424950	0.0694447786	12.5282507833	0.0684464760
80.4230769231	12.5165861512	0.0693682569	12.5295649674	0.0682270047
80.4423076923	12.5179273719	0.0692811070	12.5308748350	0.0679975723
80.4615384615	12.5192659596	0.0691833392	12.5321801950	0.0677582124
80.4807692308	12.5206017177	0.0690749676	12.5334808567	0.0675089599
80.5000000000	12.5219344506	0.0689560100	12.5347766303	0.0672498512
80.5192307692	12.5232639631	0.0688264874	12.5360673265	0.0669809241
80.5384615385	12.5245900611	0.0686864239	12.5373527570	0.0667022180
80.5576923077	12.5259125515	0.0685358466	12.5386327340	0.0664137734
80.5769230769	12.5272312419	0.0683747850	12.5399070707	0.0661156326
80.5961538462	12.5285459408	0.0682032714	12.5411755811	0.0658078389
80.6153846154	12.5298564579	0.0680213402	12.5424380798	0.0654904375
80.6346153846	12.5311626038	0.0678290276	12.5436943827	0.0651634745
80.6538461538	12.5324641899	0.0676263717	12.5449443063	0.0648269978
80.6730769231	12.5337610289	0.0674134125	12.5461876681	0.0644810565
80.6923076923	12.5350529344	0.0671901909	12.5474242866	0.0641257010
80.7115384615	12.5363397209	0.0669567494	12.5486539812	0.0637609833
80.7307692308	12.5376212043	0.0667131316	12.5498765725	0.0633869566
80.7500000000	12.5388972012	0.0664593818	12.5510918818	0.0630036755
80.7692307692	12.5401675295	0.0661955454	12.5522997318	0.0626111960
80.7884615385	12.5414320081	0.0659216683	12.5534999461	0.0622095754
80.8076923077	12.5426904569	0.0656377972	12.5546923495	0.0617988722
80.8269230769	12.5439426969	0.0653439793	12.5558767680	0.0613791466
80.8461538462	12.5451885503	0.0650402622	12.5570530285	0.0609504597
80.8653846154	12.5464278403	0.0647266944	12.5582209594	0.0605128741
80.8846153846	12.5476603911	0.0644033243	12.5593803901	0.0600664537
80.9038461538	12.5488860280	0.0640702015	12.5605311514	0.0596112638
80.9230769231	12.5501045776	0.0637273754	12.5616730752	0.0591473707
80.9423076923	12.5513158674	0.0633748967	12.5628059949	0.0586748422
80.9615384615	12.5525197258	0.0630128162	12.5639297450	0.0581937472
80.9807692308	12.5537159828	0.0626411857	12.5650441615	0.0577041561
81.0000000000	12.5549044690	0.0622600577	12.5661490816	0.0572061403
81.0192307692	12.5560850164	0.0618694859	12.5672443441	0.0566997725
81.0384615385	12.5572574580	0.0614695247	12.5683297890	0.0561851266
81.0576923077	12.5584216280	0.0610602299	12.5694052579	0.0556622777
81.0769230769	12.5595773615	0.0606416585	12.5704705938	0.0551313023
81.0961538462	12.5607244951	0.0602138691	12.5715256410	0.0545922778
81.1153846154	12.5618628663	0.0597769218	12.5725702457	0.0540452829
81.1346153846	12.5629923139	0.0593308784	12.5736042552	0.0534903975
81.1538461538	12.5641126777	0.0588758026	12.5746275186	0.0529277026
81.1730769231	12.5652237990	0.0584117602	12.5756398865	0.0523572803
81.1923076923	12.5663255200	0.0579388191	12.5766412112	0.0517792140
81.2115384615	12.5674176844	0.0574570494	12.5776313463	0.0511935880
81.2307692308	12.5685001371	0.0569665239	12.5786101474	0.0506004878
81.2500000000	12.5695727243	0.0564673175	12.5795774715	0.0500000000
81.2692307692	12.5706352934	0.0559595081	12.5805331775	0.0493922123
81.2884615385	12.5716876933	0.0554431759	12.5814771258	0.0487772134
81.3076923077	12.5727297743	0.0549184043	12.5824091785	0.0481550932
81.3269230769	12.5737613879	0.0543852791	12.5833291997	0.0475259424
81.3461538462	12.5747823873	0.0538438893	12.5842370549	0.0468898528
81.3653846154	12.5757926270	0.0532943265	12.5851326117	0.0462469175
81.3846153846	12.5767919630	0.0527366853	12.5860157392	0.0455972301
81.4038461538	12.5777802530	0.0521710631	12.5868863086	0.0449408857
81.4230769231	12.5787573560	0.0515975601	12.5877441928	0.0442779799
81.4423076923	12.5797231328	0.0510162793	12.5885892664	0.0436086097
81.4615384615	12.5806774458	0.0504273264	12.5894214062	0.0429328727
81.4807692308	12.5816201590	0.0498308096	12.5902404906	0.0422508675
81.5000000000	12.5825511381	0.0492268395	12.5910464000	0.0415626938
81.5192307692	12.5834702505	0.0486155292	12.5918390168	0.0408684520
81.5384615385	12.5843773654	0.0479969938	12.5926182253	0.0401682435
81.5576923077	12.5852723538	0.0473713506	12.5933839117	0.0394621704
81.5769230769	12.5861550884	0.0467387187	12.5941359642	0.0387503360
81.5961538462	12.5870254438	0.0460992188	12.5948742729	0.0380328441
81.6153846154	12.5878832964	0.0454529731	12.5955987303	0.0373097995
81.6346153846	12.5887285247	0.0448001050	12.5963092303	0.0365813077
81.6538461538	12.5895610087	0.0441407390	12.5970056694	0.0358474750
81.6730769231	12.5903806307	0.0434750006	12.5976879458	0.0351084088
81.6923076923	12.5911872747	0.0428030155	12.5983559599	0.0343642167
81.7115384615	12.5919808267	0.0421249103	12.5990096143	0.0336150075
81.7307692308	12.5927611747	0.0414408112	12.5996488134	0.0328608906
81.7500000000	12.5935282087	0.0407508448	12.6002734639	0.0321019761
81.7692307692	12.5942818206	0.0400551373	12.6008834747	0.0313383747
81.7884615385	12.5950219044	0.0393538143	12.6014787567	0.0305701980
81.8076923077	12.5957483561	0.0386470009	12.6020592230	0.0297975581
81.8269230769	12.5964610736	0.0379348213	12.6026247888	0.0290205678
81.8461538462	12.5971599570	0.0372173986	12.6031753715	0.0282393405
81.8653846154	12.5978449082	0.0364948549	12.6037108908	0.0274539904
81.8846153846	12.5985158314	0.0357673108	12.6042312685	0.0266646320
81.9038461538	12.5991726326	0.0350348855	12.6047364286	0.0258713806
81.9230769231	12.5998152200	0.0342976968	12.6052262974	0.0250743520
81.9423076923	12.6004435037	0.0335558605	12.6057008033	0.0242736627
81.9615384615	12.6010573958	0.0328094910	12.6061598771	0.0234694294
81.9807692308	12.6016568106	0.0320587009	12.6066034517	0.0226617696
82.0000000000	12.6022416644	0.0313036009	12.6070314624	0.0218508012
82.0192307692	12.6028118753	0.0305442998	12.6074438467	0.0210366427
82.0384615385	12.6033673638	0.0297809049	12.6078405444	0.0202194128
82.0576923077	12.6039080520	0.0290135216	12.6082214975	0.0193992310
82.0769230769	12.6044338645	0.0282422534	12.6085866505	0.0185762169
82.0961538462	12.6049447275	0.0274672024	12.6089359500	0.0177504907
82.1153846154	12.6054405694	0.0266884692	12.6092693450	0.0169221729
82.1346153846	12.6059213208	0.0259061527	12.6095867869	0.0160913846
82.1538461538	12.6063869139	0.0251203508	12.6098882294	0.0152582469
82.1730769231	12.6068372834	0.0243311598	12.6101736283	0.0144228815
82.1923076923	12.6072723658	0.0235386753	12.6104429421	0.0135854105
82.2115384615	12.6076920996	0.0227429920	12.6106961314	0.0127459560
82.2307692308	12.6080964254	0.0219442037	12.6109331592	0.0119046406
82.2500000000	12.6084852859	0.0211424038	12.6111539910	0.0110615871
82.2692307692	12.6088586258	0.0203376854	12.6113585945	0.0102169187
82.2884615385	12.6092163919	0.0195301414	12.6115469399	0.0093707586
82.3076923077	12.6095585332	0.0187198645	12.6117189996	0.0085232304
82.3269230769	12.6098850005	0.0179069480	12.6118747485	0.0076744578
82.3461538462	12.6101957470	0.0170914854	12.6120141638	0.0068245648
82.3653846154	12.6104907279	0.0162735707	12.6121372253	0.0059736754
82.3846153846	12.6107699004	0.0154532988	12.6122439150	0.0051219138
82.4038461538	12.6110332241	0.0146307655	12.6123342172	0.0042694045
82.4230769231	12.6112806605	0.0138060675	12.6124081189	0.0034162718
82.4423076923	12.6115121737	0.0129793030	12.6124656091	0.0025626404
82.4615384615	12.6117277294	0.0121505713	12.6125066796	0.0017086348
82.4807692308	12.6119272961	0.0113199733	12.6125313242	0.0008543798
82.5000000000	12.6121108441	0.0104876115	12.6125395395	0.0000000000
82.5192307692	12.6122783461	0.0096535898	12.6125313242	-0.0008543798
82.5384615385	12.6124297773	0.0088180141	12.6125066796	-0.0017086348
82.5576923077	12.6125651148	0.0079809920	12.6124656091	-0.0025626404
82.5769230769	12.6126843381	0.0071426327	12.6124081189	-0.0034162718
82.5961538462	12.6127874293	0.0063030474	12.6123342172	-0.0042694045
82.6153846154	12.6128743724	0.0054623491	12.6122439150	-0.0051219138
82.6346153846	12.6129451541	0.0046206524	12.6121372253	-0.0059736754
82.6538461538	12.6129997633	0.0037780736	12.6120141638	-0.0068245648
82.6730769231	12.6130381912	0.0029347308	12.6118747485	-0.0076744578
82.6923076923	12.6130604316	0.0020907436	12.6117189996	-0.0085232304
82.7115384615	12.6130664804	0.0012462331	12.6115469399	-0.0093707586
82.7307692308	12.6130563361	0.0004013215	12.6113585945	-0.0102169187
82.7500000000	12.6130299997	-0.0004438676	12.6111539910	-0.0110615871
82.7692307692	12.6129874742	-0.0012892094	12.6109331592	-0.0119046406
82.7884615385	12.6129287654	-0.0021345785	12.6106961314	-0.0127459560
82.8076923077	12.6128538813	-0.0029798486	12.6104429421	-0.0135854105
82.8269230769	12.6127628324	-0.0038248928	12.6101736283	-0.0144228815
82.8461538462	12.6126556316	-0.0046695839	12.6098882294	-0.0152582469
82.8653846154	12.6125322940	-0.0055137944	12.6095867869	-0.0160913846
82.8846153846	12.6123928375	-0.0063573970	12.6092693450	-0.0169221729
82.9038461538	12.6122372818	-0.0072002642	12.6089359500	-0.0177504907
82.9230769231	12.6120656496	-0.0080422692	12.6085866505	-0.0185762169
82.9423076923	12.6118779654	-0.0088832856	12.6082214975	-0.0193992310
82.9615384615	12.6116742564	-0.0097231877	12.6078405444	-0.0202194128
82.9807692308	12.6114545519	-0.0105618507	12.6074438467	-0.0210366427
83.0000000000	12.6112188837	-0.0113991509	12.6070314624	-0.0218508012
83.0192307692	12.6109672858	-0.0122349657	12.6066034517	-0.0226617696
83.0384615385	12.6106997944	-0.0130691738	12.6061598771	-0.0234694294
83.0576923077	12.6104164479	-0.0139016556	12.6057008033	-0.0242736627
83.0769230769	12.6101172873	-0.0147322927	12.6052262974	-0.0250743520
83.0961538462	12.6098023553	-0.0155609687	12.6047364286	-0.0258713806
83.1153846154	12.6094716971	-0.0163875688	12.6042312685	-0.0266646320
83.1346153846	12.6091253599	-0.0172119798	12.6037108908	-0.0274539904
83.1538461538	12.6087633933	-0.0180340907	12.6031753715	-0.0282393405
83.1730769231	12.6083858487	-0.0188537921	12.6026247888	-0.0290205678
83.1923076923	12.6079927797	-0.0196709764	12.6020592230	-0.0297975581
83.2115384615	12.6075842421	-0.0204855381	12.6014787567	-0.0305701980
83.2307692308	12.6071602936	-0.0212973733	12.6008834747	-0.0313383747
83.2500000000	12.6067209940	-0.0221063800	12.6002734639	-0.0321019761
83.2692307692	12.6062664051	-0.0229124576	12.5996488134	-0.0328608906
83.2884615385	12.6057965907	-0.0237155075	12.5990096143	-0.0336150075
83.3076923077	12.6053116166	-0.0245154323	12.5983559599	-0.0343642167
83.3269230769	12.6048115505	-0.0253121360	12.5976879458	-0.0351084088
83.3461538462	12.6042964622	-0.0261055241	12.5970056694	-0.0358474750
83.3653846154	12.6037664233	-0.0268955028	12.5963092303	-0.0365813077
83.3846153846	12.6032215073	-0.0276819797	12.5955987303	-0.0373097995
83.4038461538	12.6026617898	-0.0284648629	12.5948742729	-0.0380328441
83.4230769231	12.6020873482	-0.0292440611	12.5941359642	-0.0387503360
83.4423076923	12.6014982618	-0.0300194838	12.5933839117	-0.0394621704
83.4615384615	12.6008946118	-0.0307910404	12.5926182253	-0.0401682435
83.4807692308	12.6002764814	-0.0315586406	12.5918390168	-0.0408684520
83.5000000000	12.5996439556	-0.0323221940	12.5910464000	-0.0415626938
83.5192307692	12.5989971214	-0.0330816100	12.5902404906	-0.0422508675
83.5384615385	12.5983360675	-0.0338367976	12.5894214062	-0.0429328727
83.5576923077	12.5976608849	-0.0345876653	12.5885892664	-0.0436086097
83.5769230769	12.5969716660	-0.0353341207	12.5877441928	-0.0442779799
83.5961538462	12.5962685056	-0.0360760707	12.5868863086	-0.0449408857
83.6153846154	12.5955515002	-0.0368134214	12.5860157392	-0.0455972301
83.6346153846	12.5948207481	-0.0375460774	12.5851326117	-0.0462469175
83.6538461538	12.5940763499	-0.0382739425	12.5842370549	-0.0468898528
83.6730769231	12.5933184078	-0.0389969190	12.5833291997	-0.0475259424
83.6923076923	12.5925470262	-0.0397149081	12.5824091785	-0.0481550932
83.7115384615	12.5917623113	-0.0404278094	12.5814771258	-0.0487772134
83.7307692308	12.5909643714	-0.0411355212	12.5805331775	-0.0493922123
83.7500000000	12.5901533168	-0.0418379404	12.5795774715	-0.0500000000
83.7692307692	12.5893292595	-0.0425349625	12.5786101474	-0.0506004878
83.7884615385	12.5884923140	-0.0432264816	12.5776313463	-0.0511935880
83.8076923077	12.5876425963	-0.0439123906	12.5766412112	-0.0517792140
83.8269230769	12.5867802247	-0.0445925810	12.5756398865	-0.0523572803
83.8461538462	12.5859053194	-0.0452669432	12.5746275186	-0.0529277026
83.8653846154	12.5850180028	-0.0459353667	12.5736042552	-0.0534903975
83.8846153846	12.5841183990	-0.0465977400	12.5725702457	-0.0540452829
83.9038461538	12.5832066342	-0.0472539506	12.5715256410	-0.0545922778
83.9230769231	12.5822828369	-0.0479038859	12.5704705938	-0.0551313023
83.9423076923	12.5813471372	-0.0485474323	12.5694052579	-0.0556622777
83.9615384615	12.5803996674	-0.0491844763	12.5683297890	-0.0561851266
83.9807692308	12.5794405618	-0.0498149043	12.5672443441	-0.0566997725
84.0000000000	12.5784699566	-0.0504386028	12.5661490816	-0.0572061403
84.0192307692	12.5774879898	-0.0510554587	12.5650441615	-0.0577041561
84.0384615385	12.5764948017	-0.0516653593	12.5639297450	-0.0581937472
84.0576923077	12.5754905343	-0.0522681931	12.5628059949	-0.0586748422
84.0769230769	12.5744753314	-0.0528638492	12.5616730752	-0.0591473707
84.0961538462	12.5734493389	-0.0534522182	12.5605311514	-0.0596112638
84.1153846154	12.5724127044	-0.0540331921	12.5593803901	-0.0600664537
84.1346153846	12.5713655774	-0.0546066646	12.5582209594	-0.0605128741
84.1538461538	12.5703081091	-0.0551725313	12.5570530285	-0.0609504597
84.1730769231	12.5692404526	-0.0557306898	12.5558767680	-0.0613791466
84.1923076923	12.5681627625	-0.0562810402	12.5546923495	-0.0617988722
84.2115384615	12.5670751953	-0.0568234847	12.5534999461	-0.0622095754
84.2307692308	12.5659779090	-0.0573579285	12.5522997318	-0.0626111960
84.2500000000	12.5648710634	-0.0578842792	12.5510918818	-0.0630036755
84.2692307692	12.5637548198	-0.0584024477	12.5498765725	-0.0633869566
84.2884615385	12.5626293408	-0.0589123475	12.5486539812	-0.0637609833
84.3076923077	12.5614947909	-0.0594138954	12.5474242866	-0.0641257010
84.3269230769	12.5603513357	-0.0599070114	12.5461876681	-0.0644810565
84.3461538462	12.5591991424	-0.0603916186	12.5449443063	-0.0648269978
84.3653846154	12.5580383796	-0.0608676433	12.5436943827	-0.0651634745
84.3846153846	12.5568692169	-0.0613350152	12.5424380798	-0.0654904375
84.4038461538	12.5556918257	-0.0617936671	12.5411755811	-0.0658078389
84.4230769231	12.5545063781	-0.0622435350	12.5399070707	-0.0661156326
84.4423076923	12.5533130478	-0.0626845582	12.5386327340	-0.0664137734
84.4615384615	12.5521120094	-0.0631166786	12.5373527570	-0.0667022180
84.4807692308	12.5509034387	-0.0635398416	12.5360673265	-0.0669809241
84.5000000000	12.5496875127	-0.0639539950	12.5347766303	-0.0672498512
84.5192307692	12.5484644091	-0.0643590894	12.5334808567	-0.0675089599
84.5384615385	12.5472343070	-0.0647550779	12.5321801950	-0.0677582124
84.5576923077	12.5459973861	-0.0651419159	12.5308748350	-0.0679975723
84.5769230769	12.5447538272	-0.0655195611	12.5295649674	-0.0682270047
84.5961538462	12.5435038120	-0.0658879728	12.5282507833	-0.0684464760
84.6153846154	12.5422475229	-0.0662471123	12.5269324747	-0.0686559543
84.6346153846	12.5409851434	-0.0665969423	12.5256102339	-0.0688554090
84.6538461538	12.5397168574	-0.0669374268	12.5242842541	-0.0690448108
84.6730769231	12.5384428499	-0.0672685305	12.5229547289	-0.0692241323
84.6923076923	12.5371633066	-0.0675902194	12.5216218523	-0.0693933471
84.7115384615	12.5358784137	-0.0679024596	12.5202858190	-0.0695524306
84.7307692308	12.5345883582	-0.0682052176	12.5189468239	-0.0697013596
84.7500000000	12.5332933279	-0.0684984601	12.5176050627	-0.0698401123
84.7692307692	12.5319935111	-0.0687821532	12.5162607311	-0.0699686685
84.7884615385	12.5306890967	-0.0690562631	12.5149140255	-0.0700870094
84.8076923077	12.5293802743	-0.0693207550	12.5135651425	-0.0701951177
84.8269230769	12.5280672340	-0.0695755934	12.5122142790	-0.0702929776
84.8461538462	12.5267501667	-0.0698207416	12.5108616322	-0.0703805748
84.8653846154	12.5254292635	-0.0700561620	12.5095073997	-0.0704578967
84.8846153846	12.5241047164	-0.0702818153	12.5081517791	-0.0705249318
84.9038461538	12.5227767176	-0.0704976610	12.5067949683	-0.0705816703
84.9230769231	12.5214454602	-0.0707036568	12.5054371655	-0.0706281041
84.9423076923	12.5201111375	-0.0708997586	12.5040785689	-0.0706642263
84.9615384615	12.5187739433	-0.0710859207	12.5027193768	-0.0706900316
84.9807692308	12.5174340720	-0.0712620955	12.5013597876	-0.0707055163
85.0000000000	12.5160917186	-0.0714282335	12.5000000000	-0.0707106781
85.0192307692	12.5147470782	-0.0715842833	12.4986402124	-0.0707055163
85.0384615385	12.5134003465	-0.0717301918	12.4972806232	-0.0706900316
85.0576923077	12.5120517198	-0.0718659038	12.4959214311	-0.0706642263
85.0769230769	12.5107013945	-0.0719913629	12.4945628345	-0.0706281041
85.0961538462	12.5093495676	-0.0721065106	12.4932050317	-0.0705816703
85.1153846154	12.5079964364	-0.0722112872	12.4918482209	-0.0705249318
85.1346153846	12.5066421986	-0.0723056315	12.4904926003	-0.0704578967
85.1538461538	12.5052870520	-0.0723894813	12.4891383678	-0.0703805748
85.1730769231	12.5039311951	-0.0724627734	12.4877857210	-0.0702929776
85.1923076923	12.5025748263	-0.0725254438	12.4864348575	-0.0701951177
85.2115384615	12.5012181445	-0.0725774281	12.4850859745	-0.0700870094
85.2307692308	12.4998613487	-0.0726186616	12.4837392689	-0.0699686685
85.2500000000	12.4985046382	-0.0726490795	12.4823949373	-0.0698401123
85.2692307692	12.4971482124	-0.0726686177	12.4810531761	-0.0697013596
85.2884615385	12.4957922709	-0.0726772124	12.4797141810	-0.0695524306
85.3076923077	12.4944370133	-0.0726748008	12.4783781477	-0.0693933471
85.3269230769	12.4930826394	-0.0726613214	12.4770452711	-0.0692241323
85.3461538462	12.4917293488	-0.0726367143	12.4757157459	-0.0690448108
85.3653846154	12.4903773414	-0.0726009215	12.4743897661	-0.0688554090
85.3846153846	12.4890268168	-0.0725538873	12.4730675253	-0.0686559543
85.4038461538	12.4876779746	-0.0724955585	12.4717492167	-0.0684464760
85.4230769231	12.4863310143	-0.0724258848	12.4704350326	-0.0682270047
85.4423076923	12.4849861352	-0.0723448193	12.4691251650	-0.0679975723
85.4615384615	12.4836435364	-0.0722523185	12.4678198050	-0.0677582124
85.4807692308	12.4823034165	-0.0721483429	12.4665191433	-0.0675089599
85.5000000000	12.4809659741	-0.0720328572	12.4652233697	-0.0672498512
85.5192307692	12.4796314073	-0.0719058303	12.4639326735	-0.0669809241
85.5384615385	12.4782999137	-0.0717672361	12.4626472430	-0.0667022180
85.5576923077	12.4769716906	-0.0716170533	12.4613672660	-0.0664137734
85.5769230769	12.4756469346	-0.0714552660	12.4600929293	-0.0661156326
85.5961538462	12.4743258419	-0.0712818635	12.4588244189	-0.0658078389
85.6153846154	12.4730086080	-0.0710968409	12.4575619202	-0.0654904375
85.6346153846	12.4716954277	-0.0709001990	12.4563056173	-0.0651634745
85.6538461538	12.4703864953	-0.0706919444	12.4550556937	-0.0648269978
85.6730769231	12.4690820040	-0.0704720900	12.4538123319	-0.0644810565
85.6923076923	12.4677821466	-0.0702406545	12.4525757134	-0.0641257010
85.7115384615	12.4664871147	-0.0699976630	12.4513460188	-0.0637609833
85.7307692308	12.4651970992	-0.0697431469	12.4501234275	-0.0633869566
85.7500000000	12.4639122901	-0.0694771435	12.4489081182	-0.0630036755
85.7692307692	12.4626328763	-0.0691996967	12.4477002682	-0.0626111960
85.7884615385	12.4613590457	-0.0689108563	12.4465000539	-0.0622095754
85.8076923077	12.4600909854	-0.0686106783	12.4453076505	-0.0617988722
85.8269230769	12.4588288810	-0.0682992247	12.4441232320	-0.0613791466
85.8461538462	12.4575729174	-0.0679765634	12.4429469715	-0.0609504597
85.8653846154	12.4563232780	-0.0676427678	12.4417790406	-0.0605128741
85.8846153846	12.4550801453	-0.0672979172	12.4406196099	-0.0600664537
85.9038461538	12.4538437005	-0.0669420961	12.4394688486	-0.0596112638
85.9230769231	12.4526141234	-0.0665753941	12.4383269248	-0.0591473707
85.9423076923	12.4513915929	-0.0661979058	12.4371940051	-0.0586748422
85.9615384615	12.4501762863	-0.0658097304	12.4360702550	-0.0581937472
85.9807692308	12.4489683798	-0.0654109716	12.4349558385	-0.0577041561
86.0000000000	12.4477680481	-0.0650017372	12.4338509184	-0.0572061403
86.0192307692	12.4465754649	-0.0645821387	12.4327556559	-0.0566997725
86.0384615385	12.4453908023	-0.0641522914	12.4316702110	-0.0561851266
86.0576923077	12.4442142311	-0.0637123136	12.4305947421	-0.0556622777
86.0769230769	12.4430459208	-0.0632623266	12.4295294062	-0.0551313023
86.0961538462	12.4418860394	-0.0628024544	12.4284743590	-0.0545922778
86.1153846154	12.4407347537	-0.0623328231	12.4274297543	-0.0540452829
86.1346153846	12.4395922291	-0.0618535609	12.4263957448	-0.0534903975
86.1538461538	12.4384586294	-0.0613647977	12.4253724814	-0.0529277026
86.1730769231	12.4373341172	-0.0608666647	12.4243601135	-0.0523572803
86.1923076923	12.4362188538	-0.0603592941	12.4233587888	-0.0517792140
86.2115384615	12.4351129989	-0.0598428188	12.4223686537	-0.0511935880
86.2307692308	12.4340167109	-0.0593173724	12.4213898526	-0.0506004878
86.2500000000	12.4329301468	-0.0587830887	12.4204225285	-0.0500000000
86.2692307692	12.4318534621	-0.0582401011	12.4194668225	-0.0493922123
86.2884615385	12.4307868110	-0.0576885431	12.4185228742	-0.0487772134
86.3076923077	12.4297303464	-0.0571285475	12.4175908215	-0.0481550932
86.3269230769	12.4286842195	-0.0565602465	12.4166708003	-0.0475259424
86.3461538462	12.4276485804	-0.0559837713	12.4157629451	-0.0468898528
86.3653846154	12.4266235776	-0.0553992521	12.4148673883	-0.0462469175
86.3846153846	12.4256093581	-0.0548068178	12.4139842608	-0.0455972301
86.4038461538	12.4246060677	-0.0542065961	12.4131136914	-0.0449408857
86.4230769231	12.4236138507	-0.0535987132	12.4122558072	-0.0442779799
86.4423076923	12.4226328499	-0.0529832935	12.4114107336	-0.0436086097
86.4615384615	12.4216632065	-0.0523604604	12.4105785938	-0.0429328727
86.4807692308	12.4207050605	-0.0517303350	12.4097595094	-0.0422508675
86.5000000000	12.4197585504	-0.0510930373	12.4089536000	-0.0415626938
86.5192307692	12.4188238129	-0.0504486853	12.4081609832	-0.0408684520
86.5384615385	12.4179009836	-0.0497973955	12.4073817747	-0.0401682435
86.5576923077	12.4169901963	-0.0491392828	12.4066160883	-0.0394621704
86.5769230769	12.4160915834	-0.0484744606	12.4058640358	-0.0387503360
86.5961538462	12.4152052755	-0.0478030407	12.4051257271	-0.0380328441
86.6153846154	12.4143314019	-0.0471251337	12.4044012697	-0.0373097995
86.6346153846	12.4134700900	-0.0464408488	12.4036907697	-0.0365813077
86.6538461538	12.4126214659	-0.0457502941	12.4029943306	-0.0358474750
86.6730769231	12.4117856537	-0.0450535766	12.4023120542	-0.0351084088
86.6923076923	12.4109627759	-0.0443508026	12.4016440401	-0.0343642167
86.7115384615	12.4101529534	-0.0436420774	12.4009903857	-0.0336150075
86.7307692308	12.4093563052	-0.0429275059	12.4003511866	-0.0328608906
86.7500000000	12.4085729486	-0.0422071925	12.3997265361	-0.0321019761
86.7692307692	12.4078029989	-0.0414812414	12.3991165253	-0.0313383747
86.7884615385	12.4070465697	-0.0407497565	12.3985212433	-0.0305701980
86.8076923077	12.4063037728	-0.0400128421	12.3979407770	-0.0297975581
86.8269230769	12.4055747178	-0.0392706023	12.3973752112	-0.0290205678
86.8461538462	12.4048595126	-0.0385231419	12.3968246285	-0.0282393405
86.8653846154	12.4041582630	-0.0377705662	12.3962891092	-0.0274539904
86.8846153846	12.4034710727	-0.0370129810	12.3957687315	-0.0266646320
86.9038461538	12.4027980434	-0.0362504931	12.3952635714	-0.0258713806
86.9230769231	12.4021392748	-0.0354832102	12.3947737026	-0.0250743520
86.9423076923	12.4014948644	-0.0347112410	12.3942991967	-0.0242736627
86.9615384615	12.4008649076	-0.0339346955	12.3938401229	-0.0234694294
86.9807692308	12.4002494975	-0.0331536850	12.3933965483	-0.0226617696
87.0000000000	12.3996487251	-0.0323683221	12.3929685376	-0.0218508012
87.0192307692	12.3990626791	-0.0315787208	12.3925561533	-0.0210366427
87.0384615385	12.3984914461	-0.0307849969	12.3921594556	-0.0202194128
87.0576923077	12.3979351101	-0.0299872674	12.3917785025	-0.0193992310
87.0769230769	12.3973937532	-0.0291856510	12.3914133495	-0.0185762169
87.0961538462	12.3968674549	-0.0283802682	12.3910640500	-0.0177504907
87.1153846154	12.3963562925	-0.0275712409	12.3907306550	-0.0169221729
87.1346153846	12.3958603408	-0.0267586926	12.3904132131	-0.0160913846
87.1538461538	12.3953796723	-0.0259427484	12.3901117706	-0.0152582469
87.1730769231	12.3949143572	-0.0251235350	12.3898263717	-0.0144228815
87.1923076923	12.3944644634	-0.0243011806	12.3895570579	-0.0135854105
87.2115384615	12.3940300561	-0.0234758147	12.3893038686	-0.0127459560
87.2307692308	12.3936111983	-0.0226475680	12.3890668408	-0.0119046406
87.2500000000	12.3932079507	-0.0218165729	12.3888460090	-0.0110615871
87.2692307692	12.3928203715	-0.0209829625	12.3886414055	-0.0102169187
87.2884615385	12.3924485164	-0.0201468712	12.3884530601	-0.0093707586
87.3076923077	12.3920924389	-0.0193084342	12.3882810004	-0.0085232304
87.3269230769	12.3917521901	-0.0184677877	12.3881252515	-0.0076744578
87.3461538462	12.3914278185	-0.0176250682	12.3879858362	-0.0068245648
87.3653846154	12.3911193705	-0.0167804133	12.3878627747	-0.0059736754
87.3846153846	12.3908268901	-0.0159339605	12.3877560850	-0.0051219138
87.4038461538	12.3905504188	-0.0150858480	12.3876657828	-0.0042694045
87.4230769231	12.3902899959	-0.0142362141	12.3875918811	-0.0034162718
87.4423076923	12.3900456583	-0.0133851968	12.3875343909	-0.0025626404
87.4615384615	12.3898174408	-0.0125329345	12.3874933204	-0.0017086348
87.4807692308	12.3896053755	-0.0116795649	12.3874686758	-0.0008543798
87.5000000000	12.3894094927	-0.0108252258	12.3874604605	-0.0000000000
87.5192307692	12.3892298200	-0.0099700543	12.3874686758	0.0008543798
87.5384615385	12.3890663831	-0.0091141870	12.3874933204	0.0017086348
87.5576923077	12.3889192052	-0.0082577598	12.3875343909	0.0025626404
87.5769230769	12.3887883074	-0.0074009078	12.3875918811	0.0034162718
87.5961538462	12.3886737086	-0.0065437655	12.3876657828	0.0042694045
87.6153846154	12.3885754254	-0.0056864663	12.3877560850	0.0051219138
87.6346153846	12.3884934723	-0.0048291426	12.3878627747	0.0059736754
87.6538461538	12.3884278617	-0.0039719258	12.3879858362	0.0068245648
87.6730769231	12.3883786034	-0.0031149464	12.3881252515	0.0076744578
87.6923076923	12.3883457056	-0.0022583335	12.3882810004	0.0085232304
87.7115384615	12.3883291739	-0.0014022154	12.3884530601	0.0093707586
87.7307692308	12.3883290120	-0.0005467189	12.3886414055	0.0102169187
87.7500000000	12.3883452212	0.0003080300	12.3888460090	0.0110615871
87.7692307692	12.3883778007	0.0011619068	12.3890668408	0.0119046406
87.7884615385	12.3884267477	0.0020147877	12.3893038686	0.0127459560
87.8076923077	12.3884920571	0.0028665504	12.3895570579	0.0135854105
87.8269230769	12.3885737215	0.0037170736	12.3898263717	0.0144228815
87.8461538462	12.3886717315	0.0045662367	12.3901117706	0.0152582469
87.8653846154	12.3887860753	0.0054139206	12.3904132131	0.0160913846
87.8846153846	12.3889167390	0.0062600069	12.3907306550	0.0169221729
87.9038461538	12.3890637066	0.0071043780	12.3910640500	0.0177504907
87.9230769231	12.3892269596	0.0079469174	12.3914133495	0.0185762169
87.9423076923	12.3894064774	0.0087875092	12.3917785025	0.0193992310
87.9615384615	12.3896022370	0.0096260385	12.3921594556	0.0202194128
87.9807692308	12.3898142133	0.0104623908	12.3925561533	0.0210366427
88.0000000000	12.3900423787	0.0112964525	12.3929685376	0.0218508012
88.0192307692	12.3902867032	0.0121281105	12.3933965483	0.0226617696
88.0384615385	12.3905471548	0.0129572521	12.3938401229	0.0234694294
88.0576923077	12.3908236987	0.0137837655	12.3942991967	0.0242736627
88.0769230769	12.3911162980	0.0146075390	12.3947737026	0.0250743520
88.0961538462	12.3914249133	0.0154284617	12.3952635714	0.0258713806
88.1153846154	12.3917495027	0.0162464228	12.3957687315	0.0266646320
88.1346153846	12.3920900220	0.0170613122	12.3962891092	0.0274539904
88.1538461538	12.3924464242	0.0178730201	12.3968246285	0.0282393405
88.1730769231	12.3928186603	0.0186814372	12.3973752112	0.0290205678
88.1923076923	12.3932066784	0.0194864546	12.3979407770	0.0297975581
88.2115384615	12.3936104243	0.0202879640	12.3985212433	0.0305701980
88.2307692308	12.3940298412	0.0210858575	12.3991165253	0.0313383747
88.2500000000	12.3944648697	0.0218800279	12.3997265361	0.0321019761
88.2692307692	12.3949154480	0.0226703683	12.4003511866	0.0328608906
88.2884615385	12.3953815117	0.0234567729	12.4009903857	0.0336150075
88.3076923077	12.3958629939	0.0242391365	12.4016440401	0.0343642167
88.3269230769	12.3963598251	0.0250173546	12.4023120542	0.0351084088
88.3461538462	12.3968719331	0.0257913237	12.4029943306	0.0358474750
88.3653846154	12.3973992435	0.0265609416	12.4036907697	0.0365813077
88.3846153846	12.3979416792	0.0273261068	12.4044012697	0.0373097995
88.4038461538	12.3984991606	0.0280867194	12.4051257271	0.0380328441
88.4230769231	12.3990716055	0.0288426806	12.4058640358	0.0387503360
88.4423076923	12.3996589294	0.0295938932	12.4066160883	0.0394621704
88.4615384615	12.4002610453	0.0303402615	12.4073817747	0.0401682435
88.4807692308	12.4008778637	0.0310816916	12.4081609832	0.0408684520
88.5000000000	12.4015092927	0.0318180914	12.4089536000	0.0415626938
88.5192307692	12.4021552381	0.0325493706	12.4097595094	0.0422508675
88.5384615385	12.4028156033	0.0332754410	12.4105785938	0.0429328727
88.5576923077	12.4034902894	0.0339962167	12.4114107336	0.0436086097
88.5769230769	12.4041791953	0.0347116137	12.4122558072	0.0442779799
88.5961538462	12.4048822174	0.0354215508	12.4131136914	0.0449408857
88.6153846154	12.4055992503	0.0361259487	12.4139842608	0.0455972301
88.6346153846	12.4063301862	0.0368247309	12.4148673883	0.0462469175
88.6538461538	12.4070749152	0.0375178235	12.4157629451	0.0468898528
88.6730769231	12.4078333254	0.0382051550	12.4166708003	0.0475259424
88.6923076923	12.4086053029	0.0388866566	12.4175908215	0.0481550932
88.7115384615	12.4093907318	0.0395622623	12.4185228742	0.0487772134
88.7307692308	12.4101894941	0.0402319084	12.4194668225	0.0493922123
88.7500000000	12.4110014703	0.0408955342	12.4204225285	0.0500000000
88.7692307692	12.4118265387	0.0415530816	12.4213898526	0.0506004878
88.7884615385	12.4126645760	0.0422044949	12.4223686537	0.0511935880
88.8076923077	12.4135154572	0.0428497210	12.4233587888	0.0517792140
88.8269230769	12.4143790554	0.0434887095	12.4243601135	0.0523572803
88.8461538462	12.4152552423	0.0441214121	12.4253724814	0.0529277026
88.8653846154	12.4161438878	0.0447477827	12.4263957448	0.0534903975
88.8846153846	12.4170448603	0.0453677777	12.4274297543	0.0540452829
88.9038461538	12.4179580267	0.0459813552	12.4284743590	0.0545922778
88.9230769231	12.4188832522	0.0465884754	12.4295294062	0.0551313023
88.9423076923	12.4198204009	0.0471890999	12.4305947421	0.0556622777
88.9615384615	12.4207693351	0.0477831922	12.4316702110	0.0561851266
88.9807692308	12.4217299159	0.0483707168	12.4327556559	0.0566997725
89.0000000000	12.4227020029	0.0489516396	12.4338509184	0.0572061403
89.0192307692	12.4236854546	0.0495259272	12.4349558385	0.0577041561
89.0384615385	12.4246801278	0.0500935471	12.4360702550	0.0581937472
89.0576923077	12.4256858783	0.0506544674	12.4371940051	0.0586748422
89.0769230769	12.4267025604	0.0512086561	12.4383269248	0.0591473707
89.0961538462	12.4277300272	0.0517560816	12.4394688486	0.0596112638
89.1153846154	12.4287681306	0.0522967120	12.4406196099	0.0600664537
89.1346153846	12.4298167210	0.0528305150	12.4417790406	0.0605128741
89.1538461538	12.4308756478	0.0533574577	12.4429469715	0.0609504597
89.1730769231	12.4319447589	0.0538775063	12.4441232320	0.0613791466
89.1923076923	12.4330239011	0.0543906259	12.4453076505	0.0617988722
89.2115384615	12.4341129200	0.0548967806	12.4465000539	0.0622095754
89.2307692308	12.4352116597	0.0553959328	12.4477002682	0.0626111960
89.2500000000	12.4363199632	0.0558880431	12.4489081182	0.0630036755
89.2692307692	12.4374376723	0.0563730707	12.4501234275	0.0633869566
89.2884615385	12.4385646272	0.0568509725	12.4513460188	0.0637609833
89.3076923077	12.4397006672	0.0573217033	12.4525757134	0.0641257010
89.3269230769	12.4408456300	0.0577852157	12.4538123319	0.0644810565
89.3461538462	12.4419993522	0.0582414600	12.4550556937	0.0648269978
89.3653846154	12.4431616688	0.0586903838	12.4563056173	0.0651634745
89.3846153846	12.4443324138	0.0591319325	12.4575619202	0.0654904375
89.4038461538	12.4455114197	0.0595660486	12.4588244189	0.0658078389
89.4230769231	12.4466985176	0.0599926720	12.4600929293	0.0661156326
89.4423076923	12.4478935374	0.0604117402	12.4613672660	0.0664137734
89.4615384615	12.4490963074	0.0608231878	12.4626472430	0.0667022180
89.4807692308	12.4503066547	0.0612269469	12.4639326735	0.0669809241
89.5000000000	12.4515244051	0.0616229471	12.4652233697	0.0672498512
89.5192307692	12.4527493829	0.0620111153	12.4665191433	0.0675089599
89.5384615385	12.4539814109	0.0623913762	12.4678198050	0.0677582124
89.5576923077	12.4552203109	0.0627636522	12.4691251650	0.0679975723
89.5769230769	12.4564659029	0.0631278634	12.4704350326	0.0682270047
89.5961538462	12.4577180059	0.0634839281	12.4717492167	0.0684464760
89.6153846154	12.4589764374	0.0638317624	12.4730675253	0.0686559543
89.6346153846	12.4602410135	0.0641712811	12.4743897661	0.0688554090
89.6538461538	12.4615115492	0.0645023972	12.4757157459	0.0690448108
89.6730769231	12.4627878579	0.0648250228	12.4770452711	0.0692241323
89.6923076923	12.4640697521	0.0651390686	12.4783781477	0.0693933471
89.7115384615	12.4653570427	0.0654444446	12.4797141810	0.0695524306
89.7307692308	12.4666495396	0.0657410602	12.4810531761	0.0697013596
89.7500000000	12.4679470514	0.0660288245	12.4823949373	0.0698401123
89.7692307692	12.4692493857	0.0663076465	12.4837392689	0.0699686685
89.7884615385	12.4705563489	0.0665774354	12.4850859745	0.0700870094
89.8076923077	12.4718677464	0.0668381007	12.4864348575	0.0701951177
89.8269230769	12.4731833824	0.0670895527	12.4877857210	0.0702929776
89.8461538462	12.4745030604	0.0673317026	12.4891383678	0.0703805748
89.8653846154	12.4758265827	0.0675644628	12.4904926003	0.0704578967
89.8846153846	12.4771537509	0.0677877470	12.4918482209	0.0705249318
89.9038461538	12.4784843659	0.0680014709	12.4932050317	0.0705816703
89.9230769231	12.4798182276	0.0682055518	12.4945628345	0.0706281041
89.9423076923	12.4811551354	0.0683999093	12.4959214311	0.0706642263
89.9615384615	12.4824948879	0.0685844654	12.4972806232	0.0706900316
89.9807692308	12.4838372833	0.0687591446	12.4986402124	0.0707055163
90.0000000000	12.4851821191	0.0689238741	12.5000000000	0.0707106781
90.0192307692	12.4865291926	0.0690785841	12.5013597876	0.0707055163
90.0384615385	12.4878783005	0.0692232080	12.5027193768	0.0706900316
90.0576923077	12.4892292393	0.0693576823	12.5040785689	0.0706642263
90.0769230769	12.4905818053	0.0694819470	12.5054371655	0.0706281041
90.0961538462	12.4919357944	0.0695959454	12.5067949683	0.0705816703
90.1153846154	12.4932910027	0.0696996248	12.5081517791	0.0705249318
90.1346153846	12.4946472259	0.0697929357	12.5095073997	0.0704578967
90.1538461538	12.4960042600	0.0698758327	12.5108616322	0.0703805748
90.1730769231	12.4973619009	0.0699482741	12.5122142790	0.0702929776
90.1923076923	12.4987199447	0.0700102220	12.5135651425	0.0701951177
90.2115384615	12.5000781877	0.0700616423	12.5149140255	0.0700870094
90.2307692308	12.5014364263	0.0701025049	12.5162607311	0.0699686685
90.2500000000	12.5027944574	0.0701327833	12.5176050627	0.0698401123
90.2692307692	12.5041520782	0.0701524552	12.5189468239	0.0697013596
90.2884615385	12.5055090863	0.0701615015	12.5202858190	0.0695524306
90.3076923077	12.5068652796	0.0701599073	12.5216218523	0.0693933471
90.3269230769	12.5082204566	0.0701476609	12.5229547289	0.0692241323
90.3461538462	12.5095744166	0.0701247545	12.5242842541	0.0690448108
90.3653846154	12.5109269590	0.0700911836	12.5256102339	0.0688554090
90.3846153846	12.5122778841	0.0700469468	12.5269324747	0.0686559543
90.4038461538	12.5136269929	0.0699920463	12.5282507833	0.0684464760
90.4230769231	12.5149740871	0.0699264872	12.5295649674	0.0682270047
90.4423076923	12.5163189688	0.0698502775	12.5308748350	0.0679975723
90.4615384615	12.5176614412	0.0697634284	12.5321801950	0.0677582124
90.4807692308	12.5190013081	0.0696659534	12.5334808567	0.0675089599
90.5000000000	12.5203383743	0.0695578688	12.5347766303	0.0672498512
90.5192307692	12.5216724450	0.0694391934	12.5360673265	0.0669809241
90.5384615385	12.5230033266	0.0693099481	12.5373527570	0.0667022180
90.5576923077	12.5243308262	0.0691701561	12.5386327340	0.0664137734
90.5769230769	12.5256547519	0.0690198426	12.5399070707	0.0661156326
90.5961538462	12.5269749124	0.0688590347	12.5411755811	0.0658078389
90.6153846154	12.5282911176	0.0686877615	12.5424380798	0.0654904375
90.6346153846	12.5296031780	0.0685060533	12.5436943827	0.0651634745
90.6538461538	12.5309109053	0.0683139425	12.5449443063	0.0648269978
90.6730769231	12.5322141118	0.0681114624	12.5461876681	0.0644810565
90.6923076923	12.5335126109	0.0678986481	12.5474242866	0.0641257010
90.7115384615	12.5348062170	0.0676755358	12.5486539812	0.0637609833
90.7307692308	12.5360947451	0.0674421627	12.5498765725	0.0633869566
90.7500000000	12.5373780115	0.0671985674	12.5510918818	0.0630036755
90.7692307692	12.5386558332	0.0669447893	12.5522997318	0.0626111960
90.7884615385	12.5399280282	0.0666808690	12.5534999461	0.0622095754
90.8076923077	12.5411944153	0.0664068478	12.5546923495	0.0617988722
90.8269230769	12.5424548146	0.0661227683	12.5558767680	0.0613791466
90.8461538462	12.5437090467	0.0658286735	12.5570530285	0.0609504597
90.8653846154	12.5449569336	0.0655246078	12.5582209594	0.0605128741
90.8846153846	12.5461982978	0.0652106161	12.5593803901	0.0600664537
90.9038461538	12.5474329631	0.0648867445	12.5605311514	0.0596112638
90.9230769231	12.5486607542	0.0645530397	12.5616730752	0.0591473707
90.9423076923	12.5498814967	0.0642095496	12.5628059949	0.0586748422
90.9615384615	12.5510950172	0.0638563230	12.5639297450	0.0581937472
90.9807692308	12.5523011435	0.0634934097	12.5650441615	0.0577041561
91.0000000000	12.5534997041	0.0631208606	12.5661490816	0.0572061403
91.0192307692	12.5546905288	0.0627387278	12.5672443441	0.0566997725
91.0384615385	12.5558734483	0.0623470645	12.5683297890	0.0561851266
91.0576923077	12.5570482945	0.0619459252	12.5694052579	0.0556622777
91.0769230769	12.5582149002	0.0615353657	12.5704705938	0.0551313023
91.0961538462	12.5593730995	0.0611154433	12.5715256410	0.0545922778
91.1153846154	12.5605227275	0.0606862168	12.5725702457	0.0540452829
91.1346153846	12.5616636204	0.0602477464	12.5736042552	0.0534903975
91.1538461538	12.5627956159	0.0598000941	12.5746275186	0.0529277026
91.1730769231	12.5639185524	0.0593433237	12.5756398865	0.0523572803
91.1923076923	12.5650322701	0.0588775007	12.5766412112	0.0517792140
91.2115384615	12.5661366099	0.0584026925	12.5776313463	0.0511935880
91.2307692308	12.5672314143	0.0579189685	12.5786101474	0.0506004878
91.2500000000	12.5683165271	0.0574264002	12.5795774715	0.0500000000
91.2692307692	12.5693917934	0.0569250610	12.5805331775	0.0493922123
91.2884615385	12.5704570598	0.0564150268	12.5814771258	0.0487772134
91.3076923077	12.5715121740	0.0558963754	12.5824091785	0.0481550932
91.3269230769	12.5725569854	0.0553691871	12.5833291997	0.0475259424
91.3461538462	12.5735913449	0.0548335444	12.5842370549	0.0468898528
91.3653846154	12.5746151048	0.0542895322	12.5851326117	0.0462469175
91.3846153846	12.5756281189	0.0537372378	12.5860157392	0.0455972301
91.4038461538	12.5766302427	0.0531767509	12.5868863086	0.0449408857
91.4230769231	12.5776213332	0.0526081636	12.5877441928	0.0442779799
91.4423076923	12.5786012491	0.0520315703	12.5885892664	0.0436086097
91.4615384615	12.5795698508	0.0514470680	12.5894214062	0.0429328727
91.4807692308	12.5805270002	0.0508547559	12.5902404906	0.0422508675
91.5000000000	12.5814725613	0.0502547358	12.5910464000	0.0415626938
91.5192307692	12.5824063994	0.0496471114	12.5918390168	0.0408684520
91.5384615385	12.5833283820	0.0490319890	12.5926182253	0.0401682435
91.5576923077	12.5842383782	0.0484094770	12.5933839117	0.0394621704
91.5769230769	12.5851362589	0.0477796860	12.5941359642	0.0387503360
91.5961538462	12.5860218970	0.0471427284	12.5948742729	0.0380328441
91.6153846154	12.5868951672	0.0464987189	12.5955987303	0.0373097995
91.6346153846	12.5877559461	0.0458477738	12.5963092303	0.0365813077
91.6538461538	12.5886041124	0.0451900113	12.5970056694	0.0358474750
91.6730769231	12.5894395463	0.0445255513	12.5976879458	0.0351084088
91.6923076923	12.5902621306	0.0438545149	12.5983559599	0.0343642167
91.7115384615	12.5910717494	0.0431770250	12.5990096143	0.0336150075
91.7307692308	12.5918682894	0.0424932055	12.5996488134	0.0328608906
91.7500000000	12.5926516390	0.0418031816	12.6002734639	0.0321019761
91.7692307692	12.5934216885	0.0411070792	12.6008834747	0.0313383747
91.7884615385	12.5941783305	0.0404050254	12.6014787567	0.0305701980
91.8076923077	12.5949214594	0.0396971478	12.6020592230	0.0297975581
91.8269230769	12.5956509719	0.0389835743	12.6026247888	0.0290205678
91.8461538462	12.5963667665	0.0382644337	12.6031753715	0.0282393405
91.8653846154	12.5970687438	0.0375398545	12.6037108908	0.0274539904
91.8846153846	12.5977568066	0.0368099656	12.6042312685	0.0266646320
91.9038461538	12.5984308596	0.0360748956	12.6047364286	0.0258713806
91.9230769231	12.5990908095	0.0353347731	12.6052262974	0.0250743520
91.9423076923	12.5997365653	0.0345897262	12.6057008033	0.0242736627
91.9615384615	12.6003680379	0.0338398824	12.6061598771	0.0234694294
91.9807692308	12.6009851402	0.0330853688	12.6066034517	0.0226617696
92.0000000000	12.6015877872	0.0323263115	12.6070314624	0.0218508012
92.0192307692	12.6021758960	0.0315628357	12.6074438467	0.0210366427
92.0384615385	12.6027493857	0.0307950658	12.6078405444	0.0202194128
92.0576923077	12.6033081775	0.0300231250	12.6082214975	0.0193992310
92.0769230769	12.6038521944	0.0292471351	12.6085866505	0.0185762169
92.0961538462	12.6043813617	0.0284672170	12.6089359500	0.0177504907
92.1153846154	12.6048956067	0.0276834900	12.6092693450	0.0169221729
92.1346153846	12.6053948585	0.0268960720	12.6095867869	0.0160913846
92.1538461538	12.6058790485	0.0261050795	12.6098882294	0.0152582469
92.1730769231	12.6063481099	0.0253106275	12.6101736283	0.0144228815
92.1923076923	12.6068019781	0.0245128294	12.6104429421	0.0135854105
92.2115384615	12.6072405903	0.0237117973	12.6106961314	0.0127459560
92.2307692308	12.6076638860	0.0229076415	12.6109331592	0.0119046406
92.2500000000	12.6080718063	0.0221004711	12.6111539910	0.0110615871
92.2692307692	12.6084642947	0.0212903936	12.6113585945	0.0102169187
92.2884615385	12.6088412965	0.0204775149	12.6115469399	0.0093707586
92.3076923077	12.6092027590	0.0196619399	12.6117189996	0.0085232304
92.3269230769	12.6095486317	0.0188437719	12.6118747485	0.0076744578
92.3461538462	12.6098788659	0.0180231133	12.6120141638	0.0068245648
92.3653846154	12.6101934149	0.0172000650	12.6121372253	0.0059736754
92.3846153846	12.6104922343	0.0163747273	12.6122439150	0.0051219138
92.4038461538	12.6107752815	0.0155471993	12.6123342172	0.0042694045
92.4230769231	12.6110425159	0.0147175796	12.6124081189	0.0034162718
92.4423076923	12.6112938992	0.0138859659	12.6124656091	0.0025626404
92.4615384615	12.6115293949	0.0130524557	12.6125066796	0.0017086348
92.4807692308	12.6117489686	0.0122171460	12.6125313242	0.0008543798
92.5000000000	12.6119525881	0.0113801336	12.6125395395	0.0000000000
92.5192307692	12.6121402232	0.0105415153	12.6125313242	-0.0008543798
92.5384615385	12.6123118459	0.0097013882	12.6125066796	-0.0017086348
92.5576923077	12.6124674301	0.0088598495	12.6124656091	-0.0025626404
92.5769230769	12.6126069521	0.0080169968	12.6124081189	-0.0034162718
92.5961538462	12.6127303901	0.0071729287	12.6123342172	-0.0042694045
92.6153846154	12.6128377246	0.0063277441	12.6122439150	-0.0051219138
92.6346153846	12.6129289383	0.0054815433	12.6121372253	-0.0059736754
92.6538461538	12.6130040159	0.0046344273	12.6120141638	-0.0068245648
92.6730769231	12.6130629446	0.0037864986	12.6118747485	-0.0076744578
92.6923076923	12.6131057135	0.0029378610	12.6117189996	-0.0085232304
92.7115384615	12.6131323142	0.0020886198	12.6115469399	-0.0093707586
92.7307692308	12.6131427405	0.0012388819	12.6113585945	-0.0102169187
92.7500000000	12.6131369884	0.0003887558	12.6111539910	-0.0110615871
92.7692307692	12.6131150561	-0.0004616479	12.6109331592	-0.0119046406
92.7884615385	12.6130769445	-0.0013122170	12.6106961314	-0.0127459560
92.8076923077	12.6130226563	-0.0021628371	12.6104429421	-0.0135854105
92.8269230769	12.6129521969	-0.0030133919	12.6101736283	-0.0144228815
92.8461538462	12.6128655739	-0.0038637632	12.6098882294	-0.0152582469
92.8653846154	12.6127627973	-0.0047138305	12.6095867869	-0.0160913846
92.8846153846	12.6126438796	-0.0055634715	12.6092693450	-0.0169221729
92.9038461538	12.6125088354	-0.0064125615	12.6089359500	-0.0177504907
92.9230769231	12.6123576819	-0.0072609743	12.6085866505	-0.0185762169
92.9423076923	12.6121904387	-0.0081085814	12.6082214975	-0.0193992310
92.9615384615	12.6120071278	-0.0089552525	12.6078405444	-0.0202194128
92.9807692308	12.6118077735	-0.0098008556	12.6074438467	-0.0210366427
93.0000000000	12.6115924026	-0.0106452571	12.6070314624	-0.0218508012
93.0192307692	12.6113610445	-0.0114883217	12.6066034517	-0.0226617696
93.0384615385	12.6111137306	-0.0123299128	12.6061598771	-0.0234694294
93.0576923077	12.6108504952	-0.0131698925	12.6057008033	-0.0242736627
93.0769230769	12.6105713748	-0.0140081220	12.6052262974	-0.0250743520
93.0961538462	12.6102764081	-0.0148444615	12.6047364286	-0.0258713806
93.1153846154	12.6099656367	-0.0156787706	12.6042312685	-0.0266646320
93.1346153846	12.6096391042	-0.0165109082	12.6037108908	-0.0274539904
93.1538461538	12.6092968567	-0.0173407333	12.6031753715	-0.0282393405
93.1730769231	12.6089389428	-0.0181681048	12.6026247888	-0.0290205678
93.1923076923	12.6085654134	-0.0189928816	12.6020592230	-0.0297975581
93.2115384615	12.6081763217	-0.0198149232	12.6014787567	-0.0305701980
93.2307692308	12.6077717233	-0.0206340901	12.6008834747	-0.0313383747
93.2500000000	12.6073516762	-0.0214502432	12.6002734639	-0.0321019761
93.2692307692	12.6069162406	-0.0222632450	12.5996488134	-0.0328608906
93.2884615385	12.6064654789	-0.0230729594	12.5990096143	-0.0336150075
93.3076923077	12.6059994560	-0.0238792519	12.5983559599	-0.0343642167
93.3269230769	12.6055182389	-0.0246819900	12.5976879458	-0.0351084088
93.3461538462	12.6050218969	-0.0254810432	12.5970056694	-0.0358474750
93.3653846154	12.6045105014	-0.0262762835	12.5963092303	-0.0365813077
93.3846153846	12.6039841260	-0.0270675856	12.5955987303	-0.0373097995
93.4038461538	12.6034428464	-0.0278548268	12.5948742729	-0.0380328441
93.4230769231	12.6028867407	-0.0286378873	12.5941359642	-0.0387503360
93.4423076923	12.6023158888	-0.0294166506	12.5933839117	-0.0394621704
93.4615384615	12.6017303727	-0.0301910034	12.5926182253	-0.0401682435
93.4807692308	12.6011302765	-0.0309608358	12.5918390168	-0.0408684520
93.5000000000	12.6005156863	-0.0317260414	12.5910464000	-0.0415626938
93.5192307692	12.5998866903	-0.0324865176	12.5902404906	-0.0422508675
93.5384615385	12.5992433785	-0.0332421650	12.5894214062	-0.0429328727
93.5576923077	12.5985858429	-0.0339928886	12.5885892664	-0.0436086097
93.5769230769	12.5979141773	-0.0347385965	12.5877441928	-0.0442779799
93.5961538462	12.5972284777	-0.0354792011	12.5868863086	-0.0449408857
93.6153846154	12.5965288416	-0.0362146182	12.5860157392	-0.0455972301
93.6346153846	12.5958153685	-0.0369447673	12.5851326117	-0.0462469175
93.6538461538	12.5950881598	-0.0376695718	12.5842370549	-0.0468898528
93.6730769231	12.5943473185	-0.0383889583	12.5833291997	-0.0475259424
93.6923076923	12.5935929496	-0.0391028572	12.5824091785	-0.0481550932
93.7115384615	12.5928251596	-0.0398112018	12.5814771258	-0.0487772134
93.7307692308	12.5920440570	-0.0405139290	12.5805331775	-0.0493922123
93.7500000000	12.5912497518	-0.0412109782	12.5795774715	-0.0500000000
93.7692307692	12.5904423558	-0.0419022920	12.5786101474	-0.0506004878
93.7884615385	12.5896219825	-0.0425878153	12.5776313463	-0.0511935880
93.8076923077	12.5887887472	-0.0432674956	12.5766412112	-0.0517792140
93.8269230769	12.5879427666	-0.0439412823	12.5756398865	-0.0523572803
93.8461538462	12.5870841593	-0.0446091269	12.5746275186	-0.0529277026
93.8653846154	12.5862130454	-0.0452709823	12.5736042552	-0.0534903975
93.8846153846	12.5853295468	-0.0459268029	12.5725702457	-0.0540452829
93.9038461538	12.5844337869	-0.0465765441	12.5715256410	-0.0545922778
93.9230769231	12.5835258908	-0.0472201621	12.5704705938	-0.0551313023
93.9423076923	12.5826059852	-0.0478576137	12.5694052579	-0.0556622777
93.9615384615	12.5816741985	-0.0484888558	12.5683297890	-0.0561851266
93.9807692308	12.5807306606	-0.0491138454	12.5672443441	-0.0566997725
94.0000000000	12.5797755032	-0.0497325390	12.5661490816	-0.0572061403
94.0192307692	12.5788088594	-0.0503448925	12.5650441615	-0.0577041561
94.0384615385	12.5778308642	-0.0509508612	12.5639297450	-0.0581937472
94.0576923077	12.5768416541	-0.0515503989	12.5628059949	-0.0586748422
94.0769230769	12.5758413671	-0.0521434581	12.5616730752	-0.0591473707
94.0961538462	12.5748301431	-0.0527299899	12.5605311514	-0.0596112638
94.1153846154	12.5738081233	-0.0533099434	12.5593803901	-0.0600664537
94.1346153846	12.5727754508	-0.0538832656	12.5582209594	-0.0605128741
94.1538461538	12.5717322703	-0.0544499013	12.5570530285	-0.0609504597
94.1730769231	12.5706787279	-0.0550097930	12.5558767680	-0.0613791466
94.1923076923	12.5696149716	-0.0555628805	12.5546923495	-0.0617988722
94.2115384615	12.5685411510	-0.0561091010	12.5534999461	-0.0622095754
94.2307692308	12.5674574171	-0.0566483889	12.5522997318	-0.0626111960
94.2500000000	12.5663639228	-0.0571806757	12.5510918818	-0.0630036755
94.2692307692	12.5652608224	-0.0577058899	12.5498765725	-0.0633869566
94.2884615385	12.5641482719	-0.0582239571	12.5486539812	-0.0637609833
94.3076923077	12.5630264290	-0.0587347998	12.5474242866	-0.0641257010
94.3269230769	12.5618954528	-0.0592383376	12.5461876681	-0.0644810565
94.3461538462	12.5607555040	-0.0597344869	12.5449443063	-0.0648269978
94.3653846154	12.5596067451	-0.0602231614	12.5436943827	-0.0651634745
94.3846153846	12.5584493399	-0.0607042719	12.5424380798	-0.0654904375
94.4038461538	12.5572834539	-0.0611777263	12.5411755811	-0.0658078389
94.4230769231	12.5561092540	-0.0616434298	12.5399070707	-0.0661156326
94.4423076923	12.5549269088	-0.0621012853	12.5386327340	-0.0664137734
94.4615384615	12.5537365880	-0.0625511931	12.5373527570	-0.0667022180
94.4807692308	12.5525384632	-0.0629930514	12.5360673265	-0.0669809241
94.5000000000	12.5513327071	-0.0634267561	12.5347766303	-0.0672498512
94.5192307692	12.5501194940	-0.0638522017	12.5334808567	-0.0675089599
94.5384615385	12.5488989995	-0.0642692806	12.5321801950	-0.0677582124
94.5576923077	12.5476714006	-0.0646778840	12.5308748350	-0.0679975723
94.5769230769	12.5464368754	-0.0650779020	12.5295649674	-0.0682270047
94.5961538462	12.5451956036	-0.0654692234	12.5282507833	-0.0684464760
94.6153846154	12.5439477660	-0.0658517366	12.5269324747	-0.0686559543
94.6346153846	12.5426935444	-0.0662253293	12.5256102339	-0.0688554090
94.6538461538	12.5414331222	-0.0665898892	12.5242842541	-0.0690448108
94.6730769231	12.5401666835	-0.0669453039	12.5229547289	-0.0692241323
94.6923076923	12.5388944137	-0.0672914611	12.5216218523	-0.0693933471
94.7115384615	12.5376164993	-0.0676282492	12.5202858190	-0.0695524306
94.7307692308	12.5363331277	-0.0679555575	12.5189468239	-0.0697013596
94.7500000000	12.5350444872	-0.0682732761	12.5176050627	-0.0698401123
94.7692307692	12.5337507673	-0.0685812963	12.5162607311	-0.0699686685
94.7884615385	12.5324521579	-0.0688795110	12.5149140255	-0.0700870094
94.8076923077	12.5311488502	-0.0691678146	12.5135651425	-0.0701951177
94.8269230769	12.5298410360	-0.0694461037	12.5122142790	-0.0702929776
94.8461538462	12.5285289078	-0.0697142768	12.5108616322	-0.0703805748
94.8653846154	12.5272126589	-0.0699722344	12.5095073997	-0.0704578967
94.8846153846	12.5258924831	-0.0702198800	12.5081517791	-0.0705249318
94.9038461538	12.5245685750	-0.0704571192	12.5067949683	-0.0705816703
94.9230769231	12.5232411298	-0.0706838606	12.5054371655	-0.0706281041
94.9423076923	12.5219103429	-0.0709000157	12.5040785689	-0.0706642263
94.9615384615	12.5205764105	-0.0711054989	12.5027193768	-0.0706900316
94.9807692308	12.5192395293	-0.0713002277	12.5013597876	-0.0707055163
95.0000000000	12.5178998962	-0.0714841229	12.5000000000	-0.0707106781
95.0192307692	12.5165577086	-0.0716571086	12.4986402124	-0.0707055163
95.0384615385	12.5152131641	-0.0718191120	12.4972806232	-0.0706900316
95.0576923077	12.5138664609	-0.0719700641	12.4959214311	-0.0706642263
95.0769230769	12.5125177972	-0.0721098991	12.4945628345	-0.0706281041
95.0961538462	12.5111673716	-0.0722385548	12.4932050317	-0.0705816703
95.1153846154	12.5098153827	-0.0723559723	12.4918482209	-0.0705249318
95.1346153846	12.5084620295	-0.0724620965	12.4904926003	-0.0704578967
95.1538461538	12.5071075111	-0.0725568757	12.4891383678	-0.0703805748
95.1730769231	12.5057520267	-0.0726402618	12.4877857210	-0.0702929776
95.1923076923	12.5043957756	-0.0727122100	12.4864348575	-0.0701951177
95.2115384615	12.5030389571	-0.0727726792	12.4850859745	-0.0700870094
95.2307692308	12.5016817706	-0.0728216318	12.4837392689	-0.0699686685
95.2500000000	12.5003244156	-0.0728590334	12.4823949373	-0.0698401123
95.2692307692	12.4989670915	-0.0728848534	12.4810531761	-0.0697013596
95.2884615385	12.4976099977	-0.0728990643	12.4797141810	-0.0695524306
95.3076923077	12.4962533336	-0.0729016421	12.4783781477	-0.0693933471
95.3269230769	12.4948972984	-0.0728925661	12.4770452711	-0.0692241323
95.3461538462	12.4935420914	-0.0728718188	12.4757157459	-0.0690448108
95.3653846154	12.4921879117	-0.0728393862	12.4743897661	-0.0688554090
95.3846153846	12.4908349582	-0.0727952573	12.4730675253	-0.0686559543
95.4038461538	12.4894834297	-0.0727394246	12.4717492167	-0.0684464760
95.4230769231	12.4881335250	-0.0726718836	12.4704350326	-0.0682270047
95.4423076923	12.4867854424	-0.0725926331	12.4691251650	-0.0679975723
95.4615384615	12.4854393803	-0.0725016750	12.4678198050	-0.0677582124
95.4807692308	12.4840955367	-0.0723990144	12.4665191433	-0.0675089599
95.5000000000	12.4827541092	-0.0722846595	12.4652233697	-0.0672498512
95.5192307692	12.4814152955	-0.0721586219	12.4639326735	-0.0669809241
95.5384615385	12.4800792928	-0.0720209162	12.4626472430	-0.0667022180
95.5576923077	12.4787462978	-0.0718715602	12.4613672660	-0.0664137734
95.5769230769	12.4774165071	-0.0717105748	12.4600929293	-0.0661156326
95.5961538462	12.4760901169	-0.0715379844	12.4588244189	-0.0658078389
95.6153846154	12.4747673229	-0.0713538165	12.4575619202	-0.0654904375
95.6346153846	12.4734483203	-0.0711581017	12.4563056173	-0.0651634745
95.6538461538	12.4721333040	-0.0709508741	12.4550556937	-0.0648269978
95.6730769231	12.4708224684	-0.0707321711	12.4538123319	-0.0644810565
95.6923076923	12.4695160073	-0.0705020333	12.4525757134	-0.0641257010
95.7115384615	12.4682141139	-0.0702605049	12.4513460188	-0.0637609833
95.7307692308	12.4669169809	-0.0700076334	12.4501234275	-0.0633869566
95.7500000000	12.4656248002	-0.0697434697	12.4489081182	-0.0630036755
95.7692307692	12.4643377633	-0.0694680681	12.4477002682	-0.0626111960
95.7884615385	12.4630560608	-0.0691814866	12.4465000539	-0.0622095754
95.8076923077	12.4617798826	-0.0688837864	12.4453076505	-0.0617988722
95.8269230769	12.4605094177	-0.0685750324	12.4441232320	-0.0613791466
95.8461538462	12.4592448545	-0.0682552929	12.4429469715	-0.0609504597
95.8653846154	12.4579863803	-0.0679246398	12.4417790406	-0.0605128741
95.8846153846	12.4567341816	-0.0675831485	12.4406196099	-0.0600664537
95.9038461538	12.4554884440	-0.0672308976	12.4394688486	-0.0596112638
95.9230769231	12.4542493520	-0.0668679695	12.4383269248	-0.0591473707
95.9423076923	12.4530170890	-0.0664944498	12.4371940051	-0.0586748422
95.9615384615	12.4517918374	-0.0661104275	12.4360702550	-0.0581937472
95.9807692308	12.4505737786	-0.0657159949	12.4349558385	-0.0577041561
96.0000000000	12.4493630925	-0.0653112476	12.4338509184	-0.0572061403
96.0192307692	12.4481599580	-0.0648962841	12.4327556559	-0.0566997725
96.0384615385	12.4469645527	-0.0644712063	12.4316702110	-0.0561851266
96.0576923077	12.4457770529	-0.0640361188	12.4305947421	-0.0556622777
96.0769230769	12.4445976335	-0.0635911291	12.4295294062	-0.0551313023
96.0961538462	12.4434264681	-0.0631363475	12.4284743590	-0.0545922778
96.1153846154	12.4422637288	-0.0626718867	12.4274297543	-0.0540452829
96.1346153846	12.4411095862	-0.0621978621	12.4263957448	-0.0534903975
96.1538461538	12.4399642095	-0.0617143911	12.4253724814	-0.0529277026
96.1730769231	12.4388277662	-0.0612215934	12.4243601135	-0.0523572803
96.1923076923	12.4377004226	-0.0607195906	12.4233587888	-0.0517792140
96.2115384615	12.4365823428	-0.0602085061	12.4223686537	-0.0511935880
96.2307692308	12.4354736899	-0.0596884648	12.4213898526	-0.0506004878
96.2500000000	12.4343746248	-0.0591595930	12.4204225285	-0.0500000000
96.2692307692	12.4332853072	-0.0586220185	12.4194668225	-0.0493922123
96.2884615385	12.4322058946	-0.0580758696	12.4185228742	-0.0487772134
96.3076923077	12.4311365431	-0.0575212759	12.4175908215	-0.0481550932
96.3269230769	12.4300774070	-0.0569583674	12.4166708003	-0.0475259424
96.3461538462	12.4290286386	-0.0563872745	12.4157629451	-0.0468898528
96.3653846154	12.4279903888	-0.0558081279	12.4148673883	-0.0462469175
96.3846153846	12.4269628064	-0.0552210584	12.4139842608	-0.0455972301
96.4038461538	12.4259460384	-0.0546261965	12.4131136914	-0.0449408857
96.4230769231	12.4249402301	-0.0540236727	12.4122558072	-0.0442779799
96.4423076923	12.4239455249	-0.0534136166	12.4114107336	-0.0436086097
96.4615384615	12.4229620643	-0.0527961575	12.4105785938	-0.0429328727
96.4807692308	12.4219899881	-0.0521714238	12.4097595094	-0.0422508675
96.5000000000	12.4210294340	-0.0515395429	12.4089536000	-0.0415626938
96.5192307692	12.4200805382	-0.0509006411	12.4081609832	-0.0408684520
96.5384615385	12.4191434349	-0.0502548438	12.4073817747	-0.0401682435
96.5576923077	12.4182182562	-0.0496022748	12.4066160883	-0.0394621704
96.5769230769	12.4173051327	-0.0489430567	12.4058640358	-0.0387503360
96.5961538462	12.4164041930	-0.0482773107	12.4051257271	-0.0380328441
96.6153846154	12.4155155638	-0.0476051564	12.4044012697	-0.0373097995
96.6346153846	12.4146393702	-0.0469267119	12.4036907697	-0.0365813077
96.6538461538	12.4137757353	-0.0462420937	12.4029943306	-0.0358474750
96.6730769231	12.4129247803	-0.0455514168	12.4023120542	-0.0351084088
96.6923076923	12.4120866248	-0.0448547947	12.4016440401	-0.0343642167
96.7115384615	12.4112613864	-0.0441523391	12.4009903857	-0.0336150075
96.7307692308	12.4104491809	-0.0434441603	12.4003511866	-0.0328608906
96.7500000000	12.4096501225	-0.0427303674	12.3997265361	-0.0321019761
96.7692307692	12.4088643235	-0.0420110678	12.3991165253	-0.0313383747
96.7884615385	12.4080918942	-0.0412863676	12.3985212433	-0.0305701980
96.8076923077	12.4073329434	-0.0405563719	12.3979407770	-0.0297975581
96.8269230769	12.4065875781	-0.0398211844	12.3973752112	-0.0290205678
96.8461538462	12.4058559033	-0.0390809080	12.3968246285	-0.0282393405
96.8653846154	12.4051380224	-0.0383356447	12.3962891092	-0.0274539904
96.8846153846	12.4044340371	-0.0375854957	12.3957687315	-0.0266646320
96.9038461538	12.4037440472	-0.0368305615	12.3952635714	-0.0258713806
96.9230769231	12.4030681506	-0.0360709424	12.3947737026	-0.0250743520
96.9423076923	12.4024064436	-0.0353067381	12.3942991967	-0.0242736627
96.9615384615	12.4017590207	-0.0345380484	12.3938401229	-0.0234694294
96.9807692308	12.4011259746	-0.0337649730	12.3933965483	-0.0226617696
97.0000000000	12.4005073961	-0.0329876117	12.3929685376	-0.0218508012
97.0192307692	12.3999033743	-0.0322060646	12.3925561533	-0.0210366427
97.0384615385	12.3993139965	-0.0314204325	12.3921594556	-0.0202194128
97.0576923077	12.3987393479	-0.0306308166	12.3917785025	-0.0193992310
97.0769230769	12.3981795122	-0.0298373188	12.3914133495	-0.0185762169
97.0961538462	12.3976345711	-0.0290400423	12.3910640500	-0.0177504907
97.1153846154	12.3971046043	-0.0282390908	12.3907306550	-0.0169221729
97.1346153846	12.3965896898	-0.0274345697	12.3904132131	-0.0160913846
97.1538461538	12.3960899035	-0.0266265853	12.3901117706	-0.0152582469
97.1730769231	12.3956053196	-0.0258152455	12.3898263717	-0.0144228815
97.1923076923	12.3951360101	-0.0250006595	12.3895570579	-0.0135854105
97.2115384615	12.3946820451	-0.0241829382	12.3893038686	-0.0127459560
97.2307692308	12.3942434928	-0.0233621942	12.3890668408	-0.0119046406
97.2500000000	12.3938204192	-0.0225385416	12.3888460090	-0.0110615871
97.2692307692	12.3934128883	-0.0217120964	12.3886414055	-0.0102169187
97.2884615385	12.3930209622	-0.0208829763	12.3884530601	-0.0093707586
97.3076923077	12.3926447005	-0.0200513008	12.3882810004	-0.0085232304
97.3269230769	12.3922841612	-0.0192171912	12.3881252515	-0.0076744578
97.3461538462	12.3919393996	-0.0183807704	12.3879858362	-0.0068245648
97.3653846154	12.3916104692	-0.0175421635	12.3878627747	-0.0059736754
97.3846153846	12.3912974212	-0.0167014969	12.3877560850	-0.0051219138
97.4038461538	12.3910003045	-0.0158588987	12.3876657828	-0.0042694045
97.4230769231	12.3907191658	-0.0150144990	12.3875918811	-0.0034162718
97.4423076923	12.3904540494	-0.0141684289	12.3875343909	-0.0025626404
97.4615384615	12.3902049974	-0.0133208214	12.3874933204	-0.0017086348
97.4807692308	12.3899720496	-0.0124718106	12.3874686758	-0.0008543798
97.5000000000	12.3897552434	-0.0116215319	12.3874604605	-0.0000000000
97.5192307692	12.3895546138	-0.0107701221	12.3874686758	0.0008543798
97.5384615385	12.3893701934	-0.0099177185	12.3874933204	0.0017086348
97.5576923077	12.3892020124	-0.0090644599	12.3875343909	0.0025626404
97.5769230769	12.3890500985	-0.0082104855	12.3875918811	0.0034162718
97.5961538462	12.3889144772	-0.0073559352	12.3876657828	0.0042694045
97.6153846154	12.3887951711	-0.0065009494	12.3877560850	0.0051219138
97.6346153846	12.3886922007	-0.0056456691	12.3878627747	0.0059736754
97.6538461538	12.3886055838	-0.0047902351	12.3879858362	0.0068245648
97.6730769231	12.3885353357	-0.0039347886	12.3881252515	0.0076744578
97.6923076923	12.3884814693	-0.0030794706	12.3882810004	0.0085232304
97.7115384615	12.3884439947	-0.0022244220	12.3884530601	0.0093707586
97.7307692308	12.3884229199	-0.0013697832	12.3886414055	0.0102169187
97.7500000000	12.3884182498	-0.0005156942	12.3888460090	0.0110615871
97.7692307692	12.3884299873	0.0003377056	12.3890668408	0.0119046406
97.7884615385	12.3884581323	0.0011902775	12.3893038686	0.0127459560
97.8076923077	12.3885026824	0.0020418837	12.3895570579	0.0135854105
97.8269230769	12.3885636326	0.0028923875	12.3898263717	0.0144228815
97.8461538462	12.3886409751	0.0037416531	12.3901117706	0.0152582469
97.8653846154	12.3887347000	0.0045895459	12.3904132131	0.0160913846
97.8846153846	12.3888447945	0.0054359327	12.3907306550	0.0169221729
97.9038461538	12.3889712432	0.0062806815	12.3910640500	0.0177504907
97.9230769231	12.3891140285	0.0071236621	12.3914133495	0.0185762169
97.9423076923	12.3892731299	0.0079647454	12.3917785025	0.0193992310
97.9615384615	12.3894485246	0.0088038043	12.3921594556	0.0202194128
97.9807692308	12.3896401872	0.0096407130	12.3925561533	0.0210366427
98.0000000000	12.3898480898	0.0104753477	12.3929685376	0.0218508012
98.0192307692	12.3900722019	0.0113075862	12.3933965483	0.0226617696
98.0384615385	12.3903124907	0.0121373082	12.3938401229	0.0234694294
98.0576923077	12.3905689208	0.0129643953	12.3942991967	0.0242736627
98.0769230769	12.3908414543	0.0137887308	12.3947737026	0.0250743520
98.0961538462	12.3911300509	0.0146102000	12.3952635714	0.0258713806
98.1153846154	12.3914346680	0.0154286902	12.3957687315	0.0266646320
98.1346153846	12.3917552603	0.0162440906	12.3962891092	0.0274539904
98.1538461538	12.3920917802	0.0170562921	12.3968246285	0.0282393405
98.1730769231	12.3924441779	0.0178651880	12.3973752112	0.0290205678
98.1923076923	12.3928124010	0.0186706731	12.3979407770	0.0297975581
98.2115384615	12.3931963947	0.0194726447	12.3985212433	0.0305701980
98.2307692308	12.3935961021	0.0202710015	12.3991165253	0.0313383747
98.2500000000	12.3940114638	0.0210656445	12.3997265361	0.0321019761
98.2692307692	12.3944424182	0.0218564766	12.4003511866	0.0328608906
98.2884615385	12.3948889012	0.0226434027	12.4009903857	0.0336150075
98.3076923077	12.3953508467	0.0234263296	12.4016440401	0.0343642167
98.3269230769	12.3958281862	0.0242051659	12.4023120542	0.0351084088
98.3461538462	12.3963208489	0.0249798225	12.4029943306	0.0358474750
98.3653846154	12.3968287620	0.0257502120	12.4036907697	0.0365813077
98.3846153846	12.3973518502	0.0265162488	12.4044012697	0.0373097995
98.4038461538	12.3978900364	0.0272778496	12.4051257271	0.0380328441
98.4230769231	12.3984432410	0.0280349326	12.4058640358	0.0387503360
98.4423076923	12.3990113824	0.0287874183	12.4066160883	0.0394621704
98.4615384615	12.3995943769	0.0295352289	12.4073817747	0.0401682435
98.4807692308	12.4001921386	0.0302782884	12.4081609832	0.0408684520
98.5000000000	12.4008045796	0.0310165229	12.4089536000	0.0415626938
98.5192307692	12.4014316099	0.0317498603	12.4097595094	0.0422508675
98.5384615385	12.4020731375	0.0324782304	12.4105785938	0.0429328727
98.5576923077	12.4027290681	0.0332015647	12.4114107336	0.0436086097
98.5769230769	12.4033993058	0.0339197968	12.4122558072	0.0442779799
98.5961538462	12.4040837524	0.0346328620	12.4131136914	0.0449408857
98.6153846154	12.4047823079	0.0353406972	12.4139842608	0.0455972301
98.6346153846	12.4054948702	0.0360432415	12.4148673883	0.0462469175
98.6538461538	12.4062213352	0.0367404354	12.4157629451	0.0468898528
98.6730769231	12.4069615972	0.0374322214	12.4166708003	0.0475259424
98.6923076923	12.4077155481	0.0381185434	12.4175908215	0.0481550932
98.7115384615	12.4084830784	0.0387993471	12.4185228742	0.0487772134
98.7307692308	12.4092640764	0.0394745799	12.4194668225	0.0493922123
98.7500000000	12.4100584286	0.0401441905	12.4204225285	0.0500000000
98.7692307692	12.4108660197	0.0408081293	12.4213898526	0.0506004878
98.7884615385	12.4116867325	0.0414663481	12.4223686537	0.0511935880
98.8076923077	12.4125204481	0.0421187998	12.4233587888	0.0517792140
98.8269230769	12.4133670457	0.0427654389	12.4243601135	0.0523572803
98.8461538462	12.4142264028	0.0434062208	12.4253724814	0.0529277026
98.8653846154	12.4150983950	0.0440411022	12.4263957448	0.0534903975
98.8846153846	12.4159828963	0.0446700407	12.4274297543	0.0540452829
98.9038461538	12.4168797787	0.0452929947	12.4284743590	0.0545922778
98.9230769231	12.4177889129	0.0459099235	12.4295294062	0.0551313023
98.9423076923	12.4187101675	0.0465207869	12.4305947421	0.0556622777
98.9615384615	12.4196434095	0.0471255454	12.4316702110	0.0561851266
98.9807692308	12.4205885043	0.0477241596	12.4327556559	0.0566997725
99.0000000000	12.4215453155	0.0483165906	12.4338509184	0.0572061403
99.0192307692	12.4225137052	0.0489027994	12.4349558385	0.0577041561
99.0384615385	12.4234935337	0.0494827472	12.4360702550	0.0581937472
99.0576923077	12.4244846598	0.0500563947	12.4371940051	0.0586748422
99.0769230769	12.4254869404	0.0506237023	12.4383269248	0.0591473707
99.0961538462	12.4265002311	0.0511846302	12.4394688486	0.0596112638
99.1153846154	12.4275243858	0.0517391376	12.4406196099	0.0600664537
99.1346153846	12.4285592568	0.0522871829	12.4417790406	0.0605128741
99.1538461538	12.4296046947	0.0528287236	12.4429469715	0.0609504597
99.1730769231	12.4306605486	0.0533637162	12.4441232320	0.0613791466
99.1923076923	12.4317266663	0.0538921157	12.4453076505	0.0617988722
99.2115384615	12.4328028936	0.0544138758	12.4465000539	0.0622095754
99.2307692308	12.4338890751	0.0549289485	12.4477002682	0.0626111960
99.2500000000	12.4349850539	0.0554372844	12.4489081182	0.0630036755
99.2692307692	12.4360906713	0.0559388319	12.4501234275	0.0633869566
99.2884615385	12.4372057674	0.0564335376	12.4513460188	0.0637609833
99.3076923077	12.4383301807	0.0569213463	12.4525757134	0.0641257010
99.3269230769	12.4394637482	0.0574022003	12.4538123319	0.0644810565
99.3461538462	12.4406063056	0.0578760398	12.4550556937	0.0648269978
99.3653846154	12.4417576869	0.0583428028	12.4563056173	0.0651634745
99.3846153846	12.4429177250	0.0588024247	12.4575619202	0.0654904375
99.4038461538	12.4440862512	0.0592548387	12.4588244189	0.0658078389
99.4230769231	12.4452630954	0.0596999755	12.4600929293	0.0661156326
99.4423076923	12.4464480862	0.0601377633	12.4613672660	0.0664137734
99.4615384615	12.4476410508	0.0605681279	12.4626472430	0.0667022180
99.4807692308	12.4488418152	0.0609909925	12.4639326735	0.0669809241
99.5000000000	12.4500502038	0.0614062780	12.4652233697	0.0672498512
99.5192307692	12.4512660401	0.0618139029	12.4665191433	0.0675089599
99.5384615385	12.4524891461	0.0622137835	12.4678198050	0.0677582124
99.5576923077	12.4537193425	0.0626058336	12.4691251650	0.0679975723
99.5769230769	12.4549564489	0.0629899652	12.4704350326	0.0682270047
99.5961538462	12.4562002837	0.0633660879	12.4717492167	0.0684464760
99.6153846154	12.4574506641	0.0637341097	12.4730675253	0.0686559543
99.6346153846	12.4587074061	0.0640939367	12.4743897661	0.0688554090
99.6538461538	12.4599703247	0.0644454734	12.4757157459	0.0690448108
99.6730769231	12.4612392338	0.0647886228	12.4770452711	0.0692241323
99.6923076923	12.4625139463	0.0651232867	12.4783781477	0.0693933471
99.7115384615	12.4637942738	0.0654493659	12.4797141810	0.0695524306
99.7307692308	12.4650800273	0.0657667601	12.4810531761	0.0697013596
99.7500000000	12.4663710165	0.0660753687	12.4823949373	0.0698401123
99.7692307692	12.4676670505	0.0663750902	12.4837392689	0.0699686685
99.7884615385	12.4689679374	0.0666658231	12.4850859745	0.0700870094
99.8076923077	12.4702734843	0.0669474661	12.4864348575	0.0701951177
99.8269230769	12.4715834977	0.0672199177	12.4877857210	0.0702929776
99.8461538462	12.4728977833	0.0674830774	12.4891383678	0.0703805748
99.8653846154	12.4742161460	0.0677368448	12.4904926003	0.0704578967
99.8846153846	12.4755383900	0.0679811211	12.4918482209	0.0705249318
99.9038461538	12.4768643190	0.0682158081	12.4932050317	0.0705816703
99.9230769231	12.4781937360	0.0684408095	12.4945628345	0.0706281041
99.9423076923	12.4795264434	0.0686560303	12.4959214311	0.0706642263
99.9615384615	12.4808622432	0.0688613776	12.4972806232	0.0706900316
99.9807692308	12.4822009367	0.0690567604	12.4986402124	0.0707055163
100.0000000000	12.4835423250	0.0692420902	12.5000000000	0.0707106781
