# time	stress	strain
0.0000000000	0.0000000000	0.0000000000
0.0192307692	0.0085249628	0.0000852496
0.0384615385	0.0170486866	0.0001704869
0.0576923077	0.0255699327	0.0002556993
0.0769230769	0.0340874627	0.0003408746
0.0961538462	0.0426000386	0.0004260004
0.1153846154	0.0511064233	0.0005110642
0.1346153846	0.0596053805	0.0005960538
0.1538461538	0.0680956752	0.0006809568
0.1730769231	0.0765760737	0.0007657607
0.1923076923	0.0850453438	0.0008504534
0.2115384615	0.0935022552	0.0009350226
0.2307692308	0.1019455798	0.0010194558
0.2500000000	0.1103740917	0.0011037409
0.2692307692	0.1187865677	0.0011878657
0.2884615385	0.1271817876	0.0012718179
0.3076923077	0.1355585342	0.0013555853
0.3269230769	0.1439155941	0.0014391559
0.3461538462	0.1522517576	0.0015225176
0.3653846154	0.1605658190	0.0016056582
0.3846153846	0.1688565772	0.0016885658
0.4038461538	0.1771228358	0.0017712284
0.4230769231	0.1853634035	0.0018536340
0.4423076923	0.1935770942	0.0019357709
0.4615384615	0.2017627274	0.0020176273
0.4807692308	0.2099191283	0.0020991913
0.5000000000	0.2180451285	0.0021804513
0.5192307692	0.2261395653	0.0022613957
0.5384615385	0.2342012828	0.0023420128
0.5576923077	0.2422291314	0.0024222913
0.5769230769	0.2502219683	0.0025022197
0.5961538462	0.2581786570	0.0025817866
0.6153846154	0.2660980681	0.0026609807
0.6346153846	0.2739790786	0.0027397908
0.6538461538	0.2818205720	0.0028182057
0.6730769231	0.2896214385	0.0028962144
0.6923076923	0.2973805746	0.0029738057
0.7115384615	0.3050968828	0.0030509688
0.7307692308	0.3127692715	0.0031276927
0.7500000000	0.3203966550	0.0032039666
0.7692307692	0.3279779528	0.0032797795
0.7884615385	0.3355120895	0.0033551209
0.8076923077	0.3429979945	0.0034299799
0.8269230769	0.3504346016	0.0035043460
0.8461538462	0.3578208486	0.0035782085
0.8653846154	0.3651556772	0.0036515568
0.8846153846	0.3724380325	0.0037243803
0.9038461538	0.3796668625	0.0037966686
0.9230769231	0.3868411181	0.0038684112
0.9423076923	0.3939597530	0.0039395975
0.9615384615	0.4010217228	0.0040102172
0.9807692308	0.4080259857	0.0040802599
1.0000000000	0.4149715017	0.0041497150
1.0192307692	0.4218572330	0.0042185723
1.0384615385	0.4286821436	0.0042868214
1.0576923077	0.4354452000	0.0043544520
1.0769230769	0.4421453710	0.0044214537
1.0961538462	0.4487816278	0.0044878163
1.1153846154	0.4553529451	0.0045535295
1.1346153846	0.4618583007	0.0046185830
1.1538461538	0.4682966766	0.0046829668
1.1730769231	0.4746670597	0.0047466706
1.1923076923	0.4809684424	0.0048096844
1.2115384615	0.4871998234	0.0048719982
1.2307692308	0.4933602086	0.0049336021
1.2500000000	0.4994486127	0.0049944861
1.2692307692	0.5054640596	0.0050546406
1.2884615385	0.5114055840	0.0051140558
1.3076923077	0.5172722325	0.0051727223
1.3269230769	0.5230630649	0.0052306306
1.3461538462	0.5287771559	0.0052877716
1.3653846154	0.5344135958	0.0053441360
1.3846153846	0.5399714925	0.0053997149
1.4038461538	0.5454499726	0.0054544997
1.4230769231	0.5508481827	0.0055084818
1.4423076923	0.5561652910	0.0055616529
1.4615384615	0.5614004884	0.0056140049
1.4807692308	0.5665529897	0.0056655299
1.5000000000	0.5716220347	0.0057162203
1.5192307692	0.5766068895	0.0057660689
1.5384615385	0.5815068472	0.0058150685
1.5576923077	0.5863212286	0.0058632123
1.5769230769	0.5910493832	0.0059104938
1.5961538462	0.5956906894	0.0059569069
1.6153846154	0.6002445548	0.0060024455
1.6346153846	0.6047104166	0.0060471042
1.6538461538	0.6090877414	0.0060908774
1.6730769231	0.6133760248	0.0061337602
1.6923076923	0.6175747915	0.0061757479
1.7115384615	0.6216835938	0.0062168359
1.7307692308	0.6257020118	0.0062570201
1.7500000000	0.6296296513	0.0062962965
1.7692307692	0.6334661436	0.0063346614
1.7884615385	0.6372111430	0.0063721114
1.8076923077	0.6408643261	0.0064086433
1.8269230769	0.6444253895	0.0064442539
1.8461538462	0.6478940480	0.0064789405
1.8653846154	0.6512700327	0.0065127003
1.8846153846	0.6545530882	0.0065455309
1.9038461538	0.6577429712	0.0065774297
1.9230769231	0.6608394471	0.0066083945
1.9423076923	0.6638422885	0.0066384229
1.9615384615	0.6667512720	0.0066675127
1.9807692308	0.6695661761	0.0066956618
2.0000000000	0.6722867784	0.0067228678
2.0192307692	0.6749128537	0.0067491285
2.0384615385	0.6774441712	0.0067744417
2.0576923077	0.6798804923	0.0067988049
2.0769230769	0.6822215686	0.0068222157
2.0961538462	0.6844671401	0.0068446714
2.1153846154	0.6866169332	0.0068661693
2.1346153846	0.6886706589	0.0068867066
2.1538461538	0.6906280122	0.0069062801
2.1730769231	0.6924886704	0.0069248867
2.1923076923	0.6942522924	0.0069425229
2.2115384615	0.6959185186	0.0069591852
2.2307692308	0.6974869702	0.0069748697
2.2500000000	0.6989572496	0.0069895725
2.2692307692	0.7003289408	0.0070032894
2.2884615385	0.7016016102	0.0070160161
2.3076923077	0.7027748076	0.0070277481
2.3269230769	0.7038480678	0.0070384807
2.3461538462	0.7048209124	0.0070482091
2.3653846154	0.7056928518	0.0070569285
2.3846153846	0.7064633874	0.0070646339
2.4038461538	0.7071320149	0.0070713201
2.4230769231	0.7076982266	0.0070769823
2.4423076923	0.7081615151	0.0070816152
2.4615384615	0.7085213762	0.0070852138
2.4807692308	0.7087773133	0.0070877731
2.5000000000	0.7089288405	0.0070892884
2.5192307692	0.7089754868	0.0070897549
2.5384615385	0.7089168000	0.0070891680
2.5576923077	0.7087523510	0.0070875235
2.5769230769	0.7084817377	0.0070848174
2.5961538462	0.7081045890	0.0070810459
2.6153846154	0.7076205688	0.0070762057
2.6346153846	0.7070293801	0.0070702938
2.6538461538	0.7063307685	0.0070633077
2.6730769231	0.7055245257	0.0070552453
2.6923076923	0.7046104930	0.0070461049
2.7115384615	0.7035885642	0.0070358856
2.7307692308	0.7024586884	0.0070245869
2.7500000000	0.7012208724	0.0070122087
2.7692307692	0.6998751828	0.0069987518
2.7884615385	0.6984217474	0.0069842175
2.8076923077	0.6968607569	0.0069686076
2.8269230769	0.6951924651	0.0069519247
2.8461538462	0.6934171897	0.0069341719
2.8653846154	0.6915353122	0.0069153531
2.8846153846	0.6895472767	0.0068954728
2.9038461538	0.6874535897	0.0068745359
2.9230769231	0.6852548178	0.0068525482
2.9423076923	0.6829515863	0.0068295159
2.9615384615	0.6805445762	0.0068054458
2.9807692308	0.6780345217	0.0067803452
3.0000000000	0.6754222068	0.0067542221
3.0192307692	0.6727084614	0.0067270846
3.0384615385	0.6698941574	0.0066989416
3.0576923077	0.6669802044	0.0066698020
3.0769230769	0.6639675447	0.0066396754
3.0961538462	0.6608571488	0.0066085715
3.1153846154	0.6576500098	0.0065765001
3.1346153846	0.6543471386	0.0065434714
3.1538461538	0.6509495581	0.0065094956
3.1730769231	0.6474582979	0.0064745830
3.1923076923	0.6438743888	0.0064387439
3.2115384615	0.6401988576	0.0064019886
3.2307692308	0.6364327213	0.0063643272
3.2500000000	0.6325769826	0.0063257698
3.2692307692	0.6286326243	0.0062863262
3.2884615385	0.6246006051	0.0062460061
3.3076923077	0.6204818549	0.0062048185
3.3269230769	0.6162772709	0.0061627727
3.3461538462	0.6119877139	0.0061198771
3.3653846154	0.6076140050	0.0060761401
3.3846153846	0.6031569232	0.0060315692
3.4038461538	0.5986172027	0.0059861720
3.4230769231	0.5939955313	0.0059399553
3.4423076923	0.5892925497	0.0058929255
3.4615384615	0.5845088501	0.0058450885
3.4807692308	0.5796449770	0.0057964498
3.5000000000	0.5747014271	0.0057470143
3.5192307692	0.5696786509	0.0056967865
3.5384615385	0.5645770542	0.0056457705
3.5576923077	0.5593970006	0.0055939700
3.5769230769	0.5541388141	0.0055413881
3.5961538462	0.5488027829	0.0054880278
3.6153846154	0.5433891629	0.0054338916
3.6346153846	0.5378981823	0.0053789818
3.6538461538	0.5323300462	0.0053233005
3.6730769231	0.5266849421	0.0052668494
3.6923076923	0.5209630452	0.0052096305
3.7115384615	0.5151645245	0.0051516452
3.7307692308	0.5092895484	0.0050928955
3.7500000000	0.5033382914	0.0050333829
3.7692307692	0.4973109405	0.0049731094
3.7884615385	0.4912077012	0.0049120770
3.8076923077	0.4850288044	0.0048502880
3.8269230769	0.4787745126	0.0047877451
3.8461538462	0.4724451262	0.0047244513
3.8653846154	0.4660409898	0.0046604099
3.8846153846	0.4595624974	0.0045956250
3.9038461538	0.4530100988	0.0045301010
3.9230769231	0.4463843041	0.0044638430
3.9423076923	0.4396856889	0.0043968569
3.9615384615	0.4329148984	0.0043291490
3.9807692308	0.4260726510	0.0042607265
4.0000000000	0.4191597423	0.0041915974
4.0192307692	0.4121770468	0.0041217705
4.0384615385	0.4051255206	0.0040512552
4.0576923077	0.3980062027	0.0039800620
4.0769230769	0.3908202158	0.0039082022
4.0961538462	0.3835687660	0.0038356877
4.1153846154	0.3762531427	0.0037625314
4.1346153846	0.3688747171	0.0036887472
4.1538461538	0.3614349404	0.0036143494
4.1730769231	0.3539353408	0.0035393534
4.1923076923	0.3463775207	0.0034637752
4.2115384615	0.3387631528	0.0033876315
4.2307692308	0.3310939754	0.0033109398
4.2500000000	0.3233717873	0.0032337179
4.2692307692	0.3155984429	0.0031559844
4.2884615385	0.3077758456	0.0030777585
4.3076923077	0.2999059416	0.0029990594
4.3269230769	0.2919907134	0.0029199071
4.3461538462	0.2840321723	0.0028403217
4.3653846154	0.2760323517	0.0027603235
4.3846153846	0.2679932991	0.0026799330
4.4038461538	0.2599170689	0.0025991707
4.4230769231	0.2518057148	0.0025180571
4.4423076923	0.2436612819	0.0024366128
4.4615384615	0.2354858000	0.0023548580
4.4807692308	0.2272812752	0.0022728128
4.5000000000	0.2190496839	0.0021904968
4.5192307692	0.2107929653	0.0021079297
4.5384615385	0.2025130156	0.0020251302
4.5576923077	0.1942116812	0.0019421168
4.5769230769	0.1858907540	0.0018589075
4.5961538462	0.1775519658	0.0017755197
4.6153846154	0.1691969841	0.0016919698
4.6346153846	0.1608274081	0.0016082741
4.6538461538	0.1524447657	0.0015244477
4.6730769231	0.1440505106	0.0014405051
4.6923076923	0.1356460206	0.0013564602
4.7115384615	0.1272325965	0.0012723260
4.7307692308	0.1188114614	0.0011881146
4.7500000000	0.1103837612	0.0011038376
4.7692307692	0.1019505654	0.0010195057
4.7884615385	0.0935128684	0.0009351287
4.8076923077	0.0850715927	0.0008507159
4.8269230769	0.0766275908	0.0007662759
4.8461538462	0.0681816495	0.0006818165
4.8653846154	0.0597344939	0.0005973449
4.8846153846	0.0512867921	0.0005128679
4.9038461538	0.0428391603	0.0004283916
4.9230769231	0.0343921687	0.0003439217
4.9423076923	0.0259463473	0.0002594635
4.9615384615	0.0175021926	0.0001750219
4.9807692308	0.0090601740	0.0000906017
5.0000000000	0.0006207409	0.0000062074
5.0192307692	-0.0078156705	-0.0000781567
5.0384615385	-0.0162486302	-0.0001624863
5.0576923077	-0.0246777066	-0.0002467771
5.0769230769	-0.0331024606	-0.0003310246
5.0961538462	-0.0415224376	-0.0004152244
5.1153846154	-0.0499371617	-0.0004993716
5.1346153846	-0.0583461284	-0.0005834613
5.1538461538	-0.0667487993	-0.0006674880
5.1730769231	-0.0751445958	-0.0007514460
5.1923076923	-0.0835328940	-0.0008353289
5.2115384615	-0.0919130198	-0.0009191302
5.2307692308	-0.1002842448	-0.0010028424
5.2500000000	-0.1086457822	-0.0010864578
5.2692307692	-0.1169967840	-0.0011699678
5.2884615385	-0.1253363384	-0.0012533634
5.3076923077	-0.1336634680	-0.0013366347
5.3269230769	-0.1419771283	-0.0014197713
5.3461538462	-0.1502762078	-0.0015027621
5.3653846154	-0.1585595275	-0.0015855953
5.3846153846	-0.1668258424	-0.0016682584
5.4038461538	-0.1750738426	-0.0017507384
5.4230769231	-0.1833021554	-0.0018330216
5.4423076923	-0.1915093486	-0.0019150935
5.4615384615	-0.1996939331	-0.0019969393
5.4807692308	-0.2078543678	-0.0020785437
5.5000000000	-0.2159890630	-0.0021598906
5.5192307692	-0.2240963863	-0.0022409639
5.5384615385	-0.2321746674	-0.0023217467
5.5576923077	-0.2402222038	-0.0024022220
5.5769230769	-0.2482372671	-0.0024823727
5.5961538462	-0.2562181092	-0.0025621811
5.6153846154	-0.2641629687	-0.0026416297
5.6346153846	-0.2720700775	-0.0027207008
5.6538461538	-0.2799376677	-0.0027993767
5.6730769231	-0.2877639777	-0.0028776398
5.6923076923	-0.2955472595	-0.0029554726
5.7115384615	-0.3032857845	-0.0030328578
5.7307692308	-0.3109778504	-0.0031097785
5.7500000000	-0.3186217864	-0.0031862179
5.7692307692	-0.3262159598	-0.0032621596
5.7884615385	-0.3337587805	-0.0033375878
5.8076923077	-0.3412487063	-0.0034124871
5.8269230769	-0.3486842476	-0.0034868425
5.8461538462	-0.3560639706	-0.0035606397
5.8653846154	-0.3633865016	-0.0036338650
5.8846153846	-0.3706505290	-0.0037065053
5.9038461538	-0.3778548063	-0.0037785481
5.9230769231	-0.3849981530	-0.0038499815
5.9423076923	-0.3920794564	-0.0039207946
5.9615384615	-0.3990976715	-0.0039909767
5.9807692308	-0.4060518208	-0.0040605182
6.0000000000	-0.4129409938	-0.0041294099
6.0192307692	-0.4197643454	-0.0041976435
6.0384615385	-0.4265210937	-0.0042652109
6.0576923077	-0.4332105179	-0.0043321052
6.0769230769	-0.4398319550	-0.0043983196
6.0961538462	-0.4463847963	-0.0044638480
6.1153846154	-0.4528684834	-0.0045286848
6.1346153846	-0.4592825039	-0.0045928250
6.1538461538	-0.4656263867	-0.0046562639
6.1730769231	-0.4718996972	-0.0047189970
6.1923076923	-0.4781020317	-0.0047810203
6.2115384615	-0.4842330125	-0.0048423301
6.2307692308	-0.4902922819	-0.0049029228
6.2500000000	-0.4962794972	-0.0049627950
6.2692307692	-0.5021943248	-0.0050219432
6.2884615385	-0.5080364349	-0.0050803643
6.3076923077	-0.5138054963	-0.0051380550
6.3269230769	-0.5195011711	-0.0051950117
6.3461538462	-0.5251231099	-0.0052512311
6.3653846154	-0.5306709472	-0.0053067095
6.3846153846	-0.5361442973	-0.0053614430
6.4038461538	-0.5415427501	-0.0054154275
6.4230769231	-0.5468658684	-0.0054686587
6.4423076923	-0.5521131841	-0.0055211318
6.4615384615	-0.5572841965	-0.0055728420
6.4807692308	-0.5623783700	-0.0056237837
6.5000000000	-0.5673951328	-0.0056739513
6.5192307692	-0.5723338762	-0.0057233388
6.5384615385	-0.5771939541	-0.0057719395
6.5576923077	-0.5819746838	-0.0058197468
6.5769230769	-0.5866753461	-0.0058667535
6.5961538462	-0.5912951877	-0.0059129519
6.6153846154	-0.5958334222	-0.0059583342
6.6346153846	-0.6002892330	-0.0060028923
6.6538461538	-0.6046617763	-0.0060466178
6.6730769231	-0.6089501842	-0.0060895018
6.6923076923	-0.6131535684	-0.0061315357
6.7115384615	-0.6172710248	-0.0061727102
6.7307692308	-0.6213016371	-0.0062130164
6.7500000000	-0.6252444823	-0.0062524448
6.7692307692	-0.6290986349	-0.0062909863
6.7884615385	-0.6328631723	-0.0063286317
6.8076923077	-0.6365371797	-0.0063653718
6.8269230769	-0.6401197553	-0.0064011976
6.8461538462	-0.6436100155	-0.0064361002
6.8653846154	-0.6470070997	-0.0064700710
6.8846153846	-0.6503101751	-0.0065031018
6.9038461538	-0.6535184419	-0.0065351844
6.9230769231	-0.6566311371	-0.0065663114
6.9423076923	-0.6596475389	-0.0065964754
6.9615384615	-0.6625669704	-0.0066256697
6.9807692308	-0.6653888030	-0.0066538880
7.0000000000	-0.6681124595	-0.0066811246
7.0192307692	-0.6707374162	-0.0067073742
7.0384615385	-0.6732632052	-0.0067326321
7.0576923077	-0.6756894159	-0.0067568942
7.0769230769	-0.6780156957	-0.0067801570
7.0961538462	-0.6802417506	-0.0068024175
7.1153846154	-0.6823673451	-0.0068236735
7.1346153846	-0.6843923014	-0.0068439230
7.1538461538	-0.6863164982	-0.0068631650
7.1730769231	-0.6881398692	-0.0068813987
7.1923076923	-0.6898624004	-0.0068986240
7.2115384615	-0.6914841279	-0.0069148413
7.2307692308	-0.6930051346	-0.0069300513
7.2500000000	-0.6944255465	-0.0069442555
7.2692307692	-0.6957455289	-0.0069574553
7.2884615385	-0.6969652822	-0.0069696528
7.3076923077	-0.6980850374	-0.0069808504
7.3269230769	-0.6991050512	-0.0069910505
7.3461538462	-0.7000256012	-0.0070002560
7.3653846154	-0.7008469812	-0.0070084698
7.3846153846	-0.7015694957	-0.0070156950
7.4038461538	-0.7021934548	-0.0070219345
7.4230769231	-0.7027191698	-0.0070271917
7.4423076923	-0.7031469477	-0.0070314695
7.4615384615	-0.7034770869	-0.0070347709
7.4807692308	-0.7037098725	-0.0070370987
7.5000000000	-0.7038455723	-0.0070384557
7.5192307692	-0.7038844327	-0.0070388443
7.5384615385	-0.7038266755	-0.0070382668
7.5576923077	-0.7036724947	-0.0070367249
7.5769230769	-0.7034220538	-0.0070342205
7.5961538462	-0.7030754837	-0.0070307548
7.6153846154	-0.7026328813	-0.0070263288
7.6346153846	-0.7020943078	-0.0070209431
7.6538461538	-0.7014597888	-0.0070145979
7.6730769231	-0.7007293139	-0.0070072931
7.6923076923	-0.6999028372	-0.0069990284
7.7115384615	-0.6989802783	-0.0069898028
7.7307692308	-0.6979615242	-0.0069796152
7.7500000000	-0.6968464310	-0.0069684643
7.7692307692	-0.6956348265	-0.0069563483
7.7884615385	-0.6943265137	-0.0069432651
7.8076923077	-0.6929212737	-0.0069292127
7.8269230769	-0.6914188695	-0.0069141887
7.8461538462	-0.6898190510	-0.0068981905
7.8653846154	-0.6881215583	-0.0068812156
7.8846153846	-0.6863261275	-0.0068632613
7.9038461538	-0.6844324949	-0.0068443249
7.9230769231	-0.6824404025	-0.0068244040
7.9423076923	-0.6803496026	-0.0068034960
7.9615384615	-0.6781598638	-0.0067815986
7.9807692308	-0.6758709753	-0.0067587098
8.0000000000	-0.6734827526	-0.0067348275
8.0192307692	-0.6709950417	-0.0067099504
8.0384615385	-0.6684077247	-0.0066840772
8.0576923077	-0.6657207234	-0.0066572072
8.0769230769	-0.6629340040	-0.0066293400
8.0961538462	-0.6600475804	-0.0066004758
8.1153846154	-0.6570615184	-0.0065706152
8.1346153846	-0.6539759377	-0.0065397594
8.1538461538	-0.6507910151	-0.0065079102
8.1730769231	-0.6475069866	-0.0064750699
8.1923076923	-0.6441241482	-0.0064412415
8.2115384615	-0.6406428580	-0.0064064286
8.2307692308	-0.6370635355	-0.0063706354
8.2500000000	-0.6333866625	-0.0063338666
8.2692307692	-0.6296127820	-0.0062961278
8.2884615385	-0.6257424974	-0.0062574250
8.3076923077	-0.6217764704	-0.0062177647
8.3269230769	-0.6177154195	-0.0061771542
8.3461538462	-0.6135601170	-0.0061356012
8.3653846154	-0.6093113861	-0.0060931139
8.3846153846	-0.6049700975	-0.0060497010
8.4038461538	-0.6005371656	-0.0060053717
8.4230769231	-0.5960135448	-0.0059601354
8.4423076923	-0.5914002243	-0.0059140022
8.4615384615	-0.5866982247	-0.0058669822
8.4807692308	-0.5819085922	-0.0058190859
8.5000000000	-0.5770323946	-0.0057703239
8.5192307692	-0.5720707159	-0.0057207072
8.5384615385	-0.5670246519	-0.0056702465
8.5576923077	-0.5618953048	-0.0056189530
8.5769230769	-0.5566837793	-0.0055668378
8.5961538462	-0.5513911774	-0.0055139118
8.6153846154	-0.5460185946	-0.0054601859
8.6346153846	-0.5405671156	-0.0054056712
8.6538461538	-0.5350378109	-0.0053503781
8.6730769231	-0.5294317329	-0.0052943173
8.6923076923	-0.5237499137	-0.0052374991
8.7115384615	-0.5179933622	-0.0051799336
8.7307692308	-0.5121630619	-0.0051216306
8.7500000000	-0.5062599697	-0.0050625997
8.7692307692	-0.5002850146	-0.0050028501
8.7884615385	-0.4942390970	-0.0049423910
8.8076923077	-0.4881230890	-0.0048812309
8.8269230769	-0.4819378346	-0.0048193783
8.8461538462	-0.4756841503	-0.0047568415
8.8653846154	-0.4693628273	-0.0046936283
8.8846153846	-0.4629746328	-0.0046297463
8.9038461538	-0.4565203122	-0.0045652031
8.9230769231	-0.4500005925	-0.0045000059
8.9423076923	-0.4434161846	-0.0044341618
8.9615384615	-0.4367677874	-0.0043676779
8.9807692308	-0.4300560910	-0.0043005609
9.0000000000	-0.4232817809	-0.0042328178
9.0192307692	-0.4164455422	-0.0041644554
9.0384615385	-0.4095480637	-0.0040954806
9.0576923077	-0.4025900424	-0.0040259004
9.0769230769	-0.3955721878	-0.0039557219
9.0961538462	-0.3884952264	-0.0038849523
9.1153846154	-0.3813599055	-0.0038135991
9.1346153846	-0.3741669979	-0.0037416700
9.1538461538	-0.3669173057	-0.0036691731
9.1730769231	-0.3596116635	-0.0035961166
9.1923076923	-0.3522509423	-0.0035225094
9.2115384615	-0.3448360522	-0.0034483605
9.2307692308	-0.3373679453	-0.0033736795
9.2500000000	-0.3298476175	-0.0032984762
9.2692307692	-0.3222761107	-0.0032227611
9.2884615385	-0.3146545138	-0.0031465451
9.3076923077	-0.3069839634	-0.0030698396
9.3269230769	-0.2992656443	-0.0029926564
9.3461538462	-0.2915007887	-0.0029150079
9.3653846154	-0.2836906759	-0.0028369068
9.3846153846	-0.2758366308	-0.0027583663
9.4038461538	-0.2679400216	-0.0026794002
9.4230769231	-0.2600022580	-0.0026000226
9.4423076923	-0.2520247877	-0.0025202479
9.4615384615	-0.2440090935	-0.0024400909
9.4807692308	-0.2359566893	-0.0023595669
9.5000000000	-0.2278691161	-0.0022786912
9.5192307692	-0.2197479372	-0.0021974794
9.5384615385	-0.2115947338	-0.0021159473
9.5576923077	-0.2034110997	-0.0020341110
9.5769230769	-0.1951986361	-0.0019519864
9.5961538462	-0.1869589463	-0.0018695895
9.6153846154	-0.1786936304	-0.0017869363
9.6346153846	-0.1704042795	-0.0017040428
9.6538461538	-0.1620924710	-0.0016209247
9.6730769231	-0.1537597627	-0.0015375976
9.6923076923	-0.1454076880	-0.0014540769
9.7115384615	-0.1370377515	-0.0013703775
9.7307692308	-0.1286514239	-0.0012865142
9.7500000000	-0.1202501380	-0.0012025014
9.7692307692	-0.1118352854	-0.0011183529
9.7884615385	-0.1034082128	-0.0010340821
9.8076923077	-0.0949702192	-0.0009497022
9.8269230769	-0.0865225543	-0.0008652255
9.8461538462	-0.0780664160	-0.0007806642
9.8653846154	-0.0696029501	-0.0006960295
9.8846153846	-0.0611332494	-0.0006113325
9.9038461538	-0.0526583543	-0.0005265835
9.9230769231	-0.0441792534	-0.0004417925
9.9423076923	-0.0356968849	-0.0003569688
9.9615384615	-0.0272121392	-0.0002721214
9.9807692308	-0.0187258612	-0.0001872586
10.0000000000	-0.0102388536	-0.0001023885
10.0192307692	-0.0017518814	-0.0000175188
10.0384615385	0.0067343245	0.0000673432
10.0576923077	0.0152190618	0.0001521906
10.0769230769	0.0237016516	0.0002370165
10.0961538462	0.0321814331	0.0003218143
10.1153846154	0.0406577568	0.0004065776
10.1346153846	0.0491299791	0.0004912998
10.1538461538	0.0575974549	0.0005759745
10.1730769231	0.0660595320	0.0006605953
10.1923076923	0.0745155437	0.0007451554
10.2115384615	0.0829648027	0.0008296480
10.2307692308	0.0914065943	0.0009140659
10.2500000000	0.0998401704	0.0009984017
10.2692307692	0.1082647431	0.0010826474
10.2884615385	0.1166794795	0.0011667948
10.3076923077	0.1250834961	0.0012508350
10.3269230769	0.1334758538	0.0013347585
10.3461538462	0.1418555539	0.0014185555
10.3653846154	0.1502215345	0.0015022153
10.3846153846	0.1585726669	0.0015857267
10.4038461538	0.1669077538	0.0016690775
10.4230769231	0.1752255273	0.0017522553
10.4423076923	0.1835246480	0.0018352465
10.4615384615	0.1918037051	0.0019180371
10.4807692308	0.2000612167	0.0020006122
10.5000000000	0.2082956319	0.0020829563
10.5192307692	0.2165053323	0.0021650533
10.5384615385	0.2246886356	0.0022468864
10.5576923077	0.2328437993	0.0023284380
10.5769230769	0.2409690253	0.0024096903
10.5961538462	0.2490624653	0.0024906247
10.6153846154	0.2571222264	0.0025712223
10.6346153846	0.2651463784	0.0026514638
10.6538461538	0.2731329600	0.0027313296
10.6730769231	0.2810799875	0.0028107999
10.6923076923	0.2889854619	0.0028898546
10.7115384615	0.2968473782	0.0029684738
10.7307692308	0.3046637333	0.0030466373
10.7500000000	0.3124325354	0.0031243254
10.7692307692	0.3201518129	0.0032015181
10.7884615385	0.3278196230	0.0032781962
10.8076923077	0.3354340612	0.0033543406
10.8269230769	0.3429932693	0.0034299327
10.8461538462	0.3504954443	0.0035049544
10.8653846154	0.3579388466	0.0035793885
10.8846153846	0.3653218070	0.0036532181
10.9038461538	0.3726427345	0.0037264273
10.9230769231	0.3799001222	0.0037990012
10.9423076923	0.3870925537	0.0038709255
10.9615384615	0.3942187075	0.0039421871
10.9807692308	0.4012773620	0.0040127736
11.0000000000	0.4082673982	0.0040826740
11.0192307692	0.4151878028	0.0041518780
11.0384615385	0.4220376693	0.0042203767
11.0576923077	0.4288161990	0.0042881620
11.0769230769	0.4355227004	0.0043552270
11.0961538462	0.4421565877	0.0044215659
11.1153846154	0.4487173790	0.0044871738
11.1346153846	0.4552046925	0.0045520469
11.1538461538	0.4616182425	0.0046161824
11.1730769231	0.4679578341	0.0046795783
11.1923076923	0.4742233575	0.0047422336
11.2115384615	0.4804147809	0.0048041478
11.2307692308	0.4865321432	0.0048653214
11.2500000000	0.4925755455	0.0049257555
11.2692307692	0.4985451425	0.0049854514
11.2884615385	0.5044411329	0.0050444113
11.3076923077	0.5102637502	0.0051026375
11.3269230769	0.5160132518	0.0051601325
11.3461538462	0.5216899093	0.0052168991
11.3653846154	0.5272939980	0.0052729400
11.3846153846	0.5328257861	0.0053282579
11.4038461538	0.5382855247	0.0053828552
11.4230769231	0.5436734372	0.0054367344
11.4423076923	0.5489897099	0.0054898971
11.4615384615	0.5542344821	0.0055423448
11.4807692308	0.5594078373	0.0055940784
11.5000000000	0.5645097947	0.0056450979
11.5192307692	0.5695403017	0.0056954030
11.5384615385	0.5744992263	0.0057449923
11.5576923077	0.5793863519	0.0057938635
11.5769230769	0.5842013712	0.0058420137
11.5961538462	0.5889438823	0.0058894388
11.6153846154	0.5936133856	0.0059361339
11.6346153846	0.5982092811	0.0059820928
11.6538461538	0.6027308678	0.0060273087
11.6730769231	0.6071773432	0.0060717734
11.6923076923	0.6115478045	0.0061154780
11.7115384615	0.6158412506	0.0061584125
11.7307692308	0.6200565857	0.0062005659
11.7500000000	0.6241926230	0.0062419262
11.7692307692	0.6282480903	0.0062824809
11.7884615385	0.6322216361	0.0063222164
11.8076923077	0.6361118368	0.0063611184
11.8269230769	0.6399172044	0.0063991720
11.8461538462	0.6436361957	0.0064363620
11.8653846154	0.6472672210	0.0064726722
11.8846153846	0.6508086545	0.0065080865
11.9038461538	0.6542588447	0.0065425884
11.9230769231	0.6576161251	0.0065761613
11.9423076923	0.6608788254	0.0066087883
11.9615384615	0.6640452824	0.0066404528
11.9807692308	0.6671138519	0.0066711385
12.0000000000	0.6700829194	0.0067008292
12.0192307692	0.6729509114	0.0067295091
12.0384615385	0.6757163060	0.0067571631
12.0576923077	0.6783776437	0.0067837764
12.0769230769	0.6809335368	0.0068093354
12.0961538462	0.6833826791	0.0068338268
12.1153846154	0.6857238541	0.0068572385
12.1346153846	0.6879559436	0.0068795594
12.1538461538	0.6900779338	0.0069007793
12.1730769231	0.6920889221	0.0069208892
12.1923076923	0.6939881220	0.0069398812
12.2115384615	0.6957748673	0.0069577487
12.2307692308	0.6974486150	0.0069744862
12.2500000000	0.6990089478	0.0069900895
12.2692307692	0.7004555743	0.0070045557
12.2884615385	0.7017883293	0.0070178833
12.3076923077	0.7030071727	0.0070300717
12.3269230769	0.7041121864	0.0070411219
12.3461538462	0.7051035718	0.0070510357
12.3653846154	0.7059816447	0.0070598164
12.3846153846	0.7067468306	0.0070674683
12.4038461538	0.7073996578	0.0070739966
12.4230769231	0.7079407509	0.0070794075
12.4423076923	0.7083708228	0.0070837082
12.4615384615	0.7086906660	0.0070869067
12.4807692308	0.7089011442	0.0070890114
12.5000000000	0.7090031822	0.0070900318
12.5192307692	0.7089977562	0.0070899776
12.5384615385	0.7088858838	0.0070888588
12.5576923077	0.7086686136	0.0070866861
12.5769230769	0.7083470150	0.0070834701
12.5961538462	0.7079221675	0.0070792217
12.6153846154	0.7073951509	0.0070739515
12.6346153846	0.7067670354	0.0070676704
12.6538461538	0.7060388719	0.0070603887
12.6730769231	0.7052116830	0.0070521168
12.6923076923	0.7042864545	0.0070428645
12.7115384615	0.7032641273	0.0070326413
12.7307692308	0.7021455904	0.0070214559
12.7500000000	0.7009316745	0.0070093167
12.7692307692	0.6996231460	0.0069962315
12.7884615385	0.6982207027	0.0069822070
12.8076923077	0.6967249694	0.0069672497
12.8269230769	0.6951364957	0.0069513650
12.8461538462	0.6934557536	0.0069345575
12.8653846154	0.6916831363	0.0069168314
12.8846153846	0.6898189590	0.0068981896
12.9038461538	0.6878634590	0.0068786346
12.9230769231	0.6858167980	0.0068581680
12.9423076923	0.6836790649	0.0068367906
12.9615384615	0.6814502791	0.0068145028
12.9807692308	0.6791303953	0.0067913040
13.0000000000	0.6767193085	0.0067671931
13.0192307692	0.6742168599	0.0067421686
13.0384615385	0.6716228433	0.0067162284
13.0576923077	0.6689370119	0.0066893701
13.0769230769	0.6661590864	0.0066615909
13.0961538462	0.6632887620	0.0066328876
13.1153846154	0.6603257169	0.0066032572
13.1346153846	0.6572696204	0.0065726962
13.1538461538	0.6541201411	0.0065412014
13.1730769231	0.6508769555	0.0065087696
13.1923076923	0.6475397560	0.0064753976
13.2115384615	0.6441082588	0.0064410826
13.2307692308	0.6405822118	0.0064058221
13.2500000000	0.6369614020	0.0063696140
13.2692307692	0.6332456620	0.0063324566
13.2884615385	0.6294348770	0.0062943488
13.3076923077	0.6255289906	0.0062552899
13.3269230769	0.6215280094	0.0062152801
13.3461538462	0.6174320082	0.0061743201
13.3653846154	0.6132411337	0.0061324113
13.3846153846	0.6089556074	0.0060895561
13.4038461538	0.6045757281	0.0060457573
13.4230769231	0.6001018732	0.0060010187
13.4423076923	0.5955344999	0.0059553450
13.4615384615	0.5908741446	0.0059087414
13.4807692308	0.5861214226	0.0058612142
13.5000000000	0.5812770260	0.0058127703
13.5192307692	0.5763417220	0.0057634172
13.5384615385	0.5713163497	0.0057131635
13.5576923077	0.5662018162	0.0056620182
13.5769230769	0.5609990930	0.0056099909
13.5961538462	0.5557092109	0.0055570921
13.6153846154	0.5503332548	0.0055033325
13.6346153846	0.5448723585	0.0054487236
13.6538461538	0.5393276987	0.0053932770
13.6730769231	0.5337004886	0.0053370049
13.6923076923	0.5279919721	0.0052799197
13.7115384615	0.5222034169	0.0052220342
13.7307692308	0.5163361087	0.0051633611
13.7500000000	0.5103913444	0.0051039134
13.7692307692	0.5043704262	0.0050437043
13.7884615385	0.4982746555	0.0049827466
13.8076923077	0.4921053276	0.0049210533
13.8269230769	0.4858637257	0.0048586373
13.8461538462	0.4795511165	0.0047955112
13.8653846154	0.4731687459	0.0047316875
13.8846153846	0.4667178344	0.0046671783
13.9038461538	0.4601995743	0.0046019957
13.9230769231	0.4536151269	0.0045361513
13.9423076923	0.4469656200	0.0044696562
13.9615384615	0.4402521465	0.0044025215
13.9807692308	0.4334757638	0.0043347576
14.0000000000	0.4266374930	0.0042663749
14.0192307692	0.4197383200	0.0041973832
14.0384615385	0.4127791960	0.0041277920
14.0576923077	0.4057610394	0.0040576104
14.0769230769	0.3986847381	0.0039868474
14.0961538462	0.3915511522	0.0039155115
14.1153846154	0.3843611172	0.0038436112
14.1346153846	0.3771154482	0.0037711545
14.1538461538	0.3698149438	0.0036981494
14.1730769231	0.3624603903	0.0036246039
14.1923076923	0.3550525674	0.0035505257
14.2115384615	0.3475922525	0.0034759225
14.2307692308	0.3400802263	0.0034008023
14.2500000000	0.3325172780	0.0033251728
14.2692307692	0.3249042106	0.0032490421
14.2884615385	0.3172418462	0.0031724185
14.3076923077	0.3095310314	0.0030953103
14.3269230769	0.3017726417	0.0030177264
14.3461538462	0.2939675869	0.0029396759
14.3653846154	0.2861168149	0.0028611681
14.3846153846	0.2782213161	0.0027822132
14.4038461538	0.2702821269	0.0027028213
14.4230769231	0.2623003325	0.0026230033
14.4423076923	0.2542770699	0.0025427707
14.4615384615	0.2462135296	0.0024621353
14.4807692308	0.2381109572	0.0023811096
14.5000000000	0.2299706542	0.0022997065
14.5192307692	0.2217939777	0.0022179398
14.5384615385	0.2135823407	0.0021358234
14.5576923077	0.2053372102	0.0020533721
14.5769230769	0.1970601059	0.0019706011
14.5961538462	0.1887525976	0.0018875260
14.6153846154	0.1804163024	0.0018041630
14.6346153846	0.1720528806	0.0017205288
14.6538461538	0.1636640323	0.0016366403
14.6730769231	0.1552514921	0.0015525149
14.6923076923	0.1468170245	0.0014681702
14.7115384615	0.1383624181	0.0013836242
14.7307692308	0.1298894800	0.0012988948
14.7500000000	0.1214000295	0.0012140003
14.7692307692	0.1128958920	0.0011289589
14.7884615385	0.1043788923	0.0010437889
14.8076923077	0.0958508483	0.0009585085
14.8269230769	0.0873135642	0.0008731356
14.8461538462	0.0787688245	0.0007876882
14.8653846154	0.0702183870	0.0007021839
14.8846153846	0.0616639772	0.0006166398
14.9038461538	0.0531072826	0.0005310728
14.9230769231	0.0445499464	0.0004454995
14.9423076923	0.0359935636	0.0003599356
14.9615384615	0.0274396752	0.0002743968
14.9807692308	0.0188897652	0.0001888977
15.0000000000	0.0103452564	0.0001034526
15.0192307692	0.0018075076	0.0000180751
15.0384615385	-0.0067221883	-0.0000672219
15.0576923077	-0.0152426063	-0.0001524261
15.0769230769	-0.0237525896	-0.0002375259
15.0961538462	-0.0322510506	-0.0003225105
15.1153846154	-0.0407369693	-0.0004073697
15.1346153846	-0.0492093930	-0.0004920939
15.1538461538	-0.0576674336	-0.0005766743
15.1730769231	-0.0661102651	-0.0006611027
15.1923076923	-0.0745371206	-0.0007453712
15.2115384615	-0.0829472878	-0.0008294729
15.2307692308	-0.0913401048	-0.0009134010
15.2500000000	-0.0997149547	-0.0009971495
15.2692307692	-0.1080712602	-0.0010807126
15.2884615385	-0.1164084776	-0.0011640848
15.3076923077	-0.1247260899	-0.0012472609
15.3269230769	-0.1330236007	-0.0013302360
15.3461538462	-0.1413005267	-0.0014130053
15.3653846154	-0.1495563910	-0.0014955639
15.3846153846	-0.1577907156	-0.0015779072
15.4038461538	-0.1660030140	-0.0016600301
15.4230769231	-0.1741927847	-0.0017419278
15.4423076923	-0.1823595035	-0.0018235950
15.4615384615	-0.1905026169	-0.0019050262
15.4807692308	-0.1986215360	-0.0019862154
15.5000000000	-0.2067156299	-0.0020671563
15.5192307692	-0.2147842202	-0.0021478422
15.5384615385	-0.2228265759	-0.0022282658
15.5576923077	-0.2308419088	-0.0023084191
15.5769230769	-0.2388293693	-0.0023882937
15.5961538462	-0.2467880434	-0.0024678804
15.6153846154	-0.2547169499	-0.0025471695
15.6346153846	-0.2626150383	-0.0026261504
15.6538461538	-0.2704811882	-0.0027048119
15.6730769231	-0.2783142085	-0.0027831421
15.6923076923	-0.2861128381	-0.0028611284
15.7115384615	-0.2938757471	-0.0029387575
15.7307692308	-0.3016015388	-0.0030160154
15.7500000000	-0.3092887525	-0.0030928875
15.7692307692	-0.3169358670	-0.0031693587
15.7884615385	-0.3245413050	-0.0032454130
15.8076923077	-0.3321034379	-0.0033210344
15.8269230769	-0.3396205916	-0.0033962059
15.8461538462	-0.3470910523	-0.0034709105
15.8653846154	-0.3545130734	-0.0035451307
15.8846153846	-0.3618848825	-0.0036188488
15.9038461538	-0.3692046889	-0.0036920469
15.9230769231	-0.3764706917	-0.0037647069
15.9423076923	-0.3836810873	-0.0038368109
15.9615384615	-0.3908340779	-0.0039083408
15.9807692308	-0.3979278796	-0.0039792788
16.0000000000	-0.4049607309	-0.0040496073
16.0192307692	-0.4119309004	-0.0041193090
16.0384615385	-0.4188366950	-0.0041883669
16.0576923077	-0.4256764675	-0.0042567647
16.0769230769	-0.4324486240	-0.0043244862
16.0961538462	-0.4391516306	-0.0043915163
16.1153846154	-0.4457840198	-0.0044578402
16.1346153846	-0.4523443966	-0.0045234440
16.1538461538	-0.4588314435	-0.0045883144
16.1730769231	-0.4652439250	-0.0046524393
16.1923076923	-0.4715806916	-0.0047158069
16.2115384615	-0.4778406825	-0.0047784068
16.2307692308	-0.4840229283	-0.0048402293
16.2500000000	-0.4901265521	-0.0049012655
16.2692307692	-0.4961507701	-0.0049615077
16.2884615385	-0.5020948915	-0.0050209489
16.3076923077	-0.5079583172	-0.0050795832
16.3269230769	-0.5137405380	-0.0051374054
16.3461538462	-0.5194411316	-0.0051944113
16.3653846154	-0.5250597593	-0.0052505976
16.3846153846	-0.5305961617	-0.0053059616
16.4038461538	-0.5360501533	-0.0053605015
16.4230769231	-0.5414216173	-0.0054142162
16.4423076923	-0.5467104989	-0.0054671050
16.4615384615	-0.5519167989	-0.0055191680
16.4807692308	-0.5570405660	-0.0055704057
16.5000000000	-0.5620818894	-0.0056208189
16.5192307692	-0.5670408906	-0.0056704089
16.5384615385	-0.5719177153	-0.0057191772
16.5576923077	-0.5767125251	-0.0057671253
16.5769230769	-0.5814254890	-0.0058142549
16.5961538462	-0.5860567749	-0.0058605677
16.6153846154	-0.5906065416	-0.0059060654
16.6346153846	-0.5950749302	-0.0059507493
16.6538461538	-0.5994620572	-0.0059946206
16.6730769231	-0.6037680060	-0.0060376801
16.6923076923	-0.6079928208	-0.0060799282
16.7115384615	-0.6121364999	-0.0061213650
16.7307692308	-0.6161989896	-0.0061619899
16.7500000000	-0.6201801793	-0.0062018018
16.7692307692	-0.6240798967	-0.0062407990
16.7884615385	-0.6278979044	-0.0062789790
16.8076923077	-0.6316338967	-0.0063163390
16.8269230769	-0.6352874975	-0.0063528750
16.8461538462	-0.6388582591	-0.0063885826
16.8653846154	-0.6423456616	-0.0064234566
16.8846153846	-0.6457491134	-0.0064574911
16.9038461538	-0.6490679527	-0.0064906795
16.9230769231	-0.6523014493	-0.0065230145
16.9423076923	-0.6554488078	-0.0065544881
16.9615384615	-0.6585091712	-0.0065850917
16.9807692308	-0.6614816255	-0.0066148163
17.0000000000	-0.6643652051	-0.0066436521
17.0192307692	-0.6671588984	-0.0066715890
17.0384615385	-0.6698616542	-0.0066986165
17.0576923077	-0.6724723891	-0.0067247239
17.0769230769	-0.6749899947	-0.0067498999
17.0961538462	-0.6774133453	-0.0067741335
17.1153846154	-0.6797413064	-0.0067974131
17.1346153846	-0.6819727427	-0.0068197274
17.1538461538	-0.6841065266	-0.0068410653
17.1730769231	-0.6861415469	-0.0068614155
17.1923076923	-0.6880767170	-0.0068807672
17.2115384615	-0.6899109835	-0.0068991098
17.2307692308	-0.6916433339	-0.0069164333
17.2500000000	-0.6932728046	-0.0069327280
17.2692307692	-0.6947984884	-0.0069479849
17.2884615385	-0.6962195413	-0.0069621954
17.3076923077	-0.6975351887	-0.0069753519
17.3269230769	-0.6987447315	-0.0069874473
17.3461538462	-0.6998475511	-0.0069984755
17.3653846154	-0.7008431139	-0.0070084311
17.3846153846	-0.7017309749	-0.0070173097
17.4038461538	-0.7025107806	-0.0070251078
17.4230769231	-0.7031822711	-0.0070318227
17.4423076923	-0.7037452814	-0.0070374528
17.4615384615	-0.7041997417	-0.0070419974
17.4807692308	-0.7045456771	-0.0070454568
17.5000000000	-0.7047832061	-0.0070478321
17.5192307692	-0.7049125387	-0.0070491254
17.5384615385	-0.7049339734	-0.0070493397
17.5576923077	-0.7048478936	-0.0070484789
17.5769230769	-0.7046547631	-0.0070465476
17.5961538462	-0.7043551211	-0.0070435512
17.6153846154	-0.7039495768	-0.0070394958
17.6346153846	-0.7034388026	-0.0070343880
17.6538461538	-0.7028235279	-0.0070282353
17.6730769231	-0.7021045315	-0.0070210453
17.6923076923	-0.7012826348	-0.0070128263
17.7115384615	-0.7003586932	-0.0070035869
17.7307692308	-0.6993335889	-0.0069933359
17.7500000000	-0.6982082224	-0.0069820822
17.7692307692	-0.6969835048	-0.0069698350
17.7884615385	-0.6956603496	-0.0069566035
17.8076923077	-0.6942396650	-0.0069423967
17.8269230769	-0.6927223464	-0.0069272235
17.8461538462	-0.6911092689	-0.0069110927
17.8653846154	-0.6894012806	-0.0068940128
17.8846153846	-0.6875991963	-0.0068759920
17.9038461538	-0.6857037910	-0.0068570379
17.9230769231	-0.6837157953	-0.0068371580
17.9423076923	-0.6816358904	-0.0068163589
17.9615384615	-0.6794647038	-0.0067946470
17.9807692308	-0.6772028063	-0.0067720281
18.0000000000	-0.6748507094	-0.0067485071
18.0192307692	-0.6724088632	-0.0067240886
18.0384615385	-0.6698776556	-0.0066987766
18.0576923077	-0.6672574121	-0.0066725741
18.0769230769	-0.6645483961	-0.0066454840
18.0961538462	-0.6617508102	-0.0066175081
18.1153846154	-0.6588647983	-0.0065886480
18.1346153846	-0.6558904484	-0.0065589045
18.1538461538	-0.6528277961	-0.0065282780
18.1730769231	-0.6496768283	-0.0064967683
18.1923076923	-0.6464374883	-0.0064643749
18.2115384615	-0.6431096810	-0.0064310968
18.2307692308	-0.6396932784	-0.0063969328
18.2500000000	-0.6361881258	-0.0063618813
18.2692307692	-0.6325940486	-0.0063259405
18.2884615385	-0.6289108586	-0.0062891086
18.3076923077	-0.6251383614	-0.0062513836
18.3269230769	-0.6212763634	-0.0062127636
18.3461538462	-0.6173246789	-0.0061732468
18.3653846154	-0.6132831375	-0.0061328314
18.3846153846	-0.6091515910	-0.0060915159
18.4038461538	-0.6049299204	-0.0060492992
18.4230769231	-0.6006180426	-0.0060061804
18.4423076923	-0.5962159169	-0.0059621592
18.4615384615	-0.5917235507	-0.0059172355
18.4807692308	-0.5871410057	-0.0058714101
18.5000000000	-0.5824684023	-0.0058246840
18.5192307692	-0.5777059248	-0.0057770592
18.5384615385	-0.5728538250	-0.0057285382
18.5576923077	-0.5679124257	-0.0056791243
18.5769230769	-0.5628821239	-0.0056288212
18.5961538462	-0.5577633921	-0.0055776339
18.6153846154	-0.5525567805	-0.0055255678
18.6346153846	-0.5472629171	-0.0054726292
18.6538461538	-0.5418825081	-0.0054188251
18.6730769231	-0.5364163373	-0.0053641634
18.6923076923	-0.5308652645	-0.0053086526
18.7115384615	-0.5252302238	-0.0052523022
18.7307692308	-0.5195122208	-0.0051951222
18.7500000000	-0.5137123294	-0.0051371233
18.7692307692	-0.5078316885	-0.0050783169
18.7884615385	-0.5018714971	-0.0050187150
18.8076923077	-0.4958330101	-0.0049583301
18.8269230769	-0.4897175327	-0.0048971753
18.8461538462	-0.4835264157	-0.0048352642
18.8653846154	-0.4772610488	-0.0047726105
18.8846153846	-0.4709228554	-0.0047092286
18.9038461538	-0.4645132860	-0.0046451329
18.9230769231	-0.4580338124	-0.0045803381
18.9423076923	-0.4514859208	-0.0045148592
18.9615384615	-0.4448711063	-0.0044487111
18.9807692308	-0.4381908661	-0.0043819087
19.0000000000	-0.4314466940	-0.0043144669
19.0192307692	-0.4246400746	-0.0042464007
19.0384615385	-0.4177724776	-0.0041777248
19.0576923077	-0.4108453528	-0.0041084535
19.0769230769	-0.4038601256	-0.0040386013
19.0961538462	-0.3968181921	-0.0039681819
19.1153846154	-0.3897209159	-0.0038972092
19.1346153846	-0.3825696243	-0.0038256962
19.1538461538	-0.3753656055	-0.0037536561
19.1730769231	-0.3681101067	-0.0036811011
19.1923076923	-0.3608043321	-0.0036080433
19.2115384615	-0.3534494415	-0.0035344944
19.2307692308	-0.3460465504	-0.0034604655
19.2500000000	-0.3385967297	-0.0033859673
19.2692307692	-0.3311010061	-0.0033110101
19.2884615385	-0.3235603637	-0.0032356036
19.3076923077	-0.3159757454	-0.0031597575
19.3269230769	-0.3083480551	-0.0030834806
19.3461538462	-0.3006781605	-0.0030067816
19.3653846154	-0.2929668964	-0.0029296690
19.3846153846	-0.2852150678	-0.0028521507
19.4038461538	-0.2774234542	-0.0027742345
19.4230769231	-0.2695928135	-0.0026959281
19.4423076923	-0.2617238867	-0.0026172389
19.4615384615	-0.2538174024	-0.0025381740
19.4807692308	-0.2458740816	-0.0024587408
19.5000000000	-0.2378946427	-0.0023789464
19.5192307692	-0.2298798068	-0.0022987981
19.5384615385	-0.2218303017	-0.0022183030
19.5576923077	-0.2137468677	-0.0021374687
19.5769230769	-0.2056302621	-0.0020563026
19.5961538462	-0.1974812635	-0.0019748126
19.6153846154	-0.1893006762	-0.0018930068
19.6346153846	-0.1810893347	-0.0018108933
19.6538461538	-0.1728481069	-0.0017284811
19.6730769231	-0.1645778979	-0.0016457790
19.6923076923	-0.1562796528	-0.0015627965
19.7115384615	-0.1479543594	-0.0014795436
19.7307692308	-0.1396030503	-0.0013960305
19.7500000000	-0.1312268045	-0.0013122680
19.7692307692	-0.1228267490	-0.0012282675
19.7884615385	-0.1144040587	-0.0011440406
19.8076923077	-0.1059599576	-0.0010595996
19.8269230769	-0.0974957176	-0.0009749572
19.8461538462	-0.0890126586	-0.0008901266
19.8653846154	-0.0805121465	-0.0008051215
19.8846153846	-0.0719955917	-0.0007199559
19.9038461538	-0.0634644472	-0.0006346445
19.9230769231	-0.0549202057	-0.0005492021
19.9423076923	-0.0463643970	-0.0004636440
19.9615384615	-0.0377985842	-0.0003779858
19.9807692308	-0.0292243603	-0.0002922436
20.0000000000	-0.0206433446	-0.0002064334
20.0192307692	-0.0120571781	-0.0001205718
20.0384615385	-0.0034675192	-0.0000346752
20.0576923077	0.0051239604	0.0000512396
20.0769230769	0.0137155806	0.0001371558
20.0961538462	0.0223056574	0.0002230566
20.1153846154	0.0308925075	0.0003089251
20.1346153846	0.0394744528	0.0003947445
20.1538461538	0.0480498252	0.0004804983
20.1730769231	0.0566169704	0.0005661697
20.1923076923	0.0651742526	0.0006517425
20.2115384615	0.0737200579	0.0007372006
20.2307692308	0.0822527983	0.0008225280
20.2500000000	0.0907709152	0.0009077092
20.2692307692	0.0992728819	0.0009927288
20.2884615385	0.1077572068	0.0010775721
20.3076923077	0.1162224355	0.0011622244
20.3269230769	0.1246671529	0.0012466715
20.3461538462	0.1330899844	0.0013308998
20.3653846154	0.1414895972	0.0014148960
20.3846153846	0.1498647012	0.0014986470
20.4038461538	0.1582140487	0.0015821405
20.4230769231	0.1665364347	0.0016653643
20.4423076923	0.1748306963	0.0017483070
20.4615384615	0.1830957115	0.0018309571
20.4807692308	0.1913303979	0.0019133040
20.5000000000	0.1995337113	0.0019953371
20.5192307692	0.2077046434	0.0020770464
20.5384615385	0.2158422195	0.0021584222
20.5576923077	0.2239454958	0.0022394550
20.5769230769	0.2320135569	0.0023201356
20.5961538462	0.2400455125	0.0024004551
20.6153846154	0.2480404942	0.0024804049
20.6346153846	0.2559976522	0.0025599765
20.6538461538	0.2639161519	0.0026391615
20.6730769231	0.2717951705	0.0027179517
20.6923076923	0.2796338935	0.0027963389
20.7115384615	0.2874315112	0.0028743151
20.7307692308	0.2951872153	0.0029518722
20.7500000000	0.3029001960	0.0030290020
20.7692307692	0.3105696385	0.0031056964
20.7884615385	0.3181947204	0.0031819472
20.8076923077	0.3257746089	0.0032577461
20.8269230769	0.3333084581	0.0033330846
20.8461538462	0.3407954074	0.0034079541
20.8653846154	0.3482345789	0.0034823458
20.8846153846	0.3556250764	0.0035562508
20.9038461538	0.3629659839	0.0036296598
20.9230769231	0.3702563644	0.0037025636
20.9423076923	0.3774952599	0.0037749526
20.9615384615	0.3846816906	0.0038468169
20.9807692308	0.3918146552	0.0039181466
21.0000000000	0.3988931314	0.0039889313
21.0192307692	0.4059160763	0.0040591608
21.0384615385	0.4128824280	0.0041288243
21.0576923077	0.4197911065	0.0041979111
21.0769230769	0.4266410153	0.0042664102
21.0961538462	0.4334310437	0.0043343104
21.1153846154	0.4401600684	0.0044016007
21.1346153846	0.4468269563	0.0044682696
21.1538461538	0.4534305665	0.0045343057
21.1730769231	0.4599697534	0.0045996975
21.1923076923	0.4664433689	0.0046644337
21.2115384615	0.4728502656	0.0047285027
21.2307692308	0.4791892997	0.0047918930
21.2500000000	0.4854593336	0.0048545933
21.2692307692	0.4916592386	0.0049165924
21.2884615385	0.4977878982	0.0049778790
21.3076923077	0.5038442105	0.0050384421
21.3269230769	0.5098270906	0.0050982709
21.3461538462	0.5157354733	0.0051573547
21.3653846154	0.5215683152	0.0052156832
21.3846153846	0.5273245969	0.0052732460
21.4038461538	0.5330033249	0.0053300332
21.4230769231	0.5386035329	0.0053860353
21.4423076923	0.5441242835	0.0054412428
21.4615384615	0.5495646691	0.0054956467
21.4807692308	0.5549238131	0.0055492381
21.5000000000	0.5602008701	0.0056020087
21.5192307692	0.5653950263	0.0056539503
21.5384615385	0.5705055000	0.0057050550
21.5576923077	0.5755315407	0.0057553154
21.5769230769	0.5804724291	0.0058047243
21.5961538462	0.5853274765	0.0058532748
21.6153846154	0.5900960235	0.0059009602
21.6346153846	0.5947774391	0.0059477744
21.6538461538	0.5993711195	0.0059937112
21.6730769231	0.6038764866	0.0060387649
21.6923076923	0.6082929861	0.0060829299
21.7115384615	0.6126200862	0.0061262009
21.7307692308	0.6168572756	0.0061685728
21.7500000000	0.6210040617	0.0062100406
21.7692307692	0.6250599686	0.0062505997
21.7884615385	0.6290245355	0.0062902454
21.8076923077	0.6328973144	0.0063289731
21.8269230769	0.6366778688	0.0063667787
21.8461538462	0.6403657715	0.0064036577
21.8653846154	0.6439606034	0.0064396060
21.8846153846	0.6474619515	0.0064746195
21.9038461538	0.6508694080	0.0065086941
21.9230769231	0.6541825690	0.0065418257
21.9423076923	0.6574010332	0.0065740103
21.9615384615	0.6605244016	0.0066052440
21.9807692308	0.6635522762	0.0066355228
22.0000000000	0.6664842603	0.0066648426
22.0192307692	0.6693199578	0.0066931996
22.0384615385	0.6720589736	0.0067205897
22.0576923077	0.6747009133	0.0067470091
22.0769230769	0.6772453844	0.0067724538
22.0961538462	0.6796919962	0.0067969200
22.1153846154	0.6820403611	0.0068204036
22.1346153846	0.6842900957	0.0068429010
22.1538461538	0.6864408213	0.0068644082
22.1730769231	0.6884921662	0.0068849217
22.1923076923	0.6904437661	0.0069044377
22.2115384615	0.6922952665	0.0069229527
22.2307692308	0.6940463239	0.0069404632
22.2500000000	0.6956966074	0.0069569661
22.2692307692	0.6972458004	0.0069724580
22.2884615385	0.6986936027	0.0069869360
22.3076923077	0.7000397314	0.0070003973
22.3269230769	0.7012839233	0.0070128392
22.3461538462	0.7024259356	0.0070242594
22.3653846154	0.7034655481	0.0070346555
22.3846153846	0.7044025639	0.0070440256
22.4038461538	0.7052368110	0.0070523681
22.4230769231	0.7059681426	0.0070596814
22.4423076923	0.7065964389	0.0070659644
22.4615384615	0.7071216065	0.0070712161
22.4807692308	0.7075435800	0.0070754358
22.5000000000	0.7078623211	0.0070786232
22.5192307692	0.7080778192	0.0070807782
22.5384615385	0.7081900910	0.0070819009
22.5576923077	0.7081991798	0.0070819918
22.5769230769	0.7081051550	0.0070810516
22.5961538462	0.7079081110	0.0070790811
22.6153846154	0.7076081662	0.0070760817
22.6346153846	0.7072054615	0.0070720546
22.6538461538	0.7067001589	0.0070670016
22.6730769231	0.7060924398	0.0070609244
22.6923076923	0.7053825035	0.0070538250
22.7115384615	0.7045705646	0.0070457056
22.7307692308	0.7036568519	0.0070365685
22.7500000000	0.7026416055	0.0070264161
22.7692307692	0.7015250754	0.0070152508
22.7884615385	0.7003075192	0.0070030752
22.8076923077	0.6989891996	0.0069898920
22.8269230769	0.6975703833	0.0069757038
22.8461538462	0.6960513385	0.0069605134
22.8653846154	0.6944323329	0.0069443233
22.8846153846	0.6927136329	0.0069271363
22.9038461538	0.6908955012	0.0069089550
22.9230769231	0.6889781962	0.0068897820
22.9423076923	0.6869619705	0.0068696197
22.9615384615	0.6848470704	0.0068484707
22.9807692308	0.6826337349	0.0068263373
23.0000000000	0.6803221958	0.0068032220
23.0192307692	0.6779126775	0.0067791268
23.0384615385	0.6754053973	0.0067540540
23.0576923077	0.6728005655	0.0067280057
23.0769230769	0.6700983870	0.0067009839
23.0961538462	0.6672990617	0.0066729906
23.1153846154	0.6644027861	0.0066440279
23.1346153846	0.6614097551	0.0066140976
23.1538461538	0.6583201635	0.0065832016
23.1730769231	0.6551342085	0.0065513421
23.1923076923	0.6518520917	0.0065185209
23.2115384615	0.6484740220	0.0064847402
23.2307692308	0.6450002177	0.0064500022
23.2500000000	0.6414309096	0.0064143091
23.2692307692	0.6377663442	0.0063776634
23.2884615385	0.6340067860	0.0063400679
23.3076923077	0.6301525209	0.0063015252
23.3269230769	0.6262038591	0.0062620386
23.3461538462	0.6221611380	0.0062216114
23.3653846154	0.6180247251	0.0061802473
23.3846153846	0.6137950207	0.0061379502
23.4038461538	0.6094724604	0.0060947246
23.4230769231	0.6050575179	0.0060505752
23.4423076923	0.6005507065	0.0060055071
23.4615384615	0.5959525819	0.0059595258
23.4807692308	0.5912637430	0.0059126374
23.5000000000	0.5864848342	0.0058648483
23.5192307692	0.5816165457	0.0058161655
23.5384615385	0.5766596145	0.0057665961
23.5576923077	0.5716148249	0.0057161482
23.5769230769	0.5664830085	0.0056648301
23.5961538462	0.5612650435	0.0056126504
23.6153846154	0.5559618544	0.0055596185
23.6346153846	0.5505744107	0.0055057441
23.6538461538	0.5451037253	0.0054510373
23.6730769231	0.5395508530	0.0053955085
23.6923076923	0.5339168879	0.0053391689
23.7115384615	0.5282029612	0.0052820296
23.7307692308	0.5224102384	0.0052241024
23.7500000000	0.5165399161	0.0051653992
23.7692307692	0.5105932186	0.0051059322
23.7884615385	0.5045713946	0.0050457139
23.8076923077	0.4984757133	0.0049847571
23.8269230769	0.4923074604	0.0049230746
23.8461538462	0.4860679343	0.0048606793
23.8653846154	0.4797584421	0.0047975844
23.8846153846	0.4733802952	0.0047338030
23.9038461538	0.4669348055	0.0046693481
23.9230769231	0.4604232814	0.0046042328
23.9423076923	0.4538470237	0.0045384702
23.9615384615	0.4472073219	0.0044720732
23.9807692308	0.4405054505	0.0044050545
24.0000000000	0.4337426662	0.0043374267
24.0192307692	0.4269202037	0.0042692020
24.0384615385	0.4200392739	0.0042003927
24.0576923077	0.4131010608	0.0041310106
24.0769230769	0.4061067197	0.0040610672
24.0961538462	0.3990573748	0.0039905737
24.1153846154	0.3919541186	0.0039195412
24.1346153846	0.3847980101	0.0038479801
24.1538461538	0.3775900748	0.0037759007
24.1730769231	0.3703313043	0.0037033130
24.1923076923	0.3630226562	0.0036302266
24.2115384615	0.3556650557	0.0035566506
24.2307692308	0.3482593955	0.0034825940
24.2500000000	0.3408065384	0.0034080654
24.2692307692	0.3333073184	0.0033330732
24.2884615385	0.3257625434	0.0032576254
24.3076923077	0.3181729976	0.0031817300
24.3269230769	0.3105394444	0.0031053944
24.3461538462	0.3028626297	0.0030286263
24.3653846154	0.2951432856	0.0029514329
24.3846153846	0.2873821334	0.0028738213
24.4038461538	0.2795798881	0.0027957989
24.4230769231	0.2717372621	0.0027173726
24.4423076923	0.2638549695	0.0026385497
24.4615384615	0.2559337298	0.0025593373
24.4807692308	0.2479742725	0.0024797427
24.5000000000	0.2399773408	0.0023997734
24.5192307692	0.2319436960	0.0023194370
24.5384615385	0.2238741212	0.0022387412
24.5576923077	0.2157694248	0.0021576942
24.5769230769	0.2076304444	0.0020763044
24.5961538462	0.1994580498	0.0019945805
24.6153846154	0.1912531460	0.0019125315
24.6346153846	0.1830166761	0.0018301668
24.6538461538	0.1747496233	0.0017474962
24.6730769231	0.1664530129	0.0016645301
24.6923076923	0.1581279142	0.0015812791
24.7115384615	0.1497754412	0.0014977544
24.7307692308	0.1413967538	0.0014139675
24.7500000000	0.1329930578	0.0013299306
24.7692307692	0.1245656047	0.0012456560
24.7884615385	0.1161156916	0.0011611569
24.8076923077	0.1076446600	0.0010764466
24.8269230769	0.0991538943	0.0009915389
24.8461538462	0.0906448202	0.0009064482
24.8653846154	0.0821189026	0.0008211890
24.8846153846	0.0735776429	0.0007357764
24.9038461538	0.0650225765	0.0006502258
24.9230769231	0.0564552691	0.0005645527
24.9423076923	0.0478773142	0.0004787731
24.9615384615	0.0392903286	0.0003929033
24.9807692308	0.0306959490	0.0003069595
25.0000000000	0.0220958282	0.0002209583
25.0192307692	0.0134916306	0.0001349163
25.0384615385	0.0048850284	0.0000488503
25.0576923077	-0.0037223028	-0.0000372230
25.0769230769	-0.0123286878	-0.0001232869
25.0961538462	-0.0209324563	-0.0002093246
25.1153846154	-0.0295319466	-0.0002953195
25.1346153846	-0.0381255097	-0.0003812551
25.1538461538	-0.0467115126	-0.0004671151
25.1730769231	-0.0552883421	-0.0005528834
25.1923076923	-0.0638544077	-0.0006385441
25.2115384615	-0.0724081447	-0.0007240814
25.2307692308	-0.0809480168	-0.0008094802
25.2500000000	-0.0894725183	-0.0008947252
25.2692307692	-0.0979801761	-0.0009798018
25.2884615385	-0.1064695513	-0.0010646955
25.3076923077	-0.1149392400	-0.0011493924
25.3269230769	-0.1233878747	-0.0012338787
25.3461538462	-0.1318141242	-0.0013181412
25.3653846154	-0.1402166942	-0.0014021669
25.3846153846	-0.1485943261	-0.0014859433
25.4038461538	-0.1569457972	-0.0015694580
25.4230769231	-0.1652699189	-0.0016526992
25.4423076923	-0.1735655358	-0.0017356554
25.4615384615	-0.1818315239	-0.0018183152
25.4807692308	-0.1900667882	-0.0019006679
25.5000000000	-0.1982702611	-0.0019827026
25.5192307692	-0.2064408994	-0.0020644090
25.5384615385	-0.2145776819	-0.0021457768
25.5576923077	-0.2226796067	-0.0022267961
25.5769230769	-0.2307456879	-0.0023074569
25.5961538462	-0.2387749532	-0.0023877495
25.6153846154	-0.2467664402	-0.0024676644
25.6346153846	-0.2547191940	-0.0025471919
25.6538461538	-0.2626322639	-0.0026263226
25.6730769231	-0.2705047008	-0.0027050470
25.6923076923	-0.2783355540	-0.0027833555
25.7115384615	-0.2861238694	-0.0028612387
25.7307692308	-0.2938686863	-0.0029386869
25.7500000000	-0.3015690358	-0.0030156904
25.7692307692	-0.3092239388	-0.0030922394
25.7884615385	-0.3168324045	-0.0031683240
25.8076923077	-0.3243934289	-0.0032439343
25.8269230769	-0.3319059940	-0.0033190599
25.8461538462	-0.3393690673	-0.0033936907
25.8653846154	-0.3467816013	-0.0034678160
25.8846153846	-0.3541425340	-0.0035414253
25.9038461538	-0.3614507888	-0.0036145079
25.9230769231	-0.3687052760	-0.0036870528
25.9423076923	-0.3759048936	-0.0037590489
25.9615384615	-0.3830485287	-0.0038304853
25.9807692308	-0.3901350596	-0.0039013506
26.0000000000	-0.3971633581	-0.0039716336
26.0192307692	-0.4041322914	-0.0040413229
26.0384615385	-0.4110407252	-0.0041104073
26.0576923077	-0.4178875264	-0.0041788753
26.0769230769	-0.4246715663	-0.0042467157
26.0961538462	-0.4313917235	-0.0043139172
26.1153846154	-0.4380468879	-0.0043804689
26.1346153846	-0.4446359630	-0.0044463596
26.1538461538	-0.4511578706	-0.0045115787
26.1730769231	-0.4576115529	-0.0045761155
26.1923076923	-0.4639959769	-0.0046399598
26.2115384615	-0.4703101369	-0.0047031014
26.2307692308	-0.4765530578	-0.0047655306
26.2500000000	-0.4827237981	-0.0048272380
26.2692307692	-0.4888214523	-0.0048882145
26.2884615385	-0.4948451534	-0.0049484515
26.3076923077	-0.5007940751	-0.0050079408
26.3269230769	-0.5066674332	-0.0050666743
26.3461538462	-0.5124644872	-0.0051246449
26.3653846154	-0.5181845413	-0.0051818454
26.3846153846	-0.5238269451	-0.0052382695
26.4038461538	-0.5293910933	-0.0052939109
26.4230769231	-0.5348764260	-0.0053487643
26.4423076923	-0.5402824277	-0.0054028243
26.4615384615	-0.5456086263	-0.0054560863
26.4807692308	-0.5508545914	-0.0055085459
26.5000000000	-0.5560199325	-0.0055601993
26.5192307692	-0.5611042964	-0.0056110430
26.5384615385	-0.5661073648	-0.0056610736
26.5576923077	-0.5710288508	-0.0057102885
26.5769230769	-0.5758684955	-0.0057586850
26.5961538462	-0.5806260645	-0.0058062606
26.6153846154	-0.5853013438	-0.0058530134
26.6346153846	-0.5898941351	-0.0058989414
26.6538461538	-0.5944042523	-0.0059440425
26.6730769231	-0.5988315160	-0.0059883152
26.6923076923	-0.6031757496	-0.0060317575
26.7115384615	-0.6074367742	-0.0060743677
26.7307692308	-0.6116144043	-0.0061161440
26.7500000000	-0.6157084430	-0.0061570844
26.7692307692	-0.6197186776	-0.0061971868
26.7884615385	-0.6236448757	-0.0062364488
26.8076923077	-0.6274867807	-0.0062748678
26.8269230769	-0.6312441082	-0.0063124411
26.8461538462	-0.6349165427	-0.0063491654
26.8653846154	-0.6385037345	-0.0063850373
26.8846153846	-0.6420052971	-0.0064200530
26.9038461538	-0.6454208048	-0.0064542080
26.9230769231	-0.6487497911	-0.0064874979
26.9423076923	-0.6519917474	-0.0065199175
26.9615384615	-0.6551461224	-0.0065514612
26.9807692308	-0.6582123219	-0.0065821232
27.0000000000	-0.6611897090	-0.0066118971
27.0192307692	-0.6640776051	-0.0066407761
27.0384615385	-0.6668752918	-0.0066687529
27.0576923077	-0.6695820121	-0.0066958201
27.0769230769	-0.6721969737	-0.0067219697
27.0961538462	-0.6747193518	-0.0067471935
27.1153846154	-0.6771482928	-0.0067714829
27.1346153846	-0.6794829181	-0.0067948292
27.1538461538	-0.6817223288	-0.0068172233
27.1730769231	-0.6838656106	-0.0068386561
27.1923076923	-0.6859118388	-0.0068591184
27.2115384615	-0.6878600841	-0.0068786008
27.2307692308	-0.6897094180	-0.0068970942
27.2500000000	-0.6914589194	-0.0069145892
27.2692307692	-0.6931076798	-0.0069310768
27.2884615385	-0.6946548102	-0.0069465481
27.3076923077	-0.6960994472	-0.0069609945
27.3269230769	-0.6974407587	-0.0069744076
27.3461538462	-0.6986779504	-0.0069867795
27.3653846154	-0.6998102716	-0.0069981027
27.3846153846	-0.7008370207	-0.0070083702
27.4038461538	-0.7017575507	-0.0070175755
27.4230769231	-0.7025712740	-0.0070257127
27.4423076923	-0.7032776676	-0.0070327767
27.4615384615	-0.7038762765	-0.0070387628
27.4807692308	-0.7043667182	-0.0070436672
27.5000000000	-0.7047486854	-0.0070474869
27.5192307692	-0.7050219489	-0.0070502195
27.5384615385	-0.7051863595	-0.0070518636
27.5576923077	-0.7052418494	-0.0070524185
27.5769230769	-0.7051884334	-0.0070518843
27.5961538462	-0.7050262086	-0.0070502621
27.6153846154	-0.7047553543	-0.0070475535
27.6346153846	-0.7043761307	-0.0070437613
27.6538461538	-0.7038888772	-0.0070388888
27.6730769231	-0.7032940100	-0.0070329401
27.6923076923	-0.7025920196	-0.0070259202
27.7115384615	-0.7017834666	-0.0070178347
27.7307692308	-0.7008689780	-0.0070086898
27.7500000000	-0.6998492427	-0.0069984924
27.7692307692	-0.6987250064	-0.0069872501
27.7884615385	-0.6974970662	-0.0069749707
27.8076923077	-0.6961662647	-0.0069616626
27.8269230769	-0.6947334842	-0.0069473348
27.8461538462	-0.6931996400	-0.0069319964
27.8653846154	-0.6915656743	-0.0069156567
27.8846153846	-0.6898325493	-0.0068983255
27.9038461538	-0.6880012405	-0.0068800124
27.9230769231	-0.6860727302	-0.0068607273
27.9423076923	-0.6840480008	-0.0068404800
27.9615384615	-0.6819280284	-0.0068192803
27.9807692308	-0.6797137763	-0.0067971378
28.0000000000	-0.6774061893	-0.0067740619
28.0192307692	-0.6750061878	-0.0067500619
28.0384615385	-0.6725146625	-0.0067251466
28.0576923077	-0.6699324694	-0.0066993247
28.0769230769	-0.6672604254	-0.0066726043
28.0961538462	-0.6644993045	-0.0066449930
28.1153846154	-0.6616498341	-0.0066164983
28.1346153846	-0.6587126923	-0.0065871269
28.1538461538	-0.6556885054	-0.0065568851
28.1730769231	-0.6525778468	-0.0065257785
28.1923076923	-0.6493812351	-0.0064938124
28.2115384615	-0.6460991345	-0.0064609913
28.2307692308	-0.6427319545	-0.0064273195
28.2500000000	-0.6392800509	-0.0063928005
28.2692307692	-0.6357437272	-0.0063574373
28.2884615385	-0.6321232365	-0.0063212324
28.3076923077	-0.6284187841	-0.0062841878
28.3269230769	-0.6246305309	-0.0062463053
28.3461538462	-0.6207585965	-0.0062075860
28.3653846154	-0.6168030635	-0.0061680306
28.3846153846	-0.6127639818	-0.0061276398
28.4038461538	-0.6086413737	-0.0060864137
28.4230769231	-0.6044352387	-0.0060443524
28.4423076923	-0.6001455587	-0.0060014556
28.4615384615	-0.5957723043	-0.0059577230
28.4807692308	-0.5913154396	-0.0059131544
28.5000000000	-0.5867749287	-0.0058677493
28.5192307692	-0.5821507410	-0.0058215074
28.5384615385	-0.5774428574	-0.0057744286
28.5576923077	-0.5726512757	-0.0057265128
28.5769230769	-0.5677760160	-0.0056777602
28.5961538462	-0.5628171266	-0.0056281713
28.6153846154	-0.5577746887	-0.0055777469
28.6346153846	-0.5526488212	-0.0055264882
28.6538461538	-0.5474396852	-0.0054743969
28.6730769231	-0.5421474881	-0.0054214749
28.6923076923	-0.5367724876	-0.0053677249
28.7115384615	-0.5313149943	-0.0053131499
28.7307692308	-0.5257753748	-0.0052577537
28.7500000000	-0.5201540543	-0.0052015405
28.7692307692	-0.5144515178	-0.0051445152
28.7884615385	-0.5086683117	-0.0050866831
28.8076923077	-0.5028050444	-0.0050280504
28.8269230769	-0.4968623869	-0.0049686239
28.8461538462	-0.4908410719	-0.0049084107
28.8653846154	-0.4847418939	-0.0048474189
28.8846153846	-0.4785657072	-0.0047856571
28.9038461538	-0.4723134247	-0.0047231342
28.9230769231	-0.4659860155	-0.0046598602
28.9423076923	-0.4595845029	-0.0045958450
28.9615384615	-0.4531099610	-0.0045310996
28.9807692308	-0.4465635120	-0.0044656351
29.0000000000	-0.4399463223	-0.0043994632
29.0192307692	-0.4332595994	-0.0043325960
29.0384615385	-0.4265045877	-0.0042650459
29.0576923077	-0.4196825642	-0.0041968256
29.0769230769	-0.4127948350	-0.0041279484
29.0961538462	-0.4058427310	-0.0040584273
29.1153846154	-0.3988276032	-0.0039882760
29.1346153846	-0.3917508192	-0.0039175082
29.1538461538	-0.3846137588	-0.0038461376
29.1730769231	-0.3774178102	-0.0037741781
29.1923076923	-0.3701643664	-0.0037016437
29.2115384615	-0.3628548211	-0.0036285482
29.2307692308	-0.3554905659	-0.0035549057
29.2500000000	-0.3480729871	-0.0034807299
29.2692307692	-0.3406034628	-0.0034060346
29.2884615385	-0.3330833603	-0.0033308336
29.3076923077	-0.3255140343	-0.0032551403
29.3269230769	-0.3178968251	-0.0031789683
29.3461538462	-0.3102330568	-0.0031023306
29.3653846154	-0.3025240363	-0.0030252404
29.3846153846	-0.2947710528	-0.0029477105
29.4038461538	-0.2869753773	-0.0028697538
29.4230769231	-0.2791382624	-0.0027913826
29.4423076923	-0.2712609428	-0.0027126094
29.4615384615	-0.2633446357	-0.0026334464
29.4807692308	-0.2553905420	-0.0025539054
29.5000000000	-0.2473998470	-0.0024739985
29.5192307692	-0.2393737223	-0.0023937372
29.5384615385	-0.2313133269	-0.0023131333
29.5576923077	-0.2232198095	-0.0022321981
29.5769230769	-0.2150943100	-0.0021509431
29.5961538462	-0.2069379618	-0.0020693796
29.6153846154	-0.1987518941	-0.0019875189
29.6346153846	-0.1905372335	-0.0019053723
29.6538461538	-0.1822951067	-0.0018229511
29.6730769231	-0.1740266426	-0.0017402664
29.6923076923	-0.1657329739	-0.0016573297
29.7115384615	-0.1574152397	-0.0015741524
29.7307692308	-0.1490745871	-0.0014907459
29.7500000000	-0.1407121725	-0.0014071217
29.7692307692	-0.1323291639	-0.0013232916
29.7884615385	-0.1239267415	-0.0012392674
29.8076923077	-0.1155060989	-0.0011550610
29.8269230769	-0.1070684443	-0.0010706844
29.8461538462	-0.0986150006	-0.0009861500
29.8653846154	-0.0901470058	-0.0009014701
29.8846153846	-0.0816657132	-0.0008166571
29.9038461538	-0.0731723908	-0.0007317239
29.9230769231	-0.0646683211	-0.0006466832
29.9423076923	-0.0561548000	-0.0005615480
29.9615384615	-0.0476331358	-0.0004763314
29.9807692308	-0.0391046478	-0.0003910465
30.0000000000	-0.0305706650	-0.0003057067
30.0192307692	-0.0220325241	-0.0002203252
30.0384615385	-0.0134915676	-0.0001349157
30.0576923077	-0.0049491416	-0.0000494914
30.0769230769	0.0035934063	0.0000359341
30.0961538462	0.0121347293	0.0001213473
30.1153846154	0.0206734840	0.0002067348
30.1346153846	0.0292083326	0.0002920833
30.1538461538	0.0377379455	0.0003773795
30.1730769231	0.0462610037	0.0004626100
30.1923076923	0.0547762011	0.0005477620
30.2115384615	0.0632822466	0.0006328225
30.2307692308	0.0717778662	0.0007177787
30.2500000000	0.0802618053	0.0008026181
30.2692307692	0.0887328297	0.0008873283
30.2884615385	0.0971897278	0.0009718973
30.3076923077	0.1056313112	0.0010563131
30.3269230769	0.1140564163	0.0011405642
30.3461538462	0.1224639043	0.0012246390
30.3653846154	0.1308526620	0.0013085266
30.3846153846	0.1392216019	0.0013922160
30.4038461538	0.1475696614	0.0014756966
30.4230769231	0.1558958028	0.0015589580
30.4423076923	0.1641990119	0.0016419901
30.4615384615	0.1724782971	0.0017247830
30.4807692308	0.1807326875	0.0018073269
30.5000000000	0.1889612313	0.0018896123
30.5192307692	0.1971629935	0.0019716299
30.5384615385	0.2053370536	0.0020533705
30.5576923077	0.2134825029	0.0021348250
30.5769230769	0.2215984418	0.0022159844
30.5961538462	0.2296839766	0.0022968398
30.6153846154	0.2377382165	0.0023773822
30.6346153846	0.2457602704	0.0024576027
30.6538461538	0.2537492435	0.0025374924
30.6730769231	0.2617042341	0.0026170423
30.6923076923	0.2696243303	0.0026962433
30.7115384615	0.2775086066	0.0027750861
30.7307692308	0.2853561211	0.0028535612
30.7500000000	0.2931659124	0.0029316591
30.7692307692	0.3009369966	0.0030093700
30.7884615385	0.3086683651	0.0030866837
30.8076923077	0.3163589821	0.0031635898
30.8269230769	0.3240077826	0.0032400778
30.8461538462	0.3316136710	0.0033161367
30.8653846154	0.3391755194	0.0033917552
30.8846153846	0.3466921668	0.0034669217
30.9038461538	0.3541624188	0.0035416242
30.9230769231	0.3615850474	0.0036158505
30.9423076923	0.3689587908	0.0036895879
30.9615384615	0.3762823551	0.0037628236
30.9807692308	0.3835544146	0.0038355441
31.0000000000	0.3907736141	0.0039077361
31.0192307692	0.3979385703	0.0039793857
31.0384615385	0.4050478749	0.0040504787
31.0576923077	0.4121000969	0.0041210010
31.0769230769	0.4190937864	0.0041909379
31.0961538462	0.4260274776	0.0042602748
31.1153846154	0.4328996931	0.0043289969
31.1346153846	0.4397089476	0.0043970895
31.1538461538	0.4464537531	0.0044645375
31.1730769231	0.4531326226	0.0045313262
31.1923076923	0.4597440755	0.0045974408
31.2115384615	0.4662866420	0.0046628664
31.2307692308	0.4727588686	0.0047275887
31.2500000000	0.4791593223	0.0047915932
31.2692307692	0.4854865961	0.0048548660
31.2884615385	0.4917393135	0.0049173931
31.3076923077	0.4979161333	0.0049791613
31.3269230769	0.5040157538	0.0050401575
31.3461538462	0.5100369172	0.0051003692
31.3653846154	0.5159784137	0.0051597841
31.3846153846	0.5218390847	0.0052183908
31.4038461538	0.5276178264	0.0052761783
31.4230769231	0.5333135925	0.0053331359
31.4423076923	0.5389253967	0.0053892540
31.4615384615	0.5444523142	0.0054445231
31.4807692308	0.5498934839	0.0054989348
31.5000000000	0.5552481087	0.0055524811
31.5192307692	0.5605154565	0.0056051546
31.5384615385	0.5656948594	0.0056569486
31.5576923077	0.5707857140	0.0057078571
31.5769230769	0.5757874795	0.0057578748
31.5961538462	0.5806996767	0.0058069968
31.6153846154	0.5855218852	0.0058552189
31.6346153846	0.5902537417	0.0059025374
31.6538461538	0.5948949362	0.0059489494
31.6730769231	0.5994452090	0.0059944521
31.6923076923	0.6039043469	0.0060390435
31.7115384615	0.6082721787	0.0060827218
31.7307692308	0.6125485712	0.0061254857
31.7500000000	0.6167334244	0.0061673342
31.7692307692	0.6208266665	0.0062082667
31.7884615385	0.6248282491	0.0062482825
31.8076923077	0.6287381419	0.0062873814
31.8269230769	0.6325563277	0.0063255633
31.8461538462	0.6362827972	0.0063628280
31.8653846154	0.6399175442	0.0063991754
31.8846153846	0.6434605604	0.0064346056
31.9038461538	0.6469118310	0.0064691183
31.9230769231	0.6502713298	0.0065027133
31.9423076923	0.6535390154	0.0065353902
31.9615384615	0.6567148271	0.0065671483
31.9807692308	0.6597986817	0.0065979868
32.0000000000	0.6627904698	0.0066279047
32.0192307692	0.6656900539	0.0066569005
32.0384615385	0.6684972655	0.0066849727
32.0576923077	0.6712119040	0.0067121190
32.0769230769	0.6738337350	0.0067383373
32.0961538462	0.6763624899	0.0067636249
32.1153846154	0.6787978658	0.0067879787
32.1346153846	0.6811395255	0.0068113953
32.1538461538	0.6833870987	0.0068338710
32.1730769231	0.6855401832	0.0068554018
32.1923076923	0.6875983470	0.0068759835
32.2115384615	0.6895611300	0.0068956113
32.2307692308	0.6914280475	0.0069142805
32.2500000000	0.6931985928	0.0069319859
32.2692307692	0.6948722410	0.0069487224
32.2884615385	0.6964484525	0.0069644845
32.3076923077	0.6979266773	0.0069792668
32.3269230769	0.6993063594	0.0069930636
32.3461538462	0.7005869409	0.0070058694
32.3653846154	0.7017678668	0.0070176787
32.3846153846	0.7028485896	0.0070284859
32.4038461538	0.7038285741	0.0070382857
32.4230769231	0.7047073018	0.0070470730
32.4423076923	0.7054842754	0.0070548428
32.4615384615	0.7061590232	0.0070615902
32.4807692308	0.7067311032	0.0070673110
32.5000000000	0.7072001070	0.0070720011
32.5192307692	0.7075656636	0.0070756566
32.5384615385	0.7078274420	0.0070782744
32.5576923077	0.7079851547	0.0070798515
32.5769230769	0.7080385599	0.0070803856
32.5961538462	0.7079874635	0.0070798746
32.6153846154	0.7078317207	0.0070783172
32.6346153846	0.7075712368	0.0070757124
32.6538461538	0.7072059682	0.0070720597
32.6730769231	0.7067359222	0.0070673592
32.6923076923	0.7061611567	0.0070616116
32.7115384615	0.7054817791	0.0070548178
32.7307692308	0.7046979452	0.0070469795
32.7500000000	0.7038098574	0.0070380986
32.7692307692	0.7028177620	0.0070281776
32.7884615385	0.7017219470	0.0070172195
32.8076923077	0.7005227389	0.0070052274
32.8269230769	0.6992204995	0.0069922050
32.8461538462	0.6978156219	0.0069781562
32.8653846154	0.6963085270	0.0069630853
32.8846153846	0.6946996594	0.0069469966
32.9038461538	0.6929894831	0.0069298948
32.9230769231	0.6911784771	0.0069117848
32.9423076923	0.6892671315	0.0068926713
32.9615384615	0.6872559428	0.0068725594
32.9807692308	0.6851454103	0.0068514541
33.0000000000	0.6829360313	0.0068293603
33.0192307692	0.6806282980	0.0068062830
33.0384615385	0.6782226934	0.0067822269
33.0576923077	0.6757196882	0.0067571969
33.0769230769	0.6731197381	0.0067311974
33.0961538462	0.6704232806	0.0067042328
33.1153846154	0.6676307334	0.0066763073
33.1346153846	0.6647424927	0.0066474249
33.1538461538	0.6617589314	0.0066175893
33.1730769231	0.6586803990	0.0065868040
33.1923076923	0.6555072210	0.0065550722
33.2115384615	0.6522396994	0.0065223970
33.2307692308	0.6488781134	0.0064887811
33.2500000000	0.6454227209	0.0064542272
33.2692307692	0.6418737600	0.0064187376
33.2884615385	0.6382314519	0.0063823145
33.3076923077	0.6344960030	0.0063449600
33.3269230769	0.6306676088	0.0063066761
33.3461538462	0.6267464574	0.0062674646
33.3653846154	0.6227327331	0.0062273273
33.3846153846	0.6186266214	0.0061862662
33.4038461538	0.6144283131	0.0061442831
33.4230769231	0.6101380094	0.0061013801
33.4423076923	0.6057559271	0.0060575593
33.4615384615	0.6012823031	0.0060128230
33.4807692308	0.5967174003	0.0059671740
33.5000000000	0.5920615123	0.0059206151
33.5192307692	0.5873149686	0.0058731497
33.5384615385	0.5824781396	0.0058247814
33.5576923077	0.5775514411	0.0057755144
33.5769230769	0.5725353393	0.0057253534
33.5961538462	0.5674303543	0.0056743035
33.6153846154	0.5622370646	0.0056223706
33.6346153846	0.5569561096	0.0055695611
33.6538461538	0.5515881935	0.0055158819
33.6730769231	0.5461340869	0.0054613409
33.6923076923	0.5405946289	0.0054059463
33.7115384615	0.5349707285	0.0053497073
33.7307692308	0.5292633651	0.0052926337
33.7500000000	0.5234735884	0.0052347359
33.7692307692	0.5176025180	0.0051760252
33.7884615385	0.5116513420	0.0051165134
33.8076923077	0.5056213152	0.0050562132
33.8269230769	0.4995137565	0.0049951376
33.8461538462	0.4933300455	0.0049333005
33.8653846154	0.4870716193	0.0048707162
33.8846153846	0.4807399677	0.0048073997
33.9038461538	0.4743366285	0.0047433663
33.9230769231	0.4678631821	0.0046786318
33.9423076923	0.4613212457	0.0046132125
33.9615384615	0.4547124675	0.0045471247
33.9807692308	0.4480385194	0.0044803852
34.0000000000	0.4413010912	0.0044130109
34.0192307692	0.4345018827	0.0043450188
34.0384615385	0.4276425972	0.0042764260
34.0576923077	0.4207249342	0.0042072493
34.0769230769	0.4137505818	0.0041375058
34.0961538462	0.4067212103	0.0040672121
34.1153846154	0.3996384647	0.0039963846
34.1346153846	0.3925039581	0.0039250396
34.1538461538	0.3853192654	0.0038531927
34.1730769231	0.3780859172	0.0037808592
34.1923076923	0.3708053940	0.0037080539
34.2115384615	0.3634791211	0.0036347912
34.2307692308	0.3561084641	0.0035610846
34.2500000000	0.3486947246	0.0034869472
34.2692307692	0.3412391371	0.0034123914
34.2884615385	0.3337428661	0.0033374287
34.3076923077	0.3262070042	0.0032620700
34.3269230769	0.3186325706	0.0031863257
34.3461538462	0.3110205110	0.0031102051
34.3653846154	0.3033716974	0.0030337170
34.3846153846	0.2956869294	0.0029568693
34.4038461538	0.2879669359	0.0028796694
34.4230769231	0.2802123778	0.0028021238
34.4423076923	0.2724238511	0.0027242385
34.4615384615	0.2646018907	0.0026460189
34.4807692308	0.2567469757	0.0025674698
34.5000000000	0.2488595339	0.0024885953
34.5192307692	0.2409399483	0.0024093995
34.5384615385	0.2329885633	0.0023298856
34.5576923077	0.2250056913	0.0022500569
34.5769230769	0.2169916205	0.0021699162
34.5961538462	0.2089466221	0.0020894662
34.6153846154	0.2008709584	0.0020087096
34.6346153846	0.1927648909	0.0019276489
34.6538461538	0.1846286881	0.0018462869
34.6730769231	0.1764626342	0.0017646263
34.6923076923	0.1682670370	0.0016826704
34.7115384615	0.1600422360	0.0016004224
34.7307692308	0.1517886102	0.0015178861
34.7500000000	0.1435065856	0.0014350659
34.7692307692	0.1351966424	0.0013519664
34.7884615385	0.1268593217	0.0012685932
34.8076923077	0.1184952318	0.0011849523
34.8269230769	0.1101050537	0.0011010505
34.8461538462	0.1016895464	0.0010168955
34.8653846154	0.0932495511	0.0009324955
34.8846153846	0.0847859949	0.0008478599
34.9038461538	0.0762998935	0.0007629989
34.9230769231	0.0677923537	0.0006779235
34.9423076923	0.0592645742	0.0005926457
34.9615384615	0.0507178466	0.0005071785
34.9807692308	0.0421535545	0.0004215355
35.0000000000	0.0335731726	0.0003357317
35.0192307692	0.0249782646	0.0002497826
35.0384615385	0.0163704803	0.0001637048
35.0576923077	0.0077515520	0.0000775155
35.0769230769	-0.0008767097	-0.0000087671
35.0961538462	-0.0095124216	-0.0000951242
35.1153846154	-0.0181536328	-0.0001815363
35.1346153846	-0.0267983318	-0.0002679833
35.1538461538	-0.0354444531	-0.0003544445
35.1730769231	-0.0440898845	-0.0004408988
35.1923076923	-0.0527324753	-0.0005273248
35.2115384615	-0.0613700441	-0.0006137004
35.2307692308	-0.0700003876	-0.0007000039
35.2500000000	-0.0786212890	-0.0007862129
35.2692307692	-0.0872305266	-0.0008723053
35.2884615385	-0.0958258830	-0.0009582588
35.3076923077	-0.1044051534	-0.0010440515
35.3269230769	-0.1129661545	-0.0011296615
35.3461538462	-0.1215067327	-0.0012150673
35.3653846154	-0.1300247720	-0.0013002477
35.3846153846	-0.1385182019	-0.0013851820
35.4038461538	-0.1469850046	-0.0014698500
35.4230769231	-0.1554232219	-0.0015542322
35.4423076923	-0.1638309609	-0.0016383096
35.4615384615	-0.1722064001	-0.0017220640
35.4807692308	-0.1805477939	-0.0018054779
35.5000000000	-0.1888534770	-0.0018885348
35.5192307692	-0.1971218676	-0.0019712187
35.5384615385	-0.2053514702	-0.0020535147
35.5576923077	-0.2135408773	-0.0021354088
35.5769230769	-0.2216887706	-0.0022168877
35.5961538462	-0.2297939213	-0.0022979392
35.6153846154	-0.2378551891	-0.0023785519
35.6346153846	-0.2458715213	-0.0024587152
35.6538461538	-0.2538419504	-0.0025384195
35.6730769231	-0.2617655913	-0.0026176559
35.6923076923	-0.2696416377	-0.0026964164
35.7115384615	-0.2774693580	-0.0027746936
35.7307692308	-0.2852480901	-0.0028524809
35.7500000000	-0.2929772363	-0.0029297724
35.7692307692	-0.3006562573	-0.0030065626
35.7884615385	-0.3082846657	-0.0030828467
35.8076923077	-0.3158620194	-0.0031586202
35.8269230769	-0.3233879149	-0.0032338791
35.8461538462	-0.3308619794	-0.0033086198
35.8653846154	-0.3382838640	-0.0033828386
35.8846153846	-0.3456532362	-0.0034565324
35.9038461538	-0.3529697724	-0.0035296977
35.9230769231	-0.3602331506	-0.0036023315
35.9423076923	-0.3674430432	-0.0036744304
35.9615384615	-0.3745991105	-0.0037459911
35.9807692308	-0.3817009936	-0.0038170099
36.0000000000	-0.3887483085	-0.0038874831
36.0192307692	-0.3957406405	-0.0039574064
36.0384615385	-0.4026775387	-0.0040267754
36.0576923077	-0.4095585115	-0.0040955851
36.0769230769	-0.4163830222	-0.0041638302
36.0961538462	-0.4231504860	-0.0042315049
36.1153846154	-0.4298602669	-0.0042986027
36.1346153846	-0.4365116758	-0.0043651168
36.1538461538	-0.4431039690	-0.0044310397
36.1730769231	-0.4496363475	-0.0044963635
36.1923076923	-0.4561079573	-0.0045610796
36.2115384615	-0.4625178897	-0.0046251789
36.2307692308	-0.4688651834	-0.0046886518
36.2500000000	-0.4751488262	-0.0047514883
36.2692307692	-0.4813677577	-0.0048136776
36.2884615385	-0.4875208731	-0.0048752087
36.3076923077	-0.4936070269	-0.0049360703
36.3269230769	-0.4996250376	-0.0049962504
36.3461538462	-0.5055736922	-0.0050557369
36.3653846154	-0.5114517520	-0.0051145175
36.3846153846	-0.5172579583	-0.0051725796
36.4038461538	-0.5229910380	-0.0052299104
36.4230769231	-0.5286497102	-0.0052864971
36.4423076923	-0.5342326922	-0.0053423269
36.4615384615	-0.5397387063	-0.0053973871
36.4807692308	-0.5451664857	-0.0054516649
36.5000000000	-0.5505147812	-0.0055051478
36.5192307692	-0.5557823672	-0.0055578237
36.5384615385	-0.5609680476	-0.0056096805
36.5576923077	-0.5660706619	-0.0056607066
36.5769230769	-0.5710890896	-0.0057108909
36.5961538462	-0.5760222563	-0.0057602226
36.6153846154	-0.5808691373	-0.0058086914
36.6346153846	-0.5856287618	-0.0058562876
36.6538461538	-0.5903002167	-0.0059030022
36.6730769231	-0.5948826489	-0.0059488265
36.6923076923	-0.5993752678	-0.0059937527
36.7115384615	-0.6037773473	-0.0060377735
36.7307692308	-0.6080882260	-0.0060808823
36.7500000000	-0.6123073082	-0.0061230731
36.7692307692	-0.6164340633	-0.0061643406
36.7884615385	-0.6204680248	-0.0062046802
36.8076923077	-0.6244087891	-0.0062440879
36.8269230769	-0.6282560129	-0.0062825601
36.8461538462	-0.6320094104	-0.0063200941
36.8653846154	-0.6356687507	-0.0063566875
36.8846153846	-0.6392338532	-0.0063923385
36.9038461538	-0.6427045840	-0.0064270458
36.9230769231	-0.6460808509	-0.0064608085
36.9423076923	-0.6493625986	-0.0064936260
36.9615384615	-0.6525498037	-0.0065254980
36.9807692308	-0.6556424687	-0.0065564247
37.0000000000	-0.6586406171	-0.0065864062
37.0192307692	-0.6615442874	-0.0066154429
37.0384615385	-0.6643535272	-0.0066435353
37.0576923077	-0.6670683881	-0.0066706839
37.0769230769	-0.6696889200	-0.0066968892
37.0961538462	-0.6722151656	-0.0067221517
37.1153846154	-0.6746471557	-0.0067464716
37.1346153846	-0.6769849042	-0.0067698490
37.1538461538	-0.6792284041	-0.0067922840
37.1730769231	-0.6813776231	-0.0068137762
37.1923076923	-0.6834325005	-0.0068343250
37.2115384615	-0.6853929442	-0.0068539294
37.2307692308	-0.6872588282	-0.0068725883
37.2500000000	-0.6890299907	-0.0068902999
37.2692307692	-0.6907062333	-0.0069070623
37.2884615385	-0.6922873197	-0.0069228732
37.3076923077	-0.6937729764	-0.0069377298
37.3269230769	-0.6951628927	-0.0069516289
37.3461538462	-0.6964567225	-0.0069645672
37.3653846154	-0.6976540858	-0.0069765409
37.3846153846	-0.6987545712	-0.0069875457
37.4038461538	-0.6997577387	-0.0069975774
37.4230769231	-0.7006631237	-0.0070066312
37.4423076923	-0.7014702403	-0.0070147024
37.4615384615	-0.7021785862	-0.0070217859
37.4807692308	-0.7027876473	-0.0070278765
37.5000000000	-0.7032969027	-0.0070329690
37.5192307692	-0.7037058301	-0.0070370583
37.5384615385	-0.7040139118	-0.0070401391
37.5576923077	-0.7042206396	-0.0070422064
37.5769230769	-0.7043255213	-0.0070432552
37.5961538462	-0.7043280861	-0.0070432809
37.6153846154	-0.7042278906	-0.0070422789
37.6346153846	-0.7040245239	-0.0070402452
37.6538461538	-0.7037176136	-0.0070371761
37.6730769231	-0.7033068306	-0.0070330683
37.6923076923	-0.7027918939	-0.0070279189
37.7115384615	-0.7021725752	-0.0070217258
37.7307692308	-0.7014487028	-0.0070144870
37.7500000000	-0.7006201650	-0.0070062016
37.7692307692	-0.6996869135	-0.0069968691
37.7884615385	-0.6986489654	-0.0069864897
37.8076923077	-0.6975064053	-0.0069750641
37.8269230769	-0.6962593866	-0.0069625939
37.8461538462	-0.6949081320	-0.0069490813
37.8653846154	-0.6934529334	-0.0069345293
37.8846153846	-0.6918941515	-0.0069189415
37.9038461538	-0.6902322142	-0.0069023221
37.9230769231	-0.6884676150	-0.0068846761
37.9423076923	-0.6866009100	-0.0068660091
37.9615384615	-0.6846327155	-0.0068463272
37.9807692308	-0.6825637035	-0.0068256370
38.0000000000	-0.6803945981	-0.0068039460
38.0192307692	-0.6781261709	-0.0067812617
38.0384615385	-0.6757592355	-0.0067575924
38.0576923077	-0.6732946423	-0.0067329464
38.0769230769	-0.6707332732	-0.0067073327
38.0961538462	-0.6680760349	-0.0066807603
38.1153846154	-0.6653238534	-0.0066532385
38.1346153846	-0.6624776672	-0.0066247767
38.1538461538	-0.6595384216	-0.0065953842
38.1730769231	-0.6565070621	-0.0065650706
38.1923076923	-0.6533845281	-0.0065338453
38.2115384615	-0.6501717475	-0.0065017175
38.2307692308	-0.6468696303	-0.0064686963
38.2500000000	-0.6434790632	-0.0064347906
38.2692307692	-0.6400009051	-0.0064000091
38.2884615385	-0.6364359815	-0.0063643598
38.3076923077	-0.6327850811	-0.0063278508
38.3269230769	-0.6290489512	-0.0062904895
38.3461538462	-0.6252282955	-0.0062522830
38.3653846154	-0.6213237704	-0.0062132377
38.3846153846	-0.6173359840	-0.0061733598
38.4038461538	-0.6132654941	-0.0061326549
38.4230769231	-0.6091128078	-0.0060911281
38.4423076923	-0.6048783812	-0.0060487838
38.4615384615	-0.6005626204	-0.0060056262
38.4807692308	-0.5961658823	-0.0059616588
38.5000000000	-0.5916884770	-0.0059168848
38.5192307692	-0.5871306699	-0.0058713067
38.5384615385	-0.5824926850	-0.0058249268
38.5576923077	-0.5777747088	-0.0057777471
38.5769230769	-0.5729768941	-0.0057297689
38.5961538462	-0.5680993652	-0.0056809937
38.6153846154	-0.5631422225	-0.0056314222
38.6346153846	-0.5581055482	-0.0055810555
38.6538461538	-0.5529894124	-0.0055298941
38.6730769231	-0.5477938787	-0.0054779388
38.6923076923	-0.5425190106	-0.0054251901
38.7115384615	-0.5371648782	-0.0053716488
38.7307692308	-0.5317315641	-0.0053173156
38.7500000000	-0.5262191703	-0.0052621917
38.7692307692	-0.5206278241	-0.0052062782
38.7884615385	-0.5149576849	-0.0051495768
38.8076923077	-0.5092089493	-0.0050920895
38.8269230769	-0.5033818578	-0.0050338186
38.8461538462	-0.4974766993	-0.0049747670
38.8653846154	-0.4914938168	-0.0049149382
38.8846153846	-0.4854336114	-0.0048543361
38.9038461538	-0.4792965466	-0.0047929655
38.9230769231	-0.4730831520	-0.0047308315
38.9423076923	-0.4667940257	-0.0046679403
38.9615384615	-0.4604298374	-0.0046042984
38.9807692308	-0.4539913295	-0.0045399133
39.0000000000	-0.4474793186	-0.0044747932
39.0192307692	-0.4408946958	-0.0044089470
39.0384615385	-0.4342384266	-0.0043423843
39.0576923077	-0.4275115500	-0.0042751155
39.0769230769	-0.4207151770	-0.0042071518
39.0961538462	-0.4138504887	-0.0041385049
39.1153846154	-0.4069187333	-0.0040691873
39.1346153846	-0.3999212234	-0.0039992122
39.1538461538	-0.3928593314	-0.0039285933
39.1730769231	-0.3857344862	-0.0038573449
39.1923076923	-0.3785481676	-0.0037854817
39.2115384615	-0.3713019018	-0.0037130190
39.2307692308	-0.3639972558	-0.0036399726
39.2500000000	-0.3566358315	-0.0035663583
39.2692307692	-0.3492192599	-0.0034921926
39.2884615385	-0.3417491952	-0.0034174920
39.3076923077	-0.3342273080	-0.0033422731
39.3269230769	-0.3266552798	-0.0032665528
39.3461538462	-0.3190347961	-0.0031903480
39.3653846154	-0.3113675408	-0.0031136754
39.3846153846	-0.3036551899	-0.0030365519
39.4038461538	-0.2958994059	-0.0029589941
39.4230769231	-0.2881018323	-0.0028810183
39.4423076923	-0.2802640882	-0.0028026409
39.4615384615	-0.2723877640	-0.0027238776
39.4807692308	-0.2644744166	-0.0026447442
39.5000000000	-0.2565255656	-0.0025652557
39.5192307692	-0.2485426898	-0.0024854269
39.5384615385	-0.2405272245	-0.0024052722
39.5576923077	-0.2324805590	-0.0023248056
39.5769230769	-0.2244040347	-0.0022440403
39.5961538462	-0.2162989441	-0.0021629894
39.6153846154	-0.2081665301	-0.0020816653
39.6346153846	-0.2000079858	-0.0020000799
39.6538461538	-0.1918244552	-0.0019182446
39.6730769231	-0.1836170342	-0.0018361703
39.6923076923	-0.1753867722	-0.0017538677
39.7115384615	-0.1671346742	-0.0016713467
39.7307692308	-0.1588617037	-0.0015886170
39.7500000000	-0.1505687852	-0.0015056879
39.7692307692	-0.1422568083	-0.0014225681
39.7884615385	-0.1339266312	-0.0013392663
39.8076923077	-0.1255790849	-0.0012557908
39.8269230769	-0.1172149776	-0.0011721498
39.8461538462	-0.1088350996	-0.0010883510
39.8653846154	-0.1004402278	-0.0010044023
39.8846153846	-0.0920311308	-0.0009203113
39.9038461538	-0.0836085737	-0.0008360857
39.9230769231	-0.0751733232	-0.0007517332
39.9423076923	-0.0667261524	-0.0006672615
39.9615384615	-0.0582678457	-0.0005826785
39.9807692308	-0.0497992030	-0.0004979920
40.0000000000	-0.0413210445	-0.0004132104
40.0192307692	-0.0328342146	-0.0003283421
40.0384615385	-0.0243395855	-0.0002433959
40.0576923077	-0.0158380609	-0.0001583806
40.0769230769	-0.0073305788	-0.0000733058
40.0961538462	0.0011818860	0.0000118189
40.1153846154	0.0096983194	0.0000969832
40.1346153846	0.0182176666	0.0001821767
40.1538461538	0.0267388311	0.0002673883
40.1730769231	0.0352606738	0.0003526067
40.1923076923	0.0437820126	0.0004378201
40.2115384615	0.0523016234	0.0005230162
40.2307692308	0.0608182403	0.0006081824
40.2500000000	0.0693305572	0.0006933056
40.2692307692	0.0778372294	0.0007783723
40.2884615385	0.0863368759	0.0008633688
40.3076923077	0.0948280821	0.0009482808
40.3269230769	0.1033094026	0.0010330940
40.3461538462	0.1117793645	0.0011177936
40.3653846154	0.1202364712	0.0012023647
40.3846153846	0.1286792058	0.0012867921
40.4038461538	0.1371060359	0.0013710604
40.4230769231	0.1455154171	0.0014551542
40.4423076923	0.1539057977	0.0015390580
40.4615384615	0.1622756227	0.0016227562
40.4807692308	0.1706233389	0.0017062334
40.5000000000	0.1789473981	0.0017894740
40.5192307692	0.1872462625	0.0018724626
40.5384615385	0.1955184077	0.0019551841
40.5576923077	0.2037623274	0.0020376233
40.5769230769	0.2119765364	0.0021197654
40.5961538462	0.2201595744	0.0022015957
40.6153846154	0.2283100086	0.0022831001
40.6346153846	0.2364264367	0.0023642644
40.6538461538	0.2445074889	0.0024450749
40.6730769231	0.2525518301	0.0025255183
40.6923076923	0.2605581609	0.0026055816
40.7115384615	0.2685252191	0.0026852522
40.7307692308	0.2764517799	0.0027645178
40.7500000000	0.2843366562	0.0028433666
40.7692307692	0.2921786981	0.0029217870
40.7884615385	0.2999767923	0.0029997679
40.8076923077	0.3077298607	0.0030772986
40.8269230769	0.3154368592	0.0031543686
40.8461538462	0.3230967752	0.0032309678
40.8653846154	0.3307086255	0.0033070863
40.8846153846	0.3382714539	0.0033827145
40.9038461538	0.3457843278	0.0034578433
40.9230769231	0.3532463353	0.0035324634
40.9423076923	0.3606565820	0.0036065658
40.9615384615	0.3680141870	0.0036801419
40.9807692308	0.3753182799	0.0037531828
41.0000000000	0.3825679966	0.0038256800
41.0192307692	0.3897624758	0.0038976248
41.0384615385	0.3969008558	0.0039690086
41.0576923077	0.4039822705	0.0040398227
41.0769230769	0.4110058461	0.0041100585
41.0961538462	0.4179706982	0.0041797070
41.1153846154	0.4248759287	0.0042487593
41.1346153846	0.4317206234	0.0043172062
41.1538461538	0.4385038495	0.0043850385
41.1730769231	0.4452246537	0.0044522465
41.1923076923	0.4518820607	0.0045188206
41.2115384615	0.4584750722	0.0045847507
41.2307692308	0.4650026660	0.0046500267
41.2500000000	0.4714637961	0.0047146380
41.2692307692	0.4778573925	0.0047785739
41.2884615385	0.4841823624	0.0048418236
41.3076923077	0.4904375911	0.0049043759
41.3269230769	0.4966219436	0.0049662194
41.3461538462	0.5027342669	0.0050273427
41.3653846154	0.5087733923	0.0050877339
41.3846153846	0.5147381386	0.0051473814
41.4038461538	0.5206273150	0.0052062731
41.4230769231	0.5264397252	0.0052643973
41.4423076923	0.5321741708	0.0053217417
41.4615384615	0.5378294560	0.0053782946
41.4807692308	0.5434043915	0.0054340439
41.5000000000	0.5488977995	0.0054889780
41.5192307692	0.5543085180	0.0055430852
41.5384615385	0.5596354057	0.0055963541
41.5576923077	0.5648773466	0.0056487735
41.5769230769	0.5700332545	0.0057003325
41.5961538462	0.5751020777	0.0057510208
41.6153846154	0.5800828035	0.0058008280
41.6346153846	0.5849744618	0.0058497446
41.6538461538	0.5897761292	0.0058977613
41.6730769231	0.5944869327	0.0059448693
41.6923076923	0.5991060522	0.0059910605
41.7115384615	0.6036327240	0.0060363272
41.7307692308	0.6080662423	0.0060806624
41.7500000000	0.6124059615	0.0061240596
41.7692307692	0.6166512969	0.0061665130
41.7884615385	0.6208017261	0.0062080173
41.8076923077	0.6248567884	0.0062485679
41.8269230769	0.6288160849	0.0062881608
41.8461538462	0.6326792774	0.0063267928
41.8653846154	0.6364460869	0.0063644609
41.8846153846	0.6401162915	0.0064011629
41.9038461538	0.6436897236	0.0064368972
41.9230769231	0.6471662673	0.0064716627
41.9423076923	0.6505458545	0.0065054585
41.9615384615	0.6538284609	0.0065382846
41.9807692308	0.6570141016	0.0065701410
42.0000000000	0.6601028267	0.0066010283
42.0192307692	0.6630947157	0.0066309472
42.0384615385	0.6659898728	0.0066598987
42.0576923077	0.6687884209	0.0066878842
42.0769230769	0.6714904966	0.0067149050
42.0961538462	0.6740962440	0.0067409624
42.1153846154	0.6766058095	0.0067660581
42.1346153846	0.6790193360	0.0067901934
42.1538461538	0.6813369576	0.0068133696
42.1730769231	0.6835587942	0.0068355879
42.1923076923	0.6856849468	0.0068568495
42.2115384615	0.6877154926	0.0068771549
42.2307692308	0.6896504811	0.0068965048
42.2500000000	0.6914899296	0.0069148993
42.2692307692	0.6932338205	0.0069323382
42.2884615385	0.6948820983	0.0069488210
42.3076923077	0.6964346667	0.0069643467
42.3269230769	0.6978913879	0.0069789139
42.3461538462	0.6992520807	0.0069925208
42.3653846154	0.7005165203	0.0070051652
42.3846153846	0.7016844386	0.0070168444
42.4038461538	0.7027555246	0.0070275552
42.4230769231	0.7037294262	0.0070372943
42.4423076923	0.7046057522	0.0070460575
42.4615384615	0.7053840748	0.0070538407
42.4807692308	0.7060639330	0.0070606393
42.5000000000	0.7066448362	0.0070664484
42.5192307692	0.7071262687	0.0070712627
42.5384615385	0.7075076942	0.0070750769
42.5576923077	0.7077885612	0.0070778856
42.5769230769	0.7079683085	0.0070796831
42.5961538462	0.7080463706	0.0070804637
42.6153846154	0.7080221845	0.0070802218
42.6346153846	0.7078951951	0.0070789520
42.6538461538	0.7076648618	0.0070766486
42.6730769231	0.7073306653	0.0070733067
42.6923076923	0.7068921128	0.0070689211
42.7115384615	0.7063487453	0.0070634875
42.7307692308	0.7057001428	0.0070570014
42.7500000000	0.7049459302	0.0070494593
42.7692307692	0.7040857828	0.0070408578
42.7884615385	0.7031194312	0.0070311943
42.8076923077	0.7020466658	0.0070204667
42.8269230769	0.7008673411	0.0070086734
42.8461538462	0.6995813788	0.0069958138
42.8653846154	0.6981887712	0.0069818877
42.8846153846	0.6966895832	0.0069668958
42.9038461538	0.6950839539	0.0069508395
42.9230769231	0.6933720980	0.0069337210
42.9423076923	0.6915543055	0.0069155431
42.9615384615	0.6896309419	0.0068963094
42.9807692308	0.6876024467	0.0068760245
43.0000000000	0.6854693319	0.0068546933
43.0192307692	0.6832321795	0.0068323218
43.0384615385	0.6808916383	0.0068089164
43.0576923077	0.6784484205	0.0067844842
43.0769230769	0.6759032972	0.0067590330
43.0961538462	0.6732570938	0.0067325709
43.1153846154	0.6705106849	0.0067051068
43.1346153846	0.6676649883	0.0066766499
43.1538461538	0.6647209595	0.0066472096
43.1730769231	0.6616795848	0.0066167958
43.1923076923	0.6585418756	0.0065854188
43.2115384615	0.6553088609	0.0065530886
43.2307692308	0.6519815815	0.0065198158
43.2500000000	0.6485610824	0.0064856108
43.2692307692	0.6450484068	0.0064504841
43.2884615385	0.6414445896	0.0064144459
43.3076923077	0.6377506506	0.0063775065
43.3269230769	0.6339675892	0.0063396759
43.3461538462	0.6300963786	0.0063009638
43.3653846154	0.6261379602	0.0062613796
43.3846153846	0.6220932397	0.0062209324
43.4038461538	0.6179630822	0.0061796308
43.4230769231	0.6137483090	0.0061374831
43.4423076923	0.6094496946	0.0060944969
43.4615384615	0.6050679643	0.0060506796
43.4807692308	0.6006037928	0.0060060379
43.5000000000	0.5960578030	0.0059605780
43.5192307692	0.5914305659	0.0059143057
43.5384615385	0.5867226010	0.0058672260
43.5576923077	0.5819343779	0.0058193438
43.5769230769	0.5770663178	0.0057706632
43.5961538462	0.5721187961	0.0057211880
43.6153846154	0.5670921458	0.0056709215
43.6346153846	0.5619866613	0.0056198666
43.6538461538	0.5568026028	0.0055680260
43.6730769231	0.5515402013	0.0055154020
43.6923076923	0.5461996637	0.0054619966
43.7115384615	0.5407811790	0.0054078118
43.7307692308	0.5352849243	0.0053528492
43.7500000000	0.5297110710	0.0052971107
43.7692307692	0.5240597921	0.0052405979
43.7884615385	0.5183312680	0.0051833127
43.8076923077	0.5125256941	0.0051252569
43.8269230769	0.5066432874	0.0050664329
43.8461538462	0.5006842931	0.0050068429
43.8653846154	0.4946489911	0.0049464899
43.8846153846	0.4885377025	0.0048853770
43.9038461538	0.4823507957	0.0048235080
43.9230769231	0.4760886914	0.0047608869
43.9423076923	0.4697518687	0.0046975187
43.9615384615	0.4633408689	0.0046334087
43.9807692308	0.4568563003	0.0045685630
44.0000000000	0.4502988415	0.0045029884
44.0192307692	0.4436692440	0.0044366924
44.0384615385	0.4369683350	0.0043696834
44.0576923077	0.4301970187	0.0043019702
44.0769230769	0.4233562770	0.0042335628
44.0961538462	0.4164471698	0.0041644717
44.1153846154	0.4094708344	0.0040947083
44.1346153846	0.4024284840	0.0040242848
44.1538461538	0.3953214058	0.0039532141
44.1730769231	0.3881509583	0.0038815096
44.1923076923	0.3809185678	0.0038091857
44.2115384615	0.3736257246	0.0037362572
44.2307692308	0.3662739781	0.0036627398
44.2500000000	0.3588649320	0.0035886493
44.2692307692	0.3514002386	0.0035140024
44.2884615385	0.3438815924	0.0034388159
44.3076923077	0.3363107245	0.0033631072
44.3269230769	0.3286893949	0.0032868939
44.3461538462	0.3210193866	0.0032101939
44.3653846154	0.3133024978	0.0031330250
44.3846153846	0.3055405350	0.0030554053
44.4038461538	0.2977353059	0.0029773531
44.4230769231	0.2898886121	0.0028988861
44.4423076923	0.2820022426	0.0028200224
44.4615384615	0.2740779663	0.0027407797
44.4807692308	0.2661175263	0.0026611753
44.5000000000	0.2581226333	0.0025812263
44.5192307692	0.2500949600	0.0025009496
44.5384615385	0.2420361359	0.0024203614
44.5576923077	0.2339477425	0.0023394774
44.5769230769	0.2258313091	0.0022583131
44.5961538462	0.2176883093	0.0021768831
44.6153846154	0.2095201579	0.0020952016
44.6346153846	0.2013282089	0.0020132821
44.6538461538	0.1931137535	0.0019311375
44.6730769231	0.1848780197	0.0018487802
44.6923076923	0.1766221716	0.0017662217
44.7115384615	0.1683473102	0.0016834731
44.7307692308	0.1600544746	0.0016005447
44.7500000000	0.1517446435	0.0015174464
44.7692307692	0.1434187383	0.0014341874
44.7884615385	0.1350776258	0.0013507763
44.8076923077	0.1267221219	0.0012672212
44.8269230769	0.1183529963	0.0011835300
44.8461538462	0.1099709765	0.0010997098
44.8653846154	0.1015767537	0.0010157675
44.8846153846	0.0931709881	0.0009317099
44.9038461538	0.0847543144	0.0008475431
44.9230769231	0.0763273487	0.0007632735
44.9423076923	0.0678906940	0.0006789069
44.9615384615	0.0594449472	0.0005944495
44.9807692308	0.0509907054	0.0005099071
45.0000000000	0.0425285723	0.0004252857
45.0192307692	0.0340591645	0.0003405916
45.0384615385	0.0255831180	0.0002558312
45.0576923077	0.0171010939	0.0001710109
45.0769230769	0.0086137841	0.0000861378
45.0961538462	0.0001219168	0.0000012192
45.1153846154	-0.0083737387	-0.0000837374
45.1346153846	-0.0168723674	-0.0001687237
45.1538461538	-0.0253731049	-0.0002537310
45.1730769231	-0.0338750338	-0.0003387503
45.1923076923	-0.0423771805	-0.0004237718
45.2115384615	-0.0508785139	-0.0005087851
45.2307692308	-0.0593779426	-0.0005937794
45.2500000000	-0.0678743151	-0.0006787432
45.2692307692	-0.0763664186	-0.0007636642
45.2884615385	-0.0848529799	-0.0008485298
45.3076923077	-0.0933326661	-0.0009333267
45.3269230769	-0.1018040863	-0.0010180409
45.3461538462	-0.1102657940	-0.0011026579
45.3653846154	-0.1187162899	-0.0011871629
45.3846153846	-0.1271540249	-0.0012715402
45.4038461538	-0.1355774048	-0.0013557740
45.4230769231	-0.1439847940	-0.0014398479
45.4423076923	-0.1523745207	-0.0015237452
45.4615384615	-0.1607448819	-0.0016074488
45.4807692308	-0.1690941491	-0.0016909415
45.5000000000	-0.1774205741	-0.0017742057
45.5192307692	-0.1857223950	-0.0018572239
45.5384615385	-0.1939978419	-0.0019399784
45.5576923077	-0.2022451439	-0.0020224514
45.5769230769	-0.2104625345	-0.0021046253
45.5961538462	-0.2186482584	-0.0021864826
45.6153846154	-0.2268005770	-0.0022680058
45.6346153846	-0.2349177746	-0.0023491777
45.6538461538	-0.2429981638	-0.0024299816
45.6730769231	-0.2510400909	-0.0025104009
45.6923076923	-0.2590419406	-0.0025904194
45.7115384615	-0.2670021411	-0.0026700214
45.7307692308	-0.2749191673	-0.0027491917
45.7500000000	-0.2827915451	-0.0028279155
45.7692307692	-0.2906178542	-0.0029061785
45.7884615385	-0.2983967307	-0.0029839673
45.8076923077	-0.3061268688	-0.0030612687
45.8269230769	-0.3138070224	-0.0031380702
45.8461538462	-0.3214360058	-0.0032143601
45.8653846154	-0.3290126935	-0.0032901269
45.8846153846	-0.3365360205	-0.0033653602
45.9038461538	-0.3440049806	-0.0034400498
45.9230769231	-0.3514186248	-0.0035141862
45.9423076923	-0.3587760596	-0.0035877606
45.9615384615	-0.3660764442	-0.0036607644
45.9807692308	-0.3733189870	-0.0037331899
46.0000000000	-0.3805029423	-0.0038050294
46.0192307692	-0.3876276065	-0.0038762761
46.0384615385	-0.3946923133	-0.0039469231
46.0576923077	-0.4016964296	-0.0040169643
46.0769230769	-0.4086393502	-0.0040863935
46.0961538462	-0.4155204932	-0.0041552049
46.1153846154	-0.4223392943	-0.0042233929
46.1346153846	-0.4290952024	-0.0042909520
46.1538461538	-0.4357876734	-0.0043578767
46.1730769231	-0.4424161659	-0.0044241617
46.1923076923	-0.4489801359	-0.0044898014
46.2115384615	-0.4554790317	-0.0045547903
46.2307692308	-0.4619122898	-0.0046191229
46.2500000000	-0.4682793303	-0.0046827933
46.2692307692	-0.4745795529	-0.0047457955
46.2884615385	-0.4808123337	-0.0048081233
46.3076923077	-0.4869770217	-0.0048697702
46.3269230769	-0.4930729362	-0.0049307294
46.3461538462	-0.4990993650	-0.0049909936
46.3653846154	-0.5050555622	-0.0050505556
46.3846153846	-0.5109407475	-0.0051094075
46.4038461538	-0.5167541057	-0.0051675411
46.4230769231	-0.5224947863	-0.0052249479
46.4423076923	-0.5281619047	-0.0052816190
46.4615384615	-0.5337545426	-0.0053375454
46.4807692308	-0.5392717503	-0.0053927175
46.5000000000	-0.5447125487	-0.0054471255
46.5192307692	-0.5500759318	-0.0055007593
46.5384615385	-0.5553608701	-0.0055536087
46.5576923077	-0.5605663142	-0.0056056631
46.5769230769	-0.5656911986	-0.0056569120
46.5961538462	-0.5707344460	-0.0057073445
46.6153846154	-0.5756949722	-0.0057569497
46.6346153846	-0.5805716907	-0.0058057169
46.6538461538	-0.5853635177	-0.0058536352
46.6730769231	-0.5900693775	-0.0059006938
46.6923076923	-0.5946882075	-0.0059468821
46.7115384615	-0.5992189634	-0.0059921896
46.7307692308	-0.6036606248	-0.0060366062
46.7500000000	-0.6080121997	-0.0060801220
46.7692307692	-0.6122727297	-0.0061227273
46.7884615385	-0.6164412946	-0.0061644129
46.8076923077	-0.6205170168	-0.0062051702
46.8269230769	-0.6244990652	-0.0062449907
46.8461538462	-0.6283866591	-0.0062838666
46.8653846154	-0.6321790713	-0.0063217907
46.8846153846	-0.6358756309	-0.0063587563
46.9038461538	-0.6394757255	-0.0063947573
46.9230769231	-0.6429788031	-0.0064297880
46.9423076923	-0.6463843731	-0.0064638437
46.9615384615	-0.6496920074	-0.0064969201
46.9807692308	-0.6529013401	-0.0065290134
47.0000000000	-0.6560120670	-0.0065601207
47.0192307692	-0.6590239450	-0.0065902395
47.0384615385	-0.6619367900	-0.0066193679
47.0576923077	-0.6647504753	-0.0066475048
47.0769230769	-0.6674649284	-0.0066746493
47.0961538462	-0.6700801284	-0.0067008013
47.1153846154	-0.6725961025	-0.0067259610
47.1346153846	-0.6750129213	-0.0067501292
47.1538461538	-0.6773306956	-0.0067733070
47.1730769231	-0.6795495708	-0.0067954957
47.1923076923	-0.6816697226	-0.0068166972
47.2115384615	-0.6836913516	-0.0068369135
47.2307692308	-0.6856146784	-0.0068561468
47.2500000000	-0.6874399380	-0.0068743994
47.2692307692	-0.6891673747	-0.0068916737
47.2884615385	-0.6907972365	-0.0069079724
47.3076923077	-0.6923297704	-0.0069232977
47.3269230769	-0.6937652167	-0.0069376522
47.3461538462	-0.6951038047	-0.0069510380
47.3653846154	-0.6963457482	-0.0069634575
47.3846153846	-0.6974912407	-0.0069749124
47.4038461538	-0.6985404521	-0.0069854045
47.4230769231	-0.6994935252	-0.0069949353
47.4423076923	-0.7003505724	-0.0070035057
47.4615384615	-0.7011116735	-0.0070111167
47.4807692308	-0.7017768737	-0.0070177687
47.5000000000	-0.7023461821	-0.0070234618
47.5192307692	-0.7028195708	-0.0070281957
47.5384615385	-0.7031969749	-0.0070319697
47.5576923077	-0.7034782923	-0.0070347829
47.5769230769	-0.7036633850	-0.0070366339
47.5961538462	-0.7037520803	-0.0070375208
47.6153846154	-0.7037441729	-0.0070374417
47.6346153846	-0.7036394271	-0.0070363943
47.6538461538	-0.7034375802	-0.0070343758
47.6730769231	-0.7031383454	-0.0070313835
47.6923076923	-0.7027414164	-0.0070274142
47.7115384615	-0.7022464709	-0.0070224647
47.7307692308	-0.7016531757	-0.0070165318
47.7500000000	-0.7009611912	-0.0070096119
47.7692307692	-0.7001701766	-0.0070017018
47.7884615385	-0.6992797954	-0.0069927980
47.8076923077	-0.6982897202	-0.0069828972
47.8269230769	-0.6971996383	-0.0069719964
47.8461538462	-0.6960092575	-0.0069600926
47.8653846154	-0.6947183104	-0.0069471831
47.8846153846	-0.6933265605	-0.0069332656
47.9038461538	-0.6918338066	-0.0069183381
47.9230769231	-0.6902398874	-0.0069023989
47.9423076923	-0.6885446860	-0.0068854469
47.9615384615	-0.6867481342	-0.0068674813
47.9807692308	-0.6848502151	-0.0068485022
48.0000000000	-0.6828509675	-0.0068285097
48.0192307692	-0.6807504873	-0.0068075049
48.0384615385	-0.6785489305	-0.0067854893
48.0576923077	-0.6762465141	-0.0067624651
48.0769230769	-0.6738435176	-0.0067384352
48.0961538462	-0.6713402829	-0.0067134028
48.1153846154	-0.6687372147	-0.0066873721
48.1346153846	-0.6660347791	-0.0066603478
48.1538461538	-0.6632335028	-0.0066323350
48.1730769231	-0.6603339709	-0.0066033397
48.1923076923	-0.6573368246	-0.0065733682
48.2115384615	-0.6542427581	-0.0065424276
48.2307692308	-0.6510525152	-0.0065105252
48.2500000000	-0.6477668858	-0.0064776689
48.2692307692	-0.6443867010	-0.0064438670
48.2884615385	-0.6409128289	-0.0064091283
48.3076923077	-0.6373461695	-0.0063734617
48.3269230769	-0.6336876498	-0.0063368765
48.3461538462	-0.6299382181	-0.0062993822
48.3653846154	-0.6260988387	-0.0062609884
48.3846153846	-0.6221704865	-0.0062217049
48.4038461538	-0.6181541410	-0.0061815414
48.4230769231	-0.6140507816	-0.0061405078
48.4423076923	-0.6098613815	-0.0060986138
48.4615384615	-0.6055869029	-0.0060558690
48.4807692308	-0.6012282923	-0.0060122829
48.5000000000	-0.5967864752	-0.0059678648
48.5192307692	-0.5922623528	-0.0059226235
48.5384615385	-0.5876567974	-0.0058765680
48.5576923077	-0.5829706493	-0.0058297065
48.5769230769	-0.5782047139	-0.0057820471
48.5961538462	-0.5733597591	-0.0057335976
48.6153846154	-0.5684365140	-0.0056843651
48.6346153846	-0.5634356669	-0.0056343567
48.6538461538	-0.5583578652	-0.0055835787
48.6730769231	-0.5532037151	-0.0055320372
48.6923076923	-0.5479737820	-0.0054797378
48.7115384615	-0.5426685921	-0.0054266859
48.7307692308	-0.5372886333	-0.0053728863
48.7500000000	-0.5318343581	-0.0053183436
48.7692307692	-0.5263061864	-0.0052630619
48.7884615385	-0.5207045082	-0.0052070451
48.8076923077	-0.5150296881	-0.0051502969
48.8269230769	-0.5092820692	-0.0050928207
48.8461538462	-0.5034619776	-0.0050346198
48.8653846154	-0.4975697274	-0.0049756973
48.8846153846	-0.4916056262	-0.0049160563
48.9038461538	-0.4855699801	-0.0048556998
48.9230769231	-0.4794630995	-0.0047946310
48.9423076923	-0.4732853050	-0.0047328531
48.9615384615	-0.4670369328	-0.0046703693
48.9807692308	-0.4607183406	-0.0046071834
49.0000000000	-0.4543299131	-0.0045432991
49.0192307692	-0.4478720677	-0.0044787207
49.0384615385	-0.4413452593	-0.0044134526
49.0576923077	-0.4347499858	-0.0043474999
49.0769230769	-0.4280867923	-0.0042808679
49.0961538462	-0.4213562756	-0.0042135628
49.1153846154	-0.4145590878	-0.0041455909
49.1346153846	-0.4076959397	-0.0040769594
49.1538461538	-0.4007676038	-0.0040076760
49.1730769231	-0.3937749163	-0.0039377492
49.1923076923	-0.3867187789	-0.0038671878
49.2115384615	-0.3796001597	-0.0037960016
49.2307692308	-0.3724200938	-0.0037242009
49.2500000000	-0.3651796833	-0.0036517968
49.2692307692	-0.3578800960	-0.0035788010
49.2884615385	-0.3505225644	-0.0035052256
49.3076923077	-0.3431083836	-0.0034310838
49.3269230769	-0.3356389085	-0.0033563891
49.3461538462	-0.3281155508	-0.0032811555
49.3653846154	-0.3205397750	-0.0032053978
49.3846153846	-0.3129130945	-0.0031291309
49.4038461538	-0.3052370667	-0.0030523707
49.4230769231	-0.2975132880	-0.0029751329
49.4423076923	-0.2897433882	-0.0028974339
49.4615384615	-0.2819290250	-0.0028192902
49.4807692308	-0.2740718777	-0.0027407188
49.5000000000	-0.2661736412	-0.0026617364
49.5192307692	-0.2582360198	-0.0025823602
49.5384615385	-0.2502607206	-0.0025026072
49.5576923077	-0.2422494472	-0.0024224945
49.5769230769	-0.2342038936	-0.0023420389
49.5961538462	-0.2261257381	-0.0022612574
49.6153846154	-0.2180166371	-0.0021801664
49.6346153846	-0.2098782197	-0.0020987822
49.6538461538	-0.2017120824	-0.0020171208
49.6730769231	-0.1935197840	-0.0019351978
49.6923076923	-0.1853028412	-0.0018530284
49.7115384615	-0.1770627246	-0.0017706272
49.7307692308	-0.1688008551	-0.0016880086
49.7500000000	-0.1605186013	-0.0016051860
49.7692307692	-0.1522172765	-0.0015221728
49.7884615385	-0.1438981377	-0.0014389814
49.8076923077	-0.1355623839	-0.0013556238
49.8269230769	-0.1272111560	-0.0012721116
49.8461538462	-0.1188455369	-0.0011884554
49.8653846154	-0.1104665522	-0.0011046655
49.8846153846	-0.1020751719	-0.0010207517
49.9038461538	-0.0936723124	-0.0009367231
49.9230769231	-0.0852588390	-0.0008525884
49.9423076923	-0.0768355696	-0.0007683557
49.9615384615	-0.0684032778	-0.0006840328
49.9807692308	-0.0599626981	-0.0005996270
50.0000000000	-0.0515145299	-0.0005151453
50.0192307692	-0.0430594431	-0.0004305944
50.0384615385	-0.0345980832	-0.0003459808
50.0576923077	-0.0261310777	-0.0002613108
50.0769230769	-0.0176590413	-0.0001765904
50.0961538462	-0.0091825830	-0.0000918258
50.1153846154	-0.0007023116	-0.0000070231
50.1346153846	0.0077811575	0.0000778116
50.1538461538	0.0162671960	0.0001626720
50.1730769231	0.0247551569	0.0002475516
50.1923076923	0.0332443681	0.0003324437
50.2115384615	0.0417341264	0.0004173413
50.2307692308	0.0502236927	0.0005022369
50.2500000000	0.0587122860	0.0005871229
50.2692307692	0.0671990791	0.0006719908
50.2884615385	0.0756831942	0.0007568319
50.3076923077	0.0841636988	0.0008416370
50.3269230769	0.0926396029	0.0009263960
50.3461538462	0.1011098556	0.0010110986
50.3653846154	0.1095733438	0.0010957334
50.3846153846	0.1180288898	0.0011802889
50.4038461538	0.1264752512	0.0012647525
50.4230769231	0.1349111204	0.0013491112
50.4423076923	0.1433351249	0.0014333512
50.4615384615	0.1517458286	0.0015174583
50.4807692308	0.1601417338	0.0016014173
50.5000000000	0.1685212832	0.0016852128
50.5192307692	0.1768828630	0.0017688286
50.5384615385	0.1852248067	0.0018522481
50.5576923077	0.1935453991	0.0019354540
50.5769230769	0.2018428808	0.0020184288
50.5961538462	0.2101154536	0.0021011545
50.6153846154	0.2183612859	0.0021836129
50.6346153846	0.2265785185	0.0022657852
50.6538461538	0.2347652710	0.0023476527
50.6730769231	0.2429196478	0.0024291965
50.6923076923	0.2510397454	0.0025103975
50.7115384615	0.2591236586	0.0025912366
50.7307692308	0.2671694874	0.0026716949
50.7500000000	0.2751753439	0.0027517534
50.7692307692	0.2831393588	0.0028313936
50.7884615385	0.2910596885	0.0029105969
50.8076923077	0.2989345205	0.0029893452
50.8269230769	0.3067620805	0.0030676208
50.8461538462	0.3145406376	0.0031454064
50.8653846154	0.3222685098	0.0032226851
50.8846153846	0.3299440691	0.0032994407
50.9038461538	0.3375657461	0.0033756575
50.9230769231	0.3451320335	0.0034513203
50.9423076923	0.3526414903	0.0035264149
50.9615384615	0.3600927442	0.0036009274
50.9807692308	0.3674844938	0.0036748449
51.0000000000	0.3748155107	0.0037481551
51.0192307692	0.3820846402	0.0038208464
51.0384615385	0.3892908021	0.0038929080
51.0576923077	0.3964329898	0.0039643299
51.0769230769	0.4035102702	0.0040351027
51.0961538462	0.4105217817	0.0041052178
51.1153846154	0.4174667327	0.0041746673
51.1346153846	0.4243443982	0.0042434440
51.1538461538	0.4311541177	0.0043115412
51.1730769231	0.4378952904	0.0043789529
51.1923076923	0.4445673722	0.0044456737
51.2115384615	0.4511698703	0.0045116987
51.2307692308	0.4577023390	0.0045770234
51.2500000000	0.4641643739	0.0046416437
51.2692307692	0.4705556071	0.0047055561
51.2884615385	0.4768757011	0.0047687570
51.3076923077	0.4831243430	0.0048312434
51.3269230769	0.4893012391	0.0048930124
51.3461538462	0.4954061085	0.0049540611
51.3653846154	0.5014386773	0.0050143868
51.3846153846	0.5073986734	0.0050739867
51.4038461538	0.5132858201	0.0051328582
51.4230769231	0.5190998313	0.0051909983
51.4423076923	0.5248404061	0.0052484041
51.4615384615	0.5305072241	0.0053050722
51.4807692308	0.5360999407	0.0053609994
51.5000000000	0.5416181832	0.0054161818
51.5192307692	0.5470615473	0.0054706155
51.5384615385	0.5524295935	0.0055242959
51.5576923077	0.5577218446	0.0055772184
51.5769230769	0.5629377838	0.0056293778
51.5961538462	0.5680768525	0.0056807685
51.6153846154	0.5731384494	0.0057313845
51.6346153846	0.5781219303	0.0057812193
51.6538461538	0.5830266073	0.0058302661
51.6730769231	0.5878517498	0.0058785175
51.6923076923	0.5925965854	0.0059259659
51.7115384615	0.5972603015	0.0059726030
51.7307692308	0.6018420470	0.0060184205
51.7500000000	0.6063409351	0.0060634094
51.7692307692	0.6107560458	0.0061075605
51.7884615385	0.6150864296	0.0061508643
51.8076923077	0.6193311107	0.0061933111
51.8269230769	0.6234890912	0.0062348909
51.8461538462	0.6275593551	0.0062755936
51.8653846154	0.6315408728	0.0063154087
51.8846153846	0.6354326058	0.0063543261
51.9038461538	0.6392335110	0.0063923351
51.9230769231	0.6429425460	0.0064294255
51.9423076923	0.6465586735	0.0064655867
51.9615384615	0.6500808662	0.0065008087
51.9807692308	0.6535081115	0.0065350811
52.0000000000	0.6568394161	0.0065683942
52.0192307692	0.6600738104	0.0066007381
52.0384615385	0.6632103529	0.0066321035
52.0576923077	0.6662481338	0.0066624813
52.0769230769	0.6691862790	0.0066918628
52.0961538462	0.6720239537	0.0067202395
52.1153846154	0.6747603650	0.0067476037
52.1346153846	0.6773947650	0.0067739477
52.1538461538	0.6799264530	0.0067992645
52.1730769231	0.6823547777	0.0068235478
52.1923076923	0.6846791383	0.0068467914
52.2115384615	0.6868989864	0.0068689899
52.2307692308	0.6890138263	0.0068901383
52.2500000000	0.6910232154	0.0069102322
52.2692307692	0.6929267645	0.0069292676
52.2884615385	0.6947241372	0.0069472414
52.3076923077	0.6964150495	0.0069641505
52.3269230769	0.6979992685	0.0069799927
52.3461538462	0.6994766111	0.0069947661
52.3653846154	0.7008469423	0.0070084694
52.3846153846	0.7021101739	0.0070211017
52.4038461538	0.7032662615	0.0070326626
52.4230769231	0.7043152029	0.0070431520
52.4423076923	0.7052570354	0.0070525704
52.4615384615	0.7060918334	0.0070609183
52.4807692308	0.7068197055	0.0070681971
52.5000000000	0.7074407921	0.0070744079
52.5192307692	0.7079552625	0.0070795526
52.5384615385	0.7083633123	0.0070836331
52.5576923077	0.7086651607	0.0070866516
52.5769230769	0.7088610482	0.0070886105
52.5961538462	0.7089512338	0.0070895123
52.6153846154	0.7089359929	0.0070893599
52.6346153846	0.7088156152	0.0070881562
52.6538461538	0.7085904027	0.0070859040
52.6730769231	0.7082606678	0.0070826067
52.6923076923	0.7078267318	0.0070782673
52.7115384615	0.7072889237	0.0070728892
52.7307692308	0.7066475790	0.0070664758
52.7500000000	0.7059030385	0.0070590304
52.7692307692	0.7050556484	0.0070505565
52.7884615385	0.7041057587	0.0070410576
52.8076923077	0.7030537242	0.0070305372
52.8269230769	0.7018999035	0.0070189990
52.8461538462	0.7006446596	0.0070064466
52.8653846154	0.6992883601	0.0069928836
52.8846153846	0.6978313777	0.0069783138
52.9038461538	0.6962740908	0.0069627409
52.9230769231	0.6946168841	0.0069461688
52.9423076923	0.6928601494	0.0069286015
52.9615384615	0.6910042865	0.0069100429
52.9807692308	0.6890497042	0.0068904970
53.0000000000	0.6869968207	0.0068699682
53.0192307692	0.6848460648	0.0068484606
53.0384615385	0.6825978767	0.0068259788
53.0576923077	0.6802527085	0.0068025271
53.0769230769	0.6778110250	0.0067781103
53.0961538462	0.6752733043	0.0067527330
53.1153846154	0.6726400376	0.0067264004
53.1346153846	0.6699117301	0.0066991173
53.1538461538	0.6670889008	0.0066708890
53.1730769231	0.6641720822	0.0066417208
53.1923076923	0.6611618200	0.0066116182
53.2115384615	0.6580586729	0.0065805867
53.2307692308	0.6548632117	0.0065486321
53.2500000000	0.6515760184	0.0065157602
53.2692307692	0.6481976849	0.0064819768
53.2884615385	0.6447288123	0.0064472881
53.3076923077	0.6411700091	0.0064117001
53.3269230769	0.6375218898	0.0063752189
53.3461538462	0.6337850731	0.0063378507
53.3653846154	0.6299601804	0.0062996018
53.3846153846	0.6260478336	0.0062604783
53.4038461538	0.6220486532	0.0062204865
53.4230769231	0.6179632569	0.0061796326
53.4423076923	0.6137922570	0.0061379226
53.4615384615	0.6095362589	0.0060953626
53.4807692308	0.6051958589	0.0060519586
53.5000000000	0.6007716431	0.0060077164
53.5192307692	0.5962641852	0.0059626419
53.5384615385	0.5916740452	0.0059167405
53.5576923077	0.5870017683	0.0058700177
53.5769230769	0.5822478838	0.0058224788
53.5961538462	0.5774129041	0.0057741290
53.6153846154	0.5724973245	0.0057249732
53.6346153846	0.5675016226	0.0056750162
53.6538461538	0.5624262589	0.0056242626
53.6730769231	0.5572716765	0.0055727168
53.6923076923	0.5520383022	0.0055203830
53.7115384615	0.5467265478	0.0054672655
53.7307692308	0.5413368107	0.0054133681
53.7500000000	0.5358694767	0.0053586948
53.7692307692	0.5303249211	0.0053032492
53.7884615385	0.5247035117	0.0052470351
53.8076923077	0.5190056113	0.0051900561
53.8269230769	0.5132315806	0.0051323158
53.8461538462	0.5073817818	0.0050738178
53.8653846154	0.5014565815	0.0050145658
53.8846153846	0.4954563553	0.0049545636
53.9038461538	0.4893814907	0.0048938149
53.9230769231	0.4832323920	0.0048323239
53.9423076923	0.4770094839	0.0047700948
53.9615384615	0.4707132158	0.0047071322
53.9807692308	0.4643440662	0.0046434407
54.0000000000	0.4579025466	0.0045790255
54.0192307692	0.4513892059	0.0045138921
54.0384615385	0.4448046341	0.0044480463
54.0576923077	0.4381494661	0.0043814947
54.0769230769	0.4314243857	0.0043142439
54.0961538462	0.4246301283	0.0042463013
54.1153846154	0.4177674845	0.0041776748
54.1346153846	0.4108373023	0.0041083730
54.1538461538	0.4038404898	0.0040384049
54.1730769231	0.3967780167	0.0039677802
54.1923076923	0.3896509161	0.0038965092
54.2115384615	0.3824602850	0.0038246028
54.2307692308	0.3752072853	0.0037520729
54.2500000000	0.3678931432	0.0036789314
54.2692307692	0.3605191490	0.0036051915
54.2884615385	0.3530866557	0.0035308666
54.3076923077	0.3455970778	0.0034559708
54.3269230769	0.3380518883	0.0033805189
54.3461538462	0.3304526168	0.0033045262
54.3653846154	0.3228008459	0.0032280085
54.3846153846	0.3150982076	0.0031509821
54.4038461538	0.3073463788	0.0030734638
54.4230769231	0.2995470775	0.0029954708
54.4423076923	0.2917020569	0.0029170206
54.4615384615	0.2838131006	0.0028381310
54.4807692308	0.2758820170	0.0027588202
54.5000000000	0.2679106332	0.0026791063
54.5192307692	0.2599007889	0.0025990079
54.5384615385	0.2518543303	0.0025185433
54.5576923077	0.2437731037	0.0024377310
54.5769230769	0.2356589492	0.0023565895
54.5961538462	0.2275136944	0.0022751369
54.6153846154	0.2193391480	0.0021933915
54.6346153846	0.2111370938	0.0021113709
54.6538461538	0.2029092849	0.0020290928
54.6730769231	0.1946574380	0.0019465744
54.6923076923	0.1863832283	0.0018638323
54.7115384615	0.1780882844	0.0017808828
54.7307692308	0.1697741839	0.0016977418
54.7500000000	0.1614424495	0.0016144245
54.7692307692	0.1530945455	0.0015309455
54.7884615385	0.1447318749	0.0014473187
54.8076923077	0.1363557770	0.0013635578
54.8269230769	0.1279675259	0.0012796753
54.8461538462	0.1195683292	0.0011956833
54.8653846154	0.1111593278	0.0011115933
54.8846153846	0.1027415961	0.0010274160
54.9038461538	0.0943161430	0.0009431614
54.9230769231	0.0858839132	0.0008588391
54.9423076923	0.0774457897	0.0007744579
54.9615384615	0.0690025966	0.0006900260
54.9807692308	0.0605551023	0.0006055510
55.0000000000	0.0521040238	0.0005210402
55.0192307692	0.0436500313	0.0004365003
55.0384615385	0.0351937529	0.0003519375
55.0576923077	0.0267357804	0.0002673578
55.0769230769	0.0182766748	0.0001827667
55.0961538462	0.0098169730	0.0000981697
55.1153846154	0.0013571939	0.0000135719
55.1346153846	-0.0071021550	-0.0000710216
55.1538461538	-0.0155605705	-0.0001556057
55.1730769231	-0.0240175468	-0.0002401755
55.1923076923	-0.0324725691	-0.0003247257
55.2115384615	-0.0409251061	-0.0004092511
55.2307692308	-0.0493746039	-0.0004937460
55.2500000000	-0.0578204792	-0.0005782048
55.2692307692	-0.0662621131	-0.0006626211
55.2884615385	-0.0746988454	-0.0007469885
55.3076923077	-0.0831299690	-0.0008312997
55.3269230769	-0.0915547250	-0.0009155473
55.3461538462	-0.0999722981	-0.0009997230
55.3653846154	-0.1083818124	-0.0010838181
55.3846153846	-0.1167823285	-0.0011678233
55.4038461538	-0.1251728407	-0.0012517284
55.4230769231	-0.1335522746	-0.0013355227
55.4423076923	-0.1419194860	-0.0014191949
55.4615384615	-0.1502732602	-0.0015027326
55.4807692308	-0.1586123120	-0.0015861231
55.5000000000	-0.1669352868	-0.0016693529
55.5192307692	-0.1752407614	-0.0017524076
55.5384615385	-0.1835272469	-0.0018352725
55.5576923077	-0.1917931912	-0.0019179319
55.5769230769	-0.2000369827	-0.0020003698
55.5961538462	-0.2082569544	-0.0020825695
55.6153846154	-0.2164513886	-0.0021645139
55.6346153846	-0.2246185223	-0.0022461852
55.6538461538	-0.2327565531	-0.0023275655
55.6730769231	-0.2408636450	-0.0024086364
55.6923076923	-0.2489379355	-0.0024893794
55.7115384615	-0.2569775422	-0.0025697754
55.7307692308	-0.2649805702	-0.0026498057
55.7500000000	-0.2729451191	-0.0027294512
55.7692307692	-0.2808692908	-0.0028086929
55.7884615385	-0.2887511968	-0.0028875120
55.8076923077	-0.2965889654	-0.0029658897
55.8269230769	-0.3043807496	-0.0030438075
55.8461538462	-0.3121247334	-0.0031212473
55.8653846154	-0.3198191396	-0.0031981914
55.8846153846	-0.3274622353	-0.0032746224
55.9038461538	-0.3350523391	-0.0033505234
55.9230769231	-0.3425878260	-0.0034258783
55.9423076923	-0.3500671328	-0.0035006713
55.9615384615	-0.3574887630	-0.0035748876
55.9807692308	-0.3648512903	-0.0036485129
56.0000000000	-0.3721533626	-0.0037215336
56.0192307692	-0.3793937043	-0.0037939370
56.0384615385	-0.3865711184	-0.0038657112
56.0576923077	-0.3936844878	-0.0039368449
56.0769230769	-0.4007327759	-0.0040073278
56.0961538462	-0.4077150265	-0.0040771503
56.1153846154	-0.4146303629	-0.0041463036
56.1346153846	-0.4214779862	-0.0042147799
56.1538461538	-0.4282571730	-0.0042825717
56.1730769231	-0.4349672727	-0.0043496727
56.1923076923	-0.4416077036	-0.0044160770
56.2115384615	-0.4481779489	-0.0044817795
56.2307692308	-0.4546775519	-0.0045467755
56.2500000000	-0.4611061108	-0.0046110611
56.2692307692	-0.4674632730	-0.0046746327
56.2884615385	-0.4737487290	-0.0047374873
56.3076923077	-0.4799622062	-0.0047996221
56.3269230769	-0.4861034621	-0.0048610346
56.3461538462	-0.4921722774	-0.0049217228
56.3653846154	-0.4981684496	-0.0049816845
56.3846153846	-0.5040917854	-0.0050409179
56.4038461538	-0.5099420943	-0.0050994209
56.4230769231	-0.5157191817	-0.0051571918
56.4423076923	-0.5214228421	-0.0052142284
56.4615384615	-0.5270528531	-0.0052705285
56.4807692308	-0.5326089691	-0.0053260897
56.5000000000	-0.5380909158	-0.0053809092
56.5192307692	-0.5434983851	-0.0054349839
56.5384615385	-0.5488310300	-0.0054883103
56.5576923077	-0.5540884610	-0.0055408846
56.5769230769	-0.5592702422	-0.0055927024
56.5961538462	-0.5643758885	-0.0056437589
56.6153846154	-0.5694048631	-0.0056940486
56.6346153846	-0.5743565762	-0.0057435658
56.6538461538	-0.5792303839	-0.0057923038
56.6730769231	-0.5840255881	-0.0058402559
56.6923076923	-0.5887414367	-0.0058874144
56.7115384615	-0.5933771253	-0.0059337713
56.7307692308	-0.5979317985	-0.0059793180
56.7500000000	-0.6024045529	-0.0060240455
56.7692307692	-0.6067944399	-0.0060679444
56.7884615385	-0.6111004695	-0.0061110047
56.8076923077	-0.6153216151	-0.0061532162
56.8269230769	-0.6194568174	-0.0061945682
56.8461538462	-0.6235049907	-0.0062350499
56.8653846154	-0.6274650276	-0.0062746503
56.8846153846	-0.6313358058	-0.0063133581
56.9038461538	-0.6351161939	-0.0063511619
56.9230769231	-0.6388050582	-0.0063880506
56.9423076923	-0.6424012689	-0.0064240127
56.9615384615	-0.6459037076	-0.0064590371
56.9807692308	-0.6493112730	-0.0064931127
57.0000000000	-0.6526228883	-0.0065262289
57.0192307692	-0.6558375074	-0.0065583751
57.0384615385	-0.6589541213	-0.0065895412
57.0576923077	-0.6619717638	-0.0066197176
57.0769230769	-0.6648895178	-0.0066488952
57.0961538462	-0.6677065197	-0.0066770652
57.1153846154	-0.6704219653	-0.0067042197
57.1346153846	-0.6730351132	-0.0067303511
57.1538461538	-0.6755452892	-0.0067554529
57.1730769231	-0.6779518893	-0.0067795189
57.1923076923	-0.6802543823	-0.0068025438
57.2115384615	-0.6824523120	-0.0068245231
57.2307692308	-0.6845452985	-0.0068454530
57.2500000000	-0.6865330387	-0.0068653304
57.2692307692	-0.6884153065	-0.0068841531
57.2884615385	-0.6901919525	-0.0069019195
57.3076923077	-0.6918629020	-0.0069186290
57.3269230769	-0.6934281538	-0.0069342815
57.3461538462	-0.6948877774	-0.0069488778
57.3653846154	-0.6962419101	-0.0069624191
57.3846153846	-0.6974907531	-0.0069749075
57.4038461538	-0.6986345679	-0.0069863457
57.4230769231	-0.6996736713	-0.0069967367
57.4423076923	-0.7006084307	-0.0070060843
57.4615384615	-0.7014392589	-0.0070143926
57.4807692308	-0.7021666084	-0.0070216661
57.5000000000	-0.7027909657	-0.0070279097
57.5192307692	-0.7033128453	-0.0070331285
57.5384615385	-0.7037327839	-0.0070373278
57.5576923077	-0.7040513340	-0.0070405133
57.5769230769	-0.7042690582	-0.0070426906
57.5961538462	-0.7043865233	-0.0070438652
57.6153846154	-0.7044042943	-0.0070440429
57.6346153846	-0.7043229289	-0.0070432293
57.6538461538	-0.7041429725	-0.0070414297
57.6730769231	-0.7038649533	-0.0070386495
57.6923076923	-0.7034893774	-0.0070348938
57.7115384615	-0.7030167249	-0.0070301672
57.7307692308	-0.7024474463	-0.0070244745
57.7500000000	-0.7017819594	-0.0070178196
57.7692307692	-0.7010206465	-0.0070102065
57.7884615385	-0.7001638524	-0.0070016385
57.8076923077	-0.6992118830	-0.0069921188
57.8269230769	-0.6981650043	-0.0069816500
57.8461538462	-0.6970234417	-0.0069702344
57.8653846154	-0.6957873811	-0.0069578738
57.8846153846	-0.6944569687	-0.0069445697
57.9038461538	-0.6930323128	-0.0069303231
57.9230769231	-0.6915134859	-0.0069151349
57.9423076923	-0.6899005266	-0.0068990053
57.9615384615	-0.6881934425	-0.0068819344
57.9807692308	-0.6863922137	-0.0068639221
58.0000000000	-0.6844967965	-0.0068449680
58.0192307692	-0.6825071269	-0.0068250713
58.0384615385	-0.6804231255	-0.0068042313
58.0576923077	-0.6782447015	-0.0067824470
58.0769230769	-0.6759717578	-0.0067597176
58.0961538462	-0.6736041956	-0.0067360420
58.1153846154	-0.6711419196	-0.0067114192
58.1346153846	-0.6685848428	-0.0066858484
58.1538461538	-0.6659328912	-0.0066593289
58.1730769231	-0.6631860091	-0.0066318601
58.1923076923	-0.6603441633	-0.0066034416
58.2115384615	-0.6574073481	-0.0065740735
58.2307692308	-0.6543755891	-0.0065437559
58.2500000000	-0.6512489473	-0.0065124895
58.2692307692	-0.6480275229	-0.0064802752
58.2884615385	-0.6447114585	-0.0064471146
58.3076923077	-0.6413009416	-0.0064130094
58.3269230769	-0.6377962077	-0.0063779621
58.3461538462	-0.6341975418	-0.0063419754
58.3653846154	-0.6305052801	-0.0063050528
58.3846153846	-0.6267198110	-0.0062671981
58.4038461538	-0.6228415758	-0.0062284158
58.4230769231	-0.6188710686	-0.0061887107
58.4423076923	-0.6148088360	-0.0061480884
58.4615384615	-0.6106554763	-0.0061065548
58.4807692308	-0.6064116382	-0.0060641164
58.5000000000	-0.6020780188	-0.0060207802
58.5192307692	-0.5976553617	-0.0059765536
58.5384615385	-0.5931444546	-0.0059314445
58.5576923077	-0.5885461260	-0.0058854613
58.5769230769	-0.5838612425	-0.0058386124
58.5961538462	-0.5790907049	-0.0057909070
58.6153846154	-0.5742354451	-0.0057423545
58.6346153846	-0.5692964218	-0.0056929642
58.6538461538	-0.5642746165	-0.0056427462
58.6730769231	-0.5591710301	-0.0055917103
58.6923076923	-0.5539866781	-0.0055398668
58.7115384615	-0.5487225867	-0.0054872259
58.7307692308	-0.5433797893	-0.0054337979
58.7500000000	-0.5379593219	-0.0053795932
58.7692307692	-0.5324622198	-0.0053246222
58.7884615385	-0.5268895138	-0.0052688951
58.8076923077	-0.5212422271	-0.0052124223
58.8269230769	-0.5155213720	-0.0051552137
58.8461538462	-0.5097279475	-0.0050972795
58.8653846154	-0.5038629364	-0.0050386294
58.8846153846	-0.4979273035	-0.0049792730
58.9038461538	-0.4919219938	-0.0049192199
58.9230769231	-0.4858479313	-0.0048584793
58.9423076923	-0.4797060178	-0.0047970602
58.9615384615	-0.4734971325	-0.0047349713
58.9807692308	-0.4672221321	-0.0046722213
59.0000000000	-0.4608818507	-0.0046088185
59.0192307692	-0.4544771005	-0.0045447710
59.0384615385	-0.4480086730	-0.0044800867
59.0576923077	-0.4414773403	-0.0044147734
59.0769230769	-0.4348838568	-0.0043488386
59.0961538462	-0.4282289611	-0.0042822896
59.1153846154	-0.4215133787	-0.0042151338
59.1346153846	-0.4147378239	-0.0041473782
59.1538461538	-0.4079030033	-0.0040790300
59.1730769231	-0.4010096179	-0.0040100962
59.1923076923	-0.3940583671	-0.0039405837
59.2115384615	-0.3870499512	-0.0038704995
59.2307692308	-0.3799850746	-0.0037998507
59.2500000000	-0.3728644497	-0.0037286445
59.2692307692	-0.3656887992	-0.0036568880
59.2884615385	-0.3584588601	-0.0035845886
59.3076923077	-0.3511753859	-0.0035117539
59.3269230769	-0.3438391501	-0.0034383915
59.3461538462	-0.3364509489	-0.0033645095
59.3653846154	-0.3290116032	-0.0032901160
59.3846153846	-0.3215219611	-0.0032152196
59.4038461538	-0.3139829003	-0.0031398290
59.4230769231	-0.3063953289	-0.0030639533
59.4423076923	-0.2987601875	-0.0029876019
59.4615384615	-0.2910784500	-0.0029107845
59.4807692308	-0.2833511242	-0.0028335112
59.5000000000	-0.2755792523	-0.0027557925
59.5192307692	-0.2677639105	-0.0026776391
59.5384615385	-0.2599062093	-0.0025990621
59.5576923077	-0.2520072922	-0.0025200729
59.5769230769	-0.2440683349	-0.0024406833
59.5961538462	-0.2360905440	-0.0023609054
59.6153846154	-0.2280751551	-0.0022807516
59.6346153846	-0.2200234311	-0.0022002343
59.6538461538	-0.2119366599	-0.0021193666
59.6730769231	-0.2038161517	-0.0020381615
59.6923076923	-0.1956632369	-0.0019566324
59.7115384615	-0.1874792627	-0.0018747926
59.7307692308	-0.1792655905	-0.0017926559
59.7500000000	-0.1710235931	-0.0017102359
59.7692307692	-0.1627546509	-0.0016275465
59.7884615385	-0.1544601494	-0.0015446015
59.8076923077	-0.1461414760	-0.0014614148
59.8269230769	-0.1378000168	-0.0013780002
59.8461538462	-0.1294371536	-0.0012943715
59.8653846154	-0.1210542614	-0.0012105426
59.8846153846	-0.1126527055	-0.0011265271
59.9038461538	-0.1042338392	-0.0010423384
59.9230769231	-0.0957990014	-0.0009579900
59.9423076923	-0.0873495147	-0.0008734951
59.9615384615	-0.0788866837	-0.0007888668
59.9807692308	-0.0704117937	-0.0007041179
60.0000000000	-0.0619261095	-0.0006192611
60.0192307692	-0.0534308743	-0.0005343087
60.0384615385	-0.0449273101	-0.0004492731
60.0576923077	-0.0364166167	-0.0003641662
60.0769230769	-0.0278999723	-0.0002789997
60.0961538462	-0.0193785342	-0.0001937853
60.1153846154	-0.0108534397	-0.0001085344
60.1346153846	-0.0023258067	-0.0000232581
60.1538461538	0.0062032639	0.0000620326
60.1730769231	0.0147326872	0.0001473269
60.1923076923	0.0232613918	0.0002326139
60.2115384615	0.0317883179	0.0003178832
60.2307692308	0.0403124145	0.0004031241
60.2500000000	0.0488326370	0.0004883264
60.2692307692	0.0573479447	0.0005734794
60.2884615385	0.0658572974	0.0006585730
60.3076923077	0.0743596530	0.0007435965
60.3269230769	0.0828539646	0.0008285396
60.3461538462	0.0913391773	0.0009133918
60.3653846154	0.0998142256	0.0009981423
60.3846153846	0.1082780307	0.0010827803
60.4038461538	0.1167294980	0.0011672950
60.4230769231	0.1251675142	0.0012516751
60.4423076923	0.1335909460	0.0013359095
60.4615384615	0.1419986372	0.0014199864
60.4807692308	0.1503894077	0.0015038941
60.5000000000	0.1587620517	0.0015876205
60.5192307692	0.1671153369	0.0016711534
60.5384615385	0.1754480034	0.0017544800
60.5576923077	0.1837587637	0.0018375876
60.5769230769	0.1920463022	0.0019204630
60.5961538462	0.2003092762	0.0020030928
60.6153846154	0.2085463159	0.0020854632
60.6346153846	0.2167560257	0.0021675603
60.6538461538	0.2249369861	0.0022493699
60.6730769231	0.2330877547	0.0023308775
60.6923076923	0.2412068687	0.0024120687
60.7115384615	0.2492928477	0.0024929285
60.7307692308	0.2573441955	0.0025734420
60.7500000000	0.2653594042	0.0026535940
60.7692307692	0.2733369564	0.0027333696
60.7884615385	0.2812753295	0.0028127533
60.8076923077	0.2891729986	0.0028917300
60.8269230769	0.2970284407	0.0029702844
60.8461538462	0.3048401384	0.0030484014
60.8653846154	0.3126065836	0.0031260658
60.8846153846	0.3203262816	0.0032032628
60.9038461538	0.3279977548	0.0032799775
60.9230769231	0.3356195467	0.0033561955
60.9423076923	0.3431902251	0.0034319023
60.9615384615	0.3507083860	0.0035070839
60.9807692308	0.3581726567	0.0035817266
61.0000000000	0.3655816988	0.0036558170
61.0192307692	0.3729342114	0.0037293421
61.0384615385	0.3802289328	0.0038022893
61.0576923077	0.3874646433	0.0038746464
61.0769230769	0.3946401668	0.0039464017
61.0961538462	0.4017543721	0.0040175437
61.1153846154	0.4088061741	0.0040880617
61.1346153846	0.4157945343	0.0041579453
61.1538461538	0.4227184610	0.0042271846
61.1730769231	0.4295770091	0.0042957701
61.1923076923	0.4363692797	0.0043636928
61.2115384615	0.4430944185	0.0044309442
61.2307692308	0.4497516149	0.0044975161
61.2500000000	0.4563401003	0.0045634010
61.2692307692	0.4628591452	0.0046285915
61.2884615385	0.4693080575	0.0046930806
61.3076923077	0.4756861791	0.0047568618
61.3269230769	0.4819928833	0.0048199288
61.3461538462	0.4882275711	0.0048822757
61.3653846154	0.4943896678	0.0049438967
61.3846153846	0.5004786195	0.0050047862
61.4038461538	0.5064938891	0.0050649389
61.4230769231	0.5124349522	0.0051243495
61.4423076923	0.5183012939	0.0051830129
61.4615384615	0.5240924043	0.0052409240
61.4807692308	0.5298077747	0.0052980777
61.5000000000	0.5354468943	0.0053544689
61.5192307692	0.5410092462	0.0054100925
61.5384615385	0.5464943045	0.0054649430
61.5576923077	0.5519015307	0.0055190153
61.5769230769	0.5572303709	0.0055723037
61.5961538462	0.5624802536	0.0056248025
61.6153846154	0.5676505872	0.0056765059
61.6346153846	0.5727407580	0.0057274076
61.6538461538	0.5777501290	0.0057775013
61.6730769231	0.5826780389	0.0058267804
61.6923076923	0.5875238009	0.0058752380
61.7115384615	0.5922867030	0.0059228670
61.7307692308	0.5969660080	0.0059696601
61.7500000000	0.6015609541	0.0060156095
61.7692307692	0.6060707559	0.0060607076
61.7884615385	0.6104946061	0.0061049461
61.8076923077	0.6148316768	0.0061483168
61.8269230769	0.6190811224	0.0061908112
61.8461538462	0.6232420815	0.0062324208
61.8653846154	0.6273136805	0.0062731368
61.8846153846	0.6312950359	0.0063129504
61.9038461538	0.6351852585	0.0063518526
61.9230769231	0.6389834565	0.0063898346
61.9423076923	0.6426887397	0.0064268874
61.9615384615	0.6463002231	0.0064630022
61.9807692308	0.6498170310	0.0064981703
62.0000000000	0.6532383011	0.0065323830
62.0192307692	0.6565631883	0.0065656319
62.0384615385	0.6597908691	0.0065979087
62.0576923077	0.6629205450	0.0066292055
62.0769230769	0.6659514465	0.0066595145
62.0961538462	0.6688828365	0.0066888284
62.1153846154	0.6717140135	0.0067171401
62.1346153846	0.6744443149	0.0067444431
62.1538461538	0.6770731195	0.0067707312
62.1730769231	0.6795998499	0.0067959985
62.1923076923	0.6820239746	0.0068202397
62.2115384615	0.6843450096	0.0068434501
62.2307692308	0.6865625198	0.0068656252
62.2500000000	0.6886761196	0.0068867612
62.2692307692	0.6906854735	0.0069068547
62.2884615385	0.6925902960	0.0069259030
62.3076923077	0.6943903513	0.0069439035
62.3269230769	0.6960854523	0.0069608545
62.3461538462	0.6976754596	0.0069767546
62.3653846154	0.6991602797	0.0069916028
62.3846153846	0.7005398632	0.0070053986
62.4038461538	0.7018142024	0.0070181420
62.4230769231	0.7029833287	0.0070298333
62.4423076923	0.7040473097	0.0070404731
62.4615384615	0.7050062464	0.0070500625
62.4807692308	0.7058602695	0.0070586027
62.5000000000	0.7066095361	0.0070660954
62.5192307692	0.7072542263	0.0070725423
62.5384615385	0.7077945395	0.0070779454
62.5576923077	0.7082306907	0.0070823069
62.5769230769	0.7085629072	0.0070856291
62.5961538462	0.7087914247	0.0070879142
62.6153846154	0.7089164841	0.0070891648
62.6346153846	0.7089383283	0.0070893833
62.6538461538	0.7088571992	0.0070885720
62.6730769231	0.7086733348	0.0070867333
62.6923076923	0.7083869667	0.0070838697
62.7115384615	0.7079983182	0.0070799832
62.7307692308	0.7075076018	0.0070750760
62.7500000000	0.7069150185	0.0070691502
62.7692307692	0.7062207560	0.0070622076
62.7884615385	0.7054249882	0.0070542499
62.8076923077	0.7045278750	0.0070452787
62.8269230769	0.7035295622	0.0070352956
62.8461538462	0.7024301818	0.0070243018
62.8653846154	0.7012298534	0.0070122985
62.8846153846	0.6999286848	0.0069992868
62.9038461538	0.6985267739	0.0069852677
62.9230769231	0.6970242107	0.0069702421
62.9423076923	0.6954210794	0.0069542108
62.9615384615	0.6937174613	0.0069371746
62.9807692308	0.6919134369	0.0069191344
63.0000000000	0.6900090898	0.0069000909
63.0192307692	0.6880045092	0.0068800451
63.0384615385	0.6858997937	0.0068589979
63.0576923077	0.6836950543	0.0068369505
63.0769230769	0.6813904184	0.0068139042
63.0961538462	0.6789860327	0.0067898603
63.1153846154	0.6764820673	0.0067648207
63.1346153846	0.6738787182	0.0067387872
63.1538461538	0.6711762113	0.0067117621
63.1730769231	0.6683748049	0.0066837480
63.1923076923	0.6654747926	0.0066547479
63.2115384615	0.6624765059	0.0066247651
63.2307692308	0.6593803163	0.0065938032
63.2500000000	0.6561866375	0.0065618664
63.2692307692	0.6528959265	0.0065289593
63.2884615385	0.6495086848	0.0064950868
63.3076923077	0.6460254595	0.0064602546
63.3269230769	0.6424468432	0.0064244684
63.3461538462	0.6387734741	0.0063877347
63.3653846154	0.6350060354	0.0063500604
63.3846153846	0.6311452543	0.0063114525
63.4038461538	0.6271919006	0.0062719190
63.4230769231	0.6231467849	0.0062314678
63.4423076923	0.6190107563	0.0061901076
63.4615384615	0.6147846998	0.0061478470
63.4807692308	0.6104695334	0.0061046953
63.5000000000	0.6060662049	0.0060606620
63.5192307692	0.6015756882	0.0060157569
63.5384615385	0.5969989795	0.0059699898
63.5576923077	0.5923370935	0.0059233709
63.5769230769	0.5875910589	0.0058759106
63.5961538462	0.5827619146	0.0058276191
63.6153846154	0.5778507050	0.0057785070
63.6346153846	0.5728584757	0.0057285848
63.6538461538	0.5677862695	0.0056778627
63.6730769231	0.5626351218	0.0056263512
63.6923076923	0.5574060570	0.0055740606
63.7115384615	0.5521000842	0.0055210008
63.7307692308	0.5467181940	0.0054671819
63.7500000000	0.5412613548	0.0054126135
63.7692307692	0.5357305099	0.0053573051
63.7884615385	0.5301265752	0.0053012658
63.8076923077	0.5244504364	0.0052445044
63.8269230769	0.5187029477	0.0051870295
63.8461538462	0.5128849301	0.0051288493
63.8653846154	0.5069971705	0.0050699717
63.8846153846	0.5010404219	0.0050104042
63.9038461538	0.4950154026	0.0049501540
63.9230769231	0.4889227977	0.0048892280
63.9423076923	0.4827632595	0.0048276326
63.9615384615	0.4765374096	0.0047653741
63.9807692308	0.4702458408	0.0047024584
64.0000000000	0.4638891197	0.0046388912
64.0192307692	0.4574677894	0.0045746779
64.0384615385	0.4509823735	0.0045098237
64.0576923077	0.4444333793	0.0044443338
64.0769230769	0.4378213021	0.0043782130
64.0961538462	0.4311466296	0.0043114663
64.1153846154	0.4244098464	0.0042440985
64.1346153846	0.4176114390	0.0041761144
64.1538461538	0.4107519004	0.0041075190
64.1730769231	0.4038317354	0.0040383174
64.1923076923	0.3968514657	0.0039685147
64.2115384615	0.3898116345	0.0038981163
64.2307692308	0.3827128118	0.0038271281
64.2500000000	0.3755555989	0.0037555560
64.2692307692	0.3683406332	0.0036834063
64.2884615385	0.3610685922	0.0036106859
64.3076923077	0.3537401977	0.0035374020
64.3269230769	0.3463562194	0.0034635622
64.3461538462	0.3389174780	0.0033891748
64.3653846154	0.3314248482	0.0033142485
64.3846153846	0.3238792605	0.0032387926
64.4038461538	0.3162817037	0.0031628170
64.4230769231	0.3086332256	0.0030863323
64.4423076923	0.3009349339	0.0030093493
64.4615384615	0.2931879962	0.0029318800
64.4807692308	0.2853936396	0.0028539364
64.5000000000	0.2775531497	0.0027755315
64.5192307692	0.2696678688	0.0026966787
64.5384615385	0.2617391941	0.0026173919
64.5576923077	0.2537685744	0.0025376857
64.5769230769	0.2457575072	0.0024575751
64.5961538462	0.2377075349	0.0023770753
64.6153846154	0.2296202406	0.0022962024
64.6346153846	0.2214972433	0.0022149724
64.6538461538	0.2133401931	0.0021334019
64.6730769231	0.2051507656	0.0020515077
64.6923076923	0.1969306568	0.0019693066
64.7115384615	0.1886815767	0.0018868158
64.7307692308	0.1804052435	0.0018040524
64.7500000000	0.1721033779	0.0017210338
64.7692307692	0.1637776966	0.0016377770
64.7884615385	0.1554299065	0.0015542991
64.8076923077	0.1470616985	0.0014706170
64.8269230769	0.1386747421	0.0013867474
64.8461538462	0.1302706796	0.0013027068
64.8653846154	0.1218511208	0.0012185112
64.8846153846	0.1134176382	0.0011341764
64.9038461538	0.1049717627	0.0010497176
64.9230769231	0.0965149791	0.0009651498
64.9423076923	0.0880487230	0.0008804872
64.9615384615	0.0795743773	0.0007957438
64.9807692308	0.0710932704	0.0007109327
65.0000000000	0.0626066737	0.0006260667
65.0192307692	0.0541158009	0.0005411580
65.0384615385	0.0456218073	0.0004562181
65.0576923077	0.0371257897	0.0003712579
65.0769230769	0.0286287876	0.0002862879
65.0961538462	0.0201317841	0.0002013178
65.1153846154	0.0116357085	0.0001163571
65.1346153846	0.0031414385	0.0000314144
65.1538461538	-0.0053501961	-0.0000535020
65.1730769231	-0.0138384098	-0.0001383841
65.1923076923	-0.0223224568	-0.0002232246
65.2115384615	-0.0308016265	-0.0003080163
65.2307692308	-0.0392752375	-0.0003927524
65.2500000000	-0.0477426327	-0.0004774263
65.2692307692	-0.0562031724	-0.0005620317
65.2884615385	-0.0646562290	-0.0006465623
65.3076923077	-0.0731011795	-0.0007310118
65.3269230769	-0.0815373996	-0.0008153740
65.3461538462	-0.0899642569	-0.0008996426
65.3653846154	-0.0983811039	-0.0009838110
65.3846153846	-0.1067872719	-0.0010678727
65.4038461538	-0.1151820644	-0.0011518206
65.4230769231	-0.1235647508	-0.0012356475
65.4423076923	-0.1319345610	-0.0013193456
65.4615384615	-0.1402906794	-0.0014029068
65.4807692308	-0.1486322402	-0.0014863224
65.5000000000	-0.1569583228	-0.0015695832
65.5192307692	-0.1652679478	-0.0016526795
65.5384615385	-0.1735600735	-0.0017356007
65.5576923077	-0.1818335934	-0.0018183359
65.5769230769	-0.1900873339	-0.0019008733
65.5961538462	-0.1983200531	-0.0019832005
65.6153846154	-0.2065304402	-0.0020653044
65.6346153846	-0.2147171156	-0.0021471712
65.6538461538	-0.2228786317	-0.0022287863
65.6730769231	-0.2310134749	-0.0023101347
65.6923076923	-0.2391200676	-0.0023912007
65.7115384615	-0.2471967717	-0.0024719677
65.7307692308	-0.2552418924	-0.0025524189
65.7500000000	-0.2632536825	-0.0026325368
65.7692307692	-0.2712303480	-0.0027123035
65.7884615385	-0.2791700537	-0.0027917005
65.8076923077	-0.2870709296	-0.0028707093
65.8269230769	-0.2949310777	-0.0029493108
65.8461538462	-0.3027485791	-0.0030274858
65.8653846154	-0.3105215022	-0.0031052150
65.8846153846	-0.3182479098	-0.0031824791
65.9038461538	-0.3259258680	-0.0032592587
65.9230769231	-0.3335534538	-0.0033355345
65.9423076923	-0.3411287637	-0.0034112876
65.9615384615	-0.3486499221	-0.0034864992
65.9807692308	-0.3561150888	-0.0035611509
66.0000000000	-0.3635224678	-0.0036352247
66.0192307692	-0.3708703141	-0.0037087031
66.0384615385	-0.3781569416	-0.0037815694
66.0576923077	-0.3853807295	-0.0038538073
66.0769230769	-0.3925401288	-0.0039254013
66.0961538462	-0.3996336682	-0.0039963367
66.1153846154	-0.4066599589	-0.0040665996
66.1346153846	-0.4136176991	-0.0041361770
66.1538461538	-0.4205056779	-0.0042050568
66.1730769231	-0.4273227777	-0.0042732278
66.1923076923	-0.4340679769	-0.0043406798
66.2115384615	-0.4407403505	-0.0044074035
66.2307692308	-0.4473390706	-0.0044733907
66.2500000000	-0.4538634064	-0.0045386341
66.2692307692	-0.4603127219	-0.0046031272
66.2884615385	-0.4666864745	-0.0046668647
66.3076923077	-0.4729842113	-0.0047298421
66.3269230769	-0.4792055655	-0.0047920557
66.3461538462	-0.4853502515	-0.0048535025
66.3653846154	-0.4914180597	-0.0049141806
66.3846153846	-0.4974088502	-0.0049740885
66.4038461538	-0.5033225460	-0.0050332255
66.4230769231	-0.5091591259	-0.0050915913
66.4423076923	-0.5149186165	-0.0051491862
66.4615384615	-0.5206010839	-0.0052060108
66.4807692308	-0.5262066256	-0.0052620663
66.5000000000	-0.5317353611	-0.0053173536
66.5192307692	-0.5371874233	-0.0053718742
66.5384615385	-0.5425629494	-0.0054256295
66.5576923077	-0.5478620720	-0.0054786207
66.5769230769	-0.5530849099	-0.0055308491
66.5961538462	-0.5582315597	-0.0055823156
66.6153846154	-0.5633020875	-0.0056330209
66.6346153846	-0.5682965206	-0.0056829652
66.6538461538	-0.5732148399	-0.0057321484
66.6730769231	-0.5780569734	-0.0057805697
66.6923076923	-0.5828227895	-0.0058282279
66.7115384615	-0.5875120912	-0.0058751209
66.7307692308	-0.5921246115	-0.0059212461
66.7500000000	-0.5966600090	-0.0059666001
66.7692307692	-0.6011178646	-0.0060111786
66.7884615385	-0.6054976794	-0.0060549768
66.8076923077	-0.6097988728	-0.0060979887
66.8269230769	-0.6140207822	-0.0061402078
66.8461538462	-0.6181626634	-0.0061816266
66.8653846154	-0.6222236917	-0.0062222369
66.8846153846	-0.6262029643	-0.0062620296
66.9038461538	-0.6300995032	-0.0063009950
66.9230769231	-0.6339122599	-0.0063391226
66.9423076923	-0.6376401193	-0.0063764012
66.9615384615	-0.6412819062	-0.0064128191
66.9807692308	-0.6448363912	-0.0064483639
67.0000000000	-0.6483022980	-0.0064830230
67.0192307692	-0.6516783112	-0.0065167831
67.0384615385	-0.6549630840	-0.0065496308
67.0576923077	-0.6581552476	-0.0065815525
67.0769230769	-0.6612534198	-0.0066125342
67.0961538462	-0.6642562141	-0.0066425621
67.1153846154	-0.6671622499	-0.0066716225
67.1346153846	-0.6699701612	-0.0066997016
67.1538461538	-0.6726786069	-0.0067267861
67.1730769231	-0.6752862798	-0.0067528628
67.1923076923	-0.6777919161	-0.0067779192
67.2115384615	-0.6801943041	-0.0068019430
67.2307692308	-0.6824922929	-0.0068249229
67.2500000000	-0.6846848007	-0.0068468480
67.2692307692	-0.6867708220	-0.0068677082
67.2884615385	-0.6887494347	-0.0068874943
67.3076923077	-0.6906198063	-0.0069061981
67.3269230769	-0.6923811995	-0.0069238120
67.3461538462	-0.6940329764	-0.0069403298
67.3653846154	-0.6955746028	-0.0069557460
67.3846153846	-0.6970056511	-0.0069700565
67.4038461538	-0.6983258018	-0.0069832580
67.4230769231	-0.6995348450	-0.0069953484
67.4423076923	-0.7006326803	-0.0070063268
67.4615384615	-0.7016193162	-0.0070161932
67.4807692308	-0.7024948679	-0.0070249487
67.5000000000	-0.7032595552	-0.0070325956
67.5192307692	-0.7039136983	-0.0070391370
67.5384615385	-0.7044577139	-0.0070445771
67.5576923077	-0.7048921100	-0.0070489211
67.5769230769	-0.7052174794	-0.0070521748
67.5961538462	-0.7054344941	-0.0070543449
67.6153846154	-0.7055438970	-0.0070554390
67.6346153846	-0.7055464950	-0.0070554650
67.6538461538	-0.7054431507	-0.0070544315
67.6730769231	-0.7052347735	-0.0070523477
67.6923076923	-0.7049223112	-0.0070492231
67.7115384615	-0.7045067408	-0.0070450674
67.7307692308	-0.7039890598	-0.0070398906
67.7500000000	-0.7033702767	-0.0070337028
67.7692307692	-0.7026514024	-0.0070265140
67.7884615385	-0.7018334414	-0.0070183344
67.8076923077	-0.7009173833	-0.0070091738
67.8269230769	-0.6999041945	-0.0069990419
67.8461538462	-0.6987948111	-0.0069879481
67.8653846154	-0.6975901313	-0.0069759013
67.8846153846	-0.6962910089	-0.0069629101
67.9038461538	-0.6948982477	-0.0069489825
67.9230769231	-0.6934125961	-0.0069341260
67.9423076923	-0.6918347427	-0.0069183474
67.9615384615	-0.6901653129	-0.0069016531
67.9807692308	-0.6884048657	-0.0068840487
68.0000000000	-0.6865538922	-0.0068655389
68.0192307692	-0.6846128142	-0.0068461281
68.0384615385	-0.6825819841	-0.0068258198
68.0576923077	-0.6804616854	-0.0068046169
68.0769230769	-0.6782521344	-0.0067825213
68.0961538462	-0.6759534823	-0.0067595348
68.1153846154	-0.6735658184	-0.0067356582
68.1346153846	-0.6710891735	-0.0067108917
68.1538461538	-0.6685235251	-0.0066852353
68.1730769231	-0.6658688017	-0.0066586880
68.1923076923	-0.6631248892	-0.0066312489
68.2115384615	-0.6602916367	-0.0066029164
68.2307692308	-0.6573688634	-0.0065736886
68.2500000000	-0.6543563651	-0.0065435637
68.2692307692	-0.6512539222	-0.0065125392
68.2884615385	-0.6480613065	-0.0064806131
68.3076923077	-0.6447782891	-0.0064477829
68.3269230769	-0.6414046479	-0.0064140465
68.3461538462	-0.6379401753	-0.0063794018
68.3653846154	-0.6343846851	-0.0063438469
68.3846153846	-0.6307380204	-0.0063073802
68.4038461538	-0.6270000599	-0.0062700006
68.4230769231	-0.6231707245	-0.0062317072
68.4423076923	-0.6192499838	-0.0061924998
68.4615384615	-0.6152378611	-0.0061523786
68.4807692308	-0.6111344386	-0.0061113444
68.5000000000	-0.6069398620	-0.0060693986
68.5192307692	-0.6026543442	-0.0060265434
68.5384615385	-0.5982781681	-0.0059827817
68.5576923077	-0.5938116895	-0.0059381169
68.5769230769	-0.5892553381	-0.0058925534
68.5961538462	-0.5846096189	-0.0058460962
68.6153846154	-0.5798751124	-0.0057987511
68.6346153846	-0.5750524735	-0.0057505247
68.6538461538	-0.5701424308	-0.0057014243
68.6730769231	-0.5651457844	-0.0056514578
68.6923076923	-0.5600634032	-0.0056006340
68.7115384615	-0.5548962217	-0.0055489622
68.7307692308	-0.5496452360	-0.0054964524
68.7500000000	-0.5443114999	-0.0054431150
68.7692307692	-0.5388961192	-0.0053889612
68.7884615385	-0.5334002473	-0.0053340025
68.8076923077	-0.5278250790	-0.0052782508
68.8269230769	-0.5221718445	-0.0052217184
68.8461538462	-0.5164418039	-0.0051644180
68.8653846154	-0.5106362401	-0.0051063624
68.8846153846	-0.5047564530	-0.0050475645
68.9038461538	-0.4988037532	-0.0049880375
68.9230769231	-0.4927794552	-0.0049277946
68.9423076923	-0.4866848717	-0.0048668487
68.9615384615	-0.4805213077	-0.0048052131
68.9807692308	-0.4742900547	-0.0047429005
69.0000000000	-0.4679923855	-0.0046799239
69.0192307692	-0.4616295491	-0.0046162955
69.0384615385	-0.4552027670	-0.0045520277
69.0576923077	-0.4487132281	-0.0044871323
69.0769230769	-0.4421620866	-0.0044216209
69.0961538462	-0.4355504580	-0.0043555046
69.1153846154	-0.4288794179	-0.0042887942
69.1346153846	-0.4221499996	-0.0042215000
69.1538461538	-0.4153631937	-0.0041536319
69.1730769231	-0.4085199474	-0.0040851995
69.1923076923	-0.4016211652	-0.0040162117
69.2115384615	-0.3946677093	-0.0039466771
69.2307692308	-0.3876604016	-0.0038766040
69.2500000000	-0.3806000256	-0.0038060003
69.2692307692	-0.3734873290	-0.0037348733
69.2884615385	-0.3663230272	-0.0036632303
69.3076923077	-0.3591078064	-0.0035910781
69.3269230769	-0.3518423284	-0.0035184233
69.3461538462	-0.3445272344	-0.0034452723
69.3653846154	-0.3371631498	-0.0033716315
69.3846153846	-0.3297506896	-0.0032975069
69.4038461538	-0.3222904634	-0.0032229046
69.4230769231	-0.3147830805	-0.0031478308
69.4423076923	-0.3072291555	-0.0030722916
69.4615384615	-0.2996293136	-0.0029962931
69.4807692308	-0.2919841958	-0.0029198420
69.5000000000	-0.2842944644	-0.0028429446
69.5192307692	-0.2765608072	-0.0027656081
69.5384615385	-0.2687839430	-0.0026878394
69.5576923077	-0.2609646255	-0.0026096463
69.5769230769	-0.2531036474	-0.0025310365
69.5961538462	-0.2452018439	-0.0024520184
69.6153846154	-0.2372600960	-0.0023726010
69.6346153846	-0.2292793329	-0.0022927933
69.6538461538	-0.2212605341	-0.0022126053
69.6730769231	-0.2132047312	-0.0021320473
69.6923076923	-0.2051130084	-0.0020511301
69.7115384615	-0.1969865032	-0.0019698650
69.7307692308	-0.1888264060	-0.0018882641
69.7500000000	-0.1806339594	-0.0018063396
69.7692307692	-0.1724104567	-0.0017241046
69.7884615385	-0.1641572400	-0.0016415724
69.8076923077	-0.1558756975	-0.0015587570
69.8269230769	-0.1475672608	-0.0014756726
69.8461538462	-0.1392334011	-0.0013923340
69.8653846154	-0.1308756256	-0.0013087563
69.8846153846	-0.1224954727	-0.0012249547
69.9038461538	-0.1140945078	-0.0011409451
69.9230769231	-0.1056743182	-0.0010567432
69.9423076923	-0.0972365076	-0.0009723651
69.9615384615	-0.0887826913	-0.0008878269
69.9807692308	-0.0803144902	-0.0008031449
70.0000000000	-0.0718335259	-0.0007183353
70.0192307692	-0.0633414144	-0.0006334141
70.0384615385	-0.0548397617	-0.0005483976
70.0576923077	-0.0463301577	-0.0004633016
70.0769230769	-0.0378141715	-0.0003781417
70.0961538462	-0.0292933468	-0.0002929335
70.1153846154	-0.0207691972	-0.0002076920
70.1346153846	-0.0122432022	-0.0001224320
70.1538461538	-0.0037168036	-0.0000371680
70.1730769231	0.0048085977	0.0000480860
70.1923076923	0.0133316443	0.0001333164
70.2115384615	0.0218510245	0.0002185102
70.2307692308	0.0303654741	0.0003036547
70.2500000000	0.0388737767	0.0003887378
70.2692307692	0.0473747651	0.0004737477
70.2884615385	0.0558673200	0.0005586732
70.3076923077	0.0643503700	0.0006435037
70.3269230769	0.0728228900	0.0007282289
70.3461538462	0.0812838990	0.0008128390
70.3653846154	0.0897324579	0.0008973246
70.3846153846	0.0981676661	0.0009816767
70.4038461538	0.1065886583	0.0010658866
70.4230769231	0.1149946004	0.0011499460
70.4423076923	0.1233846851	0.0012338469
70.4615384615	0.1317581271	0.0013175813
70.4807692308	0.1401141581	0.0014011416
70.5000000000	0.1484520217	0.0014845202
70.5192307692	0.1567709678	0.0015677097
70.5384615385	0.1650702469	0.0016507025
70.5576923077	0.1733491049	0.0017334910
70.5769230769	0.1816067771	0.0018160678
70.5961538462	0.1898424831	0.0018984248
70.6153846154	0.1980554211	0.0019805542
70.6346153846	0.2062447631	0.0020624476
70.6538461538	0.2144096498	0.0021440965
70.6730769231	0.2225491863	0.0022254919
70.6923076923	0.2306624380	0.0023066244
70.7115384615	0.2387484268	0.0023874843
70.7307692308	0.2468061281	0.0024680613
70.7500000000	0.2548344683	0.0025483447
70.7692307692	0.2628323225	0.0026283232
70.7884615385	0.2707985131	0.0027079851
70.8076923077	0.2787318093	0.0027873181
70.8269230769	0.2866309267	0.0028663093
70.8461538462	0.2944945277	0.0029449453
70.8653846154	0.3023212230	0.0030232122
70.8846153846	0.3101095730	0.0031010957
70.9038461538	0.3178580906	0.0031785809
70.9230769231	0.3255652437	0.0032556524
70.9423076923	0.3332294595	0.0033322946
70.9615384615	0.3408491282	0.0034084913
70.9807692308	0.3484226076	0.0034842261
71.0000000000	0.3559482288	0.0035594823
71.0192307692	0.3634243011	0.0036342430
71.0384615385	0.3708491181	0.0037084912
71.0576923077	0.3782209642	0.0037822096
71.0769230769	0.3855381205	0.0038553812
71.0961538462	0.3927988718	0.0039279887
71.1153846154	0.4000015128	0.0040000151
71.1346153846	0.4071443553	0.0040714436
71.1538461538	0.4142257341	0.0041422573
71.1730769231	0.4212440142	0.0042124401
71.1923076923	0.4281975965	0.0042819760
71.2115384615	0.4350849239	0.0043508492
71.2307692308	0.4419044874	0.0044190449
71.2500000000	0.4486548305	0.0044865483
71.2692307692	0.4553345548	0.0045533455
71.2884615385	0.4619423238	0.0046194232
71.3076923077	0.4684768666	0.0046847687
71.3269230769	0.4749369814	0.0047493698
71.3461538462	0.4813215374	0.0048132154
71.3653846154	0.4876294771	0.0048762948
71.3846153846	0.4938598172	0.0049385982
71.4038461538	0.5000116487	0.0050001165
71.4230769231	0.5060841371	0.0050608414
71.4423076923	0.5120765211	0.0051207652
71.4615384615	0.5179881110	0.0051798811
71.4807692308	0.5238182862	0.0052381829
71.5000000000	0.5295664922	0.0052956649
71.5192307692	0.5352322370	0.0053523224
71.5384615385	0.5408150868	0.0054081509
71.5576923077	0.5463146613	0.0054631466
71.5769230769	0.5517306285	0.0055173063
71.5961538462	0.5570626987	0.0055706270
71.6153846154	0.5623106192	0.0056231062
71.6346153846	0.5674741674	0.0056747417
71.6538461538	0.5725531446	0.0057255314
71.6730769231	0.5775473692	0.0057754737
71.6923076923	0.5824566702	0.0058245667
71.7115384615	0.5872808807	0.0058728088
71.7307692308	0.5920198308	0.0059201983
71.7500000000	0.5966733418	0.0059667334
71.7692307692	0.6012412197	0.0060124122
71.7884615385	0.6057232497	0.0060572325
71.8076923077	0.6101191907	0.0061011919
71.8269230769	0.6144287700	0.0061442877
71.8461538462	0.6186516795	0.0061865168
71.8653846154	0.6227875714	0.0062278757
71.8846153846	0.6268360554	0.0062683606
71.9038461538	0.6307966955	0.0063079670
71.9230769231	0.6346690089	0.0063466901
71.9423076923	0.6384524644	0.0063845246
71.9615384615	0.6421464820	0.0064214648
71.9807692308	0.6457504336	0.0064575043
72.0000000000	0.6492636438	0.0064926364
72.0192307692	0.6526853919	0.0065268539
72.0384615385	0.6560149145	0.0065601491
72.0576923077	0.6592514086	0.0065925141
72.0769230769	0.6623940359	0.0066239404
72.0961538462	0.6654419268	0.0066544193
72.1153846154	0.6683941863	0.0066839419
72.1346153846	0.6712498990	0.0067124990
72.1538461538	0.6740081354	0.0067400814
72.1730769231	0.6766679585	0.0067666796
72.1923076923	0.6792284306	0.0067922843
72.2115384615	0.6816886203	0.0068168862
72.2307692308	0.6840476094	0.0068404761
72.2500000000	0.6863045006	0.0068630450
72.2692307692	0.6884584246	0.0068845842
72.2884615385	0.6905085470	0.0069050855
72.3076923077	0.6924540756	0.0069245408
72.3269230769	0.6942942668	0.0069429427
72.3461538462	0.6960284320	0.0069602843
72.3653846154	0.6976559436	0.0069765594
72.3846153846	0.6991762404	0.0069917624
72.4038461538	0.7005888322	0.0070058883
72.4230769231	0.7018933045	0.0070189330
72.4423076923	0.7030893216	0.0070308932
72.4615384615	0.7041766294	0.0070417663
72.4807692308	0.7051550578	0.0070515506
72.5000000000	0.7060245217	0.0070602452
72.5192307692	0.7067850215	0.0070678502
72.5384615385	0.7074366426	0.0070743664
72.5576923077	0.7079795545	0.0070797955
72.5769230769	0.7084140081	0.0070841401
72.5961538462	0.7087403338	0.0070874033
72.6153846154	0.7089589367	0.0070895894
72.6346153846	0.7090702935	0.0070907029
72.6538461538	0.7090749463	0.0070907495
72.6730769231	0.7089734976	0.0070897350
72.6923076923	0.7087666036	0.0070876660
72.7115384615	0.7084549675	0.0070845497
72.7307692308	0.7080393323	0.0070803933
72.7500000000	0.7075204730	0.0070752047
72.7692307692	0.7068991887	0.0070689919
72.7884615385	0.7061762946	0.0070617629
72.8076923077	0.7053526137	0.0070535261
72.8269230769	0.7044289685	0.0070442897
72.8461538462	0.7034061727	0.0070340617
72.8653846154	0.7022850238	0.0070228502
72.8846153846	0.7010662946	0.0070106629
72.9038461538	0.6997507264	0.0069975073
72.9230769231	0.6983390220	0.0069833902
72.9423076923	0.6968318391	0.0069683184
72.9615384615	0.6952297847	0.0069522978
72.9807692308	0.6935334100	0.0069353341
73.0000000000	0.6917432058	0.0069174321
73.0192307692	0.6898595991	0.0068985960
73.0384615385	0.6878829504	0.0068788295
73.0576923077	0.6858135516	0.0068581355
73.0769230769	0.6836516252	0.0068365163
73.0961538462	0.6813973241	0.0068139732
73.1153846154	0.6790507327	0.0067905073
73.1346153846	0.6766118682	0.0067661187
73.1538461538	0.6740806840	0.0067408068
73.1730769231	0.6714570726	0.0067145707
73.1923076923	0.6687408706	0.0066874087
73.2115384615	0.6659318636	0.0066593186
73.2307692308	0.6630297922	0.0066302979
73.2500000000	0.6600343592	0.0066003436
73.2692307692	0.6569452364	0.0065694524
73.2884615385	0.6537620727	0.0065376207
73.3076923077	0.6504845026	0.0065048450
73.3269230769	0.6471121550	0.0064711215
73.3461538462	0.6436446620	0.0064364466
73.3653846154	0.6400816683	0.0064008167
73.3846153846	0.6364228408	0.0063642284
73.4038461538	0.6326678775	0.0063266788
73.4230769231	0.6288165171	0.0062881652
73.4423076923	0.6248685479	0.0062486855
73.4615384615	0.6208238166	0.0062082382
73.4807692308	0.6166822364	0.0061668224
73.5000000000	0.6124437953	0.0061244380
73.5192307692	0.6081085629	0.0060810856
73.5384615385	0.6036766971	0.0060367670
73.5576923077	0.5991484503	0.0059914845
73.5769230769	0.5945241740	0.0059452417
73.5961538462	0.5898043230	0.0058980432
73.6153846154	0.5849894590	0.0058498946
73.6346153846	0.5800802527	0.0058008025
73.6538461538	0.5750774852	0.0057507749
73.6730769231	0.5699820480	0.0056998205
73.6923076923	0.5647949428	0.0056479494
73.7115384615	0.5595172795	0.0055951728
73.7307692308	0.5541502735	0.0055415027
73.7500000000	0.5486952422	0.0054869524
73.7692307692	0.5431535999	0.0054315360
73.7884615385	0.5375268528	0.0053752685
73.8076923077	0.5318165925	0.0053181659
73.8269230769	0.5260244882	0.0052602449
73.8461538462	0.5201522799	0.0052015228
73.8653846154	0.5142017689	0.0051420177
73.8846153846	0.5081748092	0.0050817481
73.9038461538	0.5020732977	0.0050207330
73.9230769231	0.4958991645	0.0049589916
73.9423076923	0.4896543626	0.0048965436
73.9615384615	0.4833408575	0.0048334086
73.9807692308	0.4769606167	0.0047696062
74.0000000000	0.4705155995	0.0047051560
74.0192307692	0.4640077466	0.0046400775
74.0384615385	0.4574389705	0.0045743897
74.0576923077	0.4508111450	0.0045081114
74.0769230769	0.4441260968	0.0044412610
74.0961538462	0.4373855968	0.0043738560
74.1153846154	0.4305913514	0.0043059135
74.1346153846	0.4237449959	0.0042374500
74.1538461538	0.4168480876	0.0041684809
74.1730769231	0.4099021000	0.0040990210
74.1923076923	0.4029084182	0.0040290842
74.2115384615	0.3958683350	0.0039586834
74.2307692308	0.3887830480	0.0038878305
74.2500000000	0.3816536574	0.0038165366
74.2692307692	0.3744811656	0.0037448117
74.2884615385	0.3672664771	0.0036726648
74.3076923077	0.3600103997	0.0036001040
74.3269230769	0.3527136468	0.0035271365
74.3461538462	0.3453768404	0.0034537684
74.3653846154	0.3380005155	0.0033800052
74.3846153846	0.3305851246	0.0033058512
74.4038461538	0.3231310443	0.0032313104
74.4230769231	0.3156385812	0.0031563858
74.4423076923	0.3081079797	0.0030810798
74.4615384615	0.3005394299	0.0030053943
74.4807692308	0.2929330762	0.0029293308
74.5000000000	0.2852890262	0.0028528903
74.5192307692	0.2776073598	0.0027760736
74.5384615385	0.2698881396	0.0026988814
74.5576923077	0.2621314197	0.0026213142
74.5769230769	0.2543372567	0.0025433726
74.5961538462	0.2465057183	0.0024650572
74.6153846154	0.2386368942	0.0023863689
74.6346153846	0.2307309048	0.0023073090
74.6538461538	0.2227879104	0.0022278791
74.6730769231	0.2148081206	0.0021480812
74.6923076923	0.2067918017	0.0020679180
74.7115384615	0.1987392849	0.0019873928
74.7307692308	0.1906509730	0.0019065097
74.7500000000	0.1825273470	0.0018252735
74.7692307692	0.1743689712	0.0017436897
74.7884615385	0.1661764982	0.0016617650
74.8076923077	0.1579506723	0.0015795067
74.8269230769	0.1496923328	0.0014969233
74.8461538462	0.1414024155	0.0014140242
74.8653846154	0.1330819541	0.0013308195
74.8846153846	0.1247320797	0.0012473208
74.9038461538	0.1163540204	0.0011635402
74.9230769231	0.1079490994	0.0010794910
74.9423076923	0.0995187317	0.0009951873
74.9615384615	0.0910644214	0.0009106442
74.9807692308	0.0825877563	0.0008258776
75.0000000000	0.0740904035	0.0007409040
75.0192307692	0.0655741030	0.0006557410
75.0384615385	0.0570406615	0.0005704066
75.0576923077	0.0484919448	0.0004849194
75.0769230769	0.0399298707	0.0003992987
75.0961538462	0.0313564006	0.0003135640
75.1153846154	0.0227735311	0.0002277353
75.1346153846	0.0141832860	0.0001418329
75.1538461538	0.0055877066	0.0000558771
75.1730769231	-0.0030111561	-0.0000301116
75.1923076923	-0.0116112508	-0.0001161125
75.2115384615	-0.0202105345	-0.0002021053
75.2307692308	-0.0288069805	-0.0002880698
75.2500000000	-0.0373985867	-0.0003739859
75.2692307692	-0.0459833837	-0.0004598338
75.2884615385	-0.0545594414	-0.0005455944
75.3076923077	-0.0631248762	-0.0006312488
75.3269230769	-0.0716778569	-0.0007167786
75.3461538462	-0.0802166104	-0.0008021661
75.3653846154	-0.0887394262	-0.0008873943
75.3846153846	-0.0972446607	-0.0009724466
75.4038461538	-0.1057307403	-0.0010573074
75.4230769231	-0.1141961639	-0.0011419616
75.4423076923	-0.1226395045	-0.0012263950
75.4615384615	-0.1310594101	-0.0013105941
75.4807692308	-0.1394546036	-0.0013945460
75.5000000000	-0.1478238819	-0.0014782388
75.5192307692	-0.1561661147	-0.0015616611
75.5384615385	-0.1644802413	-0.0016448024
75.5576923077	-0.1727652683	-0.0017276527
75.5769230769	-0.1810202654	-0.0018102027
75.5961538462	-0.1892443611	-0.0018924436
75.6153846154	-0.1974367375	-0.0019743674
75.6346153846	-0.2055966251	-0.0020559663
75.6538461538	-0.2137232965	-0.0021372330
75.6730769231	-0.2218160603	-0.0022181606
75.6923076923	-0.2298742544	-0.0022987425
75.7115384615	-0.2378972395	-0.0023789724
75.7307692308	-0.2458843913	-0.0024588439
75.7500000000	-0.2538350945	-0.0025383509
75.7692307692	-0.2617487352	-0.0026174874
75.7884615385	-0.2696246943	-0.0026962469
75.8076923077	-0.2774623408	-0.0027746234
75.8269230769	-0.2852610254	-0.0028526103
75.8461538462	-0.2930200744	-0.0029302007
75.8653846154	-0.3007387842	-0.0030073878
75.8846153846	-0.3084164165	-0.0030841642
75.9038461538	-0.3160521928	-0.0031605219
75.9230769231	-0.3236452914	-0.0032364529
75.9423076923	-0.3311948435	-0.0033119484
75.9615384615	-0.3386999306	-0.0033869993
75.9807692308	-0.3461595825	-0.0034615958
76.0000000000	-0.3535727761	-0.0035357278
76.0192307692	-0.3609384351	-0.0036093844
76.0384615385	-0.3682554296	-0.0036825543
76.0576923077	-0.3755225778	-0.0037552258
76.0769230769	-0.3827386471	-0.0038273865
76.0961538462	-0.3899023570	-0.0038990236
76.1153846154	-0.3970123816	-0.0039701238
76.1346153846	-0.4040673539	-0.0040406735
76.1538461538	-0.4110658697	-0.0041106587
76.1730769231	-0.4180064927	-0.0041800649
76.1923076923	-0.4248877597	-0.0042488776
76.2115384615	-0.4317081864	-0.0043170819
76.2307692308	-0.4384662736	-0.0043846627
76.2500000000	-0.4451605138	-0.0044516051
76.2692307692	-0.4517893974	-0.0045178940
76.2884615385	-0.4583514200	-0.0045835142
76.3076923077	-0.4648450888	-0.0046484509
76.3269230769	-0.4712689300	-0.0047126893
76.3461538462	-0.4776214950	-0.0047762150
76.3653846154	-0.4839013673	-0.0048390137
76.3846153846	-0.4901071688	-0.0049010717
76.4038461538	-0.4962375656	-0.0049623757
76.4230769231	-0.5022912740	-0.0050229127
76.4423076923	-0.5082670654	-0.0050826707
76.4615384615	-0.5141637711	-0.0051416377
76.4807692308	-0.5199802864	-0.0051998029
76.5000000000	-0.5257155738	-0.0052571557
76.5192307692	-0.5313686665	-0.0053136867
76.5384615385	-0.5369386698	-0.0053693867
76.5576923077	-0.5424247631	-0.0054242476
76.5769230769	-0.5478262004	-0.0054782620
76.5961538462	-0.5531423103	-0.0055314231
76.6153846154	-0.5583724953	-0.0055837250
76.6346153846	-0.5635162303	-0.0056351623
76.6538461538	-0.5685730603	-0.0056857306
76.6730769231	-0.5735425978	-0.0057354260
76.6923076923	-0.5784245192	-0.0057842452
76.7115384615	-0.5832185603	-0.0058321856
76.7307692308	-0.5879245122	-0.0058792451
76.7500000000	-0.5925422156	-0.0059254222
76.7692307692	-0.5970715553	-0.0059707156
76.7884615385	-0.6015124542	-0.0060151245
76.8076923077	-0.6058648668	-0.0060586487
76.8269230769	-0.6101287726	-0.0061012877
76.8461538462	-0.6143041695	-0.0061430417
76.8653846154	-0.6183910663	-0.0061839107
76.8846153846	-0.6223894766	-0.0062238948
76.9038461538	-0.6262994113	-0.0062629941
76.9230769231	-0.6301208720	-0.0063012087
76.9423076923	-0.6338538449	-0.0063385384
76.9615384615	-0.6374982940	-0.0063749829
76.9807692308	-0.6410541557	-0.0064105416
77.0000000000	-0.6445213333	-0.0064452133
77.0192307692	-0.6478996917	-0.0064789969
77.0384615385	-0.6511890536	-0.0065118905
77.0576923077	-0.6543891956	-0.0065438920
77.0769230769	-0.6574998447	-0.0065749984
77.0961538462	-0.6605206763	-0.0066052068
77.1153846154	-0.6634513124	-0.0066345131
77.1346153846	-0.6662913205	-0.0066629132
77.1538461538	-0.6690402136	-0.0066904021
77.1730769231	-0.6716974507	-0.0067169745
77.1923076923	-0.6742624378	-0.0067426244
77.2115384615	-0.6767345303	-0.0067673453
77.2307692308	-0.6791130360	-0.0067911304
77.2500000000	-0.6813972178	-0.0068139722
77.2692307692	-0.6835862986	-0.0068358630
77.2884615385	-0.6856794658	-0.0068567947
77.3076923077	-0.6876758765	-0.0068767588
77.3269230769	-0.6895746635	-0.0068957466
77.3461538462	-0.6913749416	-0.0069137494
77.3653846154	-0.6930758143	-0.0069307581
77.3846153846	-0.6946763808	-0.0069467638
77.4038461538	-0.6961757430	-0.0069617574
77.4230769231	-0.6975730135	-0.0069757301
77.4423076923	-0.6988673225	-0.0069886732
77.4615384615	-0.7000578255	-0.0070005783
77.4807692308	-0.7011437109	-0.0070114371
77.5000000000	-0.7021242070	-0.0070212421
77.5192307692	-0.7029985890	-0.0070299859
77.5384615385	-0.7037661860	-0.0070376619
77.5576923077	-0.7044263872	-0.0070442639
77.5769230769	-0.7049786474	-0.0070497865
77.5961538462	-0.7054224930	-0.0070542249
77.6153846154	-0.7057575262	-0.0070575753
77.6346153846	-0.7059834295	-0.0070598343
77.6538461538	-0.7060999689	-0.0070609997
77.6730769231	-0.7061069970	-0.0070610700
77.6923076923	-0.7060044547	-0.0070600445
77.7115384615	-0.7057923726	-0.0070579237
77.7307692308	-0.7054708714	-0.0070547087
77.7500000000	-0.7050401616	-0.0070504016
77.7692307692	-0.7045005427	-0.0070450054
77.7884615385	-0.7038524009	-0.0070385240
77.8076923077	-0.7030962066	-0.0070309621
77.8269230769	-0.7022325113	-0.0070223251
77.8461538462	-0.7012619432	-0.0070126194
77.8653846154	-0.7001852031	-0.0070018520
77.8846153846	-0.6990030584	-0.0069900306
77.9038461538	-0.6977163378	-0.0069771634
77.9230769231	-0.6963259247	-0.0069632592
77.9423076923	-0.6948327509	-0.0069483275
77.9615384615	-0.6932377890	-0.0069323779
77.9807692308	-0.6915420453	-0.0069154205
78.0000000000	-0.6897465526	-0.0068974655
78.0192307692	-0.6878523618	-0.0068785236
78.0384615385	-0.6858605350	-0.0068586054
78.0576923077	-0.6837721372	-0.0068377214
78.0769230769	-0.6815882292	-0.0068158823
78.0961538462	-0.6793098601	-0.0067930986
78.1153846154	-0.6769380601	-0.0067693806
78.1346153846	-0.6744738341	-0.0067447383
78.1538461538	-0.6719181551	-0.0067191816
78.1730769231	-0.6692719585	-0.0066927196
78.1923076923	-0.6665361366	-0.0066653614
78.2115384615	-0.6637115342	-0.0066371153
78.2307692308	-0.6607989442	-0.0066079894
78.2500000000	-0.6577991044	-0.0065779910
78.2692307692	-0.6547126944	-0.0065471269
78.2884615385	-0.6515403343	-0.0065154033
78.3076923077	-0.6482825825	-0.0064828258
78.3269230769	-0.6449399359	-0.0064493994
78.3461538462	-0.6415128299	-0.0064151283
78.3653846154	-0.6380016392	-0.0063800164
78.3846153846	-0.6344066799	-0.0063440668
78.4038461538	-0.6307282114	-0.0063072821
78.4230769231	-0.6269664398	-0.0062696644
78.4423076923	-0.6231215215	-0.0062312152
78.4615384615	-0.6191935675	-0.0061919357
78.4807692308	-0.6151826484	-0.0061518265
78.5000000000	-0.6110887992	-0.0061108880
78.5192307692	-0.6069120257	-0.0060691203
78.5384615385	-0.6026523104	-0.0060265231
78.5576923077	-0.5983096187	-0.0059830962
78.5769230769	-0.5938839055	-0.0059388391
78.5961538462	-0.5893751227	-0.0058937512
78.6153846154	-0.5847832250	-0.0058478322
78.6346153846	-0.5801081777	-0.0058010818
78.6538461538	-0.5753499630	-0.0057534996
78.6730769231	-0.5705085871	-0.0057050859
78.6923076923	-0.5655840861	-0.0056558409
78.7115384615	-0.5605765330	-0.0056057653
78.7307692308	-0.5554860427	-0.0055548604
78.7500000000	-0.5503127783	-0.0055031278
78.7692307692	-0.5450569557	-0.0054505696
78.7884615385	-0.5397188481	-0.0053971885
78.8076923077	-0.5342987905	-0.0053429879
78.8269230769	-0.5287971825	-0.0052879718
78.8461538462	-0.5232144915	-0.0052321449
78.8653846154	-0.5175512550	-0.0051755125
78.8846153846	-0.5118080817	-0.0051180808
78.9038461538	-0.5059856529	-0.0050598565
78.9230769231	-0.5000847224	-0.0050008472
78.9423076923	-0.4941061161	-0.0049410612
78.9615384615	-0.4880507312	-0.0048805073
78.9807692308	-0.4819195339	-0.0048191953
79.0000000000	-0.4757135578	-0.0047571356
79.0192307692	-0.4694339005	-0.0046943390
79.0384615385	-0.4630817204	-0.0046308172
79.0576923077	-0.4566582325	-0.0045665823
79.0769230769	-0.4501647046	-0.0045016470
79.0961538462	-0.4436024517	-0.0044360245
79.1153846154	-0.4369728316	-0.0043697283
79.1346153846	-0.4302772390	-0.0043027724
79.1538461538	-0.4235171003	-0.0042351710
79.1730769231	-0.4166938673	-0.0041669387
79.1923076923	-0.4098090116	-0.0040980901
79.2115384615	-0.4028640184	-0.0040286402
79.2307692308	-0.3958603810	-0.0039586038
79.2500000000	-0.3887995944	-0.0038879959
79.2692307692	-0.3816831501	-0.0038168315
79.2884615385	-0.3745125303	-0.0037451253
79.3076923077	-0.3672892024	-0.0036728920
79.3269230769	-0.3600146150	-0.0036001461
79.3461538462	-0.3526901921	-0.0035269019
79.3653846154	-0.3453173301	-0.0034531733
79.3846153846	-0.3378973931	-0.0033789739
79.4038461538	-0.3304317104	-0.0033043171
79.4230769231	-0.3229215731	-0.0032292157
79.4423076923	-0.3153682327	-0.0031536823
79.4615384615	-0.3077728986	-0.0030777290
79.4807692308	-0.3001367373	-0.0030013674
79.5000000000	-0.2924608721	-0.0029246087
79.5192307692	-0.2847463827	-0.0028474638
79.5384615385	-0.2769943059	-0.0027699431
79.5576923077	-0.2692056368	-0.0026920564
79.5769230769	-0.2613813301	-0.0026138133
79.5961538462	-0.2535223023	-0.0025352230
79.6153846154	-0.2456294345	-0.0024562943
79.6346153846	-0.2377035749	-0.0023770357
79.6538461538	-0.2297455424	-0.0022974554
79.6730769231	-0.2217561302	-0.0022175613
79.6923076923	-0.2137361101	-0.0021373611
79.7115384615	-0.2056862360	-0.0020568624
79.7307692308	-0.1976072492	-0.0019760725
79.7500000000	-0.1894998823	-0.0018949988
79.7692307692	-0.1813648641	-0.0018136486
79.7884615385	-0.1732029243	-0.0017320292
79.8076923077	-0.1650147982	-0.0016501480
79.8269230769	-0.1568012313	-0.0015680123
79.8461538462	-0.1485629834	-0.0014856298
79.8653846154	-0.1403008336	-0.0014030083
79.8846153846	-0.1320155836	-0.0013201558
79.9038461538	-0.1237080623	-0.0012370806
79.9230769231	-0.1153791286	-0.0011537913
79.9423076923	-0.1070296747	-0.0010702967
79.9615384615	-0.0986606293	-0.0009866063
79.9807692308	-0.0902729595	-0.0009027296
80.0000000000	-0.0818676727	-0.0008186767
80.0192307692	-0.0734458186	-0.0007344582
80.0384615385	-0.0650084895	-0.0006500849
80.0576923077	-0.0565568212	-0.0005655682
80.0769230769	-0.0480919934	-0.0004809199
80.0961538462	-0.0396152283	-0.0003961523
80.1153846154	-0.0311277907	-0.0003112779
80.1346153846	-0.0226309860	-0.0002263099
80.1538461538	-0.0141261589	-0.0001412616
80.1730769231	-0.0056146907	-0.0000561469
80.1923076923	0.0029020030	0.0000290200
80.2115384615	0.0114224754	0.0001142248
80.2307692308	0.0199452516	0.0001994525
80.2500000000	0.0284688324	0.0002846883
80.2692307692	0.0369916979	0.0003699170
80.2884615385	0.0455123118	0.0004551231
80.3076923077	0.0540291253	0.0005402913
80.3269230769	0.0625405814	0.0006254058
80.3461538462	0.0710451196	0.0007104512
80.3653846154	0.0795411798	0.0007954118
80.3846153846	0.0880272070	0.0008802721
80.4038461538	0.0965016553	0.0009650166
80.4230769231	0.1049629923	0.0010496299
80.4423076923	0.1134097026	0.0011340970
80.4615384615	0.1218402920	0.0012184029
80.4807692308	0.1302532909	0.0013025329
80.5000000000	0.1386472572	0.0013864726
80.5192307692	0.1470207795	0.0014702078
80.5384615385	0.1553724796	0.0015537248
80.5576923077	0.1637010144	0.0016370101
80.5769230769	0.1720050777	0.0017200508
80.5961538462	0.1802834020	0.0018028340
80.6153846154	0.1885347586	0.0018853476
80.6346153846	0.1967579588	0.0019675796
80.6538461538	0.2049518534	0.0020495185
80.6730769231	0.2131153327	0.0021311533
80.6923076923	0.2212473254	0.0022124733
80.7115384615	0.2293467975	0.0022934680
80.7307692308	0.2374127505	0.0023741275
80.7500000000	0.2454442194	0.0024544422
80.7692307692	0.2534402706	0.0025344027
80.7884615385	0.2613999990	0.0026140000
80.8076923077	0.2693225246	0.0026932252
80.8269230769	0.2772069902	0.0027720699
80.8461538462	0.2850525570	0.0028505256
80.8653846154	0.2928584015	0.0029285840
80.8846153846	0.3006237114	0.0030062371
80.9038461538	0.3083476819	0.0030834768
80.9230769231	0.3160295119	0.0031602951
80.9423076923	0.3236683998	0.0032366840
80.9615384615	0.3312635396	0.0033126354
80.9807692308	0.3388141172	0.0033881412
81.0000000000	0.3463193070	0.0034631931
81.0192307692	0.3537782678	0.0035377827
81.0384615385	0.3611901398	0.0036119014
81.0576923077	0.3685540416	0.0036855404
81.0769230769	0.3758690675	0.0037586907
81.0961538462	0.3831342845	0.0038313428
81.1153846154	0.3903487307	0.0039034873
81.1346153846	0.3975114134	0.0039751141
81.1538461538	0.4046213075	0.0040462131
81.1730769231	0.4116773548	0.0041167735
81.1923076923	0.4186784632	0.0041867846
81.2115384615	0.4256235065	0.0042562351
81.2307692308	0.4325113249	0.0043251132
81.2500000000	0.4393407254	0.0043934073
81.2692307692	0.4461104831	0.0044611048
81.2884615385	0.4528193425	0.0045281934
81.3076923077	0.4594660195	0.0045946602
81.3269230769	0.4660492038	0.0046604920
81.3461538462	0.4725675610	0.0047256756
81.3653846154	0.4790197363	0.0047901974
81.3846153846	0.4854043568	0.0048540436
81.4038461538	0.4917200360	0.0049172004
81.4230769231	0.4979653765	0.0049796538
81.4423076923	0.5041389748	0.0050413897
81.4615384615	0.5102394248	0.0051023942
81.4807692308	0.5162653222	0.0051626532
81.5000000000	0.5222152689	0.0052221527
81.5192307692	0.5280878769	0.0052808788
81.5384615385	0.5338817730	0.0053388177
81.5576923077	0.5395956030	0.0053959560
81.5769230769	0.5452280355	0.0054522804
81.5961538462	0.5507777667	0.0055077777
81.6153846154	0.5562435234	0.0055624352
81.6346153846	0.5616240675	0.0056162407
81.6538461538	0.5669181987	0.0056691820
81.6730769231	0.5721247586	0.0057212476
81.6923076923	0.5772426329	0.0057724263
81.7115384615	0.5822707544	0.0058227075
81.7307692308	0.5872081053	0.0058720811
81.7500000000	0.5920537189	0.0059205372
81.7692307692	0.5968066815	0.0059680668
81.7884615385	0.6014661337	0.0060146613
81.8076923077	0.6060312708	0.0060603127
81.8269230769	0.6105013439	0.0061050134
81.8461538462	0.6148756595	0.0061487566
81.8653846154	0.6191535796	0.0061915358
81.8846153846	0.6233345210	0.0062333452
81.9038461538	0.6274179543	0.0062741795
81.9230769231	0.6314034027	0.0063140340
81.9423076923	0.6352904404	0.0063529044
81.9615384615	0.6390786906	0.0063907869
81.9807692308	0.6427678237	0.0064276782
82.0000000000	0.6463575544	0.0064635755
82.0192307692	0.6498476398	0.0064984764
82.0384615385	0.6532378758	0.0065323788
82.0576923077	0.6565280950	0.0065652809
82.0769230769	0.6597181631	0.0065971816
82.0961538462	0.6628079762	0.0066280798
82.1153846154	0.6657974571	0.0066579746
82.1346153846	0.6686865527	0.0066868655
82.1538461538	0.6714752302	0.0067147523
82.1730769231	0.6741634747	0.0067416347
82.1923076923	0.6767512853	0.0067675129
82.2115384615	0.6792386728	0.0067923867
82.2307692308	0.6816256565	0.0068162566
82.2500000000	0.6839122615	0.0068391226
82.2692307692	0.6860985162	0.0068609852
82.2884615385	0.6881844503	0.0068818445
82.3076923077	0.6901700919	0.0069017009
82.3269230769	0.6920554662	0.0069205547
82.3461538462	0.6938405938	0.0069384059
82.3653846154	0.6955254888	0.0069552549
82.3846153846	0.6971101581	0.0069711016
82.4038461538	0.6985946000	0.0069859460
82.4230769231	0.6999788037	0.0069997880
82.4423076923	0.7012627491	0.0070126275
82.4615384615	0.7024464061	0.0070244641
82.4807692308	0.7035297347	0.0070352973
82.5000000000	0.7045126855	0.0070451269
82.5192307692	0.7053951999	0.0070539520
82.5384615385	0.7061772108	0.0070617721
82.5576923077	0.7068586434	0.0070685864
82.5769230769	0.7074394162	0.0070743942
82.5961538462	0.7079194421	0.0070791944
82.6153846154	0.7082986294	0.0070829863
82.6346153846	0.7085768836	0.0070857688
82.6538461538	0.7087541086	0.0070875411
82.6730769231	0.7088302079	0.0070883021
82.6923076923	0.7088050867	0.0070880509
82.7115384615	0.7086786529	0.0070867865
82.7307692308	0.7084508191	0.0070845082
82.7500000000	0.7081215038	0.0070812150
82.7692307692	0.7076906331	0.0070769063
82.7884615385	0.7071581422	0.0070715814
82.8076923077	0.7065239766	0.0070652398
82.8269230769	0.7057880937	0.0070578809
82.8461538462	0.7049504635	0.0070495046
82.8653846154	0.7040110707	0.0070401107
82.8846153846	0.7029699147	0.0070296991
82.9038461538	0.7018270113	0.0070182701
82.9230769231	0.7005823931	0.0070058239
82.9423076923	0.6992361103	0.0069923611
82.9615384615	0.6977882314	0.0069778823
82.9807692308	0.6962388437	0.0069623884
83.0000000000	0.6945880536	0.0069458805
83.0192307692	0.6928359867	0.0069283599
83.0384615385	0.6909827884	0.0069098279
83.0576923077	0.6890286237	0.0068902862
83.0769230769	0.6869736773	0.0068697368
83.0961538462	0.6848181535	0.0068481815
83.1153846154	0.6825622762	0.0068256228
83.1346153846	0.6802062889	0.0068020629
83.1538461538	0.6777504539	0.0067775045
83.1730769231	0.6751950528	0.0067519505
83.1923076923	0.6725403861	0.0067254039
83.2115384615	0.6697867727	0.0066978677
83.2307692308	0.6669345499	0.0066693455
83.2500000000	0.6639840733	0.0066398407
83.2692307692	0.6609357167	0.0066093572
83.2884615385	0.6577898716	0.0065778987
83.3076923077	0.6545469476	0.0065454695
83.3269230769	0.6512073721	0.0065120737
83.3461538462	0.6477715905	0.0064777159
83.3653846154	0.6442400662	0.0064424007
83.3846153846	0.6406132809	0.0064061328
83.4038461538	0.6368917347	0.0063689173
83.4230769231	0.6330759463	0.0063307595
83.4423076923	0.6291664537	0.0062916645
83.4615384615	0.6251638142	0.0062516381
83.4807692308	0.6210686049	0.0062106860
83.5000000000	0.6168814234	0.0061688142
83.5192307692	0.6126028880	0.0061260289
83.5384615385	0.6082336384	0.0060823364
83.5576923077	0.6037743361	0.0060377434
83.5769230769	0.5992256649	0.0059922566
83.5961538462	0.5945883316	0.0059458833
83.6153846154	0.5898630660	0.0058986307
83.6346153846	0.5850506216	0.0058505062
83.6538461538	0.5801517762	0.0058015178
83.6730769231	0.5751673316	0.0057516733
83.6923076923	0.5700981140	0.0057009811
83.7115384615	0.5649449743	0.0056494497
83.7307692308	0.5597087880	0.0055970879
83.7500000000	0.5543904547	0.0055439045
83.7692307692	0.5489908984	0.0054899090
83.7884615385	0.5435110667	0.0054351107
83.8076923077	0.5379519305	0.0053795193
83.8269230769	0.5323144830	0.0053231448
83.8461538462	0.5265997393	0.0052659974
83.8653846154	0.5208087351	0.0052080874
83.8846153846	0.5149425259	0.0051494253
83.9038461538	0.5090021853	0.0050900219
83.9230769231	0.5029888040	0.0050298880
83.9423076923	0.4969034883	0.0049690349
83.9615384615	0.4907473580	0.0049074736
83.9807692308	0.4845215453	0.0048452155
84.0000000000	0.4782271924	0.0047822719
84.0192307692	0.4718654501	0.0047186545
84.0384615385	0.4654374752	0.0046543748
84.0576923077	0.4589444293	0.0045894443
84.0769230769	0.4523874760	0.0045238748
84.0961538462	0.4457677791	0.0044576778
84.1153846154	0.4390865008	0.0043908650
84.1346153846	0.4323447995	0.0043234480
84.1538461538	0.4255438278	0.0042554383
84.1730769231	0.4186847305	0.0041868473
84.1923076923	0.4117686433	0.0041176864
84.2115384615	0.4047966908	0.0040479669
84.2307692308	0.3977699849	0.0039776998
84.2500000000	0.3906896237	0.0039068962
84.2692307692	0.3835566900	0.0038355669
84.2884615385	0.3763722505	0.0037637225
84.3076923077	0.3691373552	0.0036913736
84.3269230769	0.3618530362	0.0036185304
84.3461538462	0.3545203079	0.0035452031
84.3653846154	0.3471401666	0.0034714017
84.3846153846	0.3397135904	0.0033971359
84.4038461538	0.3322415401	0.0033224154
84.4230769231	0.3247249591	0.0032472496
84.4423076923	0.3171647747	0.0031716477
84.4615384615	0.3095618987	0.0030956190
84.4807692308	0.3019172290	0.0030191723
84.5000000000	0.2942316507	0.0029423165
84.5192307692	0.2865060382	0.0028650604
84.5384615385	0.2787412564	0.0027874126
84.5576923077	0.2709381633	0.0027093816
84.5769230769	0.2630976116	0.0026309761
84.5961538462	0.2552204512	0.0025522045
84.6153846154	0.2473075316	0.0024730753
84.6346153846	0.2393597041	0.0023935970
84.6538461538	0.2313778242	0.0023137782
84.6730769231	0.2233627544	0.0022336275
84.6923076923	0.2153153662	0.0021531537
84.7115384615	0.2072365430	0.0020723654
84.7307692308	0.1991271819	0.0019912718
84.7500000000	0.1909881964	0.0019098820
84.7692307692	0.1828205183	0.0018282052
84.7884615385	0.1746250997	0.0017462510
84.8076923077	0.1664029150	0.0016640292
84.8269230769	0.1581549622	0.0015815496
84.8461538462	0.1498822647	0.0014988226
84.8653846154	0.1415858720	0.0014158587
84.8846153846	0.1332668612	0.0013326686
84.9038461538	0.1249263370	0.0012492634
84.9230769231	0.1165654330	0.0011656543
84.9423076923	0.1081853107	0.0010818531
84.9615384615	0.0997871604	0.0009978716
84.9807692308	0.0913722002	0.0009137220
85.0000000000	0.0829416751	0.0008294168
85.0192307692	0.0744968566	0.0007449686
85.0384615385	0.0660390409	0.0006603904
85.0576923077	0.0575695476	0.0005756955
85.0769230769	0.0490897177	0.0004908972
85.0961538462	0.0406009120	0.0004060091
85.1153846154	0.0321045085	0.0003210451
85.1346153846	0.0236019003	0.0002360190
85.1538461538	0.0150944926	0.0001509449
85.1730769231	0.0065837006	0.0000658370
85.1923076923	-0.0019290537	-0.0000192905
85.2115384615	-0.0104423443	-0.0001044234
85.2307692308	-0.0189547440	-0.0001895474
85.2500000000	-0.0274648275	-0.0002746483
85.2692307692	-0.0359711739	-0.0003597117
85.2884615385	-0.0444723700	-0.0004447237
85.3076923077	-0.0529670128	-0.0005296701
85.3269230769	-0.0614537123	-0.0006145371
85.3461538462	-0.0699310937	-0.0006993109
85.3653846154	-0.0783978000	-0.0007839780
85.3846153846	-0.0868524939	-0.0008685249
85.4038461538	-0.0952938596	-0.0009529386
85.4230769231	-0.1037206048	-0.0010372060
85.4423076923	-0.1121314616	-0.0011213146
85.4615384615	-0.1205251879	-0.0012052519
85.4807692308	-0.1289005677	-0.0012890057
85.5000000000	-0.1372564121	-0.0013725641
85.5192307692	-0.1455915589	-0.0014559156
85.5384615385	-0.1539048728	-0.0015390487
85.5576923077	-0.1621952446	-0.0016219524
85.5769230769	-0.1704615902	-0.0017046159
85.5961538462	-0.1787028501	-0.0017870285
85.6153846154	-0.1869179872	-0.0018691799
85.6346153846	-0.1951059855	-0.0019510599
85.6538461538	-0.2032658479	-0.0020326585
85.6730769231	-0.2113965940	-0.0021139659
85.6923076923	-0.2194972579	-0.0021949726
85.7115384615	-0.2275668853	-0.0022756689
85.7307692308	-0.2356045305	-0.0023560453
85.7500000000	-0.2436092543	-0.0024360925
85.7692307692	-0.2515801200	-0.0025158012
85.7884615385	-0.2595161912	-0.0025951619
85.8076923077	-0.2674165284	-0.0026741653
85.8269230769	-0.2752801858	-0.0027528019
85.8461538462	-0.2831062089	-0.0028310621
85.8653846154	-0.2908936312	-0.0029089363
85.8846153846	-0.2986414716	-0.0029864147
85.9038461538	-0.3063487322	-0.0030634873
85.9230769231	-0.3140143957	-0.0031401440
85.9423076923	-0.3216374234	-0.0032163742
85.9615384615	-0.3292167536	-0.0032921675
85.9807692308	-0.3367513001	-0.0033675130
86.0000000000	-0.3442399509	-0.0034423995
86.0192307692	-0.3516815677	-0.0035168157
86.0384615385	-0.3590749856	-0.0035907499
86.0576923077	-0.3664190126	-0.0036641901
86.0769230769	-0.3737124305	-0.0037371243
86.0961538462	-0.3809539956	-0.0038095400
86.1153846154	-0.3881424398	-0.0038814244
86.1346153846	-0.3952764719	-0.0039527647
86.1538461538	-0.4023547803	-0.0040235478
86.1730769231	-0.4093760347	-0.0040937603
86.1923076923	-0.4163388889	-0.0041633889
86.2115384615	-0.4232419842	-0.0042324198
86.2307692308	-0.4300839524	-0.0043008395
86.2500000000	-0.4368634192	-0.0043686342
86.2692307692	-0.4435790088	-0.0044357901
86.2884615385	-0.4502293469	-0.0045022935
86.3076923077	-0.4568130658	-0.0045681307
86.3269230769	-0.4633288084	-0.0046332881
86.3461538462	-0.4697752322	-0.0046977523
86.3653846154	-0.4761510143	-0.0047615101
86.3846153846	-0.4824548556	-0.0048245486
86.4038461538	-0.4886854849	-0.0048868548
86.4230769231	-0.4948416632	-0.0049484166
86.4423076923	-0.5009221881	-0.0050092219
86.4615384615	-0.5069258968	-0.0050692590
86.4807692308	-0.5128516707	-0.0051285167
86.5000000000	-0.5186984377	-0.0051869844
86.5192307692	-0.5244651758	-0.0052446518
86.5384615385	-0.5301509152	-0.0053015092
86.5576923077	-0.5357547408	-0.0053575474
86.5769230769	-0.5412757934	-0.0054127579
86.5961538462	-0.5467132716	-0.0054671327
86.6153846154	-0.5520664320	-0.0055206643
86.6346153846	-0.5573345895	-0.0055733459
86.6538461538	-0.5625171176	-0.0056251712
86.6730769231	-0.5676134468	-0.0056761345
86.6923076923	-0.5726230639	-0.0057262306
86.7115384615	-0.5775455101	-0.0057754551
86.7307692308	-0.5823803787	-0.0058238038
86.7500000000	-0.5871273123	-0.0058712731
86.7692307692	-0.5917859998	-0.0059178600
86.7884615385	-0.5963561727	-0.0059635617
86.8076923077	-0.6008376012	-0.0060083760
86.8269230769	-0.6052300897	-0.0060523009
86.8461538462	-0.6095334723	-0.0060953347
86.8653846154	-0.6137476082	-0.0061374761
86.8846153846	-0.6178723763	-0.0061787238
86.9038461538	-0.6219076701	-0.0062190767
86.9230769231	-0.6258533923	-0.0062585339
86.9423076923	-0.6297094499	-0.0062970945
86.9615384615	-0.6334757482	-0.0063347575
86.9807692308	-0.6371521864	-0.0063715219
87.0000000000	-0.6407386517	-0.0064073865
87.0192307692	-0.6442350152	-0.0064423502
87.0384615385	-0.6476411268	-0.0064764113
87.0576923077	-0.6509568110	-0.0065095681
87.0769230769	-0.6541818631	-0.0065418186
87.0961538462	-0.6573160455	-0.0065731605
87.1153846154	-0.6603590849	-0.0066035908
87.1346153846	-0.6633106694	-0.0066331067
87.1538461538	-0.6661704470	-0.0066617045
87.1730769231	-0.6689380235	-0.0066893802
87.1923076923	-0.6716129621	-0.0067161296
87.2115384615	-0.6741947828	-0.0067419478
87.2307692308	-0.6766829631	-0.0067668296
87.2500000000	-0.6790769386	-0.0067907694
87.2692307692	-0.6813761048	-0.0068137610
87.2884615385	-0.6835798193	-0.0068357982
87.3076923077	-0.6856874044	-0.0068568740
87.3269230769	-0.6876981505	-0.0068769815
87.3461538462	-0.6896113203	-0.0068961132
87.3653846154	-0.6914261526	-0.0069142615
87.3846153846	-0.6931418676	-0.0069314187
87.4038461538	-0.6947576722	-0.0069475767
87.4230769231	-0.6962727654	-0.0069627277
87.4423076923	-0.6976863442	-0.0069768634
87.4615384615	-0.6989976103	-0.0069899761
87.4807692308	-0.7002057759	-0.0070020578
87.5000000000	-0.7013100707	-0.0070131007
87.5192307692	-0.7023097480	-0.0070230975
87.5384615385	-0.7032040919	-0.0070320409
87.5576923077	-0.7039924230	-0.0070399242
87.5769230769	-0.7046741055	-0.0070467411
87.5961538462	-0.7052485526	-0.0070524855
87.6153846154	-0.7057152330	-0.0070571523
87.6346153846	-0.7060736759	-0.0070607368
87.6538461538	-0.7063234760	-0.0070632348
87.6730769231	-0.7064642985	-0.0070646430
87.6923076923	-0.7064958829	-0.0070649588
87.7115384615	-0.7064180466	-0.0070641805
87.7307692308	-0.7062306875	-0.0070623069
87.7500000000	-0.7059337867	-0.0070593379
87.7692307692	-0.7055274098	-0.0070552741
87.7884615385	-0.7050117077	-0.0070501171
87.8076923077	-0.7043869168	-0.0070438692
87.8269230769	-0.7036533588	-0.0070365336
87.8461538462	-0.7028114388	-0.0070281144
87.8653846154	-0.7018616439	-0.0070186164
87.8846153846	-0.7008045399	-0.0070080454
87.9038461538	-0.6996407685	-0.0069964077
87.9230769231	-0.6983710431	-0.0069837104
87.9423076923	-0.6969961441	-0.0069699614
87.9615384615	-0.6955169136	-0.0069551691
87.9807692308	-0.6939342501	-0.0069393425
88.0000000000	-0.6922491022	-0.0069224910
88.0192307692	-0.6904624617	-0.0069046246
88.0384615385	-0.6885753572	-0.0068857536
88.0576923077	-0.6865888468	-0.0068658885
88.0769230769	-0.6845040105	-0.0068450401
88.0961538462	-0.6823219432	-0.0068232194
88.1153846154	-0.6800437469	-0.0068004375
88.1346153846	-0.6776705232	-0.0067767052
88.1538461538	-0.6752033659	-0.0067520337
88.1730769231	-0.6726433542	-0.0067264335
88.1923076923	-0.6699915453	-0.0066999155
88.2115384615	-0.6672489681	-0.0066724897
88.2307692308	-0.6644166167	-0.0066441662
88.2500000000	-0.6614954450	-0.0066149544
88.2692307692	-0.6584863612	-0.0065848636
88.2884615385	-0.6553902232	-0.0065539022
88.3076923077	-0.6522078348	-0.0065220783
88.3269230769	-0.6489399416	-0.0064893994
88.3461538462	-0.6455872293	-0.0064558723
88.3653846154	-0.6421503208	-0.0064215032
88.3846153846	-0.6386297757	-0.0063862978
88.4038461538	-0.6350260892	-0.0063502609
88.4230769231	-0.6313396928	-0.0063133969
88.4423076923	-0.6275709552	-0.0062757096
88.4615384615	-0.6237201840	-0.0062372018
88.4807692308	-0.6197876281	-0.0061978763
88.5000000000	-0.6157734812	-0.0061577348
88.5192307692	-0.6116778855	-0.0061167789
88.5384615385	-0.6075009358	-0.0060750094
88.5576923077	-0.6032426852	-0.0060324269
88.5769230769	-0.5989031500	-0.0059890315
88.5961538462	-0.5944823162	-0.0059448232
88.6153846154	-0.5899801455	-0.0058998015
88.6346153846	-0.5853965826	-0.0058539658
88.6538461538	-0.5807315613	-0.0058073156
88.6730769231	-0.5759850127	-0.0057598501
88.6923076923	-0.5711568717	-0.0057115687
88.7115384615	-0.5662470845	-0.0056624708
88.7307692308	-0.5612556164	-0.0056125562
88.7500000000	-0.5561824579	-0.0055618246
88.7692307692	-0.5510276329	-0.0055102763
88.7884615385	-0.5457912042	-0.0054579120
88.8076923077	-0.5404732808	-0.0054047328
88.8269230769	-0.5350740233	-0.0053507402
88.8461538462	-0.5295936496	-0.0052959365
88.8653846154	-0.5240324399	-0.0052403244
88.8846153846	-0.5183907409	-0.0051839074
88.9038461538	-0.5126689700	-0.0051266897
88.9230769231	-0.5068676181	-0.0050686762
88.9423076923	-0.5009872522	-0.0050098725
88.9615384615	-0.4950285173	-0.0049502852
88.9807692308	-0.4889921371	-0.0048899214
89.0000000000	-0.4828789150	-0.0048287891
89.0192307692	-0.4766897329	-0.0047668973
89.0384615385	-0.4704255509	-0.0047042555
89.0576923077	-0.4640874049	-0.0046408740
89.0769230769	-0.4576764045	-0.0045767640
89.0961538462	-0.4511937296	-0.0045119373
89.1153846154	-0.4446406270	-0.0044464063
89.1346153846	-0.4380184057	-0.0043801841
89.1538461538	-0.4313284326	-0.0043132843
89.1730769231	-0.4245721266	-0.0042457213
89.1923076923	-0.4177509534	-0.0041775095
89.2115384615	-0.4108664192	-0.0041086642
89.2307692308	-0.4039200644	-0.0040392006
89.2500000000	-0.3969134572	-0.0039691346
89.2692307692	-0.3898481868	-0.0038984819
89.2884615385	-0.3827258565	-0.0038272586
89.3076923077	-0.3755480776	-0.0037554808
89.3269230769	-0.3683164617	-0.0036831646
89.3461538462	-0.3610326150	-0.0036103261
89.3653846154	-0.3536981317	-0.0035369813
89.3846153846	-0.3463145877	-0.0034631459
89.4038461538	-0.3388835355	-0.0033888354
89.4230769231	-0.3314064980	-0.0033140650
89.4423076923	-0.3238849645	-0.0032388496
89.4615384615	-0.3163203855	-0.0031632039
89.4807692308	-0.3087141696	-0.0030871417
89.5000000000	-0.3010676796	-0.0030106768
89.5192307692	-0.2933822300	-0.0029338223
89.5384615385	-0.2856590852	-0.0028565909
89.5576923077	-0.2778994578	-0.0027789946
89.5769230769	-0.2701045075	-0.0027010451
89.5961538462	-0.2622753417	-0.0026227534
89.6153846154	-0.2544130153	-0.0025441302
89.6346153846	-0.2465185324	-0.0024651853
89.6538461538	-0.2385928474	-0.0023859285
89.6730769231	-0.2306368679	-0.0023063687
89.6923076923	-0.2226514569	-0.0022265146
89.7115384615	-0.2146374369	-0.0021463744
89.7307692308	-0.2065955931	-0.0020659559
89.7500000000	-0.1985266781	-0.0019852668
89.7692307692	-0.1904314159	-0.0019043142
89.7884615385	-0.1823105075	-0.0018231051
89.8076923077	-0.1741646355	-0.0017416464
89.8269230769	-0.1659944698	-0.0016599447
89.8461538462	-0.1578006727	-0.0015780067
89.8653846154	-0.1495839047	-0.0014958390
89.8846153846	-0.1413448297	-0.0014134483
89.9038461538	-0.1330841208	-0.0013308412
89.9230769231	-0.1248024651	-0.0012480247
89.9423076923	-0.1165005692	-0.0011650057
89.9615384615	-0.1081791639	-0.0010817916
89.9807692308	-0.0998390085	-0.0009983901
90.0000000000	-0.0914808952	-0.0009148090
90.0192307692	-0.0831056527	-0.0008310565
90.0384615385	-0.0747141497	-0.0007471415
90.0576923077	-0.0663072975	-0.0006630730
90.0769230769	-0.0578860523	-0.0005788605
90.0961538462	-0.0494514171	-0.0004945142
90.1153846154	-0.0410044428	-0.0004100444
90.1346153846	-0.0325462290	-0.0003254623
90.1538461538	-0.0240779237	-0.0002407792
90.1730769231	-0.0156007234	-0.0001560072
90.1923076923	-0.0071158714	-0.0000711587
90.2115384615	0.0013753433	0.0000137534
90.2307692308	0.0098715885	0.0000987159
90.2500000000	0.0183714909	0.0001837149
90.2692307692	0.0268736398	0.0002687364
90.2884615385	0.0353765899	0.0003537659
90.3076923077	0.0438788659	0.0004387887
90.3269230769	0.0523789658	0.0005237897
90.3461538462	0.0608753661	0.0006087537
90.3653846154	0.0693665262	0.0006936653
90.3846153846	0.0778508929	0.0007785089
90.4038461538	0.0863269060	0.0008632691
90.4230769231	0.0947930027	0.0009479300
90.4423076923	0.1032476228	0.0010324762
90.4615384615	0.1116892135	0.0011168921
90.4807692308	0.1201162342	0.0012011623
90.5000000000	0.1285271609	0.0012852716
90.5192307692	0.1369204907	0.0013692049
90.5384615385	0.1452947457	0.0014529475
90.5576923077	0.1536484766	0.0015364848
90.5769230769	0.1619802659	0.0016198027
90.5961538462	0.1702887310	0.0017028873
90.6153846154	0.1785725261	0.0017857253
90.6346153846	0.1868303445	0.0018683034
90.6538461538	0.1950609199	0.0019506092
90.6730769231	0.2032630268	0.0020326303
90.6923076923	0.2114354816	0.0021143548
90.7115384615	0.2195771413	0.0021957714
90.7307692308	0.2276869040	0.0022768690
90.7500000000	0.2357637063	0.0023576371
90.7692307692	0.2438065225	0.0024380652
90.7884615385	0.2518143620	0.0025181436
90.8076923077	0.2597862665	0.0025978627
90.8269230769	0.2677213067	0.0026772131
90.8461538462	0.2756185795	0.0027561858
90.8653846154	0.2834772033	0.0028347720
90.8846153846	0.2912963147	0.0029129631
90.9038461538	0.2990750636	0.0029907506
90.9230769231	0.3068126090	0.0030681261
90.9423076923	0.3145081144	0.0031450811
90.9615384615	0.3221607432	0.0032216074
90.9807692308	0.3297696541	0.0032976965
91.0000000000	0.3373339965	0.0033733400
91.0192307692	0.3448529061	0.0034485291
91.0384615385	0.3523255010	0.0035232550
91.0576923077	0.3597508775	0.0035975088
91.0769230769	0.3671281067	0.0036712811
91.0961538462	0.3744562312	0.0037445623
91.1153846154	0.3817342621	0.0038173426
91.1346153846	0.3889611771	0.0038896118
91.1538461538	0.3961359182	0.0039613592
91.1730769231	0.4032573908	0.0040325739
91.1923076923	0.4103244623	0.0041032446
91.2115384615	0.4173359627	0.0041733596
91.2307692308	0.4242906842	0.0042429068
91.2500000000	0.4311873828	0.0043118738
91.2692307692	0.4380247793	0.0043802478
91.2884615385	0.4448015618	0.0044480156
91.3076923077	0.4515163881	0.0045151639
91.3269230769	0.4581678894	0.0045816789
91.3461538462	0.4647546731	0.0046475467
91.3653846154	0.4712753281	0.0047127533
91.3846153846	0.4777284284	0.0047772843
91.4038461538	0.4841125386	0.0048411254
91.4230769231	0.4904262191	0.0049042622
91.4423076923	0.4966680316	0.0049666803
91.4615384615	0.5028365447	0.0050283654
91.4807692308	0.5089303400	0.0050893034
91.5000000000	0.5149480178	0.0051494802
91.5192307692	0.5208882033	0.0052088820
91.5384615385	0.5267495521	0.0052674955
91.5576923077	0.5325307561	0.0053253076
91.5769230769	0.5382305488	0.0053823055
91.5961538462	0.5438477108	0.0054384771
91.6153846154	0.5493810743	0.0054938107
91.6346153846	0.5548295277	0.0055482953
91.6538461538	0.5601920195	0.0056019202
91.6730769231	0.5654675616	0.0056546756
91.6923076923	0.5706552325	0.0057065523
91.7115384615	0.5757541791	0.0057575418
91.7307692308	0.5807636189	0.0058076362
91.7500000000	0.5856828403	0.0058568284
91.7692307692	0.5905112032	0.0059051120
91.7884615385	0.5952481385	0.0059524814
91.8076923077	0.5998931470	0.0059989315
91.8269230769	0.6044457974	0.0060444580
91.8461538462	0.6089057241	0.0060890572
91.8653846154	0.6132726234	0.0061327262
91.8846153846	0.6175462505	0.0061754625
91.9038461538	0.6217264142	0.0062172641
91.9230769231	0.6258129728	0.0062581297
91.9423076923	0.6298058280	0.0062980583
91.9615384615	0.6337049193	0.0063370492
91.9807692308	0.6375102179	0.0063751022
92.0000000000	0.6412217197	0.0064122172
92.0192307692	0.6448394390	0.0064483944
92.0384615385	0.6483634012	0.0064836340
92.0576923077	0.6517936360	0.0065179364
92.0769230769	0.6551301706	0.0065513017
92.0961538462	0.6583730222	0.0065837302
92.1153846154	0.6615221921	0.0066152219
92.1346153846	0.6645776588	0.0066457766
92.1538461538	0.6675393718	0.0066753937
92.1730769231	0.6704072465	0.0067040725
92.1923076923	0.6731811582	0.0067318116
92.2115384615	0.6758609383	0.0067586094
92.2307692308	0.6784463699	0.0067844637
92.2500000000	0.6809371843	0.0068093718
92.2692307692	0.6833330590	0.0068333306
92.2884615385	0.6856336152	0.0068563362
92.3076923077	0.6878384173	0.0068783842
92.3269230769	0.6899469726	0.0068994697
92.3461538462	0.6919587316	0.0069195873
92.3653846154	0.6938730899	0.0069387309
92.3846153846	0.6956893904	0.0069568939
92.4038461538	0.6974069263	0.0069740693
92.4230769231	0.6990249453	0.0069902495
92.4423076923	0.7005426540	0.0070054265
92.4615384615	0.7019592235	0.0070195922
92.4807692308	0.7032737956	0.0070327380
92.5000000000	0.7044854893	0.0070448549
92.5192307692	0.7055934081	0.0070559341
92.5384615385	0.7065966478	0.0070659665
92.5576923077	0.7074943045	0.0070749430
92.5769230769	0.7082854832	0.0070828548
92.5961538462	0.7089693062	0.0070896931
92.6153846154	0.7095449219	0.0070954492
92.6346153846	0.7100115137	0.0071001151
92.6538461538	0.7103683083	0.0071036831
92.6730769231	0.7106145849	0.0071061458
92.6923076923	0.7107496826	0.0071074968
92.7115384615	0.7107730090	0.0071077301
92.7307692308	0.7106840472	0.0071068405
92.7500000000	0.7104823628	0.0071048236
92.7692307692	0.7101676103	0.0071016761
92.7884615385	0.7097395383	0.0070973954
92.8076923077	0.7091979946	0.0070919799
92.8269230769	0.7085429303	0.0070854293
92.8461538462	0.7077744022	0.0070777440
92.8653846154	0.7068925757	0.0070689258
92.8846153846	0.7058977256	0.0070589773
92.9038461538	0.7047902362	0.0070479024
92.9230769231	0.7035706007	0.0070357060
92.9423076923	0.7022394197	0.0070223942
92.9615384615	0.7007973975	0.0070079740
92.9807692308	0.6992453394	0.0069924534
93.0000000000	0.6975841461	0.0069758415
93.0192307692	0.6958148089	0.0069581481
93.0384615385	0.6939384026	0.0069393840
93.0576923077	0.6919560787	0.0069195608
93.0769230769	0.6898690570	0.0068986906
93.0961538462	0.6876786177	0.0068767862
93.1153846154	0.6853860916	0.0068538609
93.1346153846	0.6829928507	0.0068299285
93.1538461538	0.6805002986	0.0068050030
93.1730769231	0.6779098595	0.0067790986
93.1923076923	0.6752229685	0.0067522297
93.2115384615	0.6724410612	0.0067244106
93.2307692308	0.6695655625	0.0066956556
93.2500000000	0.6665978774	0.0066659788
93.2692307692	0.6635393805	0.0066353938
93.2884615385	0.6603914066	0.0066039141
93.3076923077	0.6571552415	0.0065715524
93.3269230769	0.6538321138	0.0065383211
93.3461538462	0.6504231871	0.0065042319
93.3653846154	0.6469295527	0.0064692955
93.3846153846	0.6433522234	0.0064335222
93.4038461538	0.6396921286	0.0063969213
93.4230769231	0.6359501096	0.0063595011
93.4423076923	0.6321269163	0.0063212692
93.4615384615	0.6282232053	0.0062822321
93.4807692308	0.6242395382	0.0062423954
93.5000000000	0.6201763819	0.0062017638
93.5192307692	0.6160341095	0.0061603411
93.5384615385	0.6118130023	0.0061181300
93.5576923077	0.6075132531	0.0060751325
93.5769230769	0.6031349706	0.0060313497
93.5961538462	0.5986781840	0.0059867818
93.6153846154	0.5941428501	0.0059414285
93.6346153846	0.5895288595	0.0058952886
93.6538461538	0.5848360452	0.0058483605
93.6730769231	0.5800641905	0.0058006419
93.6923076923	0.5752130389	0.0057521304
93.7115384615	0.5702823037	0.0057028230
93.7307692308	0.5652716781	0.0056527168
93.7500000000	0.5601808460	0.0056018085
93.7692307692	0.5550094927	0.0055500949
93.7884615385	0.5497573161	0.0054975732
93.8076923077	0.5444240372	0.0054442404
93.8269230769	0.5390094115	0.0053900941
93.8461538462	0.5335132391	0.0053351324
93.8653846154	0.5279353754	0.0052793538
93.8846153846	0.5222757405	0.0052227574
93.9038461538	0.5165343289	0.0051653433
93.9230769231	0.5107112179	0.0051071122
93.9423076923	0.5048065751	0.0050480658
93.9615384615	0.4988206664	0.0049882067
93.9807692308	0.4927538612	0.0049275386
94.0000000000	0.4866066381	0.0048660664
94.0192307692	0.4803795887	0.0048037959
94.0384615385	0.4740734210	0.0047407342
94.0576923077	0.4676889613	0.0046768896
94.0769230769	0.4612271549	0.0046122715
94.0961538462	0.4546890658	0.0045468907
94.1153846154	0.4480758756	0.0044807588
94.1346153846	0.4413888804	0.0044138888
94.1538461538	0.4346294876	0.0043462949
94.1730769231	0.4277992111	0.0042779921
94.1923076923	0.4208996652	0.0042089967
94.2115384615	0.4139325585	0.0041393256
94.2307692308	0.4068996857	0.0040689969
94.2500000000	0.3998029197	0.0039980292
94.2692307692	0.3926442023	0.0039264420
94.2884615385	0.3854255341	0.0038542553
94.3076923077	0.3781489649	0.0037814896
94.3269230769	0.3708165823	0.0037081658
94.3461538462	0.3634305010	0.0036343050
94.3653846154	0.3559928517	0.0035599285
94.3846153846	0.3485057692	0.0034850577
94.4038461538	0.3409713819	0.0034097138
94.4230769231	0.3333917997	0.0033339180
94.4423076923	0.3257691039	0.0032576910
94.4615384615	0.3181053364	0.0031810534
94.4807692308	0.3104024892	0.0031040249
94.5000000000	0.3026624955	0.0030266250
94.5192307692	0.2948872209	0.0029488722
94.5384615385	0.2870784548	0.0028707845
94.5576923077	0.2792379036	0.0027923790
94.5769230769	0.2713671846	0.0027136718
94.5961538462	0.2634678202	0.0026346782
94.6153846154	0.2555412341	0.0025554123
94.6346153846	0.2475887479	0.0024758875
94.6538461538	0.2396115792	0.0023961158
94.6730769231	0.2316108404	0.0023161084
94.6923076923	0.2235875391	0.0022358754
94.7115384615	0.2155425794	0.0021554258
94.7307692308	0.2074767644	0.0020747676
94.7500000000	0.1993907995	0.0019939080
94.7692307692	0.1912852975	0.0019128530
94.7884615385	0.1831607834	0.0018316078
94.8076923077	0.1750177017	0.0017501770
94.8269230769	0.1668564233	0.0016685642
94.8461538462	0.1586772539	0.0015867725
94.8653846154	0.1504804427	0.0015048044
94.8846153846	0.1422661923	0.0014226619
94.9038461538	0.1340346682	0.0013403467
94.9230769231	0.1257860094	0.0012578601
94.9423076923	0.1175203394	0.0011752034
94.9615384615	0.1092377765	0.0010923778
94.9807692308	0.1009384453	0.0010093845
95.0000000000	0.0926224871	0.0009262249
95.0192307692	0.0842900713	0.0008429007
95.0384615385	0.0759414051	0.0007594141
95.0576923077	0.0675767440	0.0006757674
95.0769230769	0.0591964015	0.0005919640
95.0961538462	0.0508007575	0.0005080076
95.1153846154	0.0423902673	0.0004239027
95.1346153846	0.0339654687	0.0003396547
95.1538461538	0.0255269888	0.0002552699
95.1730769231	0.0170755497	0.0001707555
95.1923076923	0.0086119733	0.0000861197
95.2115384615	0.0001371850	0.0000013719
95.2307692308	-0.0083477836	-0.0000834778
95.2500000000	-0.0168417932	-0.0001684179
95.2692307692	-0.0253435963	-0.0002534360
95.2884615385	-0.0338518380	-0.0003385184
95.3076923077	-0.0423650578	-0.0004236506
95.3269230769	-0.0508816922	-0.0005088169
95.3461538462	-0.0594000791	-0.0005940008
95.3653846154	-0.0679184627	-0.0006791846
95.3846153846	-0.0764349992	-0.0007643500
95.4038461538	-0.0849477642	-0.0008494776
95.4230769231	-0.0934547600	-0.0009345476
95.4423076923	-0.1019539242	-0.0010195392
95.4615384615	-0.1104431392	-0.0011044314
95.4807692308	-0.1189202417	-0.0011892024
95.5000000000	-0.1273830329	-0.0012738303
95.5192307692	-0.1358292896	-0.0013582929
95.5384615385	-0.1442567743	-0.0014425677
95.5576923077	-0.1526632474	-0.0015266325
95.5769230769	-0.1610464771	-0.0016104648
95.5961538462	-0.1694042514	-0.0016940425
95.6153846154	-0.1777343885	-0.0017773439
95.6346153846	-0.1860347476	-0.0018603475
95.6538461538	-0.1943032386	-0.0019430324
95.6730769231	-0.2025378325	-0.0020253783
95.6923076923	-0.2107365698	-0.0021073657
95.7115384615	-0.2188975693	-0.0021889757
95.7307692308	-0.2270190354	-0.0022701904
95.7500000000	-0.2350992648	-0.0023509926
95.7692307692	-0.2431366526	-0.0024313665
95.7884615385	-0.2511296969	-0.0025112970
95.8076923077	-0.2590770023	-0.0025907700
95.8269230769	-0.2669772831	-0.0026697728
95.8461538462	-0.2748293648	-0.0027482936
95.8653846154	-0.2826321842	-0.0028263218
95.8846153846	-0.2903847891	-0.0029038479
95.9038461538	-0.2980863367	-0.0029808634
95.9230769231	-0.3057360904	-0.0030573609
95.9423076923	-0.3133334163	-0.0031333342
95.9615384615	-0.3208777782	-0.0032087778
95.9807692308	-0.3283687316	-0.0032836873
96.0000000000	-0.3358059171	-0.0033580592
96.0192307692	-0.3431890532	-0.0034318905
96.0384615385	-0.3505179272	-0.0035051793
96.0576923077	-0.3577923870	-0.0035779239
96.0769230769	-0.3650123315	-0.0036501233
96.0961538462	-0.3721777001	-0.0037217770
96.1153846154	-0.3792884631	-0.0037928846
96.1346153846	-0.3863446106	-0.0038634461
96.1538461538	-0.3933461420	-0.0039334614
96.1730769231	-0.4002930556	-0.0040029306
96.1923076923	-0.4071853375	-0.0040718534
96.2115384615	-0.4140229514	-0.0041402295
96.2307692308	-0.4208058289	-0.0042080583
96.2500000000	-0.4275338591	-0.0042753386
96.2692307692	-0.4342068802	-0.0043420688
96.2884615385	-0.4408246706	-0.0044082467
96.3076923077	-0.4473869410	-0.0044738694
96.3269230769	-0.4538933279	-0.0045389333
96.3461538462	-0.4603433870	-0.0046034339
96.3653846154	-0.4667365884	-0.0046673659
96.3846153846	-0.4730723118	-0.0047307231
96.4038461538	-0.4793498441	-0.0047934984
96.4230769231	-0.4855683766	-0.0048556838
96.4423076923	-0.4917270045	-0.0049172700
96.4615384615	-0.4978247267	-0.0049782473
96.4807692308	-0.5038604469	-0.0050386045
96.5000000000	-0.5098329759	-0.0050983298
96.5192307692	-0.5157410353	-0.0051574104
96.5384615385	-0.5215832613	-0.0052158326
96.5576923077	-0.5273582103	-0.0052735821
96.5769230769	-0.5330643649	-0.0053306436
96.5961538462	-0.5387001414	-0.0053870014
96.6153846154	-0.5442638975	-0.0054426390
96.6346153846	-0.5497539405	-0.0054975394
96.6538461538	-0.5551685372	-0.0055516854
96.6730769231	-0.5605059228	-0.0056050592
96.6923076923	-0.5657643119	-0.0056576431
96.7115384615	-0.5709419081	-0.0057094191
96.7307692308	-0.5760369150	-0.0057603692
96.7500000000	-0.5810475470	-0.0058104755
96.7692307692	-0.5859720396	-0.0058597204
96.7884615385	-0.5908086605	-0.0059080866
96.8076923077	-0.5955557191	-0.0059555572
96.8269230769	-0.6002115773	-0.0060021158
96.8461538462	-0.6047746584	-0.0060477466
96.8653846154	-0.6092434563	-0.0060924346
96.8846153846	-0.6136165434	-0.0061361654
96.9038461538	-0.6178925788	-0.0061789258
96.9230769231	-0.6220703147	-0.0062207031
96.9423076923	-0.6261486022	-0.0062614860
96.9615384615	-0.6301263964	-0.0063012640
96.9807692308	-0.6340027603	-0.0063400276
97.0000000000	-0.6377768680	-0.0063777687
97.0192307692	-0.6414480065	-0.0064144801
97.0384615385	-0.6450155764	-0.0064501558
97.0576923077	-0.6484790920	-0.0064847909
97.0769230769	-0.6518381800	-0.0065183818
97.0961538462	-0.6550925771	-0.0065509258
97.1153846154	-0.6582421271	-0.0065824213
97.1346153846	-0.6612867763	-0.0066128678
97.1538461538	-0.6642265685	-0.0066422657
97.1730769231	-0.6670616392	-0.0066706164
97.1923076923	-0.6697922086	-0.0066979221
97.2115384615	-0.6724185744	-0.0067241857
97.2307692308	-0.6749411036	-0.0067494110
97.2500000000	-0.6773602239	-0.0067736022
97.2692307692	-0.6796764146	-0.0067967641
97.2884615385	-0.6818901976	-0.0068189020
97.3076923077	-0.6840021274	-0.0068400213
97.3269230769	-0.6860127818	-0.0068601278
97.3461538462	-0.6879227519	-0.0068792275
97.3653846154	-0.6897326326	-0.0068973263
97.3846153846	-0.6914430133	-0.0069144301
97.4038461538	-0.6930544689	-0.0069305447
97.4230769231	-0.6945675505	-0.0069456755
97.4423076923	-0.6959827782	-0.0069598278
97.4615384615	-0.6973006325	-0.0069730063
97.4807692308	-0.6985215479	-0.0069852155
97.5000000000	-0.6996459068	-0.0069964591
97.5192307692	-0.7006740337	-0.0070067403
97.5384615385	-0.7016061907	-0.0070160619
97.5576923077	-0.7024425742	-0.0070244257
97.5769230769	-0.7031833118	-0.0070318331
97.5961538462	-0.7038284610	-0.0070382846
97.6153846154	-0.7043780078	-0.0070437801
97.6346153846	-0.7048318676	-0.0070483187
97.6538461538	-0.7051898861	-0.0070518989
97.6730769231	-0.7054518412	-0.0070545184
97.6923076923	-0.7056174467	-0.0070561745
97.7115384615	-0.7056863555	-0.0070568636
97.7307692308	-0.7056581652	-0.0070565817
97.7500000000	-0.7055324232	-0.0070553242
97.7692307692	-0.7053086331	-0.0070530863
97.7884615385	-0.7049862616	-0.0070498626
97.8076923077	-0.7045647462	-0.0070456475
97.8269230769	-0.7040435030	-0.0070404350
97.8461538462	-0.7034219352	-0.0070342194
97.8653846154	-0.7026994416	-0.0070269944
97.8846153846	-0.7018754254	-0.0070187543
97.9038461538	-0.7009493032	-0.0070094930
97.9230769231	-0.6999205138	-0.0069992051
97.9423076923	-0.6987885272	-0.0069878853
97.9615384615	-0.6975528527	-0.0069755285
97.9807692308	-0.6962130475	-0.0069621305
98.0000000000	-0.6947687242	-0.0069476872
98.0192307692	-0.6932195584	-0.0069321956
98.0384615385	-0.6915652954	-0.0069156530
98.0576923077	-0.6898057558	-0.0068980576
98.0769230769	-0.6879408417	-0.0068794084
98.0961538462	-0.6859705405	-0.0068597054
98.1153846154	-0.6838949288	-0.0068389493
98.1346153846	-0.6817141757	-0.0068171418
98.1538461538	-0.6794285441	-0.0067942854
98.1730769231	-0.6770383922	-0.0067703839
98.1923076923	-0.6745441735	-0.0067454417
98.2115384615	-0.6719464355	-0.0067194644
98.2307692308	-0.6692458186	-0.0066924582
98.2500000000	-0.6664430529	-0.0066644305
98.2692307692	-0.6635389549	-0.0066353895
98.2884615385	-0.6605344229	-0.0066053442
98.3076923077	-0.6574304318	-0.0065743043
98.3269230769	-0.6542280275	-0.0065422803
98.3461538462	-0.6509283197	-0.0065092832
98.3653846154	-0.6475324755	-0.0064753248
98.3846153846	-0.6440417111	-0.0064404171
98.4038461538	-0.6404572839	-0.0064045728
98.4230769231	-0.6367804841	-0.0063678048
98.4423076923	-0.6330126259	-0.0063301263
98.4615384615	-0.6291550391	-0.0062915504
98.4807692308	-0.6252090595	-0.0062520906
98.5000000000	-0.6211760207	-0.0062117602
98.5192307692	-0.6170572455	-0.0061705725
98.5384615385	-0.6128540368	-0.0061285404
98.5576923077	-0.6085676702	-0.0060856767
98.5769230769	-0.6041993864	-0.0060419939
98.5961538462	-0.5997503833	-0.0059975038
98.6153846154	-0.5952218104	-0.0059522181
98.6346153846	-0.5906147624	-0.0059061476
98.6538461538	-0.5859302740	-0.0058593027
98.6730769231	-0.5811693160	-0.0058116932
98.6923076923	-0.5763327912	-0.0057633279
98.7115384615	-0.5714215321	-0.0057142153
98.7307692308	-0.5664362989	-0.0056643630
98.7500000000	-0.5613777790	-0.0056137778
98.7692307692	-0.5562465866	-0.0055624659
98.7884615385	-0.5510432639	-0.0055104326
98.8076923077	-0.5457682831	-0.0054576828
98.8269230769	-0.5404220491	-0.0054042205
98.8461538462	-0.5350049029	-0.0053500490
98.8653846154	-0.5295171266	-0.0052951713
98.8846153846	-0.5239589480	-0.0052395895
98.9038461538	-0.5183305469	-0.0051833055
98.9230769231	-0.5126320616	-0.0051263206
98.9423076923	-0.5068635962	-0.0050686360
98.9615384615	-0.5010252278	-0.0050102523
98.9807692308	-0.4951170149	-0.0049511701
99.0000000000	-0.4891390057	-0.0048913901
99.0192307692	-0.4830912467	-0.0048309125
99.0384615385	-0.4769737911	-0.0047697379
99.0576923077	-0.4707867082	-0.0047078671
99.0769230769	-0.4645300914	-0.0046453009
99.0961538462	-0.4582040672	-0.0045820407
99.1153846154	-0.4518088033	-0.0045180880
99.1346153846	-0.4453445168	-0.0044534452
99.1538461538	-0.4388114811	-0.0043881148
99.1730769231	-0.4322100337	-0.0043221003
99.1923076923	-0.4255405823	-0.0042554058
99.2115384615	-0.4188036102	-0.0041880361
99.2307692308	-0.4119996822	-0.0041199968
99.2500000000	-0.4051294479	-0.0040512945
99.2692307692	-0.3981936460	-0.0039819365
99.2884615385	-0.3911931063	-0.0039119311
99.3076923077	-0.3841287518	-0.0038412875
99.3269230769	-0.3770015991	-0.0037700160
99.3461538462	-0.3698127586	-0.0036981276
99.3653846154	-0.3625634333	-0.0036256343
99.3846153846	-0.3552549167	-0.0035525492
99.4038461538	-0.3478885900	-0.0034788859
99.4230769231	-0.3404659185	-0.0034046592
99.4423076923	-0.3329884468	-0.0033298845
99.4615384615	-0.3254577935	-0.0032545779
99.4807692308	-0.3178756451	-0.0031787565
99.5000000000	-0.3102437494	-0.0031024375
99.5192307692	-0.3025639079	-0.0030256391
99.5384615385	-0.2948379678	-0.0029483797
99.5576923077	-0.2870678142	-0.0028706781
99.5769230769	-0.2792553609	-0.0027925536
99.5961538462	-0.2714025414	-0.0027140254
99.6153846154	-0.2635113005	-0.0026351130
99.6346153846	-0.2555835840	-0.0025558358
99.6538461538	-0.2476213304	-0.0024762133
99.6730769231	-0.2396264613	-0.0023962646
99.6923076923	-0.2316008728	-0.0023160087
99.7115384615	-0.2235464267	-0.0022354643
99.7307692308	-0.2154649423	-0.0021546494
99.7500000000	-0.2073581886	-0.0020735819
99.7692307692	-0.1992278774	-0.0019922788
99.7884615385	-0.1910756564	-0.0019107566
99.8076923077	-0.1829031031	-0.0018290310
99.8269230769	-0.1747117203	-0.0017471172
99.8461538462	-0.1665029310	-0.0016650293
99.8653846154	-0.1582780754	-0.0015827808
99.8846153846	-0.1500384080	-0.0015003841
99.9038461538	-0.1417850958	-0.0014178510
99.9230769231	-0.1335192179	-0.0013351922
99.9423076923	-0.1252417650	-0.0012524176
99.9615384615	-0.1169536409	-0.0011695364
99.9807692308	-0.1086556642	-0.0010865566
100.0000000000	-0.1003485715	-0.0010034857
