# time	x_num	v_num	x_ana	v_ana
0.0000000000	12.5000000000	0.0707106781	12.5000000000	0.0707106781
0.0192307692	12.5013548634	0.0707106781	12.5013597876	0.0707055163
0.0384615385	12.5027095302	0.0707004079	12.5027193768	0.0706900316
0.0576923077	12.5040638034	0.0706798656	12.5040785689	0.0706642263
0.0769230769	12.5054174863	0.0706490506	12.5054371655	0.0706281041
0.0961538462	12.5067703820	0.0706079638	12.5067949683	0.0705816703
0.1153846154	12.5081222936	0.0705566078	12.5081517791	0.0705249318
0.1346153846	12.5094730246	0.0704949866	12.5095073997	0.0704578967
0.1538461538	12.5108223784	0.0704231057	12.5108616322	0.0703805748
0.1730769231	12.5121701583	0.0703409721	12.5122142790	0.0702929776
0.1923076923	12.5135161682	0.0702485943	12.5135651425	0.0701951177
0.2115384615	12.5148602120	0.0701459824	12.5149140255	0.0700870094
0.2307692308	12.5162020937	0.0700331478	12.5162607311	0.0699686685
0.2500000000	12.5175416177	0.0699101037	12.5176050627	0.0698401123
0.2692307692	12.5188785888	0.0697768647	12.5189468239	0.0697013596
0.2884615385	12.5202128118	0.0696334467	12.5202858190	0.0695524306
0.3076923077	12.5215440922	0.0694798675	12.5216218523	0.0693933471
0.3269230769	12.5228722356	0.0693161460	12.5229547289	0.0692241323
0.3461538462	12.5241970481	0.0691423028	12.5242842541	0.0690448108
0.3653846154	12.5255183363	0.0689583601	12.5256102339	0.0688554090
0.3846153846	12.5268359072	0.0687643414	12.5269324747	0.0686559543
0.4038461538	12.5281495684	0.0685602716	12.5282507833	0.0684464760
0.4230769231	12.5294591279	0.0683461772	12.5295649674	0.0682270047
0.4423076923	12.5307643944	0.0681220861	12.5308748350	0.0679975723
0.4615384615	12.5320651771	0.0678880277	12.5321801950	0.0677582124
0.4807692308	12.5333612858	0.0676440327	12.5334808567	0.0675089599
0.5000000000	12.5346525312	0.0673901332	12.5347766303	0.0672498512
0.5192307692	12.5359387245	0.0671263627	12.5360673265	0.0669809241
0.5384615385	12.5372196775	0.0668527562	12.5373527570	0.0667022180
0.5576923077	12.5384952030	0.0665693498	12.5386327340	0.0664137734
0.5769230769	12.5397651145	0.0662761811	12.5399070707	0.0661156326
0.5961538462	12.5410292263	0.0659732889	12.5411755811	0.0658078389
0.6153846154	12.5422873536	0.0656607134	12.5424380798	0.0654904375
0.6346153846	12.5435393123	0.0653384959	12.5436943827	0.0651634745
0.6538461538	12.5447849195	0.0650066791	12.5449443063	0.0648269978
0.6730769231	12.5460239929	0.0646653068	12.5461876681	0.0644810565
0.6923076923	12.5472563515	0.0643144242	12.5474242866	0.0641257010
0.7115384615	12.5484818149	0.0639540775	12.5486539812	0.0637609833
0.7307692308	12.5497002040	0.0635843143	12.5498765725	0.0633869566
0.7500000000	12.5509113408	0.0632051831	12.5510918818	0.0630036755
0.7692307692	12.5521150480	0.0628167339	12.5522997318	0.0626111960
0.7884615385	12.5533111497	0.0624190177	12.5534999461	0.0622095754
0.8076923077	12.5544994710	0.0620120866	12.5546923495	0.0617988722
0.8269230769	12.5556798381	0.0615959941	12.5558767680	0.0613791466
0.8461538462	12.5568520785	0.0611707948	12.5570530285	0.0609504597
0.8653846154	12.5580160207	0.0607365444	12.5582209594	0.0605128741
0.8846153846	12.5591714945	0.0602933001	12.5593803901	0.0600664537
0.9038461538	12.5603183308	0.0598411200	12.5605311514	0.0596112638
0.9230769231	12.5614563619	0.0593800638	12.5616730752	0.0591473707
0.9423076923	12.5625854213	0.0589101924	12.5628059949	0.0586748422
0.9615384615	12.5637053437	0.0584315679	12.5639297450	0.0581937472
0.9807692308	12.5648159652	0.0579442541	12.5650441615	0.0577041561
1.0000000000	12.5659171231	0.0574483160	12.5661490816	0.0572061403
1.0192307692	12.5670086562	0.0569438202	12.5672443441	0.0566997725
1.0384615385	12.5680904044	0.0564308350	12.5683297890	0.0561851266
1.0576923077	12.5691622093	0.0559094300	12.5694052579	0.0556622777
1.0769230769	12.5702239137	0.0553796767	12.5704705938	0.0551313023
1.0961538462	12.5712753617	0.0548416483	12.5715256410	0.0545922778
1.1153846154	12.5723163991	0.0542954199	12.5725702457	0.0540452829
1.1346153846	12.5733468729	0.0537410684	12.5736042552	0.0534903975
1.1538461538	12.5743666317	0.0531786726	12.5746275186	0.0529277026
1.1730769231	12.5753755256	0.0526083135	12.5756398865	0.0523572803
1.1923076923	12.5763734062	0.0520300741	12.5766412112	0.0517792140
1.2115384615	12.5773601266	0.0514440396	12.5776313463	0.0511935880
1.2307692308	12.5783355415	0.0508502974	12.5786101474	0.0506004878
1.2500000000	12.5792995071	0.0502489373	12.5795774715	0.0500000000
1.2692307692	12.5802518813	0.0496400514	12.5805331775	0.0493922123
1.2884615385	12.5811925236	0.0490237343	12.5814771258	0.0487772134
1.3076923077	12.5821212952	0.0484000828	12.5824091785	0.0481550932
1.3269230769	12.5830380590	0.0477691966	12.5833291997	0.0475259424
1.3461538462	12.5839426794	0.0471311777	12.5842370549	0.0468898528
1.3653846154	12.5848350229	0.0464861307	12.5851326117	0.0462469175
1.3846153846	12.5857149575	0.0458341628	12.5860157392	0.0455972301
1.4038461538	12.5865823532	0.0451753838	12.5868863086	0.0449408857
1.4230769231	12.5874370816	0.0445099060	12.5877441928	0.0442779799
1.4423076923	12.5882790163	0.0438378444	12.5885892664	0.0436086097
1.4615384615	12.5891080330	0.0431593163	12.5894214062	0.0429328727
1.4807692308	12.5899240091	0.0424744417	12.5902404906	0.0422508675
1.5000000000	12.5907268239	0.0417833428	12.5910464000	0.0415626938
1.5192307692	12.5915163589	0.0410861443	12.5918390168	0.0408684520
1.5384615385	12.5922924976	0.0403829731	12.5926182253	0.0401682435
1.5576923077	12.5930551256	0.0396739582	12.5933839117	0.0394621704
1.5769230769	12.5938041305	0.0389592306	12.5941359642	0.0387503360
1.5961538462	12.5945394020	0.0382389233	12.5948742729	0.0380328441
1.6153846154	12.5952608322	0.0375131710	12.5955987303	0.0373097995
1.6346153846	12.5959683153	0.0367821099	12.5963092303	0.0365813077
1.6538461538	12.5966617477	0.0360458777	12.5970056694	0.0358474750
1.6730769231	12.5973410280	0.0353046134	12.5976879458	0.0351084088
1.6923076923	12.5980060572	0.0345584569	12.5983559599	0.0343642167
1.7115384615	12.5986567387	0.0338075491	12.5990096143	0.0336150075
1.7307692308	12.5992929782	0.0330520312	12.5996488134	0.0328608906
1.7500000000	12.5999146836	0.0322920453	12.6002734639	0.0321019761
1.7692307692	12.6005217655	0.0315277332	12.6008834747	0.0313383747
1.7884615385	12.6011141367	0.0307592369	12.6014787567	0.0305701980
1.8076923077	12.6016917126	0.0299866981	12.6020592230	0.0297975581
1.8269230769	12.6022544109	0.0292102578	12.6026247888	0.0290205678
1.8461538462	12.6028021519	0.0284300565	12.6031753715	0.0282393405
1.8653846154	12.6033348583	0.0276462335	12.6037108908	0.0274539904
1.8846153846	12.6038524554	0.0268589271	12.6042312685	0.0266646320
1.9038461538	12.6043548710	0.0260682738	12.6047364286	0.0258713806
1.9230769231	12.6048420353	0.0252744088	12.6052262974	0.0250743520
1.9423076923	12.6053138811	0.0244774652	12.6057008033	0.0242736627
1.9615384615	12.6057703437	0.0236775742	12.6061598771	0.0234694294
1.9807692308	12.6062113609	0.0228748646	12.6066034517	0.0226617696
2.0000000000	12.6066368729	0.0220694631	12.6070314624	0.0218508012
2.0192307692	12.6070468228	0.0212614933	12.6074438467	0.0210366427
2.0384615385	12.6074411556	0.0204510767	12.6078405444	0.0202194128
2.0576923077	12.6078198192	0.0196383317	12.6082214975	0.0193992310
2.0769230769	12.6081827638	0.0188233737	12.6085866505	0.0185762169
2.0961538462	12.6085299422	0.0180063154	12.6089359500	0.0177504907
2.1153846154	12.6088613094	0.0171872664	12.6092693450	0.0169221729
2.1346153846	12.6091768229	0.0163663331	12.6095867869	0.0160913846
2.1538461538	12.6094764427	0.0155436191	12.6098882294	0.0152582469
2.1730769231	12.6097601310	0.0147192249	12.6101736283	0.0144228815
2.1923076923	12.6100278525	0.0138932479	12.6104429421	0.0135854105
2.2115384615	12.6102795741	0.0130657828	12.6106961314	0.0127459560
2.2307692308	12.6105152649	0.0122369214	12.6109331592	0.0119046406
2.2500000000	12.6107348965	0.0114067529	12.6111539910	0.0110615871
2.2692307692	12.6109384427	0.0105753639	12.6113585945	0.0102169187
2.2884615385	12.6111258793	0.0097428387	12.6115469399	0.0093707586
2.3076923077	12.6112971844	0.0089092593	12.6117189996	0.0085232304
2.3269230769	12.6114523385	0.0080747061	12.6118747485	0.0076744578
2.3461538462	12.6115913238	0.0072392572	12.6120141638	0.0068245648
2.3653846154	12.6117141250	0.0064029898	12.6121372253	0.0059736754
2.3846153846	12.6118207287	0.0055659794	12.6122439150	0.0051219138
2.4038461538	12.6119111237	0.0047283008	12.6123342172	0.0042694045
2.4230769231	12.6119853006	0.0038900282	12.6124081189	0.0034162718
2.4423076923	12.6120432524	0.0030512351	12.6124656091	0.0025626404
2.4615384615	12.6120849738	0.0022119953	12.6125066796	0.0017086348
2.4807692308	12.6121104618	0.0013723825	12.6125313242	0.0008543798
2.5000000000	12.6121197152	0.0005324713	12.6125395395	0.0000000000
2.5192307692	12.6121127348	-0.0003076631	12.6125313242	-0.0008543798
2.5384615385	12.6120895236	-0.0011479445	12.6125066796	-0.0017086348
2.5576923077	12.6120500862	-0.0019882948	12.6124656091	-0.0025626404
2.5769230769	12.6119944296	-0.0028286345	12.6124081189	-0.0034162718
2.5961538462	12.6119225626	-0.0036688821	12.6123342172	-0.0042694045
2.6153846154	12.6118344959	-0.0045089537	12.6122439150	-0.0051219138
2.6346153846	12.6117302423	-0.0053487629	12.6121372253	-0.0059736754
2.6538461538	12.6116098167	-0.0061882206	12.6120141638	-0.0068245648
2.6730769231	12.6114732359	-0.0070272347	12.6118747485	-0.0076744578
2.6923076923	12.6113205186	-0.0078657100	12.6117189996	-0.0085232304
2.7115384615	12.6111516859	-0.0087035480	12.6115469399	-0.0093707586
2.7307692308	12.6109667607	-0.0095406468	12.6113585945	-0.0102169187
2.7500000000	12.6107657681	-0.0103769007	12.6111539910	-0.0110615871
2.7692307692	12.6105487352	-0.0112122007	12.6109331592	-0.0119046406
2.7884615385	12.6103156913	-0.0120464339	12.6106961314	-0.0127459560
2.8076923077	12.6100666679	-0.0128794839	12.6104429421	-0.0135854105
2.8269230769	12.6098016987	-0.0137112304	12.6101736283	-0.0144228815
2.8461538462	12.6095208194	-0.0145415494	12.6098882294	-0.0152582469
2.8653846154	12.6092240681	-0.0153703137	12.6095867869	-0.0160913846
2.8846153846	12.6089114851	-0.0161973921	12.6092693450	-0.0169221729
2.9038461538	12.6085831130	-0.0170226505	12.6089359500	-0.0177504907
2.9230769231	12.6082389968	-0.0178459514	12.6085866505	-0.0185762169
2.9423076923	12.6078791836	-0.0186671541	12.6082214975	-0.0193992310
2.9615384615	12.6075037230	-0.0194861156	12.6078405444	-0.0202194128
2.9807692308	12.6071126669	-0.0203026898	12.6074438467	-0.0210366427
3.0000000000	12.6067060697	-0.0211167287	12.6070314624	-0.0218508012
3.0192307692	12.6062839880	-0.0219280821	12.6066034517	-0.0226617696
3.0384615385	12.6058464811	-0.0227365981	12.6061598771	-0.0234694294
3.0576923077	12.6053936105	-0.0235421235	12.6057008033	-0.0242736627
3.0769230769	12.6049254402	-0.0243445040	12.6052262974	-0.0250743520
3.0961538462	12.6044420368	-0.0251435845	12.6047364286	-0.0258713806
3.1153846154	12.6039434690	-0.0259392096	12.6042312685	-0.0266646320
3.1346153846	12.6034298085	-0.0267312239	12.6037108908	-0.0274539904
3.1538461538	12.6029011289	-0.0275194722	12.6031753715	-0.0282393405
3.1730769231	12.6023575067	-0.0283038003	12.6026247888	-0.0290205678
3.1923076923	12.6017990205	-0.0290840547	12.6020592230	-0.0297975581
3.2115384615	12.6012257516	-0.0298600836	12.6014787567	-0.0305701980
3.2307692308	12.6006377836	-0.0306317368	12.6008834747	-0.0313383747
3.2500000000	12.6000352025	-0.0313988663	12.6002734639	-0.0321019761
3.2692307692	12.5994180967	-0.0321613264	12.5996488134	-0.0328608906
3.2884615385	12.5987865570	-0.0329189741	12.5990096143	-0.0336150075
3.3076923077	12.5981406766	-0.0336716693	12.5983559599	-0.0343642167
3.3269230769	12.5974805507	-0.0344192753	12.5976879458	-0.0351084088
3.3461538462	12.5968062773	-0.0351616589	12.5970056694	-0.0358474750
3.3653846154	12.5961179561	-0.0358986903	12.5963092303	-0.0365813077
3.3846153846	12.5954156893	-0.0366302437	12.5955987303	-0.0373097995
3.4038461538	12.5946995813	-0.0373561975	12.5948742729	-0.0380328441
3.4230769231	12.5939697385	-0.0380764339	12.5941359642	-0.0387503360
3.4423076923	12.5932262694	-0.0387908394	12.5933839117	-0.0394621704
3.4615384615	12.5924692846	-0.0394993050	12.5926182253	-0.0401682435
3.4807692308	12.5916988966	-0.0402017258	12.5918390168	-0.0408684520
3.5000000000	12.5909152200	-0.0408980013	12.5910464000	-0.0415626938
3.5192307692	12.5901183711	-0.0415880351	12.5902404906	-0.0422508675
3.5384615385	12.5893084683	-0.0422717353	12.5894214062	-0.0429328727
3.5576923077	12.5884856315	-0.0429490138	12.5885892664	-0.0436086097
3.5769230769	12.5876499827	-0.0436197868	12.5877441928	-0.0442779799
3.5961538462	12.5868016454	-0.0442839741	12.5868863086	-0.0449408857
3.6153846154	12.5859407449	-0.0449414991	12.5860157392	-0.0455972301
3.6346153846	12.5850674079	-0.0455922891	12.5851326117	-0.0462469175
3.6538461538	12.5841817630	-0.0462362741	12.5842370549	-0.0468898528
3.6730769231	12.5832839401	-0.0468733873	12.5833291997	-0.0475259424
3.6923076923	12.5823740707	-0.0475035648	12.5824091785	-0.0481550932
3.7115384615	12.5814522878	-0.0481267449	12.5814771258	-0.0487772134
3.7307692308	12.5805187257	-0.0487428682	12.5805331775	-0.0493922123
3.7500000000	12.5795735203	-0.0493518770	12.5795774715	-0.0500000000
3.7692307692	12.5786168087	-0.0499537154	12.5786101474	-0.0506004878
3.7884615385	12.5776487294	-0.0505483285	12.5776313463	-0.0511935880
3.8076923077	12.5766694222	-0.0511356626	12.5766412112	-0.0517792140
3.8269230769	12.5756790282	-0.0517156642	12.5756398865	-0.0523572803
3.8461538462	12.5746776897	-0.0522882807	12.5746275186	-0.0529277026
3.8653846154	12.5736655504	-0.0528534589	12.5736042552	-0.0534903975
3.8846153846	12.5726427551	-0.0534111458	12.5725702457	-0.0540452829
3.9038461538	12.5716094499	-0.0539612876	12.5715256410	-0.0545922778
3.9230769231	12.5705657820	-0.0545038299	12.5704705938	-0.0551313023
3.9423076923	12.5695119000	-0.0550387172	12.5694052579	-0.0556622777
3.9615384615	12.5684479534	-0.0555658926	12.5683297890	-0.0561851266
3.9807692308	12.5673740933	-0.0560852979	12.5672443441	-0.0566997725
4.0000000000	12.5662904716	-0.0565968734	12.5661490816	-0.0572061403
4.0192307692	12.5651972417	-0.0571005575	12.5650441615	-0.0577041561
4.0384615385	12.5640945579	-0.0575962866	12.5639297450	-0.0581937472
4.0576923077	12.5629825759	-0.0580839954	12.5628059949	-0.0586748422
4.0769230769	12.5618614526	-0.0585636166	12.5616730752	-0.0591473707
4.0961538462	12.5607313460	-0.0590350805	12.5605311514	-0.0596112638
4.1153846154	12.5595924154	-0.0594983158	12.5593803901	-0.0600664537
4.1346153846	12.5584448212	-0.0599532489	12.5582209594	-0.0605128741
4.1538461538	12.5572887252	-0.0603998045	12.5570530285	-0.0609504597
4.1730769231	12.5561242902	-0.0608379053	12.5558767680	-0.0613791466
4.1923076923	12.5549516805	-0.0612674724	12.5546923495	-0.0617988722
4.2115384615	12.5537710613	-0.0616884251	12.5534999461	-0.0622095754
4.2307692308	12.5525825994	-0.0621006818	12.5522997318	-0.0626111960
4.2500000000	12.5513864625	-0.0625041592	12.5510918818	-0.0630036755
4.2692307692	12.5501828198	-0.0628987735	12.5498765725	-0.0633869566
4.2884615385	12.5489718416	-0.0632844400	12.5486539812	-0.0637609833
4.3076923077	12.5477536995	-0.0636610735	12.5474242866	-0.0641257010
4.3269230769	12.5465285663	-0.0640285890	12.5461876681	-0.0644810565
4.3461538462	12.5452966160	-0.0643869013	12.5449443063	-0.0648269978
4.3653846154	12.5440580238	-0.0647359260	12.5436943827	-0.0651634745
4.3846153846	12.5428129662	-0.0650755793	12.5424380798	-0.0654904375
4.4038461538	12.5415616208	-0.0654057786	12.5411755811	-0.0658078389
4.4230769231	12.5403041663	-0.0657264430	12.5399070707	-0.0661156326
4.4423076923	12.5390407827	-0.0660374931	12.5386327340	-0.0664137734
4.4615384615	12.5377716510	-0.0663388518	12.5373527570	-0.0667022180
4.4807692308	12.5364969534	-0.0666304444	12.5360673265	-0.0669809241
4.5000000000	12.5352168730	-0.0669121992	12.5347766303	-0.0672498512
4.5192307692	12.5339315941	-0.0671840473	12.5334808567	-0.0675089599
4.5384615385	12.5326413019	-0.0674459233	12.5321801950	-0.0677582124
4.5576923077	12.5313461827	-0.0676977656	12.5308748350	-0.0679975723
4.5769230769	12.5300464235	-0.0679395163	12.5295649674	-0.0682270047
4.5961538462	12.5287422123	-0.0681711217	12.5282507833	-0.0684464760
4.6153846154	12.5274337380	-0.0683925326	12.5269324747	-0.0686559543
4.6346153846	12.5261211903	-0.0686037042	12.5256102339	-0.0688554090
4.6538461538	12.5248047594	-0.0688045964	12.5242842541	-0.0690448108
4.6730769231	12.5234846366	-0.0689951739	12.5229547289	-0.0692241323
4.6923076923	12.5221610134	-0.0691754065	12.5216218523	-0.0693933471
4.7115384615	12.5208340822	-0.0693452689	12.5202858190	-0.0695524306
4.7307692308	12.5195040359	-0.0695047407	12.5189468239	-0.0697013596
4.7500000000	12.5181710677	-0.0696538068	12.5176050627	-0.0698401123
4.7692307692	12.5168353716	-0.0697924567	12.5162607311	-0.0699686685
4.7884615385	12.5154971417	-0.0699206854	12.5149140255	-0.0700870094
4.8076923077	12.5141565724	-0.0700384921	12.5135651425	-0.0701951177
4.8269230769	12.5128138587	-0.0701458814	12.5122142790	-0.0702929776
4.8461538462	12.5114691954	-0.0702428619	12.5108616322	-0.0703805748
4.8653846154	12.5101227778	-0.0703294470	12.5095073997	-0.0704578967
4.8846153846	12.5087748012	-0.0704056541	12.5081517791	-0.0705249318
4.9038461538	12.5074254611	-0.0704715046	12.5067949683	-0.0705816703
4.9230769231	12.5060749530	-0.0705270236	12.5054371655	-0.0706281041
4.9423076923	12.5047234722	-0.0705722395	12.5040785689	-0.0706642263
4.9615384615	12.5033712142	-0.0706071841	12.5027193768	-0.0706900316
4.9807692308	12.5020183744	-0.0706318917	12.5013597876	-0.0707055163
5.0000000000	12.5006651479	-0.0706463993	12.5000000000	-0.0707106781
5.0192307692	12.4993117299	-0.0706507459	12.4986402124	-0.0707055163
5.0384615385	12.4979583152	-0.0706449724	12.4972806232	-0.0706900316
5.0576923077	12.4966050985	-0.0706291210	12.4959214311	-0.0706642263
5.0769230769	12.4952522742	-0.0706032352	12.4945628345	-0.0706281041
5.0961538462	12.4939000366	-0.0705673589	12.4932050317	-0.0705816703
5.1153846154	12.4925485794	-0.0705215367	12.4918482209	-0.0705249318
5.1346153846	12.4911980964	-0.0704658131	12.4904926003	-0.0704578967
5.1538461538	12.4898487808	-0.0704002322	12.4891383678	-0.0703805748
5.1730769231	12.4885008255	-0.0703248376	12.4877857210	-0.0702929776
5.1923076923	12.4871544233	-0.0702396720	12.4864348575	-0.0701951177
5.2115384615	12.4858097663	-0.0701447766	12.4850859745	-0.0700870094
5.2307692308	12.4844670466	-0.0700401915	12.4837392689	-0.0699686685
5.2500000000	12.4831264557	-0.0699259546	12.4823949373	-0.0698401123
5.2692307692	12.4817881848	-0.0698021021	12.4810531761	-0.0697013596
5.2884615385	12.4804524249	-0.0696686680	12.4797141810	-0.0695524306
5.3076923077	12.4791193665	-0.0695256839	12.4783781477	-0.0693933471
5.3269230769	12.4777891998	-0.0693731789	12.4770452711	-0.0692241323
5.3461538462	12.4764621146	-0.0692111794	12.4757157459	-0.0690448108
5.3653846154	12.4751383004	-0.0690397093	12.4743897661	-0.0688554090
5.3846153846	12.4738179465	-0.0688587895	12.4730675253	-0.0686559543
5.4038461538	12.4725012416	-0.0686684385	12.4717492167	-0.0684464760
5.4230769231	12.4711883743	-0.0684686717	12.4704350326	-0.0682270047
5.4423076923	12.4698795327	-0.0682595020	12.4691251650	-0.0679975723
5.4615384615	12.4685749048	-0.0680409395	12.4678198050	-0.0677582124
5.4807692308	12.4672746780	-0.0678129920	12.4665191433	-0.0675089599
5.5000000000	12.4659790397	-0.0675756649	12.4652233697	-0.0672498512
5.5192307692	12.4646881767	-0.0673289612	12.4639326735	-0.0669809241
5.5384615385	12.4634022755	-0.0670728821	12.4626472430	-0.0667022180
5.5576923077	12.4621215226	-0.0668074268	12.4613672660	-0.0664137734
5.5769230769	12.4608461037	-0.0665325932	12.4600929293	-0.0661156326
5.5961538462	12.4595762045	-0.0662483779	12.4588244189	-0.0658078389
5.6153846154	12.4583120102	-0.0659547762	12.4575619202	-0.0654904375
5.6346153846	12.4570537056	-0.0656517832	12.4563056173	-0.0651634745
5.6538461538	12.4558014752	-0.0653393933	12.4550556937	-0.0648269978
5.6730769231	12.4545555031	-0.0650176009	12.4538123319	-0.0644810565
5.6923076923	12.4533159728	-0.0646864009	12.4525757134	-0.0641257010
5.7115384615	12.4520830675	-0.0643457888	12.4513460188	-0.0637609833
5.7307692308	12.4508569698	-0.0639957609	12.4501234275	-0.0633869566
5.7500000000	12.4496378620	-0.0636363154	12.4489081182	-0.0630036755
5.7692307692	12.4484259254	-0.0632674516	12.4477002682	-0.0626111960
5.7884615385	12.4472213411	-0.0628891714	12.4465000539	-0.0622095754
5.8076923077	12.4460242894	-0.0625014788	12.4453076505	-0.0617988722
5.8269230769	12.4448349499	-0.0621043808	12.4441232320	-0.0613791466
5.8461538462	12.4436535015	-0.0616978874	12.4429469715	-0.0609504597
5.8653846154	12.4424801223	-0.0612820118	12.4417790406	-0.0605128741
5.8846153846	12.4413149894	-0.0608567712	12.4406196099	-0.0600664537
5.9038461538	12.4401582794	-0.0604221865	12.4394688486	-0.0596112638
5.9230769231	12.4390101674	-0.0599782830	12.4383269248	-0.0591473707
5.9423076923	12.4378708279	-0.0595250903	12.4371940051	-0.0586748422
5.9615384615	12.4367404342	-0.0590626427	12.4360702550	-0.0581937472
5.9807692308	12.4356191585	-0.0585909792	12.4349558385	-0.0577041561
6.0000000000	12.4345071716	-0.0581101438	12.4338509184	-0.0572061403
6.0192307692	12.4334046432	-0.0576201858	12.4327556559	-0.0566997725
6.0384615385	12.4323117419	-0.0571211592	12.4316702110	-0.0561851266
6.0576923077	12.4312286343	-0.0566131238	12.4305947421	-0.0556622777
6.0769230769	12.4301554862	-0.0560961442	12.4295294062	-0.0551313023
6.0961538462	12.4290924615	-0.0555702906	12.4284743590	-0.0545922778
6.1153846154	12.4280397226	-0.0550356382	12.4274297543	-0.0540452829
6.1346153846	12.4269974303	-0.0544922675	12.4263957448	-0.0534903975
6.1538461538	12.4259657436	-0.0539402641	12.4253724814	-0.0529277026
6.1730769231	12.4249448199	-0.0533797188	12.4243601135	-0.0523572803
6.1923076923	12.4239348146	-0.0528107268	12.4233587888	-0.0517792140
6.2115384615	12.4229358815	-0.0522333886	12.4223686537	-0.0511935880
6.2307692308	12.4219481721	-0.0516478087	12.4213898526	-0.0506004878
6.2500000000	12.4209718364	-0.0510540962	12.4204225285	-0.0500000000
6.2692307692	12.4200070220	-0.0504523644	12.4194668225	-0.0493922123
6.2884615385	12.4190538746	-0.0498427301	12.4185228742	-0.0487772134
6.3076923077	12.4181125379	-0.0492253140	12.4175908215	-0.0481550932
6.3269230769	12.4171831532	-0.0486002401	12.4166708003	-0.0475259424
6.3461538462	12.4162658600	-0.0479676352	12.4157629451	-0.0468898528
6.3653846154	12.4153607953	-0.0473276292	12.4148673883	-0.0462469175
6.3846153846	12.4144680940	-0.0466803543	12.4139842608	-0.0455972301
6.4038461538	12.4135878888	-0.0460259447	12.4131136914	-0.0449408857
6.4230769231	12.4127203102	-0.0453645366	12.4122558072	-0.0442779799
6.4423076923	12.4118654861	-0.0446962679	12.4114107336	-0.0436086097
6.4615384615	12.4110235426	-0.0440212774	12.4105785938	-0.0429328727
6.4807692308	12.4101946032	-0.0433397050	12.4097595094	-0.0422508675
6.5000000000	12.4093787891	-0.0426516914	12.4089536000	-0.0415626938
6.5192307692	12.4085762193	-0.0419573775	12.4081609832	-0.0408684520
6.5384615385	12.4077870105	-0.0412569042	12.4073817747	-0.0401682435
6.5576923077	12.4070112770	-0.0405504125	12.4066160883	-0.0394621704
6.5769230769	12.4062491309	-0.0398380428	12.4058640358	-0.0387503360
6.5961538462	12.4055006821	-0.0391199350	12.4051257271	-0.0380328441
6.6153846154	12.4047660379	-0.0383962280	12.4044012697	-0.0373097995
6.6346153846	12.4040453037	-0.0376670599	12.4036907697	-0.0365813077
6.6538461538	12.4033385825	-0.0369325672	12.4029943306	-0.0358474750
6.6730769231	12.4026459750	-0.0361928855	12.4023120542	-0.0351084088
6.6923076923	12.4019675798	-0.0354481485	12.4016440401	-0.0343642167
6.7115384615	12.4013034933	-0.0346984886	12.4009903857	-0.0336150075
6.7307692308	12.4006538096	-0.0339440363	12.4003511866	-0.0328608906
6.7500000000	12.4000186207	-0.0331849204	12.3997265361	-0.0321019761
6.7692307692	12.3993980165	-0.0324212678	12.3991165253	-0.0313383747
6.7884615385	12.3987920846	-0.0316532037	12.3985212433	-0.0305701980
6.8076923077	12.3982009106	-0.0308808514	12.3979407770	-0.0297975581
6.8269230769	12.3976245781	-0.0301043323	12.3973752112	-0.0290205678
6.8461538462	12.3970631684	-0.0293237660	12.3968246285	-0.0282393405
6.8653846154	12.3965167609	-0.0285392703	12.3962891092	-0.0274539904
6.8846153846	12.3959854327	-0.0277509614	12.3957687315	-0.0266646320
6.9038461538	12.3954692591	-0.0269589539	12.3952635714	-0.0258713806
6.9230769231	12.3949683133	-0.0261633608	12.3947737026	-0.0250743520
6.9423076923	12.3944826663	-0.0253642938	12.3942991967	-0.0242736627
6.9615384615	12.3940123872	-0.0245618631	12.3938401229	-0.0234694294
6.9807692308	12.3935575430	-0.0237561780	12.3933965483	-0.0226617696
7.0000000000	12.3931181988	-0.0229473466	12.3929685376	-0.0218508012
7.0192307692	12.3926944175	-0.0221354762	12.3925561533	-0.0210366427
7.0384615385	12.3922862600	-0.0213206735	12.3921594556	-0.0202194128
7.0576923077	12.3918937852	-0.0205030443	12.3917785025	-0.0193992310
7.0769230769	12.3915170499	-0.0196826944	12.3914133495	-0.0185762169
7.0961538462	12.3911561087	-0.0188597291	12.3910640500	-0.0177504907
7.1153846154	12.3908110144	-0.0180342536	12.3907306550	-0.0169221729
7.1346153846	12.3904818176	-0.0172063731	12.3904132131	-0.0160913846
7.1538461538	12.3901685665	-0.0163761931	12.3901117706	-0.0152582469
7.1730769231	12.3898713075	-0.0155438194	12.3898263717	-0.0144228815
7.1923076923	12.3895900847	-0.0147093583	12.3895570579	-0.0135854105
7.2115384615	12.3893249401	-0.0138729166	12.3893038686	-0.0127459560
7.2307692308	12.3890759133	-0.0130346017	12.3890668408	-0.0119046406
7.2500000000	12.3888430419	-0.0121945220	12.3888460090	-0.0110615871
7.2692307692	12.3886263610	-0.0113527866	12.3886414055	-0.0102169187
7.2884615385	12.3884259036	-0.0105095058	12.3884530601	-0.0093707586
7.3076923077	12.3882417004	-0.0096647906	12.3882810004	-0.0085232304
7.3269230769	12.3880737794	-0.0088187534	12.3881252515	-0.0076744578
7.3461538462	12.3879221667	-0.0079715075	12.3879858362	-0.0068245648
7.3653846154	12.3877868857	-0.0071231675	12.3878627747	-0.0059736754
7.3846153846	12.3876679575	-0.0062738490	12.3877560850	-0.0051219138
7.4038461538	12.3875654007	-0.0054236689	12.3876657828	-0.0042694045
7.4230769231	12.3874792313	-0.0045727452	12.3875918811	-0.0034162718
7.4423076923	12.3874094630	-0.0037211970	12.3875343909	-0.0025626404
7.4615384615	12.3873561068	-0.0028691444	12.3874933204	-0.0017086348
7.4807692308	12.3873191712	-0.0020167087	12.3874686758	-0.0008543798
7.5000000000	12.3872986622	-0.0011640120	12.3874604605	-0.0000000000
7.5192307692	12.3872945830	-0.0003111774	12.3874686758	0.0008543798
7.5384615385	12.3873069345	0.0005416711	12.3874933204	0.0017086348
7.5576923077	12.3873357146	0.0013944090	12.3875343909	0.0025626404
7.5769230769	12.3873809189	0.0022469111	12.3875918811	0.0034162718
7.5961538462	12.3874425401	0.0030990515	12.3876657828	0.0042694045
7.6153846154	12.3875205684	0.0039507041	12.3877560850	0.0051219138
7.6346153846	12.3876149914	0.0048017423	12.3878627747	0.0059736754
7.6538461538	12.3877257937	0.0056520394	12.3879858362	0.0068245648
7.6730769231	12.3878529577	0.0065014687	12.3881252515	0.0076744578
7.6923076923	12.3879964627	0.0073499033	12.3882810004	0.0085232304
7.7115384615	12.3881562858	0.0081972166	12.3884530601	0.0093707586
7.7307692308	12.3883324011	0.0090432822	12.3886414055	0.0102169187
7.7500000000	12.3885247801	0.0098879741	12.3888460090	0.0110615871
7.7692307692	12.3887333920	0.0107311666	12.3890668408	0.0119046406
7.7884615385	12.3889582031	0.0115727349	12.3893038686	0.0127459560
7.8076923077	12.3891991772	0.0124125545	12.3895570579	0.0135854105
7.8269230769	12.3894562755	0.0132505017	12.3898263717	0.0144228815
7.8461538462	12.3897294569	0.0140864538	12.3901117706	0.0152582469
7.8653846154	12.3900186774	0.0149202887	12.3904132131	0.0160913846
7.8846153846	12.3903238908	0.0157518855	12.3907306550	0.0169221729
7.9038461538	12.3906450485	0.0165811242	12.3910640500	0.0177504907
7.9230769231	12.3909820993	0.0174078858	12.3914133495	0.0185762169
7.9423076923	12.3913349896	0.0182320522	12.3917785025	0.0193992310
7.9615384615	12.3917036636	0.0190535068	12.3921594556	0.0202194128
7.9807692308	12.3920880631	0.0198721337	12.3925561533	0.0210366427
8.0000000000	12.3924881275	0.0206878183	12.3929685376	0.0218508012
8.0192307692	12.3929037941	0.0215004470	12.3933965483	0.0226617696
8.0384615385	12.3933349979	0.0223099073	12.3938401229	0.0234694294
8.0576923077	12.3937816718	0.0231160878	12.3942991967	0.0242736627
8.0769230769	12.3942437464	0.0239188780	12.3947737026	0.0250743520
8.0961538462	12.3947211502	0.0247181686	12.3952635714	0.0258713806
8.1153846154	12.3952138098	0.0255138509	12.3957687315	0.0266646320
8.1346153846	12.3957216495	0.0263058172	12.3962891092	0.0274539904
8.1538461538	12.3962445916	0.0270939607	12.3968246285	0.0282393405
8.1730769231	12.3967825566	0.0278781752	12.3973752112	0.0290205678
8.1923076923	12.3973354629	0.0286583552	12.3979407770	0.0297975581
8.2115384615	12.3979032269	0.0294343959	12.3985212433	0.0305701980
8.2307692308	12.3984857631	0.0302061928	12.3991165253	0.0313383747
8.2500000000	12.3990829842	0.0309736421	12.3997265361	0.0321019761
8.2692307692	12.3996948010	0.0317366400	12.4003511866	0.0328608906
8.2884615385	12.4003211224	0.0324950834	12.4009903857	0.0336150075
8.3076923077	12.4009618555	0.0332488690	12.4016440401	0.0343642167
8.3269230769	12.4016169055	0.0339978940	12.4023120542	0.0351084088
8.3461538462	12.4022861760	0.0347420553	12.4029943306	0.0358474750
8.3653846154	12.4029695685	0.0354812502	12.4036907697	0.0365813077
8.3846153846	12.4036669831	0.0362153756	12.4044012697	0.0373097995
8.4038461538	12.4043783179	0.0369443284	12.4051257271	0.0380328441
8.4230769231	12.4051034691	0.0376680054	12.4058640358	0.0387503360
8.4423076923	12.4058423316	0.0383863031	12.4066160883	0.0394621704
8.4615384615	12.4065947980	0.0390991178	12.4073817747	0.0401682435
8.4807692308	12.4073607597	0.0398063456	12.4081609832	0.0408684520
8.5000000000	12.4081401059	0.0405078822	12.4089536000	0.0415626938
8.5192307692	12.4089327244	0.0412036231	12.4097595094	0.0422508675
8.5384615385	12.4097385010	0.0418934635	12.4105785938	0.0429328727
8.5576923077	12.4105573199	0.0425772984	12.4114107336	0.0436086097
8.5769230769	12.4113890636	0.0432550223	12.4122558072	0.0442779799
8.5961538462	12.4122336127	0.0439265299	12.4131136914	0.0449408857
8.6153846154	12.4130908461	0.0445917153	12.4139842608	0.0455972301
8.6346153846	12.4139606412	0.0452504727	12.4148673883	0.0462469175
8.6538461538	12.4148428732	0.0459026962	12.4157629451	0.0468898528
8.6730769231	12.4157374160	0.0465482798	12.4166708003	0.0475259424
8.6923076923	12.4166441414	0.0471871176	12.4175908215	0.0481550932
8.7115384615	12.4175629196	0.0478191040	12.4185228742	0.0487772134
8.7307692308	12.4184936191	0.0484441334	12.4194668225	0.0493922123
8.7500000000	12.4194361064	0.0490621006	12.4204225285	0.0500000000
8.7692307692	12.4203902466	0.0496729009	12.4213898526	0.0506004878
8.7884615385	12.4213559027	0.0502764299	12.4223686537	0.0511935880
8.8076923077	12.4223329362	0.0508725841	12.4233587888	0.0517792140
8.8269230769	12.4233212067	0.0514612606	12.4243601135	0.0523572803
8.8461538462	12.4243205722	0.0520423574	12.4253724814	0.0529277026
8.8653846154	12.4253308887	0.0526157733	12.4263957448	0.0534903975
8.8846153846	12.4263520108	0.0531814083	12.4274297543	0.0540452829
8.9038461538	12.4273837912	0.0537391637	12.4284743590	0.0545922778
8.9230769231	12.4284260809	0.0542889419	12.4295294062	0.0551313023
8.9423076923	12.4294787293	0.0548306469	12.4305947421	0.0556622777
8.9615384615	12.4305415840	0.0553641840	12.4316702110	0.0561851266
8.9807692308	12.4316144910	0.0558894603	12.4327556559	0.0566997725
9.0000000000	12.4326972948	0.0564063845	12.4338509184	0.0572061403
9.0192307692	12.4337898380	0.0569148672	12.4349558385	0.0577041561
9.0384615385	12.4348919619	0.0574148211	12.4360702550	0.0581937472
9.0576923077	12.4360035060	0.0579061604	12.4371940051	0.0586748422
9.0769230769	12.4371243085	0.0583888020	12.4383269248	0.0591473707
9.0961538462	12.4382542058	0.0588626644	12.4394688486	0.0596112638
9.1153846154	12.4393930330	0.0593276687	12.4406196099	0.0600664537
9.1346153846	12.4405406237	0.0597837380	12.4417790406	0.0605128741
9.1538461538	12.4416968102	0.0602307980	12.4429469715	0.0609504597
9.1730769231	12.4428614231	0.0606687766	12.4441232320	0.0613791466
9.1923076923	12.4440342920	0.0610976042	12.4453076505	0.0617988722
9.2115384615	12.4452152451	0.0615172136	12.4465000539	0.0622095754
9.2307692308	12.4464041090	0.0619275400	12.4477002682	0.0626111960
9.2500000000	12.4476007095	0.0623285211	12.4489081182	0.0630036755
9.2692307692	12.4488048710	0.0627200973	12.4501234275	0.0633869566
9.2884615385	12.4500164167	0.0631022112	12.4513460188	0.0637609833
9.3076923077	12.4512351688	0.0634748080	12.4525757134	0.0641257010
9.3269230769	12.4524609483	0.0638378354	12.4538123319	0.0644810565
9.3461538462	12.4536935752	0.0641912435	12.4550556937	0.0648269978
9.3653846154	12.4549328686	0.0645349848	12.4563056173	0.0651634745
9.3846153846	12.4561786464	0.0648690144	12.4575619202	0.0654904375
9.4038461538	12.4574307259	0.0651932894	12.4588244189	0.0658078389
9.4230769231	12.4586889232	0.0655077697	12.4600929293	0.0661156326
9.4423076923	12.4599530539	0.0658124170	12.4613672660	0.0664137734
9.4615384615	12.4612229325	0.0661071956	12.4626472430	0.0667022180
9.4807692308	12.4624983730	0.0663920719	12.4639326735	0.0669809241
9.5000000000	12.4637791885	0.0666670145	12.4652233697	0.0672498512
9.5192307692	12.4650651914	0.0669319939	12.4665191433	0.0675089599
9.5384615385	12.4663561937	0.0671869829	12.4678198050	0.0677582124
9.5576923077	12.4676520065	0.0674319563	12.4691251650	0.0679975723
9.5769230769	12.4689524407	0.0676668906	12.4704350326	0.0682270047
9.5961538462	12.4702573062	0.0678917646	12.4717492167	0.0684464760
9.6153846154	12.4715664129	0.0681065588	12.4730675253	0.0686559543
9.6346153846	12.4728795699	0.0683112553	12.4743897661	0.0688554090
9.6538461538	12.4741965860	0.0685058382	12.4757157459	0.0690448108
9.6730769231	12.4755172696	0.0686902934	12.4770452711	0.0692241323
9.6923076923	12.4768414287	0.0688646084	12.4783781477	0.0693933471
9.7115384615	12.4781688711	0.0690287721	12.4797141810	0.0695524306
9.7307692308	12.4794994042	0.0691827756	12.4810531761	0.0697013596
9.7500000000	12.4808328351	0.0693266109	12.4823949373	0.0698401123
9.7692307692	12.4821689707	0.0694602720	12.4837392689	0.0699686685
9.7884615385	12.4835076177	0.0695837544	12.4850859745	0.0700870094
9.8076923077	12.4848485827	0.0696970547	12.4864348575	0.0701951177
9.8269230769	12.4861916718	0.0698001715	12.4877857210	0.0702929776
9.8461538462	12.4875366915	0.0698931045	12.4891383678	0.0703805748
9.8653846154	12.4888834477	0.0699758548	12.4904926003	0.0704578967
9.8846153846	12.4902317464	0.0700484251	12.4918482209	0.0705249318
9.9038461538	12.4915813936	0.0701108192	12.4932050317	0.0705816703
9.9230769231	12.4929321952	0.0701630426	12.4945628345	0.0706281041
9.9423076923	12.4942839571	0.0702051019	12.4959214311	0.0706642263
9.9615384615	12.4956364851	0.0702370050	12.4972806232	0.0706900316
9.9807692308	12.4969895852	0.0702587613	12.4986402124	0.0707055163
10.0000000000	12.4983430632	0.0702703813	12.5000000000	0.0707106781
10.0192307692	12.4996967251	0.0702718770	12.5013597876	0.0707055163
10.0384615385	12.5010503771	0.0702632614	12.5027193768	0.0706900316
10.0576923077	12.5024038252	0.0702445489	12.5040785689	0.0706642263
10.0769230769	12.5037568758	0.0702157551	12.5054371655	0.0706281041
10.0961538462	12.5051093353	0.0701768967	12.5067949683	0.0705816703
10.1153846154	12.5064610103	0.0701279919	12.5081517791	0.0705249318
10.1346153846	12.5078117075	0.0700690596	12.5095073997	0.0704578967
10.1538461538	12.5091612338	0.0700001202	12.5108616322	0.0703805748
10.1730769231	12.5105093964	0.0699211952	12.5122142790	0.0702929776
10.1923076923	12.5118560026	0.0698323068	12.5135651425	0.0701951177
10.2115384615	12.5132008600	0.0697334789	12.5149140255	0.0700870094
10.2307692308	12.5145437766	0.0696247358	12.5162607311	0.0699686685
10.2500000000	12.5158845604	0.0695061032	12.5176050627	0.0698401123
10.2692307692	12.5172230198	0.0693776076	12.5189468239	0.0697013596
10.2884615385	12.5185589636	0.0692392766	12.5202858190	0.0695524306
10.3076923077	12.5198922009	0.0690911386	12.5216218523	0.0693933471
10.3269230769	12.5212225411	0.0689332228	12.5229547289	0.0692241323
10.3461538462	12.5225497939	0.0687655594	12.5242842541	0.0690448108
10.3653846154	12.5238737694	0.0685881794	12.5256102339	0.0688554090
10.3846153846	12.5251942783	0.0684011144	12.5269324747	0.0686559543
10.4038461538	12.5265111315	0.0682043969	12.5282507833	0.0684464760
10.4230769231	12.5278241403	0.0679980602	12.5295649674	0.0682270047
10.4423076923	12.5291331166	0.0677821381	12.5308748350	0.0679975723
10.4615384615	12.5304378728	0.0675566653	12.5321801950	0.0677582124
10.4807692308	12.5317382214	0.0673216769	12.5334808567	0.0675089599
10.5000000000	12.5330339760	0.0670772088	12.5347766303	0.0672498512
10.5192307692	12.5343249502	0.0668232976	12.5360673265	0.0669809241
10.5384615385	12.5356109584	0.0665599802	12.5373527570	0.0667022180
10.5576923077	12.5368918156	0.0662872945	12.5386327340	0.0664137734
10.5769230769	12.5381673371	0.0660052787	12.5399070707	0.0661156326
10.5961538462	12.5394373392	0.0657139717	12.5411755811	0.0658078389
10.6153846154	12.5407016385	0.0654134130	12.5424380798	0.0654904375
10.6346153846	12.5419600524	0.0651036429	12.5436943827	0.0651634745
10.6538461538	12.5432123988	0.0647847021	12.5449443063	0.0648269978
10.6730769231	12.5444584965	0.0644566320	12.5461876681	0.0644810565
10.6923076923	12.5456981649	0.0641194748	12.5474242866	0.0641257010
10.7115384615	12.5469312241	0.0637732735	12.5486539812	0.0637609833
10.7307692308	12.5481574951	0.0634180716	12.5498765725	0.0633869566
10.7500000000	12.5493767995	0.0630539137	12.5510918818	0.0630036755
10.7692307692	12.5505889597	0.0626808451	12.5522997318	0.0626111960
10.7884615385	12.5517937992	0.0622989120	12.5534999461	0.0622095754
10.8076923077	12.5529911420	0.0619081617	12.5546923495	0.0617988722
10.8269230769	12.5541808133	0.0615086425	12.5558767680	0.0613791466
10.8461538462	12.5553626390	0.0611004036	12.5570530285	0.0609504597
10.8653846154	12.5565364461	0.0606834956	12.5582209594	0.0605128741
10.8846153846	12.5577020625	0.0602579701	12.5593803901	0.0600664537
10.9038461538	12.5588593170	0.0598238802	12.5605311514	0.0596112638
10.9230769231	12.5600080396	0.0593812802	12.5616730752	0.0591473707
10.9423076923	12.5611480613	0.0589302258	12.5628059949	0.0586748422
10.9615384615	12.5622792143	0.0584707743	12.5639297450	0.0581937472
10.9807692308	12.5634013318	0.0580029843	12.5650441615	0.0577041561
11.0000000000	12.5645142482	0.0575269163	12.5661490816	0.0572061403
11.0192307692	12.5656177992	0.0570426321	12.5672443441	0.0566997725
11.0384615385	12.5667118217	0.0565501954	12.5683297890	0.0561851266
11.0576923077	12.5677961537	0.0560496716	12.5694052579	0.0556622777
11.0769230769	12.5688706349	0.0555411279	12.5704705938	0.0551313023
11.0961538462	12.5699351060	0.0550246331	12.5715256410	0.0545922778
11.1153846154	12.5709894092	0.0545002580	12.5725702457	0.0540452829
11.1346153846	12.5720333882	0.0539680750	12.5736042552	0.0534903975
11.1538461538	12.5730668881	0.0534281587	12.5746275186	0.0529277026
11.1730769231	12.5740897556	0.0528805852	12.5756398865	0.0523572803
11.1923076923	12.5751018387	0.0523254324	12.5766412112	0.0517792140
11.2115384615	12.5761029873	0.0517627801	12.5776313463	0.0511935880
11.2307692308	12.5770930526	0.0511927099	12.5786101474	0.0506004878
11.2500000000	12.5780718877	0.0506153049	12.5795774715	0.0500000000
11.2692307692	12.5790393474	0.0500306500	12.5805331775	0.0493922123
11.2884615385	12.5799952879	0.0494388316	12.5814771258	0.0487772134
11.3076923077	12.5809395675	0.0488399376	12.5824091785	0.0481550932
11.3269230769	12.5818720462	0.0482340574	12.5833291997	0.0475259424
11.3461538462	12.5827925857	0.0476212817	12.5842370549	0.0468898528
11.3653846154	12.5837010497	0.0470017024	12.5851326117	0.0462469175
11.3846153846	12.5845973038	0.0463754126	12.5860157392	0.0455972301
11.4038461538	12.5854812155	0.0457425063	12.5868863086	0.0449408857
11.4230769231	12.5863526540	0.0451030787	12.5877441928	0.0442779799
11.4423076923	12.5872114910	0.0444572255	12.5885892664	0.0436086097
11.4615384615	12.5880575996	0.0438050431	12.5894214062	0.0429328727
11.4807692308	12.5888908553	0.0431466286	12.5902404906	0.0422508675
11.5000000000	12.5897111357	0.0424820794	12.5910464000	0.0415626938
11.5192307692	12.5905183201	0.0418114934	12.5918390168	0.0408684520
11.5384615385	12.5913122903	0.0411349684	12.5926182253	0.0401682435
11.5576923077	12.5920929299	0.0404526025	12.5933839117	0.0394621704
11.5769230769	12.5928601248	0.0397644936	12.5941359642	0.0387503360
11.5961538462	12.5936137629	0.0390707396	12.5948742729	0.0380328441
11.6153846154	12.5943537344	0.0383714380	12.5955987303	0.0373097995
11.6346153846	12.5950799316	0.0376666861	12.5963092303	0.0365813077
11.6538461538	12.5957922488	0.0369565806	12.5970056694	0.0358474750
11.6730769231	12.5964905828	0.0362412180	12.5976879458	0.0351084088
11.6923076923	12.5971748323	0.0355206938	12.5983559599	0.0343642167
11.7115384615	12.5978448983	0.0347951035	12.5990096143	0.0336150075
11.7307692308	12.5985006841	0.0340645414	12.5996488134	0.0328608906
11.7500000000	12.5991420950	0.0333291015	12.6002734639	0.0321019761
11.7692307692	12.5997690386	0.0325888771	12.6008834747	0.0313383747
11.7884615385	12.6003814247	0.0318439608	12.6014787567	0.0305701980
11.8076923077	12.6009791654	0.0310944445	12.6020592230	0.0297975581
11.8269230769	12.6015621747	0.0303404198	12.6026247888	0.0290205678
11.8461538462	12.6021303692	0.0295819775	12.6031753715	0.0282393405
11.8653846154	12.6026836674	0.0288192081	12.6037108908	0.0274539904
11.8846153846	12.6032219902	0.0280522018	12.6042312685	0.0266646320
11.9038461538	12.6037452605	0.0272810483	12.6047364286	0.0258713806
11.9230769231	12.6042534036	0.0265058375	12.6052262974	0.0250743520
11.9423076923	12.6047463469	0.0257266591	12.6057008033	0.0242736627
11.9615384615	12.6052240199	0.0249436027	12.6061598771	0.0234694294
11.9807692308	12.6056863546	0.0241567587	12.6066034517	0.0226617696
12.0000000000	12.6061332848	0.0233662174	12.6070314624	0.0218508012
12.0192307692	12.6065647468	0.0225720701	12.6074438467	0.0210366427
12.0384615385	12.6069806789	0.0217744084	12.6078405444	0.0202194128
12.0576923077	12.6073810219	0.0209733254	12.6082214975	0.0193992310
12.0769230769	12.6077657185	0.0201689148	12.6085866505	0.0185762169
12.0961538462	12.6081347138	0.0193612718	12.6089359500	0.0177504907
12.1153846154	12.6084879549	0.0185504931	12.6092693450	0.0169221729
12.1346153846	12.6088253913	0.0177366770	12.6095867869	0.0160913846
12.1538461538	12.6091469748	0.0169199234	12.6098882294	0.0152582469
12.1730769231	12.6094526593	0.0161003345	12.6101736283	0.0144228815
12.1923076923	12.6097424010	0.0152780144	12.6104429421	0.0135854105
12.2115384615	12.6100161582	0.0144530694	12.6106961314	0.0127459560
12.2307692308	12.6102738918	0.0136256082	12.6109331592	0.0119046406
12.2500000000	12.6105155648	0.0127957421	12.6111539910	0.0110615871
12.2692307692	12.6107411423	0.0119635849	12.6113585945	0.0102169187
12.2884615385	12.6109505921	0.0111292530	12.6115469399	0.0093707586
12.3076923077	12.6111438841	0.0102928656	12.6117189996	0.0085232304
12.3269230769	12.6113209905	0.0094545447	12.6118747485	0.0076744578
12.3461538462	12.6114818859	0.0086144150	12.6120141638	0.0068245648
12.3653846154	12.6116265474	0.0077726038	12.6121372253	0.0059736754
12.3846153846	12.6117549544	0.0069292416	12.6122439150	0.0051219138
12.4038461538	12.6118670887	0.0060844613	12.6123342172	0.0042694045
12.4230769231	12.6119629344	0.0052383985	12.6124081189	0.0034162718
12.4423076923	12.6120424781	0.0043911912	12.6124656091	0.0025626404
12.4615384615	12.6121057091	0.0035429801	12.6125066796	0.0017086348
12.4807692308	12.6121526188	0.0026939081	12.6125313242	0.0008543798
12.5000000000	12.6121832013	0.0018441202	12.6125395395	0.0000000000
12.5192307692	12.6121974531	0.0009937633	12.6125313242	-0.0008543798
12.5384615385	12.6121953732	0.0001429862	12.6125066796	-0.0017086348
12.5576923077	12.6121769631	-0.0007080608	12.6124656091	-0.0025626404
12.5769230769	12.6121422269	-0.0015592261	12.6124081189	-0.0034162718
12.5961538462	12.6120911712	-0.0024103571	12.6123342172	-0.0042694045
12.6153846154	12.6120238050	-0.0032613002	12.6122439150	-0.0051219138
12.6346153846	12.6119401399	-0.0041119014	12.6121372253	-0.0059736754
12.6538461538	12.6118401903	-0.0049620063	12.6120141638	-0.0068245648
12.6730769231	12.6117239726	-0.0058114608	12.6118747485	-0.0076744578
12.6923076923	12.6115915063	-0.0066601107	12.6117189996	-0.0085232304
12.7115384615	12.6114428129	-0.0075078027	12.6115469399	-0.0093707586
12.7307692308	12.6112779169	-0.0083543842	12.6113585945	-0.0102169187
12.7500000000	12.6110968449	-0.0091997038	12.6111539910	-0.0110615871
12.7692307692	12.6108996263	-0.0100436115	12.6109331592	-0.0119046406
12.7884615385	12.6106862928	-0.0108859590	12.6106961314	-0.0127459560
12.8076923077	12.6104568786	-0.0117266001	12.6104429421	-0.0135854105
12.8269230769	12.6102114205	-0.0125653904	12.6101736283	-0.0144228815
12.8461538462	12.6099499576	-0.0134021884	12.6098882294	-0.0152582469
12.8653846154	12.6096725314	-0.0142368547	12.6095867869	-0.0160913846
12.8846153846	12.6093791857	-0.0150692532	12.6092693450	-0.0169221729
12.9038461538	12.6090699670	-0.0158992503	12.6089359500	-0.0177504907
12.9230769231	12.6087449238	-0.0167267159	12.6085866505	-0.0185762169
12.9423076923	12.6084041071	-0.0175515227	12.6082214975	-0.0193992310
12.9615384615	12.6080475701	-0.0183735469	12.6078405444	-0.0202194128
12.9807692308	12.6076753682	-0.0191926682	12.6074438467	-0.0210366427
13.0000000000	12.6072875592	-0.0200087694	12.6070314624	-0.0218508012
13.0192307692	12.6068842029	-0.0208217367	12.6066034517	-0.0226617696
13.0384615385	12.6064653615	-0.0216314598	12.6061598771	-0.0234694294
13.0576923077	12.6060310990	-0.0224378315	12.6057008033	-0.0242736627
13.0769230769	12.6055814819	-0.0232407480	12.6052262974	-0.0250743520
13.0961538462	12.6051165784	-0.0240401084	12.6047364286	-0.0258713806
13.1153846154	12.6046364590	-0.0248358149	12.6042312685	-0.0266646320
13.1346153846	12.6041411961	-0.0256277721	12.6037108908	-0.0274539904
13.1538461538	12.6036308641	-0.0264158877	12.6031753715	-0.0282393405
13.1730769231	12.6031055394	-0.0272000713	12.6026247888	-0.0290205678
13.1923076923	12.6025653002	-0.0279802349	12.6020592230	-0.0297975581
13.2115384615	12.6020102269	-0.0287562922	12.6014787567	-0.0305701980
13.2307692308	12.6014404014	-0.0295281585	12.6008834747	-0.0313383747
13.2500000000	12.6008559077	-0.0302957506	12.6002734639	-0.0321019761
13.2692307692	12.6002568316	-0.0310589859	12.5996488134	-0.0328608906
13.2884615385	12.5996432608	-0.0318177830	12.5990096143	-0.0336150075
13.3076923077	12.5990152847	-0.0325720604	12.5983559599	-0.0343642167
13.3269230769	12.5983729945	-0.0333217370	12.5976879458	-0.0351084088
13.3461538462	12.5977164832	-0.0340667314	12.5970056694	-0.0358474750
13.3653846154	12.5970458457	-0.0348069616	12.5963092303	-0.0365813077
13.3846153846	12.5963611784	-0.0355423448	12.5955987303	-0.0373097995
13.4038461538	12.5956625798	-0.0362727970	12.5948742729	-0.0380328441
13.4230769231	12.5949501498	-0.0369982329	12.5941359642	-0.0387503360
13.4423076923	12.5942239904	-0.0377185654	12.5933839117	-0.0394621704
13.4615384615	12.5934842050	-0.0384337057	12.5926182253	-0.0401682435
13.4807692308	12.5927308991	-0.0391435625	12.5918390168	-0.0408684520
13.5000000000	12.5919641798	-0.0398480426	12.5910464000	-0.0415626938
13.5192307692	12.5911841560	-0.0405470501	12.5902404906	-0.0422508675
13.5384615385	12.5903909382	-0.0412404864	12.5894214062	-0.0429328727
13.5576923077	12.5895846389	-0.0419282503	12.5885892664	-0.0436086097
13.5769230769	12.5887653722	-0.0426102378	12.5877441928	-0.0442779799
13.5961538462	12.5879332543	-0.0432863420	12.5868863086	-0.0449408857
13.6153846154	12.5870884028	-0.0439564530	12.5860157392	-0.0455972301
13.6346153846	12.5862309373	-0.0446204583	12.5851326117	-0.0462469175
13.6538461538	12.5853609793	-0.0452782425	12.5842370549	-0.0468898528
13.6730769231	12.5844786519	-0.0459296875	12.5833291997	-0.0475259424
13.6923076923	12.5835840803	-0.0465746727	12.5824091785	-0.0481550932
13.7115384615	12.5826773912	-0.0472130752	12.5814771258	-0.0487772134
13.7307692308	12.5817587133	-0.0478447697	12.5805331775	-0.0493922123
13.7500000000	12.5808281774	-0.0484696293	12.5795774715	-0.0500000000
13.7692307692	12.5798859156	-0.0490875250	12.5786101474	-0.0506004878
13.7884615385	12.5789320623	-0.0496983268	12.5776313463	-0.0511935880
13.8076923077	12.5779667536	-0.0503019035	12.5766412112	-0.0517792140
13.8269230769	12.5769901273	-0.0508981231	12.5756398865	-0.0523572803
13.8461538462	12.5760023232	-0.0514868533	12.5746275186	-0.0529277026
13.8653846154	12.5750034828	-0.0520679619	12.5736042552	-0.0534903975
13.8846153846	12.5739937496	-0.0526413171	12.5725702457	-0.0540452829
13.9038461538	12.5729732687	-0.0532067880	12.5715256410	-0.0545922778
13.9230769231	12.5719421871	-0.0537642448	12.5704705938	-0.0551313023
13.9423076923	12.5709006534	-0.0543135597	12.5694052579	-0.0556622777
13.9615384615	12.5698488182	-0.0548546067	12.5683297890	-0.0561851266
13.9807692308	12.5687868335	-0.0553872627	12.5672443441	-0.0566997725
14.0000000000	12.5677148534	-0.0559114074	12.5661490816	-0.0572061403
14.0192307692	12.5666330332	-0.0564269240	12.5650441615	-0.0577041561
14.0384615385	12.5655415302	-0.0569336994	12.5639297450	-0.0581937472
14.0576923077	12.5644405030	-0.0574316248	12.5628059949	-0.0586748422
14.0769230769	12.5633301120	-0.0579205961	12.5616730752	-0.0591473707
14.0961538462	12.5622105191	-0.0584005140	12.5605311514	-0.0596112638
14.1153846154	12.5610818873	-0.0588712843	12.5593803901	-0.0600664537
14.1346153846	12.5599443816	-0.0593328186	12.5582209594	-0.0605128741
14.1538461538	12.5587981679	-0.0597850343	12.5570530285	-0.0609504597
14.1730769231	12.5576434137	-0.0602278547	12.5558767680	-0.0613791466
14.1923076923	12.5564802877	-0.0606612094	12.5546923495	-0.0617988722
14.2115384615	12.5553089598	-0.0610850343	12.5534999461	-0.0622095754
14.2307692308	12.5541296013	-0.0614992721	12.5522997318	-0.0626111960
14.2500000000	12.5529423843	-0.0619038717	12.5510918818	-0.0630036755
14.2692307692	12.5517474822	-0.0622987890	12.5498765725	-0.0633869566
14.2884615385	12.5505450695	-0.0626839862	12.5486539812	-0.0637609833
14.3076923077	12.5493353214	-0.0630594323	12.5474242866	-0.0641257010
14.3269230769	12.5481184143	-0.0634251027	12.5461876681	-0.0644810565
14.3461538462	12.5468945253	-0.0637809791	12.5449443063	-0.0648269978
14.3653846154	12.5456638325	-0.0641270496	12.5436943827	-0.0651634745
14.3846153846	12.5444265146	-0.0644633079	12.5424380798	-0.0654904375
14.4038461538	12.5431827511	-0.0647897538	12.5411755811	-0.0658078389
14.4230769231	12.5419327223	-0.0651063924	12.5399070707	-0.0661156326
14.4423076923	12.5406766090	-0.0654132339	12.5386327340	-0.0664137734
14.4615384615	12.5394145926	-0.0657102934	12.5373527570	-0.0667022180
14.4807692308	12.5381468551	-0.0659975902	12.5360673265	-0.0669809241
14.5000000000	12.5368735791	-0.0662751477	12.5347766303	-0.0672498512
14.5192307692	12.5355949476	-0.0665429931	12.5334808567	-0.0675089599
14.5384615385	12.5343111441	-0.0668011563	12.5321801950	-0.0677582124
14.5576923077	12.5330223525	-0.0670496703	12.5308748350	-0.0679975723
14.5769230769	12.5317287572	-0.0672885699	12.5295649674	-0.0682270047
14.5961538462	12.5304305428	-0.0675178921	12.5282507833	-0.0684464760
14.6153846154	12.5291278944	-0.0677376747	12.5269324747	-0.0686559543
14.6346153846	12.5278209974	-0.0679479564	12.5256102339	-0.0688554090
14.6538461538	12.5265100376	-0.0681487763	12.5242842541	-0.0690448108
14.6730769231	12.5251952009	-0.0683401732	12.5229547289	-0.0692241323
14.6923076923	12.5238766738	-0.0685221851	12.5216218523	-0.0693933471
14.7115384615	12.5225546428	-0.0686948492	12.5202858190	-0.0695524306
14.7307692308	12.5212292949	-0.0688582009	12.5189468239	-0.0697013596
14.7500000000	12.5199008174	-0.0690122737	12.5176050627	-0.0698401123
14.7692307692	12.5185693977	-0.0691570988	12.5162607311	-0.0699686685
14.7884615385	12.5172352235	-0.0692927047	12.5149140255	-0.0700870094
14.8076923077	12.5158984831	-0.0694191169	12.5135651425	-0.0701951177
14.8269230769	12.5145593647	-0.0695363576	12.5122142790	-0.0702929776
14.8461538462	12.5132180570	-0.0696444454	12.5108616322	-0.0703805748
14.8653846154	12.5118747491	-0.0697433952	12.5095073997	-0.0704578967
14.8846153846	12.5105296300	-0.0698332179	12.5081517791	-0.0705249318
14.9038461538	12.5091828895	-0.0699139202	12.5067949683	-0.0705816703
14.9230769231	12.5078347174	-0.0699855047	12.5054371655	-0.0706281041
14.9423076923	12.5064853040	-0.0700479698	12.5040785689	-0.0706642263
14.9615384615	12.5051348397	-0.0701013097	12.5027193768	-0.0706900316
14.9807692308	12.5037835156	-0.0701455141	12.5013597876	-0.0707055163
15.0000000000	12.5024315228	-0.0701805688	12.5000000000	-0.0707106781
15.0192307692	12.5010790529	-0.0702064555	12.4986402124	-0.0707055163
15.0384615385	12.4997262978	-0.0702231518	12.4972806232	-0.0706900316
15.0576923077	12.4983734498	-0.0702306320	12.4959214311	-0.0706642263
15.0769230769	12.4970207014	-0.0702288666	12.4945628345	-0.0706281041
15.0961538462	12.4956682455	-0.0702178230	12.4932050317	-0.0705816703
15.1153846154	12.4943162755	-0.0701974656	12.4918482209	-0.0705249318
15.1346153846	12.4929649847	-0.0701677565	12.4904926003	-0.0704578967
15.1538461538	12.4916145672	-0.0701286551	12.4891383678	-0.0703805748
15.1730769231	12.4902652170	-0.0700801193	12.4877857210	-0.0702929776
15.1923076923	12.4889171285	-0.0700221055	12.4864348575	-0.0701951177
15.2115384615	12.4875704963	-0.0699545688	12.4850859745	-0.0700870094
15.2307692308	12.4862255154	-0.0698774639	12.4837392689	-0.0699686685
15.2500000000	12.4848823806	-0.0697907453	12.4823949373	-0.0698401123
15.2692307692	12.4835412874	-0.0696943675	12.4810531761	-0.0697013596
15.2884615385	12.4822024308	-0.0695882861	12.4797141810	-0.0695524306
15.3076923077	12.4808660064	-0.0694724574	12.4783781477	-0.0693933471
15.3269230769	12.4795322096	-0.0693468397	12.4770452711	-0.0692241323
15.3461538462	12.4782012359	-0.0692113928	12.4757157459	-0.0690448108
15.3653846154	12.4768732806	-0.0690660795	12.4743897661	-0.0688554090
15.3846153846	12.4755485390	-0.0689108649	12.4730675253	-0.0686559543
15.4038461538	12.4742272064	-0.0687457176	12.4717492167	-0.0684464760
15.4230769231	12.4729094776	-0.0685706097	12.4704350326	-0.0682270047
15.4423076923	12.4715955474	-0.0683855172	12.4691251650	-0.0679975723
15.4615384615	12.4702856101	-0.0681904202	12.4678198050	-0.0677582124
15.4807692308	12.4689798599	-0.0679853035	12.4665191433	-0.0675089599
15.5000000000	12.4676784904	-0.0677701565	12.4652233697	-0.0672498512
15.5192307692	12.4663816945	-0.0675449735	12.4639326735	-0.0669809241
15.5384615385	12.4650896651	-0.0673097540	12.4626472430	-0.0667022180
15.5576923077	12.4638025939	-0.0670645027	12.4613672660	-0.0664137734
15.5769230769	12.4625206723	-0.0668092298	12.4600929293	-0.0661156326
15.5961538462	12.4612440909	-0.0665439508	12.4588244189	-0.0658078389
15.6153846154	12.4599730395	-0.0662686867	12.4575619202	-0.0654904375
15.6346153846	12.4587077071	-0.0659834639	12.4563056173	-0.0651634745
15.6538461538	12.4574482816	-0.0656883142	12.4550556937	-0.0648269978
15.6730769231	12.4561949501	-0.0653832749	12.4538123319	-0.0644810565
15.6923076923	12.4549478987	-0.0650683883	12.4525757134	-0.0641257010
15.7115384615	12.4537073123	-0.0647437018	12.4513460188	-0.0637609833
15.7307692308	12.4524733750	-0.0644092675	12.4501234275	-0.0633869566
15.7500000000	12.4512462692	-0.0640651424	12.4489081182	-0.0630036755
15.7692307692	12.4500261766	-0.0637113878	12.4477002682	-0.0626111960
15.7884615385	12.4488132773	-0.0633480689	12.4465000539	-0.0622095754
15.8076923077	12.4476077503	-0.0629752550	12.4453076505	-0.0617988722
15.8269230769	12.4464097732	-0.0625930187	12.4441232320	-0.0613791466
15.8461538462	12.4452195221	-0.0622014359	12.4429469715	-0.0609504597
15.8653846154	12.4440371719	-0.0618005853	12.4417790406	-0.0605128741
15.8846153846	12.4428628961	-0.0613905481	12.4406196099	-0.0600664537
15.9038461538	12.4416968664	-0.0609714075	12.4394688486	-0.0596112638
15.9230769231	12.4405392534	-0.0605432484	12.4383269248	-0.0591473707
15.9423076923	12.4393902260	-0.0601061573	12.4371940051	-0.0586748422
15.9615384615	12.4382499517	-0.0596602215	12.4360702550	-0.0581937472
15.9807692308	12.4371185965	-0.0592055291	12.4349558385	-0.0577041561
16.0000000000	12.4359963246	-0.0587421682	12.4338509184	-0.0572061403
16.0192307692	12.4348832990	-0.0582702273	12.4327556559	-0.0566997725
16.0384615385	12.4337796811	-0.0577897942	12.4316702110	-0.0561851266
16.0576923077	12.4326856305	-0.0573009562	12.4305947421	-0.0556622777
16.0769230769	12.4316013056	-0.0568037996	12.4295294062	-0.0551313023
16.0961538462	12.4305268630	-0.0562984096	12.4284743590	-0.0545922778
16.1153846154	12.4294624579	-0.0557848697	12.4274297543	-0.0540452829
16.1346153846	12.4284082440	-0.0552632622	12.4263957448	-0.0534903975
16.1538461538	12.4273643734	-0.0547336673	12.4253724814	-0.0529277026
16.1730769231	12.4263309967	-0.0541961633	12.4243601135	-0.0523572803
16.1923076923	12.4253082630	-0.0536508267	12.4233587888	-0.0517792140
16.2115384615	12.4242963199	-0.0530977315	12.4223686537	-0.0511935880
16.2307692308	12.4232953137	-0.0525369499	12.4213898526	-0.0506004878
16.2500000000	12.4223053889	-0.0519685517	12.4204225285	-0.0500000000
16.2692307692	12.4213266888	-0.0513926047	12.4194668225	-0.0493922123
16.2884615385	12.4203593552	-0.0508091746	12.4185228742	-0.0487772134
16.3076923077	12.4194035284	-0.0502183251	12.4175908215	-0.0481550932
16.3269230769	12.4184593472	-0.0496201182	12.4166708003	-0.0475259424
16.3461538462	12.4175269491	-0.0490146140	12.4157629451	-0.0468898528
16.3653846154	12.4166064702	-0.0484018712	12.4148673883	-0.0462469175
16.3846153846	12.4156980449	-0.0477819472	12.4139842608	-0.0455972301
16.4038461538	12.4148018066	-0.0471548984	12.4131136914	-0.0449408857
16.4230769231	12.4139178868	-0.0465207804	12.4122558072	-0.0442779799
16.4423076923	12.4130464159	-0.0458796482	12.4114107336	-0.0436086097
16.4615384615	12.4121875228	-0.0452315566	12.4105785938	-0.0429328727
16.4807692308	12.4113413349	-0.0445765607	12.4097595094	-0.0422508675
16.5000000000	12.4105079779	-0.0439147157	12.4089536000	-0.0415626938
16.5192307692	12.4096875765	-0.0432460778	12.4081609832	-0.0408684520
16.5384615385	12.4088802535	-0.0425707043	12.4073817747	-0.0401682435
16.5576923077	12.4080861302	-0.0418886538	12.4066160883	-0.0394621704
16.5769230769	12.4073053266	-0.0411999867	12.4058640358	-0.0387503360
16.5961538462	12.4065379608	-0.0405047655	12.4051257271	-0.0380328441
16.6153846154	12.4057841496	-0.0398030553	12.4044012697	-0.0373097995
16.6346153846	12.4050440078	-0.0390949236	12.4036907697	-0.0365813077
16.6538461538	12.4043176488	-0.0383804414	12.4029943306	-0.0358474750
16.6730769231	12.4036051842	-0.0376596826	12.4023120542	-0.0351084088
16.6923076923	12.4029067237	-0.0369327249	12.4016440401	-0.0343642167
16.7115384615	12.4022223753	-0.0361996499	12.4009903857	-0.0336150075
16.7307692308	12.4015522452	-0.0354605432	12.4003511866	-0.0328608906
16.7500000000	12.4008964377	-0.0347154946	12.3997265361	-0.0321019761
16.7692307692	12.4002550549	-0.0339645983	12.3991165253	-0.0313383747
16.7884615385	12.3996281971	-0.0332079531	12.3985212433	-0.0305701980
16.8076923077	12.3990159627	-0.0324456627	12.3979407770	-0.0297975581
16.8269230769	12.3984184476	-0.0316778352	12.3973752112	-0.0290205678
16.8461538462	12.3978357459	-0.0309045836	12.3968246285	-0.0282393405
16.8653846154	12.3972679494	-0.0301260258	12.3962891092	-0.0274539904
16.8846153846	12.3967151475	-0.0293422843	12.3957687315	-0.0266646320
16.9038461538	12.3961774274	-0.0285534865	12.3952635714	-0.0258713806
16.9230769231	12.3956548740	-0.0277597642	12.3947737026	-0.0250743520
16.9423076923	12.3951475698	-0.0269612539	12.3942991967	-0.0242736627
16.9615384615	12.3946555947	-0.0261580965	12.3938401229	-0.0234694294
16.9807692308	12.3941790261	-0.0253504368	12.3933965483	-0.0226617696
17.0000000000	12.3937179392	-0.0245384238	12.3929685376	-0.0218508012
17.0192307692	12.3932724062	-0.0237222102	12.3925561533	-0.0210366427
17.0384615385	12.3928424970	-0.0229019521	12.3921594556	-0.0202194128
17.0576923077	12.3924282785	-0.0220778089	12.3917785025	-0.0193992310
17.0769230769	12.3920298153	-0.0212499428	12.3914133495	-0.0185762169
17.0961538462	12.3916471691	-0.0204185186	12.3910640500	-0.0177504907
17.1153846154	12.3912803987	-0.0195837034	12.3907306550	-0.0169221729
17.1346153846	12.3909295604	-0.0187456661	12.3904132131	-0.0160913846
17.1538461538	12.3905947075	-0.0179045773	12.3901117706	-0.0152582469
17.1730769231	12.3902758908	-0.0170606088	12.3898263717	-0.0144228815
17.1923076923	12.3899731579	-0.0162139331	12.3895570579	-0.0135854105
17.2115384615	12.3896865538	-0.0153647232	12.3893038686	-0.0127459560
17.2307692308	12.3894161206	-0.0145131525	12.3890668408	-0.0119046406
17.2500000000	12.3891618977	-0.0136593938	12.3888460090	-0.0110615871
17.2692307692	12.3889239213	-0.0128036195	12.3886414055	-0.0102169187
17.2884615385	12.3887022252	-0.0119460013	12.3884530601	-0.0093707586
17.3076923077	12.3884968401	-0.0110867095	12.3882810004	-0.0085232304
17.3269230769	12.3883077939	-0.0102259128	12.3881252515	-0.0076744578
17.3461538462	12.3881351119	-0.0093637784	12.3879858362	-0.0068245648
17.3653846154	12.3879788164	-0.0085004713	12.3878627747	-0.0059736754
17.3846153846	12.3878389270	-0.0076361543	12.3877560850	-0.0051219138
17.4038461538	12.3877154605	-0.0067709876	12.3876657828	-0.0042694045
17.4230769231	12.3876084311	-0.0059051289	12.3875918811	-0.0034162718
17.4423076923	12.3875178502	-0.0050387330	12.3875343909	-0.0025626404
17.4615384615	12.3874437265	-0.0041719518	12.3874933204	-0.0017086348
17.4807692308	12.3873860662	-0.0033049341	12.3874686758	-0.0008543798
17.5000000000	12.3873448726	-0.0024378255	12.3874604605	-0.0000000000
17.5192307692	12.3873201468	-0.0015707687	12.3874686758	0.0008543798
17.5384615385	12.3873118870	-0.0007039029	12.3874933204	0.0017086348
17.5576923077	12.3873200891	0.0001626355	12.3875343909	0.0025626404
17.5769230769	12.3873447464	0.0010287137	12.3875918811	0.0034162718
17.5961538462	12.3873858497	0.0018942014	12.3876657828	0.0042694045
17.6153846154	12.3874433875	0.0027589716	12.3877560850	0.0051219138
17.6346153846	12.3875173458	0.0036229002	12.3878627747	0.0059736754
17.6538461538	12.3876077083	0.0044858655	12.3879858362	0.0068245648
17.6730769231	12.3877144564	0.0053477486	12.3881252515	0.0076744578
17.6923076923	12.3878375690	0.0062084328	12.3882810004	0.0085232304
17.7115384615	12.3879770229	0.0070678036	12.3884530601	0.0093707586
17.7307692308	12.3881327927	0.0079257485	12.3886414055	0.0102169187
17.7500000000	12.3883048505	0.0087821567	12.3888460090	0.0110615871
17.7692307692	12.3884931665	0.0096369188	12.3890668408	0.0119046406
17.7884615385	12.3886977085	0.0104899267	12.3893038686	0.0127459560
17.8076923077	12.3889184423	0.0113410734	12.3895570579	0.0135854105
17.8269230769	12.3891553314	0.0121902526	12.3898263717	0.0144228815
17.8461538462	12.3894083373	0.0130373584	12.3901117706	0.0152582469
17.8653846154	12.3896774193	0.0138822853	12.3904132131	0.0160913846
17.8846153846	12.3899625346	0.0147249278	12.3907306550	0.0169221729
17.9038461538	12.3902636384	0.0155651802	12.3910640500	0.0177504907
17.9230769231	12.3905806837	0.0164029363	12.3914133495	0.0185762169
17.9423076923	12.3909136214	0.0172380894	12.3917785025	0.0193992310
17.9615384615	12.3912624006	0.0180705320	12.3921594556	0.0202194128
17.9807692308	12.3916269679	0.0189001555	12.3925561533	0.0210366427
18.0000000000	12.3920072683	0.0197268501	12.3929685376	0.0218508012
18.0192307692	12.3924032443	0.0205505049	12.3933965483	0.0226617696
18.0384615385	12.3928148366	0.0213710075	12.3938401229	0.0234694294
18.0576923077	12.3932419837	0.0221882440	12.3942991967	0.0242736627
18.0769230769	12.3936846222	0.0230020988	12.3947737026	0.0250743520
18.0961538462	12.3941426864	0.0238124550	12.3952635714	0.0258713806
18.1153846154	12.3946161086	0.0246191936	12.3957687315	0.0266646320
18.1346153846	12.3951048192	0.0254221944	12.3962891092	0.0274539904
18.1538461538	12.3956087462	0.0262213353	12.3968246285	0.0282393405
18.1730769231	12.3961278156	0.0270164927	12.3973752112	0.0290205678
18.1923076923	12.3966619515	0.0278075413	12.3979407770	0.0297975581
18.2115384615	12.3972110756	0.0285943548	12.3985212433	0.0305701980
18.2307692308	12.3977751077	0.0293768051	12.3991165253	0.0313383747
18.2500000000	12.3983539654	0.0301547632	12.3997265361	0.0321019761
18.2692307692	12.3989475641	0.0309280990	12.4003511866	0.0328608906
18.2884615385	12.3995558172	0.0316966816	12.4009903857	0.0336150075
18.3076923077	12.4001786359	0.0324603793	12.4016440401	0.0343642167
18.3269230769	12.4008159294	0.0332190601	12.4023120542	0.0351084088
18.3461538462	12.4014676045	0.0339725916	12.4029943306	0.0358474750
18.3653846154	12.4021335661	0.0347208412	12.4036907697	0.0365813077
18.3846153846	12.4028137170	0.0354636769	12.4044012697	0.0373097995
18.4038461538	12.4035079577	0.0362009668	12.4051257271	0.0380328441
18.4230769231	12.4042161867	0.0369325798	12.4058640358	0.0387503360
18.4423076923	12.4049383004	0.0376583856	12.4066160883	0.0394621704
18.4615384615	12.4056741930	0.0383782550	12.4073817747	0.0401682435
18.4807692308	12.4064237568	0.0390920605	12.4081609832	0.0408684520
18.5000000000	12.4071868819	0.0397996758	12.4089536000	0.0415626938
18.5192307692	12.4079634562	0.0405009767	12.4097595094	0.0422508675
18.5384615385	12.4087533658	0.0411958411	12.4105785938	0.0429328727
18.5576923077	12.4095564948	0.0418841488	12.4114107336	0.0436086097
18.5769230769	12.4103727250	0.0425657825	12.4122558072	0.0442779799
18.5961538462	12.4112019364	0.0432406273	12.4131136914	0.0449408857
18.6153846154	12.4120440071	0.0439085712	12.4139842608	0.0455972301
18.6346153846	12.4128988130	0.0445695051	12.4148673883	0.0462469175
18.6538461538	12.4137662284	0.0452233230	12.4157629451	0.0468898528
18.6730769231	12.4146461255	0.0458699221	12.4166708003	0.0475259424
18.6923076923	12.4155383747	0.0465092028	12.4175908215	0.0481550932
18.7115384615	12.4164428444	0.0471410692	12.4185228742	0.0487772134
18.7307692308	12.4173594014	0.0477654283	12.4194668225	0.0493922123
18.7500000000	12.4182879107	0.0483821911	12.4204225285	0.0500000000
18.7692307692	12.4192282354	0.0489912716	12.4213898526	0.0506004878
18.7884615385	12.4201802369	0.0495925876	12.4223686537	0.0511935880
18.8076923077	12.4211437751	0.0501860601	12.4233587888	0.0517792140
18.8269230769	12.4221187080	0.0507716135	12.4243601135	0.0523572803
18.8461538462	12.4231048919	0.0513491757	12.4253724814	0.0529277026
18.8653846154	12.4241021819	0.0519186775	12.4263957448	0.0534903975
18.8846153846	12.4251104312	0.0524800532	12.4274297543	0.0540452829
18.9038461538	12.4261294914	0.0530332398	12.4284743590	0.0545922778
18.9230769231	12.4271592129	0.0535781774	12.4295294062	0.0551313023
18.9423076923	12.4281994443	0.0541148086	12.4305947421	0.0556622777
18.9615384615	12.4292500330	0.0546430788	12.4316702110	0.0561851266
18.9807692308	12.4303108247	0.0551629358	12.4327556559	0.0566997725
19.0000000000	12.4313816641	0.0556743296	12.4338509184	0.0572061403
19.0192307692	12.4324623941	0.0561772121	12.4349558385	0.0577041561
19.0384615385	12.4335528566	0.0566715375	12.4360702550	0.0581937472
19.0576923077	12.4346528921	0.0571572614	12.4371940051	0.0586748422
19.0769230769	12.4357623396	0.0576343410	12.4383269248	0.0591473707
19.0961538462	12.4368810372	0.0581027348	12.4394688486	0.0596112638
19.1153846154	12.4380088215	0.0585624028	12.4406196099	0.0600664537
19.1346153846	12.4391455281	0.0590133056	12.4417790406	0.0605128741
19.1538461538	12.4402909912	0.0594554049	12.4429469715	0.0609504597
19.1730769231	12.4414450439	0.0598886629	12.4441232320	0.0613791466
19.1923076923	12.4426075184	0.0603130426	12.4453076505	0.0617988722
19.2115384615	12.4437782454	0.0607285071	12.4465000539	0.0622095754
19.2307692308	12.4449570549	0.0611350201	12.4477002682	0.0626111960
19.2500000000	12.4461437755	0.0615325453	12.4489081182	0.0630036755
19.2692307692	12.4473382350	0.0619210465	12.4501234275	0.0633869566
19.2884615385	12.4485402600	0.0623004876	12.4513460188	0.0637609833
19.3076923077	12.4497496763	0.0626708322	12.4525757134	0.0641257010
19.3269230769	12.4509663084	0.0630320440	12.4538123319	0.0644810565
19.3461538462	12.4521899802	0.0633840867	12.4550556937	0.0648269978
19.3653846154	12.4534205144	0.0637269234	12.4563056173	0.0651634745
19.3846153846	12.4546577328	0.0640605175	12.4575619202	0.0654904375
19.4038461538	12.4559014565	0.0643848320	12.4588244189	0.0658078389
19.4230769231	12.4571515055	0.0646998300	12.4600929293	0.0661156326
19.4423076923	12.4584076990	0.0650054743	12.4613672660	0.0664137734
19.4615384615	12.4596698555	0.0653017279	12.4626472430	0.0667022180
19.4807692308	12.4609377924	0.0655885539	12.4639326735	0.0669809241
19.5000000000	12.4622113266	0.0658659154	12.4652233697	0.0672498512
19.5192307692	12.4634902740	0.0661337762	12.4665191433	0.0675089599
19.5384615385	12.4647744500	0.0663921000	12.4678198050	0.0677582124
19.5576923077	12.4660636690	0.0666408513	12.4691251650	0.0679975723
19.5769230769	12.4673577448	0.0668799952	12.4704350326	0.0682270047
19.5961538462	12.4686564907	0.0671094976	12.4717492167	0.0684464760
19.6153846154	12.4699597190	0.0673293255	12.4730675253	0.0686559543
19.6346153846	12.4712672417	0.0675394466	12.4743897661	0.0688554090
19.6538461538	12.4725788700	0.0677398302	12.4757157459	0.0690448108
19.6730769231	12.4738944145	0.0679304467	12.4770452711	0.0692241323
19.6923076923	12.4752136854	0.0681112683	12.4783781477	0.0693933471
19.7115384615	12.4765364924	0.0682822686	12.4797141810	0.0695524306
19.7307692308	12.4778626444	0.0684434232	12.4810531761	0.0697013596
19.7500000000	12.4791919502	0.0685947096	12.4823949373	0.0698401123
19.7692307692	12.4805242178	0.0687361073	12.4837392689	0.0699686685
19.7884615385	12.4818592552	0.0688675981	12.4850859745	0.0700870094
19.8076923077	12.4831968697	0.0689891660	12.4864348575	0.0701951177
19.8269230769	12.4845368683	0.0691007975	12.4877857210	0.0702929776
19.8461538462	12.4858790577	0.0692024815	12.4891383678	0.0703805748
19.8653846154	12.4872232444	0.0692942096	12.4904926003	0.0704578967
19.8846153846	12.4885692344	0.0693759758	12.4918482209	0.0705249318
19.9038461538	12.4899168338	0.0694477769	12.4932050317	0.0705816703
19.9230769231	12.4912658481	0.0695096126	12.4945628345	0.0706281041
19.9423076923	12.4926160830	0.0695614850	12.4959214311	0.0706642263
19.9615384615	12.4939673437	0.0696033991	12.4972806232	0.0706900316
19.9807692308	12.4953194355	0.0696353626	12.4986402124	0.0707055163
20.0000000000	12.4966721635	0.0696573860	12.5000000000	0.0707106781
20.0192307692	12.4980253328	0.0696694822	12.5013597876	0.0707055163
20.0384615385	12.4993787485	0.0696716671	12.5027193768	0.0706900316
20.0576923077	12.5007322155	0.0696639588	12.5040785689	0.0706642263
20.0769230769	12.5020855389	0.0696463779	12.5054371655	0.0706281041
20.0961538462	12.5034385238	0.0696189476	12.5067949683	0.0705816703
20.1153846154	12.5047909754	0.0695816932	12.5081517791	0.0705249318
20.1346153846	12.5061426989	0.0695346420	12.5095073997	0.0704578967
20.1538461538	12.5074934996	0.0694778237	12.5108616322	0.0703805748
20.1730769231	12.5088431832	0.0694112696	12.5122142790	0.0702929776
20.1923076923	12.5101915552	0.0693350128	12.5135651425	0.0701951177
20.2115384615	12.5115384216	0.0692490882	12.5149140255	0.0700870094
20.2307692308	12.5128835884	0.0691535320	12.5162607311	0.0699686685
20.2500000000	12.5142268621	0.0690483818	12.5176050627	0.0698401123
20.2692307692	12.5155680493	0.0689336763	12.5189468239	0.0697013596
20.2884615385	12.5169069569	0.0688094552	12.5202858190	0.0695524306
20.3076923077	12.5182433921	0.0686757592	12.5216218523	0.0693933471
20.3269230769	12.5195771625	0.0685326295	12.5229547289	0.0692241323
20.3461538462	12.5209080761	0.0683801081	12.5242842541	0.0690448108
20.3653846154	12.5222359411	0.0682182372	12.5256102339	0.0688554090
20.3846153846	12.5235605664	0.0680470594	12.5269324747	0.0686559543
20.4038461538	12.5248817610	0.0678666175	12.5282507833	0.0684464760
20.4230769231	12.5261993346	0.0676769542	12.5295649674	0.0682270047
20.4423076923	12.5275130973	0.0674781123	12.5308748350	0.0679975723
20.4615384615	12.5288228597	0.0672701341	12.5321801950	0.0677582124
20.4807692308	12.5301284328	0.0670530620	12.5334808567	0.0675089599
20.5000000000	12.5314296285	0.0668269378	12.5347766303	0.0672498512
20.5192307692	12.5327262589	0.0665918030	12.5360673265	0.0669809241
20.5384615385	12.5340181368	0.0663476984	12.5373527570	0.0667022180
20.5576923077	12.5353050758	0.0660946645	12.5386327340	0.0664137734
20.5769230769	12.5365868899	0.0658327410	12.5399070707	0.0661156326
20.5961538462	12.5378633939	0.0655619672	12.5411755811	0.0658078389
20.6153846154	12.5391344032	0.0652823816	12.5424380798	0.0654904375
20.6346153846	12.5403997342	0.0649940223	12.5436943827	0.0651634745
20.6538461538	12.5416592037	0.0646969265	12.5449443063	0.0648269978
20.6730769231	12.5429126295	0.0643911311	12.5461876681	0.0644810565
20.6923076923	12.5441598301	0.0640766721	12.5474242866	0.0641257010
20.7115384615	12.5454006249	0.0637535854	12.5486539812	0.0637609833
20.7307692308	12.5466348341	0.0634219060	12.5498765725	0.0633869566
20.7500000000	12.5478622789	0.0630816688	12.5510918818	0.0630036755
20.7692307692	12.5490827813	0.0627329082	12.5522997318	0.0626111960
20.7884615385	12.5502961644	0.0623756582	12.5534999461	0.0622095754
20.8076923077	12.5515022521	0.0620099530	12.5546923495	0.0617988722
20.8269230769	12.5527008694	0.0616358261	12.5558767680	0.0613791466
20.8461538462	12.5538918424	0.0612533115	12.5570530285	0.0609504597
20.8653846154	12.5550749983	0.0608624428	12.5582209594	0.0605128741
20.8846153846	12.5562501651	0.0604632540	12.5593803901	0.0600664537
20.9038461538	12.5574171724	0.0600557792	12.5605311514	0.0596112638
20.9230769231	12.5585758506	0.0596400529	12.5616730752	0.0591473707
20.9423076923	12.5597260314	0.0592161099	12.5628059949	0.0586748422
20.9615384615	12.5608675478	0.0587839855	12.5639297450	0.0581937472
20.9807692308	12.5620002339	0.0583437155	12.5650441615	0.0577041561
21.0000000000	12.5631239254	0.0578953365	12.5661490816	0.0572061403
21.0192307692	12.5642384588	0.0574388857	12.5672443441	0.0566997725
21.0384615385	12.5653436724	0.0569744011	12.5683297890	0.0561851266
21.0576923077	12.5664394057	0.0565019216	12.5694052579	0.0556622777
21.0769230769	12.5675254995	0.0560214870	12.5704705938	0.0551313023
21.0961538462	12.5686017962	0.0555331380	12.5715256410	0.0545922778
21.1153846154	12.5696681393	0.0550369166	12.5725702457	0.0540452829
21.1346153846	12.5707243743	0.0545328655	12.5736042552	0.0534903975
21.1538461538	12.5717703477	0.0540210288	12.5746275186	0.0529277026
21.1730769231	12.5728059077	0.0535014517	12.5756398865	0.0523572803
21.1923076923	12.5738309041	0.0529741805	12.5766412112	0.0517792140
21.2115384615	12.5748451880	0.0524392628	12.5776313463	0.0511935880
21.2307692308	12.5758486125	0.0518967474	12.5786101474	0.0506004878
21.2500000000	12.5768410318	0.0513466844	12.5795774715	0.0500000000
21.2692307692	12.5778223021	0.0507891250	12.5805331775	0.0493922123
21.2884615385	12.5787922808	0.0502241221	12.5814771258	0.0487772134
21.3076923077	12.5797508274	0.0496517293	12.5824091785	0.0481550932
21.3269230769	12.5806978027	0.0490720020	12.5833291997	0.0475259424
21.3461538462	12.5816330694	0.0484849966	12.5842370549	0.0468898528
21.3653846154	12.5825564916	0.0478907710	12.5851326117	0.0462469175
21.3846153846	12.5834679352	0.0472893843	12.5860157392	0.0455972301
21.4038461538	12.5843672681	0.0466808969	12.5868863086	0.0449408857
21.4230769231	12.5852543593	0.0460653706	12.5877441928	0.0442779799
21.4423076923	12.5861290801	0.0454428685	12.5885892664	0.0436086097
21.4615384615	12.5869913032	0.0448134552	12.5894214062	0.0429328727
21.4807692308	12.5878409030	0.0441771963	12.5902404906	0.0422508675
21.5000000000	12.5886777560	0.0435341591	12.5910464000	0.0415626938
21.5192307692	12.5895017400	0.0428844122	12.5918390168	0.0408684520
21.5384615385	12.5903127349	0.0422280256	12.5926182253	0.0401682435
21.5576923077	12.5911106222	0.0415650709	12.5933839117	0.0394621704
21.5769230769	12.5918952853	0.0408956209	12.5941359642	0.0387503360
21.5961538462	12.5926666093	0.0402197503	12.5948742729	0.0380328441
21.6153846154	12.5934244811	0.0395375350	12.5955987303	0.0373097995
21.6346153846	12.5941687896	0.0388490528	12.5963092303	0.0365813077
21.6538461538	12.5948994254	0.0381543831	12.5970056694	0.0358474750
21.6730769231	12.5956162809	0.0374536068	12.5976879458	0.0351084088
21.6923076923	12.5963192504	0.0367468071	12.5983559599	0.0343642167
21.7115384615	12.5970082302	0.0360340684	12.5990096143	0.0336150075
21.7307692308	12.5976831183	0.0353154775	12.5996488134	0.0328608906
21.7500000000	12.5983438148	0.0345911230	12.6002734639	0.0321019761
21.7692307692	12.5989902215	0.0338610954	12.6008834747	0.0313383747
21.7884615385	12.5996222425	0.0331254876	12.6014787567	0.0305701980
21.8076923077	12.6002397834	0.0323843943	12.6020592230	0.0297975581
21.8269230769	12.6008427523	0.0316379127	12.6026247888	0.0290205678
21.8461538462	12.6014310589	0.0308861422	12.6031753715	0.0282393405
21.8653846154	12.6020046152	0.0301291845	12.6037108908	0.0274539904
21.8846153846	12.6025633351	0.0293671437	12.6042312685	0.0266646320
21.9038461538	12.6031071348	0.0286001262	12.6047364286	0.0258713806
21.9230769231	12.6036359323	0.0278282411	12.6052262974	0.0250743520
21.9423076923	12.6041496480	0.0270515998	12.6057008033	0.0242736627
21.9615384615	12.6046482043	0.0262703163	12.6061598771	0.0234694294
21.9807692308	12.6051315260	0.0254845071	12.6066034517	0.0226617696
22.0000000000	12.6055995399	0.0246942911	12.6070314624	0.0218508012
22.0192307692	12.6060521752	0.0238997899	12.6074438467	0.0210366427
22.0384615385	12.6064893634	0.0231011274	12.6078405444	0.0202194128
22.0576923077	12.6069110381	0.0222984302	12.6082214975	0.0193992310
22.0769230769	12.6073171353	0.0214918270	12.6085866505	0.0185762169
22.0961538462	12.6077075936	0.0206814490	12.6089359500	0.0177504907
22.1153846154	12.6080823538	0.0198674297	12.6092693450	0.0169221729
22.1346153846	12.6084413590	0.0190499048	12.6095867869	0.0160913846
22.1538461538	12.6087845549	0.0182290120	12.6098882294	0.0152582469
22.1730769231	12.6091118897	0.0174048910	12.6101736283	0.0144228815
22.1923076923	12.6094233138	0.0165776835	12.6104429421	0.0135854105
22.2115384615	12.6097187805	0.0157475327	12.6106961314	0.0127459560
22.2307692308	12.6099982452	0.0149145836	12.6109331592	0.0119046406
22.2500000000	12.6102616663	0.0140789826	12.6111539910	0.0110615871
22.2692307692	12.6105090042	0.0132408774	12.6113585945	0.0102169187
22.2884615385	12.6107402224	0.0124004166	12.6115469399	0.0093707586
22.3076923077	12.6109552865	0.0115577501	12.6117189996	0.0085232304
22.3269230769	12.6111541652	0.0107130283	12.6118747485	0.0076744578
22.3461538462	12.6113368293	0.0098664023	12.6120141638	0.0068245648
22.3653846154	12.6115032524	0.0090180237	12.6121372253	0.0059736754
22.3846153846	12.6116534108	0.0081680440	12.6122439150	0.0051219138
22.4038461538	12.6117872833	0.0073166151	12.6123342172	0.0042694045
22.4230769231	12.6119048513	0.0064638886	12.6124081189	0.0034162718
22.4423076923	12.6120060987	0.0056100157	12.6124656091	0.0025626404
22.4615384615	12.6120910122	0.0047551474	12.6125066796	0.0017086348
22.4807692308	12.6121595809	0.0038994337	12.6125313242	0.0008543798
22.5000000000	12.6122117966	0.0030430240	12.6125395395	0.0000000000
22.5192307692	12.6122476535	0.0021860668	12.6125313242	-0.0008543798
22.5384615385	12.6122671486	0.0013287094	12.6125066796	-0.0017086348
22.5576923077	12.6122702812	0.0004710979	12.6124656091	-0.0025626404
22.5769230769	12.6122570531	-0.0003866227	12.6124081189	-0.0034162718
22.5961538462	12.6122274688	-0.0012443089	12.6123342172	-0.0042694045
22.6153846154	12.6121815352	-0.0021018187	12.6122439150	-0.0051219138
22.6346153846	12.6121192617	-0.0029590117	12.6121372253	-0.0059736754
22.6538461538	12.6120406599	-0.0038157487	12.6120141638	-0.0068245648
22.6730769231	12.6119457440	-0.0046718924	12.6118747485	-0.0076744578
22.6923076923	12.6118345308	-0.0055273068	12.6117189996	-0.0085232304
22.7115384615	12.6117070392	-0.0063818578	12.6115469399	-0.0093707586
22.7307692308	12.6115632904	-0.0072354126	12.6113585945	-0.0102169187
22.7500000000	12.6114033083	-0.0080878397	12.6111539910	-0.0110615871
22.7692307692	12.6112271187	-0.0089390092	12.6109331592	-0.0119046406
22.7884615385	12.6110347501	-0.0097887926	12.6106961314	-0.0127459560
22.8076923077	12.6108262328	-0.0106370624	12.6104429421	-0.0135854105
22.8269230769	12.6106015999	-0.0114836924	12.6101736283	-0.0144228815
22.8461538462	12.6103608864	-0.0123285570	12.6098882294	-0.0152582469
22.8653846154	12.6101041295	-0.0131715318	12.6095867869	-0.0160913846
22.8846153846	12.6098313688	-0.0140124930	12.6092693450	-0.0169221729
22.9038461538	12.6095426461	-0.0148513173	12.6089359500	-0.0177504907
22.9230769231	12.6092380052	-0.0156878815	12.6085866505	-0.0185762169
22.9423076923	12.6089174923	-0.0165220630	12.6082214975	-0.0193992310
22.9615384615	12.6085811556	-0.0173537391	12.6078405444	-0.0202194128
22.9807692308	12.6082290455	-0.0181827867	12.6074438467	-0.0210366427
23.0000000000	12.6078612148	-0.0190090828	12.6070314624	-0.0218508012
23.0192307692	12.6074777181	-0.0198325036	12.6066034517	-0.0226617696
23.0384615385	12.6070786123	-0.0206529248	12.6061598771	-0.0234694294
23.0576923077	12.6066639567	-0.0214702215	12.6057008033	-0.0242736627
23.0769230769	12.6062338123	-0.0222842676	12.6052262974	-0.0250743520
23.0961538462	12.6057882425	-0.0230949361	12.6047364286	-0.0258713806
23.1153846154	12.6053273131	-0.0239020991	12.6042312685	-0.0266646320
23.1346153846	12.6048510916	-0.0247056271	12.6037108908	-0.0274539904
23.1538461538	12.6043596480	-0.0255053897	12.6031753715	-0.0282393405
23.1730769231	12.6038530545	-0.0263012549	12.6026247888	-0.0290205678
23.1923076923	12.6033313851	-0.0270930897	12.6020592230	-0.0297975581
23.2115384615	12.6027947166	-0.0278807593	12.6014787567	-0.0305701980
23.2307692308	12.6022431274	-0.0286641280	12.6008834747	-0.0313383747
23.2500000000	12.6016766986	-0.0294430586	12.6002734639	-0.0321019761
23.2692307692	12.6010955131	-0.0302174129	12.5996488134	-0.0328608906
23.2884615385	12.6004996563	-0.0309870514	12.5990096143	-0.0336150075
23.3076923077	12.5998892157	-0.0317518338	12.5983559599	-0.0343642167
23.3269230769	12.5992642812	-0.0325116190	12.5976879458	-0.0351084088
23.3461538462	12.5986249446	-0.0332662652	12.5970056694	-0.0358474750
23.3653846154	12.5979713001	-0.0340156301	12.5963092303	-0.0365813077
23.3846153846	12.5973034443	-0.0347595714	12.5955987303	-0.0373097995
23.4038461538	12.5966214757	-0.0354979468	12.5948742729	-0.0380328441
23.4230769231	12.5959254952	-0.0362306142	12.5941359642	-0.0387503360
23.4423076923	12.5952156060	-0.0369574323	12.5933839117	-0.0394621704
23.4615384615	12.5944919132	-0.0376782605	12.5926182253	-0.0401682435
23.4807692308	12.5937545244	-0.0383929596	12.5918390168	-0.0408684520
23.5000000000	12.5930035492	-0.0391013920	12.5910464000	-0.0415626938
23.5192307692	12.5922390992	-0.0398034217	12.5902404906	-0.0422508675
23.5384615385	12.5914612885	-0.0404989154	12.5894214062	-0.0429328727
23.5576923077	12.5906702331	-0.0411877420	12.5885892664	-0.0436086097
23.5769230769	12.5898660509	-0.0418697736	12.5877441928	-0.0442779799
23.5961538462	12.5890488622	-0.0425448855	12.5868863086	-0.0449408857
23.6153846154	12.5882187890	-0.0432129566	12.5860157392	-0.0455972301
23.6346153846	12.5873759554	-0.0438738699	12.5851326117	-0.0462469175
23.6538461538	12.5865204876	-0.0445275126	12.5842370549	-0.0468898528
23.6730769231	12.5856525134	-0.0451737765	12.5833291997	-0.0475259424
23.6923076923	12.5847721626	-0.0458125584	12.5824091785	-0.0481550932
23.7115384615	12.5838795669	-0.0464437601	12.5814771258	-0.0487772134
23.7307692308	12.5829748595	-0.0470672889	12.5805331775	-0.0493922123
23.7500000000	12.5820581756	-0.0476830578	12.5795774715	-0.0500000000
23.7692307692	12.5811296519	-0.0482909854	12.5786101474	-0.0506004878
23.7884615385	12.5801894268	-0.0488909965	12.5776313463	-0.0511935880
23.8076923077	12.5792376400	-0.0494830219	12.5766412112	-0.0517792140
23.8269230769	12.5782744331	-0.0500669984	12.5756398865	-0.0523572803
23.8461538462	12.5772999489	-0.0506428695	12.5746275186	-0.0529277026
23.8653846154	12.5763143317	-0.0512105845	12.5736042552	-0.0534903975
23.8846153846	12.5753177271	-0.0517700991	12.5725702457	-0.0540452829
23.9038461538	12.5743102819	-0.0523213753	12.5715256410	-0.0545922778
23.9230769231	12.5732921443	-0.0528643811	12.5704705938	-0.0551313023
23.9423076923	12.5722634636	-0.0533990903	12.5694052579	-0.0556622777
23.9615384615	12.5712243904	-0.0539254826	12.5683297890	-0.0561851266
23.9807692308	12.5701750761	-0.0544435434	12.5672443441	-0.0566997725
24.0000000000	12.5691156735	-0.0549532630	12.5661490816	-0.0572061403
24.0192307692	12.5680463361	-0.0554546371	12.5650441615	-0.0577041561
24.0384615385	12.5669672185	-0.0559476658	12.5639297450	-0.0581937472
24.0576923077	12.5658784764	-0.0564323538	12.5628059949	-0.0586748422
24.0769230769	12.5647802661	-0.0569087096	12.5616730752	-0.0591473707
24.0961538462	12.5636727449	-0.0573767452	12.5605311514	-0.0596112638
24.1153846154	12.5625560710	-0.0578364760	12.5593803901	-0.0600664537
24.1346153846	12.5614304034	-0.0582879197	12.5582209594	-0.0605128741
24.1538461538	12.5602959018	-0.0587310964	12.5570530285	-0.0609504597
24.1730769231	12.5591527269	-0.0591660280	12.5558767680	-0.0613791466
24.1923076923	12.5580010398	-0.0595927374	12.5546923495	-0.0617988722
24.2115384615	12.5568410027	-0.0600112485	12.5534999461	-0.0622095754
24.2307692308	12.5556727784	-0.0604215851	12.5522997318	-0.0626111960
24.2500000000	12.5544965305	-0.0608237711	12.5510918818	-0.0630036755
24.2692307692	12.5533124234	-0.0612178293	12.5498765725	-0.0633869566
24.2884615385	12.5521206220	-0.0616037815	12.5486539812	-0.0637609833
24.3076923077	12.5509212924	-0.0619816476	12.5474242866	-0.0641257010
24.3269230769	12.5497146010	-0.0623514454	12.5461876681	-0.0644810565
24.3461538462	12.5485007153	-0.0627131900	12.5449443063	-0.0648269978
24.3653846154	12.5472798035	-0.0630668937	12.5436943827	-0.0651634745
24.3846153846	12.5460520346	-0.0634125651	12.5424380798	-0.0654904375
24.4038461538	12.5448175785	-0.0637502091	12.5411755811	-0.0658078389
24.4230769231	12.5435766059	-0.0640798268	12.5399070707	-0.0661156326
24.4423076923	12.5423292884	-0.0644014145	12.5386327340	-0.0664137734
24.4615384615	12.5410757985	-0.0647149643	12.5373527570	-0.0667022180
24.4807692308	12.5398163095	-0.0650204630	12.5360673265	-0.0669809241
24.5000000000	12.5385509959	-0.0653178930	12.5347766303	-0.0672498512
24.5192307692	12.5372800330	-0.0656072311	12.5334808567	-0.0675089599
24.5384615385	12.5360035970	-0.0658884491	12.5321801950	-0.0677582124
24.5576923077	12.5347218654	-0.0661615138	12.5308748350	-0.0679975723
24.5769230769	12.5334350163	-0.0664263864	12.5295649674	-0.0682270047
24.5961538462	12.5321432293	-0.0666830233	12.5282507833	-0.0684464760
24.6153846154	12.5308466848	-0.0669313758	12.5269324747	-0.0686559543
24.6346153846	12.5295455642	-0.0671713902	12.5256102339	-0.0688554090
24.6538461538	12.5282400502	-0.0674030082	12.5242842541	-0.0690448108
24.6730769231	12.5269303265	-0.0676261672	12.5229547289	-0.0692241323
24.6923076923	12.5256165778	-0.0678408002	12.5216218523	-0.0693933471
24.7115384615	12.5242989899	-0.0680468363	12.5202858190	-0.0695524306
24.7307692308	12.5229777499	-0.0682442014	12.5189468239	-0.0697013596
24.7500000000	12.5216530457	-0.0684328180	12.5176050627	-0.0698401123
24.7692307692	12.5203250665	-0.0686126060	12.5162607311	-0.0699686685
24.7884615385	12.5189940023	-0.0687834828	12.5149140255	-0.0700870094
24.8076923077	12.5176600443	-0.0689453642	12.5135651425	-0.0701951177
24.8269230769	12.5163233847	-0.0690981645	12.5122142790	-0.0702929776
24.8461538462	12.5149842166	-0.0692417972	12.5108616322	-0.0703805748
24.8653846154	12.5136427340	-0.0693761752	12.5095073997	-0.0704578967
24.8846153846	12.5122991318	-0.0695012117	12.5081517791	-0.0705249318
24.9038461538	12.5109536060	-0.0696168206	12.5067949683	-0.0705816703
24.9230769231	12.5096063530	-0.0697229166	12.5054371655	-0.0706281041
24.9423076923	12.5082575703	-0.0698194163	12.5040785689	-0.0706642263
24.9615384615	12.5069074559	-0.0699062384	12.5027193768	-0.0706900316
24.9807692308	12.5055562085	-0.0699833040	12.5013597876	-0.0707055163
25.0000000000	12.5042040274	-0.0700505373	12.5000000000	-0.0707106781
25.0192307692	12.5028511123	-0.0701078661	12.4986402124	-0.0707055163
25.0384615385	12.5014976635	-0.0701552220	12.4972806232	-0.0706900316
25.0576923077	12.5001438816	-0.0701925407	12.4959214311	-0.0706642263
25.0769230769	12.4987899675	-0.0702197627	12.4945628345	-0.0706281041
25.0961538462	12.4974361223	-0.0702368334	12.4932050317	-0.0705816703
25.1153846154	12.4960825474	-0.0702437034	12.4918482209	-0.0705249318
25.1346153846	12.4947294440	-0.0702403286	12.4904926003	-0.0704578967
25.1538461538	12.4933770136	-0.0702266708	12.4891383678	-0.0703805748
25.1730769231	12.4920254574	-0.0702026975	12.4877857210	-0.0702929776
25.1923076923	12.4906749767	-0.0701683819	12.4864348575	-0.0701951177
25.2115384615	12.4893257723	-0.0701237036	12.4850859745	-0.0700870094
25.2307692308	12.4879780448	-0.0700686480	12.4837392689	-0.0699686685
25.2500000000	12.4866319946	-0.0700032065	12.4823949373	-0.0698401123
25.2692307692	12.4852878214	-0.0699273765	12.4810531761	-0.0697013596
25.2884615385	12.4839457245	-0.0698411614	12.4797141810	-0.0695524306
25.3076923077	12.4826059027	-0.0697445701	12.4783781477	-0.0693933471
25.3269230769	12.4812685541	-0.0696376172	12.4770452711	-0.0692241323
25.3461538462	12.4799338760	-0.0695203226	12.4757157459	-0.0690448108
25.3653846154	12.4786020652	-0.0693927112	12.4743897661	-0.0688554090
25.3846153846	12.4772733174	-0.0692548130	12.4730675253	-0.0686559543
25.4038461538	12.4759478278	-0.0691066621	12.4717492167	-0.0684464760
25.4230769231	12.4746257903	-0.0689482971	12.4704350326	-0.0682270047
25.4423076923	12.4733073982	-0.0687797601	12.4691251650	-0.0679975723
25.4615384615	12.4719928436	-0.0686010969	12.4678198050	-0.0677582124
25.4807692308	12.4706823178	-0.0684123560	12.4665191433	-0.0675089599
25.5000000000	12.4693760110	-0.0682135889	12.4652233697	-0.0672498512
25.5192307692	12.4680741123	-0.0680048490	12.4639326735	-0.0669809241
25.5384615385	12.4667768097	-0.0677861914	12.4626472430	-0.0667022180
25.5576923077	12.4654842902	-0.0675576729	12.4613672660	-0.0664137734
25.5769230769	12.4641967398	-0.0673193509	12.4600929293	-0.0661156326
25.5961538462	12.4629143433	-0.0670712835	12.4588244189	-0.0658078389
25.6153846154	12.4616372843	-0.0668135288	12.4575619202	-0.0654904375
25.6346153846	12.4603657454	-0.0665461445	12.4563056173	-0.0651634745
25.6538461538	12.4590999083	-0.0662691881	12.4550556937	-0.0648269978
25.6730769231	12.4578399533	-0.0659827156	12.4538123319	-0.0644810565
25.6923076923	12.4565860599	-0.0656867820	12.4525757134	-0.0641257010
25.7115384615	12.4553384063	-0.0653814405	12.4513460188	-0.0637609833
25.7307692308	12.4540971698	-0.0650667427	12.4501234275	-0.0633869566
25.7500000000	12.4528625268	-0.0647427378	12.4489081182	-0.0630036755
25.7692307692	12.4516346524	-0.0644094729	12.4477002682	-0.0626111960
25.7884615385	12.4504137210	-0.0640669925	12.4465000539	-0.0622095754
25.8076923077	12.4491999059	-0.0637153388	12.4453076505	-0.0617988722
25.8269230769	12.4479933793	-0.0633545510	12.4441232320	-0.0613791466
25.8461538462	12.4467943128	-0.0629846658	12.4429469715	-0.0609504597
25.8653846154	12.4456028769	-0.0626057173	12.4417790406	-0.0605128741
25.8846153846	12.4444192411	-0.0622177368	12.4406196099	-0.0600664537
25.9038461538	12.4432435744	-0.0618207530	12.4394688486	-0.0596112638
25.9230769231	12.4420760446	-0.0614147924	12.4383269248	-0.0591473707
25.9423076923	12.4409168187	-0.0609998790	12.4371940051	-0.0586748422
25.9615384615	12.4397660629	-0.0605760348	12.4360702550	-0.0581937472
25.9807692308	12.4386239427	-0.0601432799	12.4349558385	-0.0577041561
26.0000000000	12.4374906227	-0.0597016329	12.4338509184	-0.0572061403
26.0192307692	12.4363662665	-0.0592511111	12.4327556559	-0.0566997725
26.0384615385	12.4352510371	-0.0587917306	12.4316702110	-0.0561851266
26.0576923077	12.4341450966	-0.0583235073	12.4305947421	-0.0556622777
26.0769230769	12.4330486061	-0.0578464564	12.4295294062	-0.0551313023
26.0961538462	12.4319617262	-0.0573605937	12.4284743590	-0.0545922778
26.1153846154	12.4308846161	-0.0568659350	12.4274297543	-0.0540452829
26.1346153846	12.4298174347	-0.0563624975	12.4263957448	-0.0534903975
26.1538461538	12.4287603395	-0.0558502996	12.4253724814	-0.0529277026
26.1730769231	12.4277134872	-0.0553293614	12.4243601135	-0.0523572803
26.1923076923	12.4266770336	-0.0547997053	12.4233587888	-0.0517792140
26.2115384615	12.4256511333	-0.0542613565	12.4223686537	-0.0511935880
26.2307692308	12.4246359400	-0.0537143429	12.4213898526	-0.0506004878
26.2500000000	12.4236316062	-0.0531586961	12.4204225285	-0.0500000000
26.2692307692	12.4226382833	-0.0525944515	12.4194668225	-0.0493922123
26.2884615385	12.4216561213	-0.0520216484	12.4185228742	-0.0487772134
26.3076923077	12.4206852690	-0.0514403311	12.4175908215	-0.0481550932
26.3269230769	12.4197258741	-0.0508505483	12.4166708003	-0.0475259424
26.3461538462	12.4187780827	-0.0502523541	12.4157629451	-0.0468898528
26.3653846154	12.4178420393	-0.0496458078	12.4148673883	-0.0462469175
26.3846153846	12.4169178873	-0.0490309744	12.4139842608	-0.0455972301
26.4038461538	12.4160057681	-0.0484079246	12.4131136914	-0.0449408857
26.4230769231	12.4151058217	-0.0477767352	12.4122558072	-0.0442779799
26.4423076923	12.4142181865	-0.0471374888	12.4114107336	-0.0436086097
26.4615384615	12.4133429987	-0.0464902741	12.4105785938	-0.0429328727
26.4807692308	12.4124803931	-0.0458351863	12.4097595094	-0.0422508675
26.5000000000	12.4116305023	-0.0451723262	12.4089536000	-0.0415626938
26.5192307692	12.4107934573	-0.0445018010	12.4081609832	-0.0408684520
26.5384615385	12.4099693866	-0.0438237237	12.4073817747	-0.0401682435
26.5576923077	12.4091584169	-0.0431382133	12.4066160883	-0.0394621704
26.5769230769	12.4083606728	-0.0424453942	12.4058640358	-0.0387503360
26.5961538462	12.4075762766	-0.0417453965	12.4051257271	-0.0380328441
26.6153846154	12.4068053483	-0.0410383552	12.4044012697	-0.0373097995
26.6346153846	12.4060480058	-0.0403244104	12.4036907697	-0.0365813077
26.6538461538	12.4053043644	-0.0396037069	12.4029943306	-0.0358474750
26.6730769231	12.4045745372	-0.0388763935	12.4023120542	-0.0351084088
26.6923076923	12.4038586348	-0.0381426230	12.4016440401	-0.0343642167
26.7115384615	12.4031567654	-0.0374025518	12.4009903857	-0.0336150075
26.7307692308	12.4024690348	-0.0366563393	12.4003511866	-0.0328608906
26.7500000000	12.4017955461	-0.0359041475	12.3997265361	-0.0321019761
26.7692307692	12.4011364000	-0.0351461409	12.3991165253	-0.0313383747
26.7884615385	12.4004916945	-0.0343824855	12.3985212433	-0.0305701980
26.8076923077	12.3998615253	-0.0336133489	12.3979407770	-0.0297975581
26.8269230769	12.3992459854	-0.0328388994	12.3973752112	-0.0290205678
26.8461538462	12.3986451651	-0.0320593061	12.3968246285	-0.0282393405
26.8653846154	12.3980591524	-0.0312747377	12.3962891092	-0.0274539904
26.8846153846	12.3974880326	-0.0304853629	12.3957687315	-0.0266646320
26.9038461538	12.3969318883	-0.0296913495	12.3952635714	-0.0258713806
26.9230769231	12.3963907999	-0.0288928639	12.3947737026	-0.0250743520
26.9423076923	12.3958648449	-0.0280900713	12.3942991967	-0.0242736627
26.9615384615	12.3953540985	-0.0272831348	12.3938401229	-0.0234694294
26.9807692308	12.3948586334	-0.0264722153	12.3933965483	-0.0226617696
27.0000000000	12.3943785197	-0.0256574713	12.3929685376	-0.0218508012
27.0192307692	12.3939138253	-0.0248390584	12.3925561533	-0.0210366427
27.0384615385	12.3934646154	-0.0240171295	12.3921594556	-0.0202194128
27.0576923077	12.3930309530	-0.0231918341	12.3917785025	-0.0193992310
27.0769230769	12.3926128986	-0.0223633185	12.3914133495	-0.0185762169
27.0961538462	12.3922105105	-0.0215317257	12.3910640500	-0.0177504907
27.1153846154	12.3918238447	-0.0206971949	12.3907306550	-0.0169221729
27.1346153846	12.3914529547	-0.0198598623	12.3904132131	-0.0160913846
27.1538461538	12.3910978921	-0.0190198602	12.3901117706	-0.0152582469
27.1730769231	12.3907587059	-0.0181773176	12.3898263717	-0.0144228815
27.1923076923	12.3904354432	-0.0173323602	12.3895570579	-0.0135854105
27.2115384615	12.3901281489	-0.0164851104	12.3893038686	-0.0127459560
27.2307692308	12.3898368656	-0.0156356877	12.3890668408	-0.0119046406
27.2500000000	12.3895616340	-0.0147842084	12.3888460090	-0.0110615871
27.2692307692	12.3893024924	-0.0139307864	12.3886414055	-0.0102169187
27.2884615385	12.3890594773	-0.0130755331	12.3884530601	-0.0093707586
27.3076923077	12.3888326231	-0.0122185579	12.3882810004	-0.0085232304
27.3269230769	12.3886219619	-0.0113599683	12.3881252515	-0.0076744578
27.3461538462	12.3884275241	-0.0104998702	12.3879858362	-0.0068245648
27.3653846154	12.3882493377	-0.0096383685	12.3878627747	-0.0059736754
27.3846153846	12.3880874289	-0.0087755672	12.3877560850	-0.0051219138
27.4038461538	12.3879418219	-0.0079115700	12.3876657828	-0.0042694045
27.4230769231	12.3878125386	-0.0070464804	12.3875918811	-0.0034162718
27.4423076923	12.3876995990	-0.0061804021	12.3875343909	-0.0025626404
27.4615384615	12.3876030211	-0.0053134398	12.3874933204	-0.0017086348
27.4807692308	12.3875228207	-0.0044456988	12.3874686758	-0.0008543798
27.5000000000	12.3874590115	-0.0035772863	12.3874604605	-0.0000000000
27.5192307692	12.3874116051	-0.0027083107	12.3874686758	0.0008543798
27.5384615385	12.3873806111	-0.0018388829	12.3874933204	0.0017086348
27.5576923077	12.3873660367	-0.0009691158	12.3875343909	0.0025626404
27.5769230769	12.3873678870	-0.0000991254	12.3875918811	0.0034162718
27.5961538462	12.3873861650	0.0007709699	12.3876657828	0.0042694045
27.6153846154	12.3874208713	0.0016410480	12.3877560850	0.0051219138
27.6346153846	12.3874720041	0.0025109839	12.3878627747	0.0059736754
27.6538461538	12.3875395597	0.0033806489	12.3879858362	0.0068245648
27.6730769231	12.3876235315	0.0042499105	12.3881252515	0.0076744578
27.6923076923	12.3877239110	0.0051186327	12.3882810004	0.0085232304
27.7115384615	12.3878406869	0.0059866754	12.3884530601	0.0093707586
27.7307692308	12.3879738457	0.0068538949	12.3886414055	0.0102169187
27.7500000000	12.3881233712	0.0077201434	12.3888460090	0.0110615871
27.7692307692	12.3882892449	0.0085852695	12.3890668408	0.0119046406
27.7884615385	12.3884714455	0.0094491181	12.3893038686	0.0127459560
27.8076923077	12.3886699493	0.0103115304	12.3895570579	0.0135854105
27.8269230769	12.3888847298	0.0111723443	12.3898263717	0.0144228815
27.8461538462	12.3891157581	0.0120313945	12.3901117706	0.0152582469
27.8653846154	12.3893630024	0.0128885125	12.3904132131	0.0160913846
27.8846153846	12.3896264282	0.0137435275	12.3907306550	0.0169221729
27.9038461538	12.3899059986	0.0145962659	12.3910640500	0.0177504907
27.9230769231	12.3902016736	0.0154465523	12.3914133495	0.0185762169
27.9423076923	12.3905134107	0.0162942094	12.3917785025	0.0193992310
27.9615384615	12.3908411645	0.0171390586	12.3921594556	0.0202194128
27.9807692308	12.3911848870	0.0179809204	12.3925561533	0.0210366427
28.0000000000	12.3915445272	0.0188196147	12.3929685376	0.0218508012
28.0192307692	12.3919200317	0.0196549611	12.3933965483	0.0226617696
28.0384615385	12.3923113441	0.0204867798	12.3938401229	0.0234694294
28.0576923077	12.3927184053	0.0213148916	12.3942991967	0.0242736627
28.0769230769	12.3931411534	0.0221391183	12.3947737026	0.0250743520
28.0961538462	12.3935795241	0.0229592836	12.3952635714	0.0258713806
28.1153846154	12.3940334500	0.0237752130	12.3957687315	0.0266646320
28.1346153846	12.3945028614	0.0245867346	12.3962891092	0.0274539904
28.1538461538	12.3949876856	0.0253936792	12.3968246285	0.0282393405
28.1730769231	12.3954878477	0.0261958811	12.3973752112	0.0290205678
28.1923076923	12.3960032700	0.0269931780	12.3979407770	0.0297975581
28.2115384615	12.3965338721	0.0277854118	12.3985212433	0.0305701980
28.2307692308	12.3970795715	0.0285724285	12.3991165253	0.0313383747
28.2500000000	12.3976402828	0.0293540788	12.3997265361	0.0321019761
28.2692307692	12.3982159186	0.0301302185	12.4003511866	0.0328608906
28.2884615385	12.3988063888	0.0309007081	12.4009903857	0.0336150075
28.3076923077	12.3994116012	0.0316654139	12.4016440401	0.0343642167
28.3269230769	12.4000314612	0.0324242073	12.4023120542	0.0351084088
28.3461538462	12.4006658720	0.0331769655	12.4029943306	0.0358474750
28.3653846154	12.4013147346	0.0339235716	12.4036907697	0.0365813077
28.3846153846	12.4019779478	0.0346639142	12.4044012697	0.0373097995
28.4038461538	12.4026554086	0.0353978880	12.4051257271	0.0380328441
28.4230769231	12.4033470116	0.0361253933	12.4058640358	0.0387503360
28.4423076923	12.4040526496	0.0368463363	12.4066160883	0.0394621704
28.4615384615	12.4047722135	0.0375606288	12.4073817747	0.0401682435
28.4807692308	12.4055055921	0.0382681881	12.4081609832	0.0408684520
28.5000000000	12.4062526727	0.0389689371	12.4089536000	0.0415626938
28.5192307692	12.4070133403	0.0396628036	12.4097595094	0.0422508675
28.5384615385	12.4077874787	0.0403497207	12.4105785938	0.0429328727
28.5576923077	12.4085749695	0.0410296261	12.4114107336	0.0436086097
28.5769230769	12.4093756928	0.0417024620	12.4122558072	0.0442779799
28.5961538462	12.4101895272	0.0423681748	12.4131136914	0.0449408857
28.6153846154	12.4110163493	0.0430267148	12.4139842608	0.0455972301
28.6346153846	12.4118560345	0.0436780357	12.4148673883	0.0462469175
28.6538461538	12.4127084565	0.0443220946	12.4157629451	0.0468898528
28.6730769231	12.4135734873	0.0449588514	12.4166708003	0.0475259424
28.6923076923	12.4144509976	0.0455882685	12.4175908215	0.0481550932
28.7115384615	12.4153408565	0.0462103104	12.4185228742	0.0487772134
28.7307692308	12.4162429318	0.0468249435	12.4194668225	0.0493922123
28.7500000000	12.4171570896	0.0474321354	12.4204225285	0.0500000000
28.7692307692	12.4180831947	0.0480318549	12.4213898526	0.0506004878
28.7884615385	12.4190211105	0.0486240716	12.4223686537	0.0511935880
28.8076923077	12.4199706988	0.0492087553	12.4233587888	0.0517792140
28.8269230769	12.4209318203	0.0497858760	12.4243601135	0.0523572803
28.8461538462	12.4219043341	0.0503554033	12.4253724814	0.0529277026
28.8653846154	12.4228880978	0.0509173066	12.4263957448	0.0534903975
28.8846153846	12.4238829679	0.0514715541	12.4274297543	0.0540452829
28.9038461538	12.4248887993	0.0520181134	12.4284743590	0.0545922778
28.9230769231	12.4259054455	0.0525569507	12.4295294062	0.0551313023
28.9423076923	12.4269327589	0.0530880307	12.4305947421	0.0556622777
28.9615384615	12.4279705901	0.0536113167	12.4316702110	0.0561851266
28.9807692308	12.4290187887	0.0541267704	12.4327556559	0.0566997725
29.0000000000	12.4300772026	0.0546343516	12.4338509184	0.0572061403
29.0192307692	12.4311456787	0.0551340183	12.4349558385	0.0577041561
29.0384615385	12.4322240622	0.0556257267	12.4360702550	0.0581937472
29.0576923077	12.4333121971	0.0561094312	12.4371940051	0.0586748422
29.0769230769	12.4344099260	0.0565850843	12.4383269248	0.0591473707
29.0961538462	12.4355170901	0.0570526369	12.4394688486	0.0596112638
29.1153846154	12.4366335293	0.0575120380	12.4406196099	0.0600664537
29.1346153846	12.4377590822	0.0579632353	12.4417790406	0.0605128741
29.1538461538	12.4388935860	0.0584061750	12.4429469715	0.0609504597
29.1730769231	12.4400368765	0.0588408021	12.4441232320	0.0613791466
29.1923076923	12.4411887885	0.0592670607	12.4453076505	0.0617988722
29.2115384615	12.4423491551	0.0596848938	12.4465000539	0.0622095754
29.2307692308	12.4435178084	0.0600942440	12.4477002682	0.0626111960
29.2500000000	12.4446945791	0.0604950535	12.4489081182	0.0630036755
29.2692307692	12.4458792969	0.0608872644	12.4501234275	0.0633869566
29.2884615385	12.4470717900	0.0612708190	12.4513460188	0.0637609833
29.3076923077	12.4482718855	0.0616456600	12.4525757134	0.0641257010
29.3269230769	12.4494794094	0.0620117308	12.4538123319	0.0644810565
29.3461538462	12.4506941865	0.0623689758	12.4550556937	0.0648269978
29.3653846154	12.4519160406	0.0627173407	12.4563056173	0.0651634745
29.3846153846	12.4531447944	0.0630567726	12.4575619202	0.0654904375
29.4038461538	12.4543802694	0.0633872205	12.4588244189	0.0658078389
29.4230769231	12.4556222862	0.0637086353	12.4600929293	0.0661156326
29.4423076923	12.4568706646	0.0640209704	12.4613672660	0.0664137734
29.4615384615	12.4581252232	0.0643241815	12.4626472430	0.0667022180
29.4807692308	12.4593857800	0.0646182271	12.4639326735	0.0669809241
29.5000000000	12.4606521518	0.0649030684	12.4652233697	0.0672498512
29.5192307692	12.4619241548	0.0651786699	12.4665191433	0.0675089599
29.5384615385	12.4632016045	0.0654449992	12.4678198050	0.0677582124
29.5576923077	12.4644843155	0.0657020271	12.4691251650	0.0679975723
29.5769230769	12.4657721018	0.0659497280	12.4704350326	0.0682270047
29.5961538462	12.4670647768	0.0661880796	12.4717492167	0.0684464760
29.6153846154	12.4683621531	0.0664170632	12.4730675253	0.0686559543
29.6346153846	12.4696640429	0.0666366635	12.4743897661	0.0688554090
29.6538461538	12.4709702578	0.0668468688	12.4757157459	0.0690448108
29.6730769231	12.4722806091	0.0670476709	12.4770452711	0.0692241323
29.6923076923	12.4735949072	0.0672390649	12.4783781477	0.0693933471
29.7115384615	12.4749129625	0.0674210490	12.4797141810	0.0695524306
29.7307692308	12.4762345850	0.0675936250	12.4810531761	0.0697013596
29.7500000000	12.4775595840	0.0677567973	12.4823949373	0.0698401123
29.7692307692	12.4788877688	0.0679105733	12.4837392689	0.0699686685
29.7884615385	12.4802189483	0.0680549632	12.4850859745	0.0700870094
29.8076923077	12.4815529312	0.0681899792	12.4864348575	0.0701951177
29.8269230769	12.4828895260	0.0683156362	12.4877857210	0.0702929776
29.8461538462	12.4842285407	0.0684319508	12.4891383678	0.0703805748
29.8653846154	12.4855697836	0.0685389411	12.4904926003	0.0704578967
29.8846153846	12.4869130624	0.0686366271	12.4918482209	0.0705249318
29.9038461538	12.4882581849	0.0687250295	12.4932050317	0.0705816703
29.9230769231	12.4896049588	0.0688041700	12.4945628345	0.0706281041
29.9423076923	12.4909531915	0.0688740711	12.4959214311	0.0706642263
29.9615384615	12.4923026906	0.0689347551	12.4972806232	0.0706900316
29.9807692308	12.4936532633	0.0689862448	12.4986402124	0.0707055163
30.0000000000	12.4950047171	0.0690285622	12.5000000000	0.0707106781
30.0192307692	12.4963568591	0.0690617292	12.5013597876	0.0707055163
30.0384615385	12.4977094967	0.0690857665	12.5027193768	0.0706900316
30.0576923077	12.4990624369	0.0691006938	12.5040785689	0.0706642263
30.0769230769	12.5004154871	0.0691065295	12.5054371655	0.0706281041
30.0961538462	12.5017684544	0.0691032905	12.5067949683	0.0705816703
30.1153846154	12.5031211460	0.0690909919	12.5081517791	0.0705249318
30.1346153846	12.5044733691	0.0690696466	12.5095073997	0.0704578967
30.1538461538	12.5058249310	0.0690392658	12.5108616322	0.0703805748
30.1730769231	12.5071756389	0.0689998582	12.5122142790	0.0702929776
30.1923076923	12.5085253000	0.0689514301	12.5135651425	0.0701951177
30.2115384615	12.5098737218	0.0688939855	12.5149140255	0.0700870094
30.2307692308	12.5112207116	0.0688275257	12.5162607311	0.0699686685
30.2500000000	12.5125660769	0.0687520497	12.5176050627	0.0698401123
30.2692307692	12.5139096251	0.0686675539	12.5189468239	0.0697013596
30.2884615385	12.5152511640	0.0685740319	12.5202858190	0.0695524306
30.3076923077	12.5165905013	0.0684714751	12.5216218523	0.0693933471
30.3269230769	12.5179274447	0.0683598726	12.5229547289	0.0692241323
30.3461538462	12.5192618024	0.0682392109	12.5242842541	0.0690448108
30.3653846154	12.5205933823	0.0681094746	12.5256102339	0.0688554090
30.3846153846	12.5219219928	0.0679706462	12.5269324747	0.0686559543
30.4038461538	12.5232474424	0.0678227066	12.5282507833	0.0684464760
30.4230769231	12.5245695398	0.0676656348	12.5295649674	0.0682270047
30.4423076923	12.5258880940	0.0674994086	12.5308748350	0.0679975723
30.4615384615	12.5272029141	0.0673240047	12.5321801950	0.0677582124
30.4807692308	12.5285138097	0.0671393990	12.5334808567	0.0675089599
30.5000000000	12.5298205906	0.0669455666	12.5347766303	0.0672498512
30.5192307692	12.5311230671	0.0667424826	12.5360673265	0.0669809241
30.5384615385	12.5324210497	0.0665301218	12.5373527570	0.0667022180
30.5576923077	12.5337143495	0.0663084598	12.5386327340	0.0664137734
30.5769230769	12.5350027779	0.0660774723	12.5399070707	0.0661156326
30.5961538462	12.5362861470	0.0658371365	12.5411755811	0.0658078389
30.6153846154	12.5375642693	0.0655874304	12.5424380798	0.0654904375
30.6346153846	12.5388369579	0.0653283341	12.5436943827	0.0651634745
30.6538461538	12.5401040266	0.0650598292	12.5449443063	0.0648269978
30.6730769231	12.5413652898	0.0647818999	12.5461876681	0.0644810565
30.6923076923	12.5426205627	0.0644945327	12.5474242866	0.0641257010
30.7115384615	12.5438696612	0.0641977172	12.5486539812	0.0637609833
30.7307692308	12.5451124021	0.0638914457	12.5498765725	0.0633869566
30.7500000000	12.5463486028	0.0635757143	12.5510918818	0.0630036755
30.7692307692	12.5475780819	0.0632505224	12.5522997318	0.0626111960
30.7884615385	12.5488006589	0.0629158736	12.5534999461	0.0622095754
30.8076923077	12.5500161541	0.0625717753	12.5546923495	0.0617988722
30.8269230769	12.5512243890	0.0622182391	12.5558767680	0.0613791466
30.8461538462	12.5524251861	0.0618552812	12.5570530285	0.0609504597
30.8653846154	12.5536183691	0.0614829221	12.5582209594	0.0605128741
30.8846153846	12.5548037628	0.0611011874	12.5593803901	0.0600664537
30.9038461538	12.5559811934	0.0607101068	12.5605311514	0.0596112638
30.9230769231	12.5571504880	0.0603097154	12.5616730752	0.0591473707
30.9423076923	12.5583114754	0.0599000529	12.5628059949	0.0586748422
30.9615384615	12.5594639853	0.0594811637	12.5639297450	0.0581937472
30.9807692308	12.5606078492	0.0590530972	12.5650441615	0.0577041561
31.0000000000	12.5617428998	0.0586159078	12.5661490816	0.0572061403
31.0192307692	12.5628689711	0.0581696542	12.5672443441	0.0566997725
31.0384615385	12.5639858987	0.0577144000	12.5683297890	0.0561851266
31.0576923077	12.5650935199	0.0572502134	12.5694052579	0.0556622777
31.0769230769	12.5661916733	0.0567771669	12.5704705938	0.0551313023
31.0961538462	12.5672801990	0.0562953372	12.5715256410	0.0545922778
31.1153846154	12.5683589388	0.0558048052	12.5725702457	0.0540452829
31.1346153846	12.5694277361	0.0553056556	12.5736042552	0.0534903975
31.1538461538	12.5704864359	0.0547979768	12.5746275186	0.0529277026
31.1730769231	12.5715348848	0.0542818606	12.5756398865	0.0523572803
31.1923076923	12.5725729312	0.0537574022	12.5766412112	0.0517792140
31.2115384615	12.5736004250	0.0532246997	12.5776313463	0.0511935880
31.2307692308	12.5746172179	0.0526838539	12.5786101474	0.0506004878
31.2500000000	12.5756231632	0.0521349681	12.5795774715	0.0500000000
31.2692307692	12.5766181161	0.0515781478	12.5805331775	0.0493922123
31.2884615385	12.5776019333	0.0510135007	12.5814771258	0.0487772134
31.3076923077	12.5785744733	0.0504411358	12.5824091785	0.0481550932
31.3269230769	12.5795355965	0.0498611638	12.5833291997	0.0475259424
31.3461538462	12.5804851648	0.0492736965	12.5842370549	0.0468898528
31.3653846154	12.5814230420	0.0486788467	12.5851326117	0.0462469175
31.3846153846	12.5823490936	0.0480767278	12.5860157392	0.0455972301
31.4038461538	12.5832631870	0.0474674536	12.5868863086	0.0449408857
31.4230769231	12.5841651911	0.0468511381	12.5877441928	0.0442779799
31.4423076923	12.5850549768	0.0462278955	12.5885892664	0.0436086097
31.4615384615	12.5859324167	0.0455978395	12.5894214062	0.0429328727
31.4807692308	12.5867973851	0.0449610835	12.5902404906	0.0422508675
31.5000000000	12.5876497582	0.0443177404	12.5910464000	0.0415626938
31.5192307692	12.5884894139	0.0436679223	12.5918390168	0.0408684520
31.5384615385	12.5893162320	0.0430117402	12.5926182253	0.0401682435
31.5576923077	12.5901300940	0.0423493045	12.5933839117	0.0394621704
31.5769230769	12.5909308832	0.0416807241	12.5941359642	0.0387503360
31.5961538462	12.5917184848	0.0410061068	12.5948742729	0.0380328441
31.6153846154	12.5924927857	0.0403255591	12.5955987303	0.0373097995
31.6346153846	12.5932536746	0.0396391861	12.5963092303	0.0365813077
31.6538461538	12.5940010423	0.0389470914	12.5970056694	0.0358474750
31.6730769231	12.5947347811	0.0382493775	12.5976879458	0.0351084088
31.6923076923	12.5954547854	0.0375461451	12.5983559599	0.0343642167
31.7115384615	12.5961609514	0.0368374935	12.5990096143	0.0336150075
31.7307692308	12.5968531770	0.0361235207	12.5996488134	0.0328608906
31.7500000000	12.5975313622	0.0354043235	12.6002734639	0.0321019761
31.7692307692	12.5981954089	0.0346799969	12.6008834747	0.0313383747
31.7884615385	12.5988452208	0.0339506350	12.6014787567	0.0305701980
31.8076923077	12.5994807036	0.0332163308	12.6020592230	0.0297975581
31.8269230769	12.6001017648	0.0324771758	12.6026247888	0.0290205678
31.8461538462	12.6007083142	0.0317332609	12.6031753715	0.0282393405
31.8653846154	12.6013002633	0.0309846760	12.6037108908	0.0274539904
31.8846153846	12.6018775255	0.0302315101	12.6042312685	0.0266646320
31.9038461538	12.6024400165	0.0294738518	12.6047364286	0.0258713806
31.9230769231	12.6029876540	0.0287117890	12.6052262974	0.0250743520
31.9423076923	12.6035203575	0.0279454093	12.6057008033	0.0242736627
31.9615384615	12.6040380487	0.0271748003	12.6061598771	0.0234694294
31.9807692308	12.6045406514	0.0264000490	12.6066034517	0.0226617696
32.0000000000	12.6050280916	0.0256212430	12.6070314624	0.0218508012
32.0192307692	12.6055002973	0.0248384698	12.6074438467	0.0210366427
32.0384615385	12.6059571985	0.0240518174	12.6078405444	0.0202194128
32.0576923077	12.6063987276	0.0232613742	12.6082214975	0.0193992310
32.0769230769	12.6068248190	0.0224672293	12.6085866505	0.0185762169
32.0961538462	12.6072354094	0.0216694727	12.6089359500	0.0177504907
32.1153846154	12.6076304376	0.0208681952	12.6092693450	0.0169221729
32.1346153846	12.6080098446	0.0200634888	12.6095867869	0.0160913846
32.1538461538	12.6083735737	0.0192554466	12.6098882294	0.0152582469
32.1730769231	12.6087215704	0.0184441631	12.6101736283	0.0144228815
32.1923076923	12.6090537825	0.0176297342	12.6104429421	0.0135854105
32.2115384615	12.6093701599	0.0168122575	12.6106961314	0.0127459560
32.2307692308	12.6096706549	0.0159918323	12.6109331592	0.0119046406
32.2500000000	12.6099552221	0.0151685596	12.6111539910	0.0110615871
32.2692307692	12.6102238184	0.0143425423	12.6113585945	0.0102169187
32.2884615385	12.6104764028	0.0135138854	12.6115469399	0.0093707586
32.3076923077	12.6107129369	0.0126826960	12.6117189996	0.0085232304
32.3269230769	12.6109333844	0.0118490833	12.6118747485	0.0076744578
32.3461538462	12.6111377115	0.0110131587	12.6120141638	0.0068245648
32.3653846154	12.6113258865	0.0101750361	12.6121372253	0.0059736754
32.3846153846	12.6114978802	0.0093348315	12.6122439150	0.0051219138
32.4038461538	12.6116536657	0.0084926637	12.6123342172	0.0042694045
32.4230769231	12.6117932185	0.0076486535	12.6124081189	0.0034162718
32.4423076923	12.6119165163	0.0068029246	12.6124656091	0.0025626404
32.4615384615	12.6120235393	0.0059556030	12.6125066796	0.0017086348
32.4807692308	12.6121142700	0.0051068174	12.6125313242	0.0008543798
32.5000000000	12.6121886933	0.0042566990	12.6125395395	-0.0000000000
32.5192307692	12.6122467965	0.0034053815	12.6125313242	-0.0008543798
32.5384615385	12.6122885692	0.0025530014	12.6125066796	-0.0017086348
32.5576923077	12.6123140034	0.0016996975	12.6124656091	-0.0025626404
32.5769230769	12.6123230935	0.0008456114	12.6124081189	-0.0034162718
32.5961538462	12.6123158363	-0.0000091131	12.6123342172	-0.0042694045
32.6153846154	12.6122922310	-0.0008643294	12.6122439150	-0.0051219138
32.6346153846	12.6122522792	-0.0017198886	12.6121372253	-0.0059736754
32.6538461538	12.6121959849	-0.0025756394	12.6120141638	-0.0068245648
32.6730769231	12.6121233547	-0.0034314284	12.6118747485	-0.0076744578
32.6923076923	12.6120343972	-0.0042870996	12.6117189996	-0.0085232304
32.7115384615	12.6119291240	-0.0051424950	12.6115469399	-0.0093707586
32.7307692308	12.6118075486	-0.0059974546	12.6113585945	-0.0102169187
32.7500000000	12.6116696873	-0.0068518164	12.6111539910	-0.0110615871
32.7692307692	12.6115155589	-0.0077054165	12.6109331592	-0.0119046406
32.7884615385	12.6113451843	-0.0085580894	12.6106961314	-0.0127459560
32.8076923077	12.6111585873	-0.0094096679	12.6104429421	-0.0135854105
32.8269230769	12.6109557939	-0.0102599834	12.6101736283	-0.0144228815
32.8461538462	12.6107368328	-0.0111088660	12.6098882294	-0.0152582469
32.8653846154	12.6105017350	-0.0119561448	12.6095867869	-0.0160913846
32.8846153846	12.6102505342	-0.0128016479	12.6092693450	-0.0169221729
32.9038461538	12.6099832665	-0.0136452025	12.6089359500	-0.0177504907
32.9230769231	12.6096999706	-0.0144866355	12.6085866505	-0.0185762169
32.9423076923	12.6094006876	-0.0153257733	12.6082214975	-0.0193992310
32.9615384615	12.6090854613	-0.0161624423	12.6078405444	-0.0202194128
32.9807692308	12.6087543380	-0.0169964690	12.6074438467	-0.0210366427
33.0000000000	12.6084073664	-0.0178276800	12.6070314624	-0.0218508012
33.0192307692	12.6080445980	-0.0186559028	12.6066034517	-0.0226617696
33.0384615385	12.6076660866	-0.0194809655	12.6061598771	-0.0234694294
33.0576923077	12.6072718886	-0.0203026974	12.6057008033	-0.0242736627
33.0769230769	12.6068620631	-0.0211209291	12.6052262974	-0.0250743520
33.0961538462	12.6064366715	-0.0219354929	12.6047364286	-0.0258713806
33.1153846154	12.6059957778	-0.0227462227	12.6042312685	-0.0266646320
33.1346153846	12.6055394487	-0.0235529548	12.6037108908	-0.0274539904
33.1538461538	12.6050677530	-0.0243555278	12.6031753715	-0.0282393405
33.1730769231	12.6045807624	-0.0251537828	12.6026247888	-0.0290205678
33.1923076923	12.6040785508	-0.0259475641	12.6020592230	-0.0297975581
33.2115384615	12.6035611947	-0.0267367189	12.6014787567	-0.0305701980
33.2307692308	12.6030287729	-0.0275210979	12.6008834747	-0.0313383747
33.2500000000	12.6024813668	-0.0283005556	12.6002734639	-0.0321019761
33.2692307692	12.6019190600	-0.0290749502	12.5996488134	-0.0328608906
33.2884615385	12.6013419384	-0.0298441440	12.5990096143	-0.0336150075
33.3076923077	12.6007500904	-0.0306080037	12.5983559599	-0.0343642167
33.3269230769	12.6001436067	-0.0313664005	12.5976879458	-0.0351084088
33.3461538462	12.5995225801	-0.0321192103	12.5970056694	-0.0358474750
33.3653846154	12.5988871057	-0.0328663137	12.5963092303	-0.0365813077
33.3846153846	12.5982372808	-0.0336075965	12.5955987303	-0.0373097995
33.4038461538	12.5975732048	-0.0343429494	12.5948742729	-0.0380328441
33.4230769231	12.5968949792	-0.0350722686	12.5941359642	-0.0387503360
33.4423076923	12.5962027075	-0.0357954551	12.5933839117	-0.0394621704
33.4615384615	12.5954964955	-0.0365124158	12.5926182253	-0.0401682435
33.4807692308	12.5947764505	-0.0372230627	12.5918390168	-0.0408684520
33.5000000000	12.5940426821	-0.0379273130	12.5910464000	-0.0415626938
33.5192307692	12.5932953017	-0.0386250898	12.5902404906	-0.0422508675
33.5384615385	12.5925344224	-0.0393163210	12.5894214062	-0.0429328727
33.5576923077	12.5917601592	-0.0400009401	12.5885892664	-0.0436086097
33.5769230769	12.5909726289	-0.0406788856	12.5877441928	-0.0442779799
33.5961538462	12.5901719498	-0.0413501011	12.5868863086	-0.0449408857
33.6153846154	12.5893582421	-0.0420145351	12.5860157392	-0.0455972301
33.6346153846	12.5885316275	-0.0426721409	12.5851326117	-0.0462469175
33.6538461538	12.5876922292	-0.0433228764	12.5842370549	-0.0468898528
33.6730769231	12.5868401719	-0.0439667035	12.5833291997	-0.0475259424
33.6923076923	12.5859755822	-0.0446035887	12.5824091785	-0.0481550932
33.7115384615	12.5850985875	-0.0452335020	12.5814771258	-0.0487772134
33.7307692308	12.5842093173	-0.0458564171	12.5805331775	-0.0493922123
33.7500000000	12.5833079020	-0.0464723108	12.5795774715	-0.0500000000
33.7692307692	12.5823944735	-0.0470811631	12.5786101474	-0.0506004878
33.7884615385	12.5814691652	-0.0476829566	12.5776313463	-0.0511935880
33.8076923077	12.5805321116	-0.0482776761	12.5766412112	-0.0517792140
33.8269230769	12.5795834486	-0.0488653086	12.5756398865	-0.0523572803
33.8461538462	12.5786233134	-0.0494458424	12.5746275186	-0.0529277026
33.8653846154	12.5776518444	-0.0500192673	12.5736042552	-0.0534903975
33.8846153846	12.5766691813	-0.0505855741	12.5725702457	-0.0540452829
33.9038461538	12.5756754648	-0.0511447539	12.5715256410	-0.0545922778
33.9230769231	12.5746708373	-0.0516967982	12.5704705938	-0.0551313023
33.9423076923	12.5736554419	-0.0522416983	12.5694052579	-0.0556622777
33.9615384615	12.5726294233	-0.0527794451	12.5683297890	-0.0561851266
33.9807692308	12.5715929272	-0.0533100287	12.5672443441	-0.0566997725
34.0000000000	12.5705461006	-0.0538334378	12.5661490816	-0.0572061403
34.0192307692	12.5694890918	-0.0543496602	12.5650441615	-0.0577041561
34.0384615385	12.5684220502	-0.0548586814	12.5639297450	-0.0581937472
34.0576923077	12.5673451265	-0.0553604855	12.5628059949	-0.0586748422
34.0769230769	12.5662584727	-0.0558550540	12.5616730752	-0.0591473707
34.0961538462	12.5651622419	-0.0563423661	12.5605311514	-0.0596112638
34.1153846154	12.5640565885	-0.0568223984	12.5593803901	-0.0600664537
34.1346153846	12.5629416685	-0.0572951245	12.5582209594	-0.0605128741
34.1538461538	12.5618176386	-0.0577605154	12.5570530285	-0.0609504597
34.1730769231	12.5606846574	-0.0582185387	12.5558767680	-0.0613791466
34.1923076923	12.5595428845	-0.0586691589	12.5546923495	-0.0617988722
34.2115384615	12.5583924808	-0.0591123376	12.5534999461	-0.0622095754
34.2307692308	12.5572336086	-0.0595480327	12.5522997318	-0.0626111960
34.2500000000	12.5560664317	-0.0599761992	12.5510918818	-0.0630036755
34.2692307692	12.5548911150	-0.0603967887	12.5498765725	-0.0633869566
34.2884615385	12.5537078248	-0.0608097497	12.5486539812	-0.0637609833
34.3076923077	12.5525167289	-0.0612150278	12.5474242866	-0.0641257010
34.3269230769	12.5513179965	-0.0616125652	12.5461876681	-0.0644810565
34.3461538462	12.5501117978	-0.0620023018	12.5449443063	-0.0648269978
34.3653846154	12.5488983048	-0.0623841746	12.5436943827	-0.0651634745
34.3846153846	12.5476776906	-0.0627581180	12.5424380798	-0.0654904375
34.4038461538	12.5464501297	-0.0631240646	12.5411755811	-0.0658078389
34.4230769231	12.5452157979	-0.0634819444	12.5399070707	-0.0661156326
34.4423076923	12.5439748723	-0.0638316862	12.5386327340	-0.0664137734
34.4615384615	12.5427275314	-0.0641732168	12.5373527570	-0.0667022180
34.4807692308	12.5414739547	-0.0645064622	12.5360673265	-0.0669809241
34.5000000000	12.5402143234	-0.0648313471	12.5347766303	-0.0672498512
34.5192307692	12.5389488194	-0.0651477958	12.5334808567	-0.0675089599
34.5384615385	12.5376776262	-0.0654557321	12.5321801950	-0.0677582124
34.5576923077	12.5364009281	-0.0657550799	12.5308748350	-0.0679975723
34.5769230769	12.5351189107	-0.0660457631	12.5295649674	-0.0682270047
34.5961538462	12.5338317606	-0.0663277066	12.5282507833	-0.0684464760
34.6153846154	12.5325396654	-0.0666008357	12.5269324747	-0.0686559543
34.6346153846	12.5312428137	-0.0668650771	12.5256102339	-0.0688554090
34.6538461538	12.5299413950	-0.0671203589	12.5242842541	-0.0690448108
34.6730769231	12.5286355995	-0.0673666108	12.5229547289	-0.0692241323
34.6923076923	12.5273256184	-0.0676037645	12.5216218523	-0.0693933471
34.7115384615	12.5260116436	-0.0678317538	12.5202858190	-0.0695524306
34.7307692308	12.5246938676	-0.0680505150	12.5189468239	-0.0697013596
34.7500000000	12.5233724836	-0.0682599870	12.5176050627	-0.0698401123
34.7692307692	12.5220476852	-0.0684601112	12.5162607311	-0.0699686685
34.7884615385	12.5207196666	-0.0686508322	12.5149140255	-0.0700870094
34.8076923077	12.5193886225	-0.0688320975	12.5135651425	-0.0701951177
34.8269230769	12.5180547479	-0.0690038575	12.5122142790	-0.0702929776
34.8461538462	12.5167182380	-0.0691660663	12.5108616322	-0.0703805748
34.8653846154	12.5153792884	-0.0693186807	12.5095073997	-0.0704578967
34.8846153846	12.5140380947	-0.0694616611	12.5081517791	-0.0705249318
34.9038461538	12.5126948529	-0.0695949710	12.5067949683	-0.0705816703
34.9230769231	12.5113497588	-0.0697185771	12.5054371655	-0.0706281041
34.9423076923	12.5100030082	-0.0698324494	12.5040785689	-0.0706642263
34.9615384615	12.5086547971	-0.0699365607	12.5027193768	-0.0706900316
34.9807692308	12.5073053213	-0.0700308869	12.5013597876	-0.0707055163
35.0000000000	12.5059547762	-0.0701154068	12.5000000000	-0.0707106781
35.0192307692	12.5046033574	-0.0701901018	12.4986402124	-0.0707055163
35.0384615385	12.5032512601	-0.0702549557	12.4972806232	-0.0706900316
35.0576923077	12.5018986791	-0.0703099547	12.4959214311	-0.0706642263
35.0769230769	12.5005458092	-0.0703550872	12.4945628345	-0.0706281041
35.0961538462	12.4991928445	-0.0703903431	12.4932050317	-0.0705816703
35.1153846154	12.4978399791	-0.0704157145	12.4918482209	-0.0705249318
35.1346153846	12.4964874064	-0.0704311946	12.4904926003	-0.0704578967
35.1538461538	12.4951353197	-0.0704367778	12.4891383678	-0.0703805748
35.1730769231	12.4937839117	-0.0704324594	12.4877857210	-0.0702929776
35.1923076923	12.4924333747	-0.0704182357	12.4864348575	-0.0701951177
35.2115384615	12.4910839005	-0.0703941030	12.4850859745	-0.0700870094
35.2307692308	12.4897356806	-0.0703600583	12.4837392689	-0.0699686685
35.2500000000	12.4883889059	-0.0703160982	12.4823949373	-0.0698401123
35.2692307692	12.4870437670	-0.0702622194	12.4810531761	-0.0697013596
35.2884615385	12.4857004541	-0.0701984179	12.4797141810	-0.0695524306
35.3076923077	12.4843591566	-0.0701246894	12.4783781477	-0.0693933471
35.3269230769	12.4830200640	-0.0700410285	12.4770452711	-0.0692241323
35.3461538462	12.4816833651	-0.0699474292	12.4757157459	-0.0690448108
35.3653846154	12.4803492482	-0.0698438843	12.4743897661	-0.0688554090
35.3846153846	12.4790179015	-0.0697303854	12.4730675253	-0.0686559543
35.4038461538	12.4776895125	-0.0696069229	12.4717492167	-0.0684464760
35.4230769231	12.4763642688	-0.0694734861	12.4704350326	-0.0682270047
35.4423076923	12.4750423572	-0.0693300628	12.4691251650	-0.0679975723
35.4615384615	12.4737239644	-0.0691766395	12.4678198050	-0.0677582124
35.4807692308	12.4724092769	-0.0690132015	12.4665191433	-0.0675089599
35.5000000000	12.4710984807	-0.0688397329	12.4652233697	-0.0672498512
35.5192307692	12.4697917616	-0.0686562168	12.4639326735	-0.0669809241
35.5384615385	12.4684893052	-0.0684626351	12.4626472430	-0.0667022180
35.5576923077	12.4671912969	-0.0682589688	12.4613672660	-0.0664137734
35.5769230769	12.4658979216	-0.0680451986	12.4600929293	-0.0661156326
35.5961538462	12.4646093643	-0.0678213043	12.4588244189	-0.0658078389
35.6153846154	12.4633258095	-0.0675872658	12.4575619202	-0.0654904375
35.6346153846	12.4620474416	-0.0673430628	12.4563056173	-0.0651634745
35.6538461538	12.4607744448	-0.0670886753	12.4550556937	-0.0648269978
35.6730769231	12.4595070029	-0.0668240838	12.4538123319	-0.0644810565
35.6923076923	12.4582452996	-0.0665492699	12.4525757134	-0.0641257010
35.7115384615	12.4569895183	-0.0662642162	12.4513460188	-0.0637609833
35.7307692308	12.4557398421	-0.0659689068	12.4501234275	-0.0633869566
35.7500000000	12.4544964537	-0.0656633278	12.4489081182	-0.0630036755
35.7692307692	12.4532595357	-0.0653474675	12.4477002682	-0.0626111960
35.7884615385	12.4520292700	-0.0650213166	12.4465000539	-0.0622095754
35.8076923077	12.4508058385	-0.0646848689	12.4453076505	-0.0617988722
35.8269230769	12.4495894223	-0.0643381214	12.4441232320	-0.0613791466
35.8461538462	12.4483802021	-0.0639810748	12.4429469715	-0.0609504597
35.8653846154	12.4471783583	-0.0636137337	12.4417790406	-0.0605128741
35.8846153846	12.4459840705	-0.0632361070	12.4406196099	-0.0600664537
35.9038461538	12.4447975176	-0.0628482082	12.4394688486	-0.0596112638
35.9230769231	12.4436188780	-0.0624500557	12.4383269248	-0.0591473707
35.9423076923	12.4424483292	-0.0620416732	12.4371940051	-0.0586748422
35.9615384615	12.4412860479	-0.0616230896	12.4360702550	-0.0581937472
35.9807692308	12.4401322100	-0.0611943396	12.4349558385	-0.0577041561
36.0000000000	12.4389869903	-0.0607554639	12.4338509184	-0.0572061403
36.0192307692	12.4378505627	-0.0603065090	12.4327556559	-0.0566997725
36.0384615385	12.4367230999	-0.0598475277	12.4316702110	-0.0561851266
36.0576923077	12.4356047735	-0.0593785791	12.4305947421	-0.0556622777
36.0769230769	12.4344957538	-0.0588997288	12.4295294062	-0.0551313023
36.0961538462	12.4333962097	-0.0584110486	12.4284743590	-0.0545922778
36.1153846154	12.4323063089	-0.0579126170	12.4274297543	-0.0540452829
36.1346153846	12.4312262174	-0.0574045186	12.4263957448	-0.0534903975
36.1538461538	12.4301560999	-0.0568868447	12.4253724814	-0.0529277026
36.1730769231	12.4290961192	-0.0563596925	12.4243601135	-0.0523572803
36.1923076923	12.4280464366	-0.0558231658	12.4233587888	-0.0517792140
36.2115384615	12.4270072117	-0.0552773738	12.4223686537	-0.0511935880
36.2307692308	12.4259786020	-0.0547224320	12.4213898526	-0.0506004878
36.2500000000	12.4249607634	-0.0541584610	12.4204225285	-0.0500000000
36.2692307692	12.4239538497	-0.0535855870	12.4194668225	-0.0493922123
36.2884615385	12.4229580128	-0.0530039411	12.4185228742	-0.0487772134
36.3076923077	12.4219734024	-0.0524136589	12.4175908215	-0.0481550932
36.3269230769	12.4210001663	-0.0518148805	12.4166708003	-0.0475259424
36.3461538462	12.4200384500	-0.0512077499	12.4157629451	-0.0468898528
36.3653846154	12.4190883969	-0.0505924149	12.4148673883	-0.0462469175
36.3846153846	12.4181501482	-0.0499690261	12.4139842608	-0.0455972301
36.4038461538	12.4172238426	-0.0493377373	12.4131136914	-0.0449408857
36.4230769231	12.4163096169	-0.0486987043	12.4122558072	-0.0442779799
36.4423076923	12.4154076054	-0.0480520851	12.4114107336	-0.0436086097
36.4615384615	12.4145179401	-0.0473980390	12.4105785938	-0.0429328727
36.4807692308	12.4136407506	-0.0467367265	12.4097595094	-0.0422508675
36.5000000000	12.4127761644	-0.0460683088	12.4089536000	-0.0415626938
36.5192307692	12.4119243065	-0.0453929470	12.4081609832	-0.0408684520
36.5384615385	12.4110852996	-0.0447108023	12.4073817747	-0.0401682435
36.5576923077	12.4102592639	-0.0440220352	12.4066160883	-0.0394621704
36.5769230769	12.4094463177	-0.0433268051	12.4058640358	-0.0387503360
36.5961538462	12.4086465766	-0.0426252702	12.4051257271	-0.0380328441
36.6153846154	12.4078601541	-0.0419175868	12.4044012697	-0.0373097995
36.6346153846	12.4070871615	-0.0412039093	12.4036907697	-0.0365813077
36.6538461538	12.4063277076	-0.0404843896	12.4029943306	-0.0358474750
36.6730769231	12.4055818992	-0.0397591771	12.4023120542	-0.0351084088
36.6923076923	12.4048498408	-0.0390284182	12.4016440401	-0.0343642167
36.7115384615	12.4041316350	-0.0382922562	12.4009903857	-0.0336150075
36.7307692308	12.4034273818	-0.0375508314	12.4003511866	-0.0328608906
36.7500000000	12.4027371796	-0.0368042803	12.3997265361	-0.0321019761
36.7692307692	12.4020611243	-0.0360527361	12.3991165253	-0.0313383747
36.7884615385	12.4013993101	-0.0352963282	12.3985212433	-0.0305701980
36.8076923077	12.4007518291	-0.0345351827	12.3979407770	-0.0297975581
36.8269230769	12.4001187713	-0.0337694216	12.3973752112	-0.0290205678
36.8461538462	12.3995002250	-0.0329991635	12.3968246285	-0.0282393405
36.8653846154	12.3988962763	-0.0322245235	12.3962891092	-0.0274539904
36.8846153846	12.3983070097	-0.0314456130	12.3957687315	-0.0266646320
36.9038461538	12.3977325077	-0.0306625402	12.3952635714	-0.0258713806
36.9230769231	12.3971728509	-0.0298754101	12.3947737026	-0.0250743520
36.9423076923	12.3966281183	-0.0290843246	12.3942991967	-0.0242736627
36.9615384615	12.3960983870	-0.0282893829	12.3938401229	-0.0234694294
36.9807692308	12.3955837322	-0.0274906818	12.3933965483	-0.0226617696
37.0000000000	12.3950842275	-0.0266883155	12.3929685376	-0.0218508012
37.0192307692	12.3945999446	-0.0258823765	12.3925561533	-0.0210366427
37.0384615385	12.3941309536	-0.0250729554	12.3921594556	-0.0202194128
37.0576923077	12.3936773227	-0.0242601415	12.3917785025	-0.0193992310
37.0769230769	12.3932391185	-0.0234440233	12.3914133495	-0.0185762169
37.0961538462	12.3928164057	-0.0226246881	12.3910640500	-0.0177504907
37.1153846154	12.3924092471	-0.0218022234	12.3907306550	-0.0169221729
37.1346153846	12.3920177041	-0.0209767162	12.3904132131	-0.0160913846
37.1538461538	12.3916418358	-0.0201482543	12.3901117706	-0.0152582469
37.1730769231	12.3912816999	-0.0193169258	12.3898263717	-0.0144228815
37.1923076923	12.3909373519	-0.0184828200	12.3895570579	-0.0135854105
37.2115384615	12.3906088457	-0.0176460277	12.3893038686	-0.0127459560
37.2307692308	12.3902962330	-0.0168066411	12.3890668408	-0.0119046406
37.2500000000	12.3899995638	-0.0159647546	12.3888460090	-0.0110615871
37.2692307692	12.3897188858	-0.0151204647	12.3886414055	-0.0102169187
37.2884615385	12.3894542450	-0.0142738706	12.3884530601	-0.0093707586
37.3076923077	12.3892056851	-0.0134250741	12.3882810004	-0.0085232304
37.3269230769	12.3889732478	-0.0125741802	12.3881252515	-0.0076744578
37.3461538462	12.3887569725	-0.0117212970	12.3879858362	-0.0068245648
37.3653846154	12.3885568965	-0.0108665358	12.3878627747	-0.0059736754
37.3846153846	12.3883730548	-0.0100100117	12.3877560850	-0.0051219138
37.4038461538	12.3882054801	-0.0091518433	12.3876657828	-0.0042694045
37.4230769231	12.3880542028	-0.0082921526	12.3875918811	-0.0034162718
37.4423076923	12.3879192508	-0.0074310658	12.3875343909	-0.0025626404
37.4615384615	12.3878006496	-0.0065687126	12.3874933204	-0.0017086348
37.4807692308	12.3876984223	-0.0057052265	12.3874686758	-0.0008543798
37.5000000000	12.3876125894	-0.0048407445	12.3874604605	-0.0000000000
37.5192307692	12.3875431687	-0.0039754075	12.3874686758	0.0008543798
37.5384615385	12.3874901756	-0.0031093597	12.3874933204	0.0017086348
37.5576923077	12.3874536229	-0.0022427488	12.3875343909	0.0025626404
37.5769230769	12.3874335204	-0.0013757257	12.3875918811	0.0034162718
37.5961538462	12.3874298754	-0.0005084442	12.3876657828	0.0042694045
37.6153846154	12.3874426926	0.0003589389	12.3877560850	0.0051219138
37.6346153846	12.3874719737	0.0012262644	12.3878627747	0.0059736754
37.6538461538	12.3875177178	0.0020933707	12.3879858362	0.0068245648
37.6730769231	12.3875799210	0.0029600940	12.3881252515	0.0076744578
37.6923076923	12.3876585767	0.0038262690	12.3882810004	0.0085232304
37.7115384615	12.3877536756	0.0046917287	12.3884530601	0.0093707586
37.7307692308	12.3878652054	0.0055563050	12.3886414055	0.0102169187
37.7500000000	12.3879931511	0.0064198290	12.3888460090	0.0110615871
37.7692307692	12.3881374947	0.0072821311	12.3890668408	0.0119046406
37.7884615385	12.3882982156	0.0081430417	12.3893038686	0.0127459560
37.8076923077	12.3884752903	0.0090023911	12.3895570579	0.0135854105
37.8269230769	12.3886686924	0.0098600102	12.3898263717	0.0144228815
37.8461538462	12.3888783929	0.0107157306	12.3901117706	0.0152582469
37.8653846154	12.3891043600	0.0115693847	12.3904132131	0.0160913846
37.8846153846	12.3893465590	0.0124208065	12.3907306550	0.0169221729
37.9038461538	12.3896049528	0.0132698314	12.3910640500	0.0177504907
37.9230769231	12.3898795013	0.0141162969	12.3914133495	0.0185762169
37.9423076923	12.3901701620	0.0149600424	12.3917785025	0.0193992310
37.9615384615	12.3904768896	0.0158009096	12.3921594556	0.0202194128
37.9807692308	12.3907996364	0.0166387430	12.3925561533	0.0210366427
38.0000000000	12.3911383520	0.0174733895	12.3929685376	0.0218508012
38.0192307692	12.3914929836	0.0183046990	12.3933965483	0.0226617696
38.0384615385	12.3918634758	0.0191325245	12.3938401229	0.0234694294
38.0576923077	12.3922497709	0.0199567221	12.3942991967	0.0242736627
38.0769230769	12.3926518089	0.0207771510	12.3947737026	0.0250743520
38.0961538462	12.3930695271	0.0215936738	12.3952635714	0.0258713806
38.1153846154	12.3935028608	0.0224061563	12.3957687315	0.0266646320
38.1346153846	12.3939517430	0.0232144677	12.3962891092	0.0274539904
38.1538461538	12.3944161042	0.0240184805	12.3968246285	0.0282393405
38.1730769231	12.3948958731	0.0248180705	12.3973752112	0.0290205678
38.1923076923	12.3953909759	0.0256131167	12.3979407770	0.0297975581
38.2115384615	12.3959013369	0.0264035012	12.3985212433	0.0305701980
38.2307692308	12.3964268781	0.0271891092	12.3991165253	0.0313383747
38.2500000000	12.3969675195	0.0279698287	12.3997265361	0.0321019761
38.2692307692	12.3975231791	0.0287455508	12.4003511866	0.0328608906
38.2884615385	12.3980937728	0.0295161689	12.4009903857	0.0336150075
38.3076923077	12.3986792147	0.0302815792	12.4016440401	0.0343642167
38.3269230769	12.3992794167	0.0310416800	12.4023120542	0.0351084088
38.3461538462	12.3998942887	0.0317963719	12.4029943306	0.0358474750
38.3653846154	12.4005237389	0.0325455574	12.4036907697	0.0365813077
38.3846153846	12.4011676734	0.0332891408	12.4044012697	0.0373097995
38.4038461538	12.4018259965	0.0340270281	12.4051257271	0.0380328441
38.4230769231	12.4024986103	0.0347591266	12.4058640358	0.0387503360
38.4423076923	12.4031854155	0.0354853450	12.4066160883	0.0394621704
38.4615384615	12.4038863104	0.0362055929	12.4073817747	0.0401682435
38.4807692308	12.4046011916	0.0369197810	12.4081609832	0.0408684520
38.5000000000	12.4053299539	0.0376278207	12.4089536000	0.0415626938
38.5192307692	12.4060724901	0.0383296238	12.4097595094	0.0422508675
38.5384615385	12.4068286911	0.0390251031	12.4105785938	0.0429328727
38.5576923077	12.4075984459	0.0397141713	12.4114107336	0.0436086097
38.5769230769	12.4083816416	0.0403967417	12.4122558072	0.0442779799
38.5961538462	12.4091781635	0.0410727275	12.4131136914	0.0449408857
38.6153846154	12.4099878947	0.0417420425	12.4139842608	0.0455972301
38.6346153846	12.4108107167	0.0424046002	12.4148673883	0.0462469175
38.6538461538	12.4116465089	0.0430603145	12.4157629451	0.0468898528
38.6730769231	12.4124951488	0.0437090992	12.4166708003	0.0475259424
38.6923076923	12.4133565119	0.0443508683	12.4175908215	0.0481550932
38.7115384615	12.4142304719	0.0449855362	12.4185228742	0.0487772134
38.7307692308	12.4151169006	0.0456130172	12.4194668225	0.0493922123
38.7500000000	12.4160156676	0.0462332261	12.4204225285	0.0500000000
38.7692307692	12.4169266408	0.0468460783	12.4213898526	0.0506004878
38.7884615385	12.4178496860	0.0474514894	12.4223686537	0.0511935880
38.8076923077	12.4187846673	0.0480493760	12.4233587888	0.0517792140
38.8269230769	12.4197314466	0.0486396555	12.4243601135	0.0523572803
38.8461538462	12.4206898842	0.0492222464	12.4253724814	0.0529277026
38.8653846154	12.4216598382	0.0497970681	12.4263957448	0.0534903975
38.8846153846	12.4226411650	0.0503640419	12.4274297543	0.0540452829
38.9038461538	12.4236337191	0.0509230904	12.4284743590	0.0545922778
38.9230769231	12.4246373532	0.0514741380	12.4295294062	0.0551313023
38.9423076923	12.4256519180	0.0520171113	12.4305947421	0.0556622777
38.9615384615	12.4266772626	0.0525519390	12.4316702110	0.0561851266
38.9807692308	12.4277132344	0.0530785525	12.4327556559	0.0566997725
39.0000000000	12.4287596787	0.0535968855	12.4338509184	0.0572061403
39.0192307692	12.4298164395	0.0541068748	12.4349558385	0.0577041561
39.0384615385	12.4308833590	0.0546084604	12.4360702550	0.0581937472
39.0576923077	12.4319602777	0.0551015852	12.4371940051	0.0586748422
39.0769230769	12.4330470346	0.0555861957	12.4383269248	0.0591473707
39.0961538462	12.4341434671	0.0560622420	12.4394688486	0.0596112638
39.1153846154	12.4352494113	0.0565296780	12.4406196099	0.0600664537
39.1346153846	12.4363647016	0.0569884612	12.4417790406	0.0605128741
39.1538461538	12.4374891712	0.0574385533	12.4429469715	0.0609504597
39.1730769231	12.4386226519	0.0578799197	12.4441232320	0.0613791466
39.1923076923	12.4397649742	0.0583125303	12.4453076505	0.0617988722
39.2115384615	12.4409159674	0.0587363588	12.4465000539	0.0622095754
39.2307692308	12.4420754595	0.0591513830	12.4477002682	0.0626111960
39.2500000000	12.4432432776	0.0595575850	12.4489081182	0.0630036755
39.2692307692	12.4444192475	0.0599549508	12.4501234275	0.0633869566
39.2884615385	12.4456031942	0.0603434704	12.4513460188	0.0637609833
39.3076923077	12.4467949415	0.0607231376	12.4525757134	0.0641257010
39.3269230769	12.4479943125	0.0610939502	12.4538123319	0.0644810565
39.3461538462	12.4492011294	0.0614559092	12.4550556937	0.0648269978
39.3653846154	12.4504152133	0.0618090192	12.4563056173	0.0651634745
39.3846153846	12.4516363850	0.0621532882	12.4575619202	0.0654904375
39.4038461538	12.4528644644	0.0624887268	12.4588244189	0.0658078389
39.4230769231	12.4540992705	0.0628153484	12.4600929293	0.0661156326
39.4423076923	12.4553406221	0.0631331692	12.4613672660	0.0664137734
39.4615384615	12.4565883371	0.0634422070	12.4626472430	0.0667022180
39.4807692308	12.4578422329	0.0637424819	12.4639326735	0.0669809241
39.5000000000	12.4591021266	0.0640340154	12.4652233697	0.0672498512
39.5192307692	12.4603678346	0.0643168299	12.4665191433	0.0675089599
39.5384615385	12.4616391729	0.0645909491	12.4678198050	0.0677582124
39.5576923077	12.4629159573	0.0648563968	12.4691251650	0.0679975723
39.5769230769	12.4641980029	0.0651131973	12.4704350326	0.0682270047
39.5961538462	12.4654851247	0.0653613743	12.4717492167	0.0684464760
39.6153846154	12.4667771371	0.0656009512	12.4730675253	0.0686559543
39.6346153846	12.4680738545	0.0658319504	12.4743897661	0.0688554090
39.6538461538	12.4693750907	0.0660543929	12.4757157459	0.0690448108
39.6730769231	12.4706806593	0.0662682982	12.4770452711	0.0692241323
39.6923076923	12.4719903738	0.0664736838	12.4783781477	0.0693933471
39.7115384615	12.4733040471	0.0666705649	12.4797141810	0.0695524306
39.7307692308	12.4746214921	0.0668589543	12.4810531761	0.0697013596
39.7500000000	12.4759425212	0.0670388618	12.4823949373	0.0698401123
39.7692307692	12.4772669468	0.0672102941	12.4837392689	0.0699686685
39.7884615385	12.4785945808	0.0673732549	12.4850859745	0.0700870094
39.8076923077	12.4799252349	0.0675277439	12.4864348575	0.0701951177
39.8269230769	12.4812587207	0.0676737575	12.4877857210	0.0702929776
39.8461538462	12.4825948492	0.0678112881	12.4891383678	0.0703805748
39.8653846154	12.4839334314	0.0679403241	12.4904926003	0.0704578967
39.8846153846	12.4852742779	0.0680608500	12.4918482209	0.0705249318
39.9038461538	12.4866171991	0.0681728460	12.4932050317	0.0705816703
39.9230769231	12.4879620050	0.0682762884	12.4945628345	0.0706281041
39.9423076923	12.4893085054	0.0683711494	12.4959214311	0.0706642263
39.9615384615	12.4906565098	0.0684573969	12.4972806232	0.0706900316
39.9807692308	12.4920058273	0.0685349952	12.4986402124	0.0707055163
40.0000000000	12.4933562669	0.0686039044	12.5000000000	0.0707106781
40.0192307692	12.4947076371	0.0686640811	12.5013597876	0.0707055163
40.0384615385	12.4960597462	0.0687154784	12.5027193768	0.0706900316
40.0576923077	12.4974124022	0.0687580460	12.5040785689	0.0706642263
40.0769230769	12.4987654129	0.0687917306	12.5054371655	0.0706281041
40.0961538462	12.5001185856	0.0688164760	12.5067949683	0.0705816703
40.1153846154	12.5014717275	0.0688322236	12.5081517791	0.0705249318
40.1346153846	12.5028246455	0.0688389126	12.5095073997	0.0704578967
40.1538461538	12.5041771464	0.0688364802	12.5108616322	0.0703805748
40.1730769231	12.5055290364	0.0688248623	12.5122142790	0.0702929776
40.1923076923	12.5068801219	0.0688039935	12.5135651425	0.0701951177
40.2115384615	12.5082302089	0.0687738079	12.5149140255	0.0700870094
40.2307692308	12.5095791033	0.0687342390	12.5162607311	0.0699686685
40.2500000000	12.5109266108	0.0686852206	12.5176050627	0.0698401123
40.2692307692	12.5122725370	0.0686266868	12.5189468239	0.0697013596
40.2884615385	12.5136166876	0.0685585727	12.5202858190	0.0695524306
40.3076923077	12.5149588681	0.0684808148	12.5216218523	0.0693933471
40.3269230769	12.5162988840	0.0683933512	12.5229547289	0.0692241323
40.3461538462	12.5176365409	0.0682961223	12.5242842541	0.0690448108
40.3653846154	12.5189716445	0.0681890710	12.5256102339	0.0688554090
40.3846153846	12.5203040005	0.0680721430	12.5269324747	0.0686559543
40.4038461538	12.5216334149	0.0679452876	12.5282507833	0.0684464760
40.4230769231	12.5229596939	0.0678084575	12.5295649674	0.0682270047
40.4423076923	12.5242826440	0.0676616097	12.5308748350	0.0679975723
40.4615384615	12.5256020719	0.0675047053	12.5321801950	0.0677582124
40.4807692308	12.5269177847	0.0673377103	12.5334808567	0.0675089599
40.5000000000	12.5282295901	0.0671605955	12.5347766303	0.0672498512
40.5192307692	12.5295372959	0.0669733367	12.5360673265	0.0669809241
40.5384615385	12.5308407108	0.0667759155	12.5373527570	0.0667022180
40.5576923077	12.5321396440	0.0665683187	12.5386327340	0.0664137734
40.5769230769	12.5334339051	0.0663505390	12.5399070707	0.0661156326
40.5961538462	12.5347233046	0.0661225751	12.5411755811	0.0658078389
40.6153846154	12.5360076538	0.0658844316	12.5424380798	0.0654904375
40.6346153846	12.5372867645	0.0656361191	12.5436943827	0.0651634745
40.6538461538	12.5385604497	0.0653776543	12.5449443063	0.0648269978
40.6730769231	12.5398285229	0.0651090601	12.5461876681	0.0644810565
40.6923076923	12.5410907988	0.0648303653	12.5474242866	0.0641257010
40.7115384615	12.5423470931	0.0645416050	12.5486539812	0.0637609833
40.7307692308	12.5435972223	0.0642428199	12.5498765725	0.0633869566
40.7500000000	12.5448410043	0.0639340568	12.5510918818	0.0630036755
40.7692307692	12.5460782577	0.0636153679	12.5522997318	0.0626111960
40.7884615385	12.5473088026	0.0632868112	12.5534999461	0.0622095754
40.8076923077	12.5485324601	0.0629484498	12.5546923495	0.0617988722
40.8269230769	12.5497490526	0.0626003520	12.5558767680	0.0613791466
40.8461538462	12.5509584038	0.0622425909	12.5570530285	0.0609504597
40.8653846154	12.5521603384	0.0618752443	12.5582209594	0.0605128741
40.8846153846	12.5533546828	0.0614983942	12.5593803901	0.0600664537
40.9038461538	12.5545412645	0.0611121267	12.5605311514	0.0596112638
40.9230769231	12.5557199125	0.0607165317	12.5616730752	0.0591473707
40.9423076923	12.5568904569	0.0603117025	12.5628059949	0.0586748422
40.9615384615	12.5580527294	0.0598977353	12.5639297450	0.0581937472
40.9807692308	12.5592065633	0.0594747294	12.5650441615	0.0577041561
41.0000000000	12.5603517930	0.0590427864	12.5661490816	0.0572061403
41.0192307692	12.5614882544	0.0586020101	12.5672443441	0.0566997725
41.0384615385	12.5626157850	0.0581525058	12.5683297890	0.0561851266
41.0576923077	12.5637342237	0.0576943808	12.5694052579	0.0556622777
41.0769230769	12.5648434108	0.0572277429	12.5704705938	0.0551313023
41.0961538462	12.5659431880	0.0567527013	12.5715256410	0.0545922778
41.1153846154	12.5670333988	0.0562693655	12.5725702457	0.0540452829
41.1346153846	12.5681138878	0.0557778451	12.5736042552	0.0534903975
41.1538461538	12.5691845013	0.0552782498	12.5746275186	0.0529277026
41.1730769231	12.5702450871	0.0547706891	12.5756398865	0.0523572803
41.1923076923	12.5712954943	0.0542552717	12.5766412112	0.0517792140
41.2115384615	12.5723355736	0.0537321056	12.5776313463	0.0511935880
41.2307692308	12.5733651773	0.0532012980	12.5786101474	0.0506004878
41.2500000000	12.5743841590	0.0526629547	12.5795774715	0.0500000000
41.2692307692	12.5753923738	0.0521171801	12.5805331775	0.0493922123
41.2884615385	12.5763896785	0.0515640773	12.5814771258	0.0487772134
41.3076923077	12.5773759310	0.0510037474	12.5824091785	0.0481550932
41.3269230769	12.5783509912	0.0504362902	12.5833291997	0.0475259424
41.3461538462	12.5793147200	0.0498618032	12.5842370549	0.0468898528
41.3653846154	12.5802669801	0.0492803824	12.5851326117	0.0462469175
41.3846153846	12.5812076356	0.0486921215	12.5860157392	0.0455972301
41.4038461538	12.5821365522	0.0480971125	12.5868863086	0.0449408857
41.4230769231	12.5830535969	0.0474954452	12.5877441928	0.0442779799
41.4423076923	12.5839586384	0.0468872077	12.5885892664	0.0436086097
41.4615384615	12.5848515469	0.0462724858	12.5894214062	0.0429328727
41.4807692308	12.5857321942	0.0456513638	12.5902404906	0.0422508675
41.5000000000	12.5866004535	0.0450239241	12.5910464000	0.0415626938
41.5192307692	12.5874561997	0.0443902472	12.5918390168	0.0408684520
41.5384615385	12.5882993092	0.0437504121	12.5926182253	0.0401682435
41.5576923077	12.5891296600	0.0431044965	12.5933839117	0.0394621704
41.5769230769	12.5899471318	0.0424525765	12.5941359642	0.0387503360
41.5961538462	12.5907516059	0.0417947269	12.5948742729	0.0380328441
41.6153846154	12.5915429652	0.0411310218	12.5955987303	0.0373097995
41.6346153846	12.5923210943	0.0404615340	12.5963092303	0.0365813077
41.6538461538	12.5930858796	0.0397863357	12.5970056694	0.0358474750
41.6730769231	12.5938372090	0.0391054984	12.5976879458	0.0351084088
41.6923076923	12.5945749723	0.0384190934	12.5983559599	0.0343642167
41.7115384615	12.5952990612	0.0377271916	12.5990096143	0.0336150075
41.7307692308	12.5960093689	0.0370298636	12.5996488134	0.0328608906
41.7500000000	12.5967057907	0.0363271806	12.6002734639	0.0321019761
41.7692307692	12.5973882236	0.0356192136	12.6008834747	0.0313383747
41.7884615385	12.5980565665	0.0349060342	12.6014787567	0.0305701980
41.8076923077	12.5987107203	0.0341877147	12.6020592230	0.0297975581
41.8269230769	12.5993505877	0.0334643281	12.6026247888	0.0290205678
41.8461538462	12.5999760735	0.0327359481	12.6031753715	0.0282393405
41.8653846154	12.6005870844	0.0320026497	12.6037108908	0.0274539904
41.8846153846	12.6011835292	0.0312645090	12.6042312685	0.0266646320
41.9038461538	12.6017653187	0.0305216034	12.6047364286	0.0258713806
41.9230769231	12.6023323658	0.0297740117	12.6052262974	0.0250743520
41.9423076923	12.6028845856	0.0290218144	12.6057008033	0.0242736627
41.9615384615	12.6034218951	0.0282650934	12.6061598771	0.0234694294
41.9807692308	12.6039442138	0.0275039326	12.6066034517	0.0226617696
42.0000000000	12.6044514630	0.0267384175	12.6070314624	0.0218508012
42.0192307692	12.6049435665	0.0259686355	12.6074438467	0.0210366427
42.0384615385	12.6054204502	0.0251946761	12.6078405444	0.0202194128
42.0576923077	12.6058820423	0.0244166307	12.6082214975	0.0193992310
42.0769230769	12.6063282734	0.0236345927	12.6085866505	0.0185762169
42.0961538462	12.6067590761	0.0228486575	12.6089359500	0.0177504907
42.1153846154	12.6071743856	0.0220589227	12.6092693450	0.0169221729
42.1346153846	12.6075741392	0.0212654879	12.6095867869	0.0160913846
42.1538461538	12.6079582768	0.0204684548	12.6098882294	0.0152582469
42.1730769231	12.6083267405	0.0196679272	12.6101736283	0.0144228815
42.1923076923	12.6086794747	0.0188640109	12.6104429421	0.0135854105
42.2115384615	12.6090164264	0.0180568138	12.6106961314	0.0127459560
42.2307692308	12.6093375449	0.0172464457	12.6109331592	0.0119046406
42.2500000000	12.6096427818	0.0164330185	12.6111539910	0.0110615871
42.2692307692	12.6099320914	0.0156166460	12.6113585945	0.0102169187
42.2884615385	12.6102054302	0.0147974437	12.6115469399	0.0093707586
42.3076923077	12.6104627572	0.0139755292	12.6117189996	0.0085232304
42.3269230769	12.6107040339	0.0131510217	12.6118747485	0.0076744578
42.3461538462	12.6109292241	0.0123240422	12.6120141638	0.0068245648
42.3653846154	12.6111382941	0.0114947132	12.6121372253	0.0059736754
42.3846153846	12.6113312128	0.0106631591	12.6122439150	0.0051219138
42.4038461538	12.6115079515	0.0098295055	12.6123342172	0.0042694045
42.4230769231	12.6116684838	0.0089938796	12.6124081189	0.0034162718
42.4423076923	12.6118127859	0.0081564101	12.6124656091	0.0025626404
42.4615384615	12.6119408363	0.0073172270	12.6125066796	0.0017086348
42.4807692308	12.6120526163	0.0064764614	12.6125313242	0.0008543798
42.5000000000	12.6121481094	0.0056342457	12.6125395395	-0.0000000000
42.5192307692	12.6122273014	0.0047907135	12.6125313242	-0.0008543798
42.5384615385	12.6122901809	0.0039459995	12.6125066796	-0.0017086348
42.5576923077	12.6123367387	0.0031002393	12.6124656091	-0.0025626404
42.5769230769	12.6123669682	0.0022535694	12.6124081189	-0.0034162718
42.5961538462	12.6123808652	0.0014061274	12.6123342172	-0.0042694045
42.6153846154	12.6123784277	0.0005580515	12.6122439150	-0.0051219138
42.6346153846	12.6123596566	-0.0002905192	12.6121372253	-0.0059736754
42.6538461538	12.6123245547	-0.0011394448	12.6120141638	-0.0068245648
42.6730769231	12.6122731277	-0.0019885850	12.6118747485	-0.0076744578
42.6923076923	12.6122053834	-0.0028377988	12.6117189996	-0.0085232304
42.7115384615	12.6121213320	-0.0036869446	12.6115469399	-0.0093707586
42.7307692308	12.6120209864	-0.0045358802	12.6113585945	-0.0102169187
42.7500000000	12.6119043616	-0.0053844633	12.6111539910	-0.0110615871
42.7692307692	12.6117714752	-0.0062325510	12.6109331592	-0.0119046406
42.7884615385	12.6116223469	-0.0070800000	12.6106961314	-0.0127459560
42.8076923077	12.6114569991	-0.0079266670	12.6104429421	-0.0135854105
42.8269230769	12.6112754564	-0.0087724081	12.6101736283	-0.0144228815
42.8461538462	12.6110777457	-0.0096170797	12.6098882294	-0.0152582469
42.8653846154	12.6108638964	-0.0104605378	12.6095867869	-0.0160913846
42.8846153846	12.6106339403	-0.0113026383	12.6092693450	-0.0169221729
42.9038461538	12.6103879113	-0.0121432373	12.6089359500	-0.0177504907
42.9230769231	12.6101258457	-0.0129821909	12.6085866505	-0.0185762169
42.9423076923	12.6098477824	-0.0138193552	12.6082214975	-0.0193992310
42.9615384615	12.6095537621	-0.0146545866	12.6078405444	-0.0202194128
42.9807692308	12.6092438283	-0.0154877419	12.6074438467	-0.0210366427
43.0000000000	12.6089180266	-0.0163186777	12.6070314624	-0.0218508012
43.0192307692	12.6085764047	-0.0171472516	12.6066034517	-0.0226617696
43.0384615385	12.6082190128	-0.0179733212	12.6061598771	-0.0234694294
43.0576923077	12.6078459034	-0.0187967448	12.6057008033	-0.0242736627
43.0769230769	12.6074571310	-0.0196173810	12.6052262974	-0.0250743520
43.0961538462	12.6070527525	-0.0204350895	12.6047364286	-0.0258713806
43.1153846154	12.6066328271	-0.0212497302	12.6042312685	-0.0266646320
43.1346153846	12.6061974162	-0.0220611642	12.6037108908	-0.0274539904
43.1538461538	12.6057465831	-0.0228692531	12.6031753715	-0.0282393405
43.1730769231	12.6052803937	-0.0236738596	12.6026247888	-0.0290205678
43.1923076923	12.6047989159	-0.0244748473	12.6020592230	-0.0297975581
43.2115384615	12.6043022197	-0.0252720810	12.6014787567	-0.0305701980
43.2307692308	12.6037903775	-0.0260654264	12.6008834747	-0.0313383747
43.2500000000	12.6032634636	-0.0268547505	12.6002734639	-0.0321019761
43.2692307692	12.6027215544	-0.0276399217	12.5996488134	-0.0328608906
43.2884615385	12.6021647288	-0.0284208095	12.5990096143	-0.0336150075
43.3076923077	12.6015930674	-0.0291972849	12.5983559599	-0.0343642167
43.3269230769	12.6010066532	-0.0299692205	12.5976879458	-0.0351084088
43.3461538462	12.6004055709	-0.0307364901	12.5970056694	-0.0358474750
43.3653846154	12.5997899078	-0.0314989695	12.5963092303	-0.0365813077
43.3846153846	12.5991597529	-0.0322565357	12.5955987303	-0.0373097995
43.4038461538	12.5985151973	-0.0330090679	12.5948742729	-0.0380328441
43.4230769231	12.5978563343	-0.0337564467	12.5941359642	-0.0387503360
43.4423076923	12.5971832591	-0.0344985547	12.5933839117	-0.0394621704
43.4615384615	12.5964960689	-0.0352352763	12.5926182253	-0.0401682435
43.4807692308	12.5957948631	-0.0359664979	12.5918390168	-0.0408684520
43.5000000000	12.5950797429	-0.0366921079	12.5910464000	-0.0415626938
43.5192307692	12.5943508116	-0.0374119965	12.5902404906	-0.0422508675
43.5384615385	12.5936081745	-0.0381260563	12.5894214062	-0.0429328727
43.5576923077	12.5928519388	-0.0388341817	12.5885892664	-0.0436086097
43.5769230769	12.5920822139	-0.0395362693	12.5877441928	-0.0442779799
43.5961538462	12.5912991108	-0.0402322180	12.5868863086	-0.0449408857
43.6153846154	12.5905027427	-0.0409219289	12.5860157392	-0.0455972301
43.6346153846	12.5896932247	-0.0416053050	12.5851326117	-0.0462469175
43.6538461538	12.5888706739	-0.0422822520	12.5842370549	-0.0468898528
43.6730769231	12.5880352092	-0.0429526776	12.5833291997	-0.0475259424
43.6923076923	12.5871869514	-0.0436164918	12.5824091785	-0.0481550932
43.7115384615	12.5863260235	-0.0442736069	12.5814771258	-0.0487772134
43.7307692308	12.5854525500	-0.0449239376	12.5805331775	-0.0493922123
43.7500000000	12.5845666576	-0.0455674008	12.5795774715	-0.0500000000
43.7692307692	12.5836684747	-0.0462039160	12.5786101474	-0.0506004878
43.7884615385	12.5827581317	-0.0468334046	12.5776313463	-0.0511935880
43.8076923077	12.5818357609	-0.0474557907	12.5766412112	-0.0517792140
43.8269230769	12.5809014962	-0.0480710006	12.5756398865	-0.0523572803
43.8461538462	12.5799554736	-0.0486789629	12.5746275186	-0.0529277026
43.8653846154	12.5789978309	-0.0492796086	12.5736042552	-0.0534903975
43.8846153846	12.5780287075	-0.0498728710	12.5725702457	-0.0540452829
43.9038461538	12.5770482448	-0.0504586856	12.5715256410	-0.0545922778
43.9230769231	12.5760565860	-0.0510369904	12.5704705938	-0.0551313023
43.9423076923	12.5750538758	-0.0516077254	12.5694052579	-0.0556622777
43.9615384615	12.5740402610	-0.0521708331	12.5683297890	-0.0561851266
43.9807692308	12.5730158899	-0.0527262580	12.5672443441	-0.0566997725
44.0000000000	12.5719809125	-0.0532739471	12.5661490816	-0.0572061403
44.0192307692	12.5709354806	-0.0538138493	12.5650441615	-0.0577041561
44.0384615385	12.5698797474	-0.0543459157	12.5639297450	-0.0581937472
44.0576923077	12.5688138682	-0.0548700995	12.5628059949	-0.0586748422
44.0769230769	12.5677379993	-0.0553863561	12.5616730752	-0.0591473707
44.0961538462	12.5666522991	-0.0558946428	12.5605311514	-0.0596112638
44.1153846154	12.5655569272	-0.0563949189	12.5593803901	-0.0600664537
44.1346153846	12.5644520449	-0.0568871455	12.5582209594	-0.0605128741
44.1538461538	12.5633378149	-0.0573712858	12.5570530285	-0.0609504597
44.1730769231	12.5622144013	-0.0578473045	12.5558767680	-0.0613791466
44.1923076923	12.5610819696	-0.0583151683	12.5546923495	-0.0617988722
44.2115384615	12.5599406868	-0.0587748454	12.5534999461	-0.0622095754
44.2307692308	12.5587907211	-0.0592263058	12.5522997318	-0.0626111960
44.2500000000	12.5576322420	-0.0596695208	12.5510918818	-0.0630036755
44.2692307692	12.5564654203	-0.0601044632	12.5498765725	-0.0633869566
44.2884615385	12.5552904281	-0.0605311071	12.5486539812	-0.0637609833
44.3076923077	12.5541074383	-0.0609494280	12.5474242866	-0.0641257010
44.3269230769	12.5529166254	-0.0613594024	12.5461876681	-0.0644810565
44.3461538462	12.5517181646	-0.0617610080	12.5449443063	-0.0648269978
44.3653846154	12.5505122323	-0.0621542233	12.5436943827	-0.0651634745
44.3846153846	12.5492990060	-0.0625390277	12.5424380798	-0.0654904375
44.4038461538	12.5480786638	-0.0629154015	12.5411755811	-0.0658078389
44.4230769231	12.5468513850	-0.0632833252	12.5399070707	-0.0661156326
44.4423076923	12.5456173496	-0.0636427803	12.5386327340	-0.0664137734
44.4615384615	12.5443767386	-0.0639937484	12.5373527570	-0.0667022180
44.4807692308	12.5431297336	-0.0643362112	12.5360673265	-0.0669809241
44.5000000000	12.5418765169	-0.0646701509	12.5347766303	-0.0672498512
44.5192307692	12.5406172716	-0.0649955494	12.5334808567	-0.0675089599
44.5384615385	12.5393521814	-0.0653123886	12.5321801950	-0.0677582124
44.5576923077	12.5380814306	-0.0656206501	12.5308748350	-0.0679975723
44.5769230769	12.5368052041	-0.0659203152	12.5295649674	-0.0682270047
44.5961538462	12.5355236872	-0.0662113645	12.5282507833	-0.0684464760
44.6153846154	12.5342370658	-0.0664937783	12.5269324747	-0.0686559543
44.6346153846	12.5329455264	-0.0667675357	12.5256102339	-0.0688554090
44.6538461538	12.5316492557	-0.0670326154	12.5242842541	-0.0690448108
44.6730769231	12.5303484408	-0.0672889947	12.5229547289	-0.0692241323
44.6923076923	12.5290432693	-0.0675366502	12.5216218523	-0.0693933471
44.7115384615	12.5277339290	-0.0677755569	12.5202858190	-0.0695524306
44.7307692308	12.5264206082	-0.0680056888	12.5189468239	-0.0697013596
44.7500000000	12.5251034954	-0.0682270184	12.5176050627	-0.0698401123
44.7692307692	12.5237827793	-0.0684395169	12.5162607311	-0.0699686685
44.7884615385	12.5224586490	-0.0686431538	12.5149140255	-0.0700870094
44.8076923077	12.5211312936	-0.0688378971	12.5135651425	-0.0701951177
44.8269230769	12.5198009028	-0.0690237130	12.5122142790	-0.0702929776
44.8461538462	12.5184676660	-0.0692005663	12.5108616322	-0.0703805748
44.8653846154	12.5171317733	-0.0693684199	12.5095073997	-0.0704578967
44.8846153846	12.5157934146	-0.0695272349	12.5081517791	-0.0705249318
44.9038461538	12.5144527803	-0.0696769709	12.5067949683	-0.0705816703
44.9230769231	12.5131100606	-0.0698175855	12.5054371655	-0.0706281041
44.9423076923	12.5117654462	-0.0699490348	12.5040785689	-0.0706642263
44.9615384615	12.5104191278	-0.0700712732	12.5027193768	-0.0706900316
44.9807692308	12.5090712962	-0.0701842534	12.5013597876	-0.0707055163
45.0000000000	12.5077221424	-0.0702879266	12.5000000000	-0.0707106781
45.0192307692	12.5063718577	-0.0703822423	12.4986402124	-0.0707055163
45.0384615385	12.5050206333	-0.0704671489	12.4972806232	-0.0706900316
45.0576923077	12.5036686607	-0.0705425933	12.4959214311	-0.0706642263
45.0769230769	12.5023161314	-0.0706085212	12.4945628345	-0.0706281041
45.0961538462	12.5009632372	-0.0706648773	12.4932050317	-0.0705816703
45.1153846154	12.4996101699	-0.0707116053	12.4918482209	-0.0705249318
45.1346153846	12.4982571215	-0.0707486482	12.4904926003	-0.0704578967
45.1538461538	12.4969042842	-0.0707759483	12.4891383678	-0.0703805748
45.1730769231	12.4955518501	-0.0707934474	12.4877857210	-0.0702929776
45.1923076923	12.4942000118	-0.0708010871	12.4864348575	-0.0701951177
45.2115384615	12.4928489615	-0.0707988090	12.4850859745	-0.0700870094
45.2307692308	12.4914988919	-0.0707865546	12.4837392689	-0.0699686685
45.2500000000	12.4901499958	-0.0707642659	12.4823949373	-0.0698401123
45.2692307692	12.4888024657	-0.0707318852	12.4810531761	-0.0697013596
45.2884615385	12.4874564947	-0.0706893557	12.4797141810	-0.0695524306
45.3076923077	12.4861122756	-0.0706366216	12.4783781477	-0.0693933471
45.3269230769	12.4847700012	-0.0705736281	12.4770452711	-0.0692241323
45.3461538462	12.4834298647	-0.0705003219	12.4757157459	-0.0690448108
45.3653846154	12.4820920589	-0.0704166513	12.4743897661	-0.0688554090
45.3846153846	12.4807567768	-0.0703225665	12.4730675253	-0.0686559543
45.4038461538	12.4794242113	-0.0702180195	12.4717492167	-0.0684464760
45.4230769231	12.4780945552	-0.0701029650	12.4704350326	-0.0682270047
45.4423076923	12.4767680013	-0.0699773599	12.4691251650	-0.0679975723
45.4615384615	12.4754447421	-0.0698411638	12.4678198050	-0.0677582124
45.4807692308	12.4741249701	-0.0696943393	12.4665191433	-0.0675089599
45.5000000000	12.4728088776	-0.0695368522	12.4652233697	-0.0672498512
45.5192307692	12.4714966564	-0.0693686712	12.4639326735	-0.0669809241
45.5384615385	12.4701884984	-0.0691897690	12.4626472430	-0.0667022180
45.5576923077	12.4688845949	-0.0690001215	12.4613672660	-0.0664137734
45.5769230769	12.4675851370	-0.0687997086	12.4600929293	-0.0661156326
45.5961538462	12.4662903152	-0.0685885140	12.4588244189	-0.0658078389
45.6153846154	12.4650003198	-0.0683665257	12.4575619202	-0.0654904375
45.6346153846	12.4637153405	-0.0681337357	12.4563056173	-0.0651634745
45.6538461538	12.4624355663	-0.0678901404	12.4550556937	-0.0648269978
45.6730769231	12.4611611858	-0.0676357405	12.4538123319	-0.0644810565
45.6923076923	12.4598923868	-0.0673705414	12.4525757134	-0.0641257010
45.7115384615	12.4586293566	-0.0670945527	12.4513460188	-0.0637609833
45.7307692308	12.4573722816	-0.0668077890	12.4501234275	-0.0633869566
45.7500000000	12.4561213474	-0.0665102694	12.4489081182	-0.0630036755
45.7692307692	12.4548767388	-0.0662020175	12.4477002682	-0.0626111960
45.7884615385	12.4536386397	-0.0658830619	12.4465000539	-0.0622095754
45.8076923077	12.4524072329	-0.0655534356	12.4453076505	-0.0617988722
45.8269230769	12.4511827005	-0.0652131765	12.4441232320	-0.0613791466
45.8461538462	12.4499652233	-0.0648623271	12.4429469715	-0.0609504597
45.8653846154	12.4487549810	-0.0645009344	12.4417790406	-0.0605128741
45.8846153846	12.4475521523	-0.0641290500	12.4406196099	-0.0600664537
45.9038461538	12.4463569147	-0.0637467301	12.4394688486	-0.0596112638
45.9230769231	12.4451694442	-0.0633540352	12.4383269248	-0.0591473707
45.9423076923	12.4439899160	-0.0629510302	12.4371940051	-0.0586748422
45.9615384615	12.4428185034	-0.0625377842	12.4360702550	-0.0581937472
45.9807692308	12.4416553789	-0.0621143705	12.4349558385	-0.0577041561
46.0000000000	12.4405007132	-0.0616808664	12.4338509184	-0.0572061403
46.0192307692	12.4393546759	-0.0612373531	12.4327556559	-0.0566997725
46.0384615385	12.4382174347	-0.0607839155	12.4316702110	-0.0561851266
46.0576923077	12.4370891564	-0.0603206423	12.4305947421	-0.0556622777
46.0769230769	12.4359700057	-0.0598476257	12.4295294062	-0.0551313023
46.0961538462	12.4348601461	-0.0593649610	12.4284743590	-0.0545922778
46.1153846154	12.4337597395	-0.0588727472	12.4274297543	-0.0540452829
46.1346153846	12.4326689461	-0.0583710859	12.4263957448	-0.0534903975
46.1538461538	12.4315879246	-0.0578600819	12.4253724814	-0.0529277026
46.1730769231	12.4305168319	-0.0573398429	12.4243601135	-0.0523572803
46.1923076923	12.4294558236	-0.0568104788	12.4233587888	-0.0517792140
46.2115384615	12.4284050532	-0.0562721023	12.4223686537	-0.0511935880
46.2307692308	12.4273646729	-0.0557248284	12.4213898526	-0.0506004878
46.2500000000	12.4263348332	-0.0551687741	12.4204225285	-0.0500000000
46.2692307692	12.4253156826	-0.0546040585	12.4194668225	-0.0493922123
46.2884615385	12.4243073682	-0.0540308027	12.4185228742	-0.0487772134
46.3076923077	12.4233100354	-0.0534491294	12.4175908215	-0.0481550932
46.3269230769	12.4223238277	-0.0528591628	12.4166708003	-0.0475259424
46.3461538462	12.4213488872	-0.0522610286	12.4157629451	-0.0468898528
46.3653846154	12.4203853541	-0.0516548538	12.4148673883	-0.0462469175
46.3846153846	12.4194333670	-0.0510407668	12.4139842608	-0.0455972301
46.4038461538	12.4184930626	-0.0504188965	12.4131136914	-0.0449408857
46.4230769231	12.4175645762	-0.0497893733	12.4122558072	-0.0442779799
46.4423076923	12.4166480411	-0.0491523280	12.4114107336	-0.0436086097
46.4615384615	12.4157435892	-0.0485078922	12.4105785938	-0.0429328727
46.4807692308	12.4148513505	-0.0478561981	12.4097595094	-0.0422508675
46.5000000000	12.4139714534	-0.0471973782	12.4089536000	-0.0415626938
46.5192307692	12.4131040246	-0.0465315654	12.4081609832	-0.0408684520
46.5384615385	12.4122491890	-0.0458588930	12.4073817747	-0.0401682435
46.5576923077	12.4114070699	-0.0451794942	12.4066160883	-0.0394621704
46.5769230769	12.4105777890	-0.0444935023	12.4058640358	-0.0387503360
46.5961538462	12.4097614660	-0.0438010507	12.4051257271	-0.0380328441
46.6153846154	12.4089582192	-0.0431022725	12.4044012697	-0.0373097995
46.6346153846	12.4081681651	-0.0423973006	12.4036907697	-0.0365813077
46.6538461538	12.4073914183	-0.0416862677	12.4029943306	-0.0358474750
46.6730769231	12.4066280920	-0.0409693060	12.4023120542	-0.0351084088
46.6923076923	12.4058782975	-0.0402465474	12.4016440401	-0.0343642167
46.7115384615	12.4051421442	-0.0395181231	12.4009903857	-0.0336150075
46.7307692308	12.4044197401	-0.0387841639	12.4003511866	-0.0328608906
46.7500000000	12.4037111911	-0.0380447999	12.3997265361	-0.0321019761
46.7692307692	12.4030166014	-0.0373001604	12.3991165253	-0.0313383747
46.7884615385	12.4023360737	-0.0365503741	12.3985212433	-0.0305701980
46.8076923077	12.4016697084	-0.0357955687	12.3979407770	-0.0297975581
46.8269230769	12.4010176045	-0.0350358712	12.3973752112	-0.0290205678
46.8461538462	12.4003798587	-0.0342714078	12.3968246285	-0.0282393405
46.8653846154	12.3997565663	-0.0335023034	12.3962891092	-0.0274539904
46.8846153846	12.3991478204	-0.0327286822	12.3957687315	-0.0266646320
46.9038461538	12.3985537123	-0.0319506674	12.3952635714	-0.0258713806
46.9230769231	12.3979743312	-0.0311683811	12.3947737026	-0.0250743520
46.9423076923	12.3974097645	-0.0303819442	12.3942991967	-0.0242736627
46.9615384615	12.3968600974	-0.0295914767	12.3938401229	-0.0234694294
46.9807692308	12.3963254134	-0.0287970975	12.3933965483	-0.0226617696
47.0000000000	12.3958057936	-0.0279989243	12.3929685376	-0.0218508012
47.0192307692	12.3953013172	-0.0271970738	12.3925561533	-0.0210366427
47.0384615385	12.3948120613	-0.0263916616	12.3921594556	-0.0202194128
47.0576923077	12.3943381007	-0.0255828020	12.3917785025	-0.0193992310
47.0769230769	12.3938795082	-0.0247706085	12.3914133495	-0.0185762169
47.0961538462	12.3934363544	-0.0239551935	12.3910640500	-0.0177504907
47.1153846154	12.3930087075	-0.0231366681	12.3907306550	-0.0169221729
47.1346153846	12.3925966337	-0.0223151428	12.3904132131	-0.0160913846
47.1538461538	12.3922001967	-0.0214907269	12.3901117706	-0.0152582469
47.1730769231	12.3918194580	-0.0206635288	12.3898263717	-0.0144228815
47.1923076923	12.3914544769	-0.0198336561	12.3895570579	-0.0135854105
47.2115384615	12.3911053101	-0.0190012157	12.3893038686	-0.0127459560
47.2307692308	12.3907720120	-0.0181663137	12.3890668408	-0.0119046406
47.2500000000	12.3904546347	-0.0173290555	12.3888460090	-0.0110615871
47.2692307692	12.3901532279	-0.0164895461	12.3886414055	-0.0102169187
47.2884615385	12.3898678388	-0.0156478898	12.3884530601	-0.0093707586
47.3076923077	12.3895985120	-0.0148041908	12.3882810004	-0.0085232304
47.3269230769	12.3893452899	-0.0139585528	12.3881252515	-0.0076744578
47.3461538462	12.3891082124	-0.0131110795	12.3879858362	-0.0068245648
47.3653846154	12.3888873166	-0.0122618744	12.3878627747	-0.0059736754
47.3846153846	12.3886826374	-0.0114110412	12.3877560850	-0.0051219138
47.4038461538	12.3884942071	-0.0105586838	12.3876657828	-0.0042694045
47.4230769231	12.3883220555	-0.0097049062	12.3875918811	-0.0034162718
47.4423076923	12.3881662098	-0.0088498131	12.3875343909	-0.0025626404
47.4615384615	12.3880266947	-0.0079935098	12.3874933204	-0.0017086348
47.4807692308	12.3879035324	-0.0071361019	12.3874686758	-0.0008543798
47.5000000000	12.3877967426	-0.0062776964	12.3874604605	-0.0000000000
47.5192307692	12.3877063422	-0.0054184008	12.3874686758	0.0008543798
47.5384615385	12.3876323461	-0.0045583241	12.3874933204	0.0017086348
47.5576923077	12.3875747660	-0.0036975764	12.3875343909	0.0025626404
47.5769230769	12.3875336116	-0.0028362690	12.3875918811	0.0034162718
47.5961538462	12.3875088898	-0.0019745151	12.3876657828	0.0042694045
47.6153846154	12.3875006050	-0.0011124291	12.3877560850	0.0051219138
47.6346153846	12.3875087593	-0.0002501275	12.3878627747	0.0059736754
47.6538461538	12.3875333520	0.0006122716	12.3879858362	0.0068245648
47.6730769231	12.3875743801	0.0014746479	12.3881252515	0.0076744578
47.6923076923	12.3876318380	0.0023368792	12.3882810004	0.0085232304
47.7115384615	12.3877057178	0.0031988410	12.3884530601	0.0093707586
47.7307692308	12.3877960088	0.0040604067	12.3886414055	0.0102169187
47.7500000000	12.3879026981	0.0049214475	12.3888460090	0.0110615871
47.7692307692	12.3880257704	0.0057818318	12.3890668408	0.0119046406
47.7884615385	12.3881652077	0.0066414261	12.3893038686	0.0127459560
47.8076923077	12.3883209897	0.0075000942	12.3895570579	0.0135854105
47.8269230769	12.3884930938	0.0083576975	12.3898263717	0.0144228815
47.8461538462	12.3886814948	0.0092140949	12.3901117706	0.0152582469
47.8653846154	12.3888861653	0.0100691429	12.3904132131	0.0160913846
47.8846153846	12.3891070751	0.0109226956	12.3907306550	0.0169221729
47.9038461538	12.3893441922	0.0117746046	12.3910640500	0.0177504907
47.9230769231	12.3895974817	0.0126247194	12.3914133495	0.0185762169
47.9423076923	12.3898669066	0.0134728871	12.3917785025	0.0193992310
47.9615384615	12.3901524275	0.0143189525	12.3921594556	0.0202194128
47.9807692308	12.3904540026	0.0151627585	12.3925561533	0.0210366427
48.0000000000	12.3907715878	0.0160041462	12.3929685376	0.0218508012
48.0192307692	12.3911051366	0.0168429547	12.3933965483	0.0226617696
48.0384615385	12.3914546003	0.0176790214	12.3938401229	0.0234694294
48.0576923077	12.3918199276	0.0185121824	12.3942991967	0.0242736627
48.0769230769	12.3922010651	0.0193422723	12.3947737026	0.0250743520
48.0961538462	12.3925979569	0.0201691248	12.3952635714	0.0258713806
48.1153846154	12.3930105451	0.0209925725	12.3957687315	0.0266646320
48.1346153846	12.3934387690	0.0218124475	12.3962891092	0.0274539904
48.1538461538	12.3938825660	0.0226285812	12.3968246285	0.0282393405
48.1730769231	12.3943418709	0.0234408052	12.3973752112	0.0290205678
48.1923076923	12.3948166164	0.0242489506	12.3979407770	0.0297975581
48.2115384615	12.3953067328	0.0250528492	12.3985212433	0.0305701980
48.2307692308	12.3958121480	0.0258523333	12.3991165253	0.0313383747
48.2500000000	12.3963327877	0.0266472360	12.3997265361	0.0321019761
48.2692307692	12.3968685754	0.0274373913	12.4003511866	0.0328608906
48.2884615385	12.3974194321	0.0282226350	12.4009903857	0.0336150075
48.3076923077	12.3979852766	0.0290028043	12.4016440401	0.0343642167
48.3269230769	12.3985660254	0.0297777383	12.4023120542	0.0351084088
48.3461538462	12.3991615928	0.0305472786	12.4029943306	0.0358474750
48.3653846154	12.3997718906	0.0313112691	12.4036907697	0.0365813077
48.3846153846	12.4003968287	0.0320695565	12.4044012697	0.0373097995
48.4038461538	12.4010363143	0.0328219907	12.4051257271	0.0380328441
48.4230769231	12.4016902527	0.0335684246	12.4058640358	0.0387503360
48.4423076923	12.4023585467	0.0343087151	12.4066160883	0.0394621704
48.4615384615	12.4030410972	0.0350427224	12.4073817747	0.0401682435
48.4807692308	12.4037378026	0.0357703112	12.4081609832	0.0408684520
48.5000000000	12.4044485591	0.0364913501	12.4089536000	0.0415626938
48.5192307692	12.4051732609	0.0372057123	12.4097595094	0.0422508675
48.5384615385	12.4059117998	0.0379132756	12.4105785938	0.0429328727
48.5576923077	12.4066640658	0.0386139226	12.4114107336	0.0436086097
48.5769230769	12.4074299464	0.0393075408	12.4122558072	0.0442779799
48.5961538462	12.4082093271	0.0399940228	12.4131136914	0.0449408857
48.6153846154	12.4090020914	0.0406732666	12.4139842608	0.0455972301
48.6346153846	12.4098081207	0.0413451751	12.4148673883	0.0462469175
48.6538461538	12.4106272943	0.0420096569	12.4157629451	0.0468898528
48.6730769231	12.4114594897	0.0426666260	12.4166708003	0.0475259424
48.6923076923	12.4123045820	0.0433160015	12.4175908215	0.0481550932
48.7115384615	12.4131624448	0.0439577085	12.4185228742	0.0487772134
48.7307692308	12.4140329495	0.0445916770	12.4194668225	0.0493922123
48.7500000000	12.4149159657	0.0452178429	12.4204225285	0.0500000000
48.7692307692	12.4158113611	0.0458361470	12.4213898526	0.0506004878
48.7884615385	12.4167190016	0.0464465356	12.4223686537	0.0511935880
48.8076923077	12.4176387514	0.0470489603	12.4233587888	0.0517792140
48.8269230769	12.4185704727	0.0476433774	12.4243601135	0.0523572803
48.8461538462	12.4195140263	0.0482297484	12.4253724814	0.0529277026
48.8653846154	12.4204692709	0.0488080394	12.4263957448	0.0534903975
48.8846153846	12.4214360640	0.0493782211	12.4274297543	0.0540452829
48.9038461538	12.4224142612	0.0499402686	12.4284743590	0.0545922778
48.9230769231	12.4234037165	0.0504941611	12.4295294062	0.0551313023
48.9423076923	12.4244042825	0.0510398817	12.4305947421	0.0556622777
48.9615384615	12.4254158102	0.0515774172	12.4316702110	0.0561851266
48.9807692308	12.4264381493	0.0521067578	12.4327556559	0.0566997725
49.0000000000	12.4274711477	0.0526278970	12.4338509184	0.0572061403
49.0192307692	12.4285146522	0.0531408310	12.4349558385	0.0577041561
49.0384615385	12.4295685082	0.0536455586	12.4360702550	0.0581937472
49.0576923077	12.4306325597	0.0541420810	12.4371940051	0.0586748422
49.0769230769	12.4317066493	0.0546304013	12.4383269248	0.0591473707
49.0961538462	12.4327906184	0.0551105243	12.4394688486	0.0596112638
49.1153846154	12.4338843072	0.0555824564	12.4406196099	0.0600664537
49.1346153846	12.4349875548	0.0560462049	12.4417790406	0.0605128741
49.1538461538	12.4361001987	0.0565017779	12.4429469715	0.0609504597
49.1730769231	12.4372220757	0.0569491841	12.4441232320	0.0613791466
49.1923076923	12.4383530211	0.0573884323	12.4453076505	0.0617988722
49.2115384615	12.4394928694	0.0578195313	12.4465000539	0.0622095754
49.2307692308	12.4406414537	0.0582424896	12.4477002682	0.0626111960
49.2500000000	12.4417986063	0.0586573151	12.4489081182	0.0630036755
49.2692307692	12.4429641583	0.0590640148	12.4501234275	0.0633869566
49.2884615385	12.4441379397	0.0594625945	12.4513460188	0.0637609833
49.3076923077	12.4453197796	0.0598530589	12.4525757134	0.0641257010
49.3269230769	12.4465095062	0.0602354109	12.4538123319	0.0644810565
49.3461538462	12.4477069465	0.0606096520	12.4550556937	0.0648269978
49.3653846154	12.4489119267	0.0609757815	12.4563056173	0.0651634745
49.3846153846	12.4501242720	0.0613337969	12.4575619202	0.0654904375
49.4038461538	12.4513438065	0.0616836932	12.4588244189	0.0658078389
49.4230769231	12.4525703536	0.0620254635	12.4600929293	0.0661156326
49.4423076923	12.4538037357	0.0623590980	12.4613672660	0.0664137734
49.4615384615	12.4550437743	0.0626845849	12.4626472430	0.0667022180
49.4807692308	12.4562902900	0.0630019096	12.4639326735	0.0669809241
49.5000000000	12.4575431024	0.0633110548	12.4652233697	0.0672498512
49.5192307692	12.4588020305	0.0636120009	12.4665191433	0.0675089599
49.5384615385	12.4600668922	0.0639047255	12.4678198050	0.0677582124
49.5576923077	12.4613375046	0.0641892038	12.4691251650	0.0679975723
49.5769230769	12.4626136840	0.0644654084	12.4704350326	0.0682270047
49.5961538462	12.4638952458	0.0647333094	12.4717492167	0.0684464760
49.6153846154	12.4651820047	0.0649928746	12.4730675253	0.0686559543
49.6346153846	12.4664737745	0.0652440696	12.4743897661	0.0688554090
49.6538461538	12.4677703682	0.0654868577	12.4757157459	0.0690448108
49.6730769231	12.4690715981	0.0657212003	12.4770452711	0.0692241323
49.6923076923	12.4703772756	0.0659470569	12.4783781477	0.0693933471
49.7115384615	12.4716872116	0.0661643854	12.4797141810	0.0695524306
49.7307692308	12.4730012160	0.0663731420	12.4810531761	0.0697013596
49.7500000000	12.4743190981	0.0665732816	12.4823949373	0.0698401123
49.7692307692	12.4756406665	0.0667647581	12.4837392689	0.0699686685
49.7884615385	12.4769657292	0.0669475243	12.4850859745	0.0700870094
49.8076923077	12.4782940936	0.0671215323	12.4864348575	0.0701951177
49.8269230769	12.4796255662	0.0672867337	12.4877857210	0.0702929776
49.8461538462	12.4809599532	0.0674430797	12.4891383678	0.0703805748
49.8653846154	12.4822970602	0.0675905215	12.4904926003	0.0704578967
49.8846153846	12.4836366920	0.0677290105	12.4918482209	0.0705249318
49.9038461538	12.4849786534	0.0678584981	12.4932050317	0.0705816703
49.9230769231	12.4863227482	0.0679789366	12.4945628345	0.0706281041
49.9423076923	12.4876687800	0.0680902790	12.4959214311	0.0706642263
49.9615384615	12.4890165522	0.0681924790	12.4972806232	0.0706900316
49.9807692308	12.4903658676	0.0682854919	12.4986402124	0.0707055163
50.0000000000	12.4917165286	0.0683692738	12.5000000000	0.0707106781
50.0192307692	12.4930683376	0.0684437829	12.5013597876	0.0707055163
50.0384615385	12.4944210966	0.0685089786	12.5027193768	0.0706900316
50.0576923077	12.4957746074	0.0685648224	12.5040785689	0.0706642263
50.0769230769	12.4971286718	0.0686112778	12.5054371655	0.0706281041
50.0961538462	12.4984830912	0.0686483103	12.5067949683	0.0705816703
50.1153846154	12.4998376673	0.0686758878	12.5081517791	0.0705249318
50.1346153846	12.5011922016	0.0686939803	12.5095073997	0.0704578967
50.1538461538	12.5025464955	0.0687025604	12.5108616322	0.0703805748
50.1730769231	12.5039003509	0.0687016033	12.5122142790	0.0702929776
50.1923076923	12.5052535694	0.0686910866	12.5135651425	0.0701951177
50.2115384615	12.5066059530	0.0686709905	12.5149140255	0.0700870094
50.2307692308	12.5079573039	0.0686412979	12.5162607311	0.0699686685
50.2500000000	12.5093074246	0.0686019944	12.5176050627	0.0698401123
50.2692307692	12.5106561178	0.0685530682	12.5189468239	0.0697013596
50.2884615385	12.5120031867	0.0684945101	12.5202858190	0.0695524306
50.3076923077	12.5133484348	0.0684263136	12.5216218523	0.0693933471
50.3269230769	12.5146916662	0.0683484747	12.5229547289	0.0692241323
50.3461538462	12.5160326854	0.0682609919	12.5242842541	0.0690448108
50.3653846154	12.5173712974	0.0681638663	12.5256102339	0.0688554090
50.3846153846	12.5187073079	0.0680571012	12.5269324747	0.0686559543
50.4038461538	12.5200405231	0.0679407023	12.5282507833	0.0684464760
50.4230769231	12.5213707500	0.0678146776	12.5295649674	0.0682270047
50.4423076923	12.5226977962	0.0676790370	12.5308748350	0.0679975723
50.4615384615	12.5240214701	0.0675337926	12.5321801950	0.0677582124
50.4807692308	12.5253415807	0.0673789584	12.5334808567	0.0675089599
50.5000000000	12.5266579380	0.0672145500	12.5347766303	0.0672498512
50.5192307692	12.5279703527	0.0670405848	12.5360673265	0.0669809241
50.5384615385	12.5292786364	0.0668570819	12.5373527570	0.0667022180
50.5576923077	12.5305826015	0.0666640617	12.5386327340	0.0664137734
50.5769230769	12.5318820616	0.0664615459	12.5399070707	0.0661156326
50.5961538462	12.5331768307	0.0662495576	12.5411755811	0.0658078389
50.6153846154	12.5344667242	0.0660281207	12.5424380798	0.0654904375
50.6346153846	12.5357515583	0.0657972605	12.5436943827	0.0651634745
50.6538461538	12.5370311501	0.0655570031	12.5449443063	0.0648269978
50.6730769231	12.5383053179	0.0653073752	12.5461876681	0.0644810565
50.6923076923	12.5395738806	0.0650484045	12.5474242866	0.0641257010
50.7115384615	12.5408366587	0.0647801193	12.5486539812	0.0637609833
50.7307692308	12.5420934732	0.0645025485	12.5498765725	0.0633869566
50.7500000000	12.5433441464	0.0642157217	12.5510918818	0.0630036755
50.7692307692	12.5445885015	0.0639196687	12.5522997318	0.0626111960
50.7884615385	12.5458263630	0.0636144200	12.5534999461	0.0622095754
50.8076923077	12.5470575561	0.0633000065	12.5546923495	0.0617988722
50.8269230769	12.5482819073	0.0629764597	12.5558767680	0.0613791466
50.8461538462	12.5494992441	0.0626438112	12.5570530285	0.0609504597
50.8653846154	12.5507093949	0.0623020934	12.5582209594	0.0605128741
50.8846153846	12.5519121895	0.0619513390	12.5593803901	0.0600664537
50.9038461538	12.5531074585	0.0615915811	12.5605311514	0.0596112638
50.9230769231	12.5542950335	0.0612228536	12.5616730752	0.0591473707
50.9423076923	12.5554747475	0.0608451909	12.5628059949	0.0586748422
50.9615384615	12.5566464341	0.0604586280	12.5639297450	0.0581937472
50.9807692308	12.5578099285	0.0600632008	12.5650441615	0.0577041561
51.0000000000	12.5589650665	0.0596589459	12.5661490816	0.0572061403
51.0192307692	12.5601116853	0.0592459009	12.5672443441	0.0566997725
51.0384615385	12.5612496230	0.0588241043	12.5683297890	0.0561851266
51.0576923077	12.5623787188	0.0583935958	12.5694052579	0.0556622777
51.0769230769	12.5634988130	0.0579544163	12.5704705938	0.0551313023
51.0961538462	12.5646097472	0.0575066081	12.5715256410	0.0545922778
51.1153846154	12.5657113637	0.0570502149	12.5725702457	0.0540452829
51.1346153846	12.5668035062	0.0565852820	12.5736042552	0.0534903975
51.1538461538	12.5678860195	0.0561118564	12.5746275186	0.0529277026
51.1730769231	12.5689587494	0.0556299867	12.5756398865	0.0523572803
51.1923076923	12.5700215430	0.0551397237	12.5766412112	0.0517792140
51.2115384615	12.5710742485	0.0546411202	12.5776313463	0.0511935880
51.2307692308	12.5721167152	0.0541342310	12.5786101474	0.0506004878
51.2500000000	12.5731487937	0.0536191131	12.5795774715	0.0500000000
51.2692307692	12.5741703358	0.0530958262	12.5805331775	0.0493922123
51.2884615385	12.5751811945	0.0525644321	12.5814771258	0.0487772134
51.3076923077	12.5761812240	0.0520249952	12.5824091785	0.0481550932
51.3269230769	12.5771702800	0.0514775827	12.5833291997	0.0475259424
51.3461538462	12.5781482192	0.0509222642	12.5842370549	0.0468898528
51.3653846154	12.5791148998	0.0503591121	12.5851326117	0.0462469175
51.3846153846	12.5800701815	0.0497882018	12.5860157392	0.0455972301
51.4038461538	12.5810139251	0.0492096111	12.5868863086	0.0449408857
51.4230769231	12.5819459931	0.0486234211	12.5877441928	0.0442779799
51.4423076923	12.5828662492	0.0480297154	12.5885892664	0.0436086097
51.4615384615	12.5837745587	0.0474285805	12.5894214062	0.0429328727
51.4807692308	12.5846707886	0.0468201058	12.5902404906	0.0422508675
51.5000000000	12.5855548072	0.0462043835	12.5910464000	0.0415626938
51.5192307692	12.5864264845	0.0455815084	12.5918390168	0.0408684520
51.5384615385	12.5872856920	0.0449515782	12.5926182253	0.0401682435
51.5576923077	12.5881323032	0.0443146930	12.5933839117	0.0394621704
51.5769230769	12.5889661929	0.0436709556	12.5941359642	0.0387503360
51.5961538462	12.5897872379	0.0430204711	12.5948742729	0.0380328441
51.6153846154	12.5905953166	0.0423633472	12.5955987303	0.0373097995
51.6346153846	12.5913903095	0.0416996935	12.5963092303	0.0365813077
51.6538461538	12.5921720986	0.0410296218	12.5970056694	0.0358474750
51.6730769231	12.5929405680	0.0403532461	12.5976879458	0.0351084088
51.6923076923	12.5936956036	0.0396706818	12.5983559599	0.0343642167
51.7115384615	12.5944370934	0.0389820461	12.5990096143	0.0336150075
51.7307692308	12.5951649272	0.0382874579	12.5996488134	0.0328608906
51.7500000000	12.5958789971	0.0375870370	12.6002734639	0.0321019761
51.7692307692	12.5965791969	0.0368809046	12.6008834747	0.0313383747
51.7884615385	12.5972654228	0.0361691828	12.6014787567	0.0305701980
51.8076923077	12.5979375729	0.0354519945	12.6020592230	0.0297975581
51.8269230769	12.5985955476	0.0347294631	12.6026247888	0.0290205678
51.8461538462	12.5992392494	0.0340017124	12.6031753715	0.0282393405
51.8653846154	12.5998685829	0.0332688664	12.6037108908	0.0274539904
51.8846153846	12.6004834550	0.0325310492	12.6042312685	0.0266646320
51.9038461538	12.6010837750	0.0317883846	12.6047364286	0.0258713806
51.9230769231	12.6016694542	0.0310409962	12.6052262974	0.0250743520
51.9423076923	12.6022404063	0.0302890070	12.6057008033	0.0242736627
51.9615384615	12.6027965473	0.0295325393	12.6061598771	0.0234694294
51.9807692308	12.6033377955	0.0287717146	12.6066034517	0.0226617696
52.0000000000	12.6038640714	0.0280066535	12.6070314624	0.0218508012
52.0192307692	12.6043752982	0.0272374752	12.6074438467	0.0210366427
52.0384615385	12.6048714009	0.0264642980	12.6078405444	0.0202194128
52.0576923077	12.6053523074	0.0256872385	12.6082214975	0.0193992310
52.0769230769	12.6058179475	0.0249064121	12.6085866505	0.0185762169
52.0961538462	12.6062682537	0.0241219323	12.6089359500	0.0177504907
52.1153846154	12.6067031607	0.0233339114	12.6092693450	0.0169221729
52.1346153846	12.6071226055	0.0225424596	12.6095867869	0.0160913846
52.1538461538	12.6075265275	0.0217476855	12.6098882294	0.0152582469
52.1730769231	12.6079148686	0.0209496959	12.6101736283	0.0144228815
52.1923076923	12.6082875730	0.0201485958	12.6104429421	0.0135854105
52.2115384615	12.6086445871	0.0193444885	12.6106961314	0.0127459560
52.2307692308	12.6089858598	0.0185374755	12.6109331592	0.0119046406
52.2500000000	12.6093113423	0.0177276564	12.6111539910	0.0110615871
52.2692307692	12.6096209880	0.0169151293	12.6113585945	0.0102169187
52.2884615385	12.6099147529	0.0160999907	12.6115469399	0.0093707586
52.3076923077	12.6101925950	0.0152823355	12.6117189996	0.0085232304
52.3269230769	12.6104544748	0.0144622572	12.6118747485	0.0076744578
52.3461538462	12.6107003551	0.0136398480	12.6120141638	0.0068245648
52.3653846154	12.6109302007	0.0128151991	12.6121372253	0.0059736754
52.3846153846	12.6111439791	0.0119884003	12.6122439150	0.0051219138
52.4038461538	12.6113416597	0.0111595411	12.6123342172	0.0042694045
52.4230769231	12.6115232143	0.0103287099	12.6124081189	0.0034162718
52.4423076923	12.6116886169	0.0094959948	12.6124656091	0.0025626404
52.4615384615	12.6118378437	0.0086614834	12.6125066796	0.0017086348
52.4807692308	12.6119708732	0.0078252637	12.6125313242	0.0008543798
52.5000000000	12.6120876860	0.0069874232	12.6125395395	-0.0000000000
52.5192307692	12.6121882650	0.0061480503	12.6125313242	-0.0008543798
52.5384615385	12.6122725952	0.0053072336	12.6125066796	-0.0017086348
52.5576923077	12.6123406637	0.0044650627	12.6124656091	-0.0025626404
52.5769230769	12.6123924601	0.0036216284	12.6124081189	-0.0034162718
52.5961538462	12.6124279758	0.0027770224	12.6123342172	-0.0042694045
52.6153846154	12.6124472045	0.0019313381	12.6122439150	-0.0051219138
52.6346153846	12.6124501422	0.0010846708	12.6121372253	-0.0059736754
52.6538461538	12.6124367869	0.0002371175	12.6120141638	-0.0068245648
52.6730769231	12.6124071388	-0.0006112223	12.6118747485	-0.0076744578
52.6923076923	12.6123612003	-0.0014602470	12.6117189996	-0.0085232304
52.7115384615	12.6122989759	-0.0023098522	12.6115469399	-0.0093707586
52.7307692308	12.6122204723	-0.0031599308	12.6113585945	-0.0102169187
52.7500000000	12.6121256985	-0.0040103725	12.6111539910	-0.0110615871
52.7692307692	12.6120146655	-0.0048610640	12.6109331592	-0.0119046406
52.7884615385	12.6118873866	-0.0057118886	12.6106961314	-0.0127459560
52.8076923077	12.6117438772	-0.0065627263	12.6104429421	-0.0135854105
52.8269230769	12.6115841551	-0.0074134533	12.6101736283	-0.0144228815
52.8461538462	12.6114082401	-0.0082639422	12.6098882294	-0.0152582469
52.8653846154	12.6112161545	-0.0091140618	12.6095867869	-0.0160913846
52.8846153846	12.6110079225	-0.0099636771	12.6092693450	-0.0169221729
52.9038461538	12.6107835709	-0.0108126492	12.6089359500	-0.0177504907
52.9230769231	12.6105431287	-0.0116608353	12.6085866505	-0.0185762169
52.9423076923	12.6102866270	-0.0125080888	12.6082214975	-0.0193992310
52.9615384615	12.6100140995	-0.0133542591	12.6078405444	-0.0202194128
52.9807692308	12.6097255820	-0.0141991919	12.6074438467	-0.0210366427
53.0000000000	12.6094211128	-0.0150427292	12.6070314624	-0.0218508012
53.0192307692	12.6091007324	-0.0158847091	12.6066034517	-0.0226617696
53.0384615385	12.6087644840	-0.0167249666	12.6061598771	-0.0234694294
53.0576923077	12.6084124128	-0.0175633332	12.6057008033	-0.0242736627
53.0769230769	12.6080445667	-0.0183996371	12.6052262974	-0.0250743520
53.0961538462	12.6076609959	-0.0192337037	12.6047364286	-0.0258713806
53.1153846154	12.6072617532	-0.0200653556	12.6042312685	-0.0266646320
53.1346153846	12.6068468935	-0.0208944130	12.6037108908	-0.0274539904
53.1538461538	12.6064164747	-0.0217206938	12.6031753715	-0.0282393405
53.1730769231	12.6059705567	-0.0225440140	12.6026247888	-0.0290205678
53.1923076923	12.6055092022	-0.0233641879	12.6020592230	-0.0297975581
53.2115384615	12.6050324763	-0.0241810286	12.6014787567	-0.0305701980
53.2307692308	12.6045404466	-0.0249943483	12.6008834747	-0.0313383747
53.2500000000	12.6040331832	-0.0258039584	12.6002734639	-0.0321019761
53.2692307692	12.6035107588	-0.0266096704	12.5996488134	-0.0328608906
53.2884615385	12.6029732486	-0.0274112956	12.5990096143	-0.0336150075
53.3076923077	12.6024207302	-0.0282086461	12.5983559599	-0.0343642167
53.3269230769	12.6018532838	-0.0290015349	12.5976879458	-0.0351084088
53.3461538462	12.6012709923	-0.0297897764	12.5970056694	-0.0358474750
53.3653846154	12.6006739406	-0.0305731866	12.5963092303	-0.0365813077
53.3846153846	12.6000622167	-0.0313515839	12.5955987303	-0.0373097995
53.4038461538	12.5994359106	-0.0321247892	12.5948742729	-0.0380328441
53.4230769231	12.5987951150	-0.0328926261	12.5941359642	-0.0387503360
53.4423076923	12.5981399249	-0.0336549221	12.5933839117	-0.0394621704
53.4615384615	12.5974704379	-0.0344115081	12.5926182253	-0.0401682435
53.4807692308	12.5967867539	-0.0351622191	12.5918390168	-0.0408684520
53.5000000000	12.5960889750	-0.0359068949	12.5910464000	-0.0415626938
53.5192307692	12.5953772058	-0.0366453798	12.5902404906	-0.0422508675
53.5384615385	12.5946515534	-0.0373775236	12.5894214062	-0.0429328727
53.5576923077	12.5939121268	-0.0381031814	12.5885892664	-0.0436086097
53.5769230769	12.5931590374	-0.0388222140	12.5877441928	-0.0442779799
53.5961538462	12.5923923988	-0.0395344885	12.5868863086	-0.0449408857
53.6153846154	12.5916123269	-0.0402398779	12.5860157392	-0.0455972301
53.6346153846	12.5908189394	-0.0409382622	12.5851326117	-0.0462469175
53.6538461538	12.5900123563	-0.0416295275	12.5842370549	-0.0468898528
53.6730769231	12.5891926996	-0.0423135671	12.5833291997	-0.0475259424
53.6923076923	12.5883600932	-0.0429902812	12.5824091785	-0.0481550932
53.7115384615	12.5875146630	-0.0436595770	12.5814771258	-0.0487772134
53.7307692308	12.5866565369	-0.0443213686	12.5805331775	-0.0493922123
53.7500000000	12.5857858442	-0.0449755775	12.5795774715	-0.0500000000
53.7692307692	12.5849027166	-0.0456221323	12.5786101474	-0.0506004878
53.7884615385	12.5840072870	-0.0462609684	12.5776313463	-0.0511935880
53.8076923077	12.5830996902	-0.0468920284	12.5766412112	-0.0517792140
53.8269230769	12.5821800628	-0.0475152619	12.5756398865	-0.0523572803
53.8461538462	12.5812485428	-0.0481306249	12.5746275186	-0.0529277026
53.8653846154	12.5803052697	-0.0487380802	12.5736042552	-0.0534903975
53.8846153846	12.5793503845	-0.0493375970	12.5725702457	-0.0540452829
53.9038461538	12.5783840298	-0.0499291504	12.5715256410	-0.0545922778
53.9230769231	12.5774063494	-0.0505127216	12.5704705938	-0.0551313023
53.9423076923	12.5764174887	-0.0510882972	12.5694052579	-0.0556622777
53.9615384615	12.5754175941	-0.0516558691	12.5683297890	-0.0561851266
53.9807692308	12.5744068135	-0.0522154342	12.5672443441	-0.0566997725
54.0000000000	12.5733852960	-0.0527669938	12.5661490816	-0.0572061403
54.0192307692	12.5723531918	-0.0533105534	12.5650441615	-0.0577041561
54.0384615385	12.5713106524	-0.0538461222	12.5639297450	-0.0581937472
54.0576923077	12.5702578303	-0.0543737131	12.5628059949	-0.0586748422
54.0769230769	12.5691948792	-0.0548933414	12.5616730752	-0.0591473707
54.0961538462	12.5681219538	-0.0554050251	12.5605311514	-0.0596112638
54.1153846154	12.5670392099	-0.0559087845	12.5593803901	-0.0600664537
54.1346153846	12.5659468042	-0.0564046410	12.5582209594	-0.0605128741
54.1538461538	12.5648448946	-0.0568926175	12.5570530285	-0.0609504597
54.1730769231	12.5637336400	-0.0573727374	12.5558767680	-0.0613791466
54.1923076923	12.5626131999	-0.0578450244	12.5546923495	-0.0617988722
54.2115384615	12.5614837353	-0.0583095020	12.5534999461	-0.0622095754
54.2307692308	12.5603454078	-0.0587661932	12.5522997318	-0.0626111960
54.2500000000	12.5591983800	-0.0592151196	12.5510918818	-0.0630036755
54.2692307692	12.5580428155	-0.0596563016	12.5498765725	-0.0633869566
54.2884615385	12.5568788789	-0.0600897578	12.5486539812	-0.0637609833
54.3076923077	12.5557067355	-0.0605155045	12.5474242866	-0.0641257010
54.3269230769	12.5545265518	-0.0609335553	12.5461876681	-0.0644810565
54.3461538462	12.5533384950	-0.0613439211	12.5449443063	-0.0648269978
54.3653846154	12.5521427335	-0.0617466095	12.5436943827	-0.0651634745
54.3846153846	12.5509394364	-0.0621416247	12.5424380798	-0.0654904375
54.4038461538	12.5497287740	-0.0625289673	12.5411755811	-0.0658078389
54.4230769231	12.5485109172	-0.0629086336	12.5399070707	-0.0661156326
54.4423076923	12.5472860382	-0.0632806161	12.5386327340	-0.0664137734
54.4615384615	12.5460543101	-0.0636449030	12.5373527570	-0.0667022180
54.4807692308	12.5448159068	-0.0640014780	12.5360673265	-0.0669809241
54.5000000000	12.5435710034	-0.0643503203	12.5347766303	-0.0672498512
54.5192307692	12.5423197758	-0.0646914045	12.5334808567	-0.0675089599
54.5384615385	12.5410624010	-0.0650247009	12.5321801950	-0.0677582124
54.5576923077	12.5397990570	-0.0653501748	12.5308748350	-0.0679975723
54.5769230769	12.5385299229	-0.0656677872	12.5295649674	-0.0682270047
54.5961538462	12.5372551785	-0.0659774946	12.5282507833	-0.0684464760
54.6153846154	12.5359750049	-0.0662792491	12.5269324747	-0.0686559543
54.6346153846	12.5346895841	-0.0665729983	12.5256102339	-0.0688554090
54.6538461538	12.5333990990	-0.0668586860	12.5242842541	-0.0690448108
54.6730769231	12.5321037338	-0.0671362518	12.5229547289	-0.0692241323
54.6923076923	12.5308036733	-0.0674056316	12.5216218523	-0.0693933471
54.7115384615	12.5294991035	-0.0676667579	12.5202858190	-0.0695524306
54.7307692308	12.5281902114	-0.0679195596	12.5189468239	-0.0697013596
54.7500000000	12.5268771848	-0.0681639628	12.5176050627	-0.0698401123
54.7692307692	12.5255602126	-0.0683998907	12.5162607311	-0.0699686685
54.7884615385	12.5242394845	-0.0686272639	12.5149140255	-0.0700870094
54.8076923077	12.5229151911	-0.0688460012	12.5135651425	-0.0701951177
54.8269230769	12.5215875240	-0.0690560189	12.5122142790	-0.0702929776
54.8461538462	12.5202566755	-0.0692572323	12.5108616322	-0.0703805748
54.8653846154	12.5189228388	-0.0694495550	12.5095073997	-0.0704578967
54.8846153846	12.5175862077	-0.0696328999	12.5081517791	-0.0705249318
54.9038461538	12.5162469770	-0.0698071791	12.5067949683	-0.0705816703
54.9230769231	12.5149053421	-0.0699723044	12.5054371655	-0.0706281041
54.9423076923	12.5135614989	-0.0701281877	12.5040785689	-0.0706642263
54.9615384615	12.5122156443	-0.0702747411	12.5027193768	-0.0706900316
54.9807692308	12.5108679753	-0.0704118772	12.5013597876	-0.0707055163
55.0000000000	12.5095186898	-0.0705395096	12.5000000000	-0.0707106781
55.0192307692	12.5081679861	-0.0706575530	12.4986402124	-0.0707055163
55.0384615385	12.5068160628	-0.0707659233	12.4972806232	-0.0706900316
55.0576923077	12.5054631190	-0.0708645384	12.4959214311	-0.0706642263
55.0769230769	12.5041093541	-0.0709533177	12.4945628345	-0.0706281041
55.0961538462	12.5027549679	-0.0710321829	12.4932050317	-0.0705816703
55.1153846154	12.5014001601	-0.0711010578	12.4918482209	-0.0705249318
55.1346153846	12.5000451308	-0.0711598686	12.4904926003	-0.0704578967
55.1538461538	12.4986900803	-0.0712085443	12.4891383678	-0.0703805748
55.1730769231	12.4973352087	-0.0712470163	12.4877857210	-0.0702929776
55.1923076923	12.4959807163	-0.0712752192	12.4864348575	-0.0701951177
55.2115384615	12.4946268032	-0.0712930902	12.4850859745	-0.0700870094
55.2307692308	12.4932736695	-0.0713005696	12.4837392689	-0.0699686685
55.2500000000	12.4919215151	-0.0712976008	12.4823949373	-0.0698401123
55.2692307692	12.4905705396	-0.0712841303	12.4810531761	-0.0697013596
55.2884615385	12.4892209426	-0.0712601077	12.4797141810	-0.0695524306
55.3076923077	12.4878729230	-0.0712254858	12.4783781477	-0.0693933471
55.3269230769	12.4865266796	-0.0711802204	12.4770452711	-0.0692241323
55.3461538462	12.4851824108	-0.0711242706	12.4757157459	-0.0690448108
55.3653846154	12.4838403143	-0.0710575983	12.4743897661	-0.0688554090
55.3846153846	12.4825005876	-0.0709801689	12.4730675253	-0.0686559543
55.4038461538	12.4811634274	-0.0708919504	12.4717492167	-0.0684464760
55.4230769231	12.4798290299	-0.0707929140	12.4704350326	-0.0682270047
55.4423076923	12.4784975908	-0.0706830337	12.4691251650	-0.0679975723
55.4615384615	12.4771693050	-0.0705622863	12.4678198050	-0.0677582124
55.4807692308	12.4758443666	-0.0704306516	12.4665191433	-0.0675089599
55.5000000000	12.4745229693	-0.0702881118	12.4652233697	-0.0672498512
55.5192307692	12.4732053059	-0.0701346520	12.4639326735	-0.0669809241
55.5384615385	12.4718915682	-0.0699702598	12.4626472430	-0.0667022180
55.5576923077	12.4705819475	-0.0697949254	12.4613672660	-0.0664137734
55.5769230769	12.4692766340	-0.0696086415	12.4600929293	-0.0661156326
55.5961538462	12.4679758174	-0.0694114032	12.4588244189	-0.0658078389
55.6153846154	12.4666796863	-0.0692032081	12.4575619202	-0.0654904375
55.6346153846	12.4653884283	-0.0689840563	12.4563056173	-0.0651634745
55.6538461538	12.4641022303	-0.0687539501	12.4550556937	-0.0648269978
55.6730769231	12.4628212782	-0.0685128944	12.4538123319	-0.0644810565
55.6923076923	12.4615457570	-0.0682608965	12.4525757134	-0.0641257010
55.7115384615	12.4602758507	-0.0679979660	12.4513460188	-0.0637609833
55.7307692308	12.4590117424	-0.0677241152	12.4501234275	-0.0633869566
55.7500000000	12.4577536142	-0.0674393589	12.4489081182	-0.0630036755
55.7692307692	12.4565016472	-0.0671437143	12.4477002682	-0.0626111960
55.7884615385	12.4552560215	-0.0668372015	12.4465000539	-0.0622095754
55.8076923077	12.4540169163	-0.0665198434	12.4453076505	-0.0617988722
55.8269230769	12.4527845098	-0.0661916656	12.4441232320	-0.0613791466
55.8461538462	12.4515589789	-0.0658526969	12.4429469715	-0.0609504597
55.8653846154	12.4503404999	-0.0655029688	12.4417790406	-0.0605128741
55.8846153846	12.4491292477	-0.0651425164	12.4406196099	-0.0600664537
55.9038461538	12.4479253963	-0.0647713780	12.4394688486	-0.0596112638
55.9230769231	12.4467291188	-0.0643895954	12.4383269248	-0.0591473707
55.9423076923	12.4455405869	-0.0639972140	12.4371940051	-0.0586748422
55.9615384615	12.4443599714	-0.0635942828	12.4360702550	-0.0581937472
55.9807692308	12.4431874421	-0.0631808550	12.4349558385	-0.0577041561
56.0000000000	12.4420231675	-0.0627569876	12.4338509184	-0.0572061403
56.0192307692	12.4408673151	-0.0623227418	12.4327556559	-0.0566997725
56.0384615385	12.4397200512	-0.0618781831	12.4316702110	-0.0561851266
56.0576923077	12.4385815409	-0.0614233814	12.4305947421	-0.0556622777
56.0769230769	12.4374519483	-0.0609584110	12.4295294062	-0.0551313023
56.0961538462	12.4363314361	-0.0604833509	12.4284743590	-0.0545922778
56.1153846154	12.4352201659	-0.0599982849	12.4274297543	-0.0540452829
56.1346153846	12.4341182979	-0.0595033013	12.4263957448	-0.0534903975
56.1538461538	12.4330259912	-0.0589984933	12.4253724814	-0.0529277026
56.1730769231	12.4319434036	-0.0584839590	12.4243601135	-0.0523572803
56.1923076923	12.4308706915	-0.0579598011	12.4233587888	-0.0517792140
56.2115384615	12.4298080100	-0.0574261274	12.4223686537	-0.0511935880
56.2307692308	12.4287555127	-0.0568830503	12.4213898526	-0.0506004878
56.2500000000	12.4277133521	-0.0563306871	12.4204225285	-0.0500000000
56.2692307692	12.4266816788	-0.0557691595	12.4194668225	-0.0493922123
56.2884615385	12.4256606425	-0.0551985939	12.4185228742	-0.0487772134
56.3076923077	12.4246503910	-0.0546191213	12.4175908215	-0.0481550932
56.3269230769	12.4236510706	-0.0540308767	12.4166708003	-0.0475259424
56.3461538462	12.4226628263	-0.0534339992	12.4157629451	-0.0468898528
56.3653846154	12.4216858012	-0.0528286319	12.4148673883	-0.0462469175
56.3846153846	12.4207201371	-0.0522149217	12.4139842608	-0.0455972301
56.4038461538	12.4197659740	-0.0515930185	12.4131136914	-0.0449408857
56.4230769231	12.4188234501	-0.0509630758	12.4122558072	-0.0442779799
56.4423076923	12.4178927022	-0.0503252497	12.4114107336	-0.0436086097
56.4615384615	12.4169738651	-0.0496796990	12.4105785938	-0.0429328727
56.4807692308	12.4160670720	-0.0490265847	12.4097595094	-0.0422508675
56.5000000000	12.4151724542	-0.0483660697	12.4089536000	-0.0415626938
56.5192307692	12.4142901414	-0.0476983183	12.4081609832	-0.0408684520
56.5384615385	12.4134202612	-0.0470234964	12.4073817747	-0.0401682435
56.5576923077	12.4125629396	-0.0463417703	12.4066160883	-0.0394621704
56.5769230769	12.4117183006	-0.0456533070	12.4058640358	-0.0387503360
56.5961538462	12.4108864663	-0.0449582735	12.4051257271	-0.0380328441
56.6153846154	12.4100675569	-0.0442568366	12.4044012697	-0.0373097995
56.6346153846	12.4092616907	-0.0435491625	12.4036907697	-0.0365813077
56.6538461538	12.4084689842	-0.0428354160	12.4029943306	-0.0358474750
56.6730769231	12.4076895517	-0.0421157610	12.4023120542	-0.0351084088
56.6923076923	12.4069235057	-0.0413903594	12.4016440401	-0.0343642167
56.7115384615	12.4061709566	-0.0406593710	12.4009903857	-0.0336150075
56.7307692308	12.4054320131	-0.0399229535	12.4003511866	-0.0328608906
56.7500000000	12.4047067816	-0.0391812616	12.3997265361	-0.0321019761
56.7692307692	12.4039953668	-0.0384344472	12.3991165253	-0.0313383747
56.7884615385	12.4032978710	-0.0376826591	12.3985212433	-0.0305701980
56.8076923077	12.4026143951	-0.0369260425	12.3979407770	-0.0297975581
56.8269230769	12.4019450375	-0.0361647390	12.3973752112	-0.0290205678
56.8461538462	12.4012898948	-0.0353988864	12.3968246285	-0.0282393405
56.8653846154	12.4006490616	-0.0346286187	12.3962891092	-0.0274539904
56.8846153846	12.4000226305	-0.0338540657	12.3957687315	-0.0266646320
56.9038461538	12.3994106923	-0.0330753531	12.3952635714	-0.0258713806
56.9230769231	12.3988133354	-0.0322926026	12.3947737026	-0.0250743520
56.9423076923	12.3982306467	-0.0315059315	12.3942991967	-0.0242736627
56.9615384615	12.3976627107	-0.0307154532	12.3938401229	-0.0234694294
56.9807692308	12.3971096103	-0.0299212768	12.3933965483	-0.0226617696
57.0000000000	12.3965714261	-0.0291235077	12.3929685376	-0.0218508012
57.0192307692	12.3960482370	-0.0283222472	12.3925561533	-0.0210366427
57.0384615385	12.3955401198	-0.0275175931	12.3921594556	-0.0202194128
57.0576923077	12.3950471493	-0.0267096398	12.3917785025	-0.0193992310
57.0769230769	12.3945693984	-0.0258984782	12.3914133495	-0.0185762169
57.0961538462	12.3941069381	-0.0250841964	12.3910640500	-0.0177504907
57.1153846154	12.3936598373	-0.0242668799	12.3907306550	-0.0169221729
57.1346153846	12.3932281630	-0.0234466115	12.3904132131	-0.0160913846
57.1538461538	12.3928119802	-0.0226234722	12.3901117706	-0.0152582469
57.1730769231	12.3924113520	-0.0217975412	12.3898263717	-0.0144228815
57.1923076923	12.3920263395	-0.0209688963	12.3895570579	-0.0135854105
57.2115384615	12.3916570016	-0.0201376144	12.3893038686	-0.0127459560
57.2307692308	12.3913033955	-0.0193037719	12.3890668408	-0.0119046406
57.2500000000	12.3909655761	-0.0184674447	12.3888460090	-0.0110615871
57.2692307692	12.3906435965	-0.0176287093	12.3886414055	-0.0102169187
57.2884615385	12.3903375076	-0.0167876426	12.3884530601	-0.0093707586
57.3076923077	12.3900473582	-0.0159443227	12.3882810004	-0.0085232304
57.3269230769	12.3897731951	-0.0150988289	12.3881252515	-0.0076744578
57.3461538462	12.3895150631	-0.0142512424	12.3879858362	-0.0068245648
57.3653846154	12.3892730046	-0.0134016468	12.3878627747	-0.0059736754
57.3846153846	12.3890470601	-0.0125501279	12.3877560850	-0.0051219138
57.4038461538	12.3888372677	-0.0116967747	12.3876657828	-0.0042694045
57.4230769231	12.3886436633	-0.0108416792	12.3875918811	-0.0034162718
57.4423076923	12.3884662809	-0.0099849372	12.3875343909	-0.0025626404
57.4615384615	12.3883051517	-0.0091266478	12.3874933204	-0.0017086348
57.4807692308	12.3881603051	-0.0082669147	12.3874686758	-0.0008543798
57.5000000000	12.3880317679	-0.0074058456	12.3874604605	-0.0000000000
57.5192307692	12.3879195645	-0.0065435525	12.3874686758	0.0008543798
57.5384615385	12.3878237171	-0.0056801523	12.3874933204	0.0017086348
57.5576923077	12.3877442453	-0.0048157663	12.3875343909	0.0025626404
57.5769230769	12.3876811665	-0.0039505209	12.3875918811	0.0034162718
57.5961538462	12.3876344953	-0.0030845470	12.3876657828	0.0042694045
57.6153846154	12.3876042441	-0.0022179806	12.3877560850	0.0051219138
57.6346153846	12.3875904224	-0.0013509625	12.3878627747	0.0059736754
57.6538461538	12.3875930376	-0.0004836380	12.3879858362	0.0068245648
57.6730769231	12.3876120940	0.0003838428	12.3881252515	0.0076744578
57.6923076923	12.3876475938	0.0012513252	12.3882810004	0.0085232304
57.7115384615	12.3876995360	0.0021186504	12.3884530601	0.0093707586
57.7307692308	12.3877679175	0.0029856553	12.3886414055	0.0102169187
57.7500000000	12.3878527321	0.0038521730	12.3888460090	0.0110615871
57.7692307692	12.3879539710	0.0047180332	12.3890668408	0.0119046406
57.7884615385	12.3880716229	0.0055830619	12.3893038686	0.0127459560
57.8076923077	12.3882056734	0.0064470825	12.3895570579	0.0135854105
57.8269230769	12.3883561057	0.0073099154	12.3898263717	0.0144228815
57.8461538462	12.3885229001	0.0081713792	12.3901117706	0.0152582469
57.8653846154	12.3887060340	0.0090312902	12.3904132131	0.0160913846
57.8846153846	12.3889054824	0.0098894634	12.3907306550	0.0169221729
57.9038461538	12.3891212173	0.0107457129	12.3910640500	0.0177504907
57.9230769231	12.3893532079	0.0115998518	12.3914133495	0.0185762169
57.9423076923	12.3896014208	0.0124516934	12.3917785025	0.0193992310
57.9615384615	12.3898658197	0.0133010508	12.3921594556	0.0202194128
57.9807692308	12.3901463658	0.0141477382	12.3925561533	0.0210366427
58.0000000000	12.3904430175	0.0149915705	12.3929685376	0.0218508012
58.0192307692	12.3907557302	0.0158323643	12.3933965483	0.0226617696
58.0384615385	12.3910844571	0.0166699381	12.3938401229	0.0234694294
58.0576923077	12.3914291485	0.0175041126	12.3942991967	0.0242736627
58.0769230769	12.3917897519	0.0183347113	12.3947737026	0.0250743520
58.0961538462	12.3921662125	0.0191615608	12.3952635714	0.0258713806
58.1153846154	12.3925584727	0.0199844909	12.3957687315	0.0266646320
58.1346153846	12.3929664725	0.0208033353	12.3962891092	0.0274539904
58.1538461538	12.3933901491	0.0216179317	12.3968246285	0.0282393405
58.1730769231	12.3938294376	0.0224281220	12.3973752112	0.0290205678
58.1923076923	12.3942842703	0.0232337527	12.3979407770	0.0297975581
58.2115384615	12.3947545773	0.0240346751	12.3985212433	0.0305701980
58.2307692308	12.3952402860	0.0248307452	12.3991165253	0.0313383747
58.2500000000	12.3957413219	0.0256218243	12.3997265361	0.0321019761
58.2692307692	12.3962576078	0.0264077789	12.4003511866	0.0328608906
58.2884615385	12.3967890644	0.0271884806	12.4009903857	0.0336150075
58.3076923077	12.3973356100	0.0279638066	12.4016440401	0.0343642167
58.3269230769	12.3978971609	0.0287336391	12.4023120542	0.0351084088
58.3461538462	12.3984736310	0.0294978660	12.4029943306	0.0358474750
58.3653846154	12.3990649322	0.0302563804	12.4036907697	0.0365813077
58.3846153846	12.3996709744	0.0310090806	12.4044012697	0.0373097995
58.4038461538	12.4002916650	0.0317558700	12.4051257271	0.0380328441
58.4230769231	12.4009269100	0.0324966572	12.4058640358	0.0387503360
58.4423076923	12.4015766128	0.0332313554	12.4066160883	0.0394621704
58.4615384615	12.4022406752	0.0339598829	12.4073817747	0.0401682435
58.4807692308	12.4029189968	0.0346821621	12.4081609832	0.0408684520
58.5000000000	12.4036114756	0.0353981199	12.4089536000	0.0415626938
58.5192307692	12.4043180074	0.0361076873	12.4097595094	0.0422508675
58.5384615385	12.4050384863	0.0368107989	12.4105785938	0.0429328727
58.5576923077	12.4057728045	0.0375073932	12.4114107336	0.0436086097
58.5769230769	12.4065208525	0.0381974116	12.4122558072	0.0442779799
58.5961538462	12.4072825188	0.0388807988	12.4131136914	0.0449408857
58.6153846154	12.4080576902	0.0395575021	12.4139842608	0.0455972301
58.6346153846	12.4088462519	0.0402274714	12.4148673883	0.0462469175
58.6538461538	12.4096480871	0.0408906585	12.4157629451	0.0468898528
58.6730769231	12.4104630775	0.0415470173	12.4166708003	0.0475259424
58.6923076923	12.4112911029	0.0421965034	12.4175908215	0.0481550932
58.7115384615	12.4121320415	0.0428390735	12.4185228742	0.0487772134
58.7307692308	12.4129857698	0.0434746856	12.4194668225	0.0493922123
58.7500000000	12.4138521625	0.0441032986	12.4204225285	0.0500000000
58.7692307692	12.4147310928	0.0447248717	12.4213898526	0.0506004878
58.7884615385	12.4156224321	0.0453393650	12.4223686537	0.0511935880
58.8076923077	12.4165260501	0.0459467384	12.4233587888	0.0517792140
58.8269230769	12.4174418150	0.0465469521	12.4243601135	0.0523572803
58.8461538462	12.4183695932	0.0471399661	12.4253724814	0.0529277026
58.8653846154	12.4193092496	0.0477257401	12.4263957448	0.0534903975
58.8846153846	12.4202606473	0.0483042336	12.4274297543	0.0540452829
58.9038461538	12.4212236477	0.0488754054	12.4284743590	0.0545922778
58.9230769231	12.4221981109	0.0494392140	12.4295294062	0.0551313023
58.9423076923	12.4231838950	0.0499956172	12.4305947421	0.0556622777
58.9615384615	12.4241808566	0.0505445721	12.4316702110	0.0561851266
58.9807692308	12.4251888509	0.0510860355	12.4327556559	0.0566997725
59.0000000000	12.4262077311	0.0516199632	12.4338509184	0.0572061403
59.0192307692	12.4272373490	0.0521463108	12.4349558385	0.0577041561
59.0384615385	12.4282775549	0.0526650332	12.4360702550	0.0581937472
59.0576923077	12.4293281972	0.0531760850	12.4371940051	0.0586748422
59.0769230769	12.4303891231	0.0536794203	12.4383269248	0.0591473707
59.0961538462	12.4314601779	0.0541749932	12.4394688486	0.0596112638
59.1153846154	12.4325412055	0.0546627574	12.4406196099	0.0600664537
59.1346153846	12.4336320483	0.0551426670	12.4417790406	0.0605128741
59.1538461538	12.4347325470	0.0556146760	12.4429469715	0.0609504597
59.1730769231	12.4358425409	0.0560787389	12.4441232320	0.0613791466
59.1923076923	12.4369618679	0.0565348106	12.4453076505	0.0617988722
59.2115384615	12.4380903642	0.0569828467	12.4465000539	0.0622095754
59.2307692308	12.4392278648	0.0574228036	12.4477002682	0.0626111960
59.2500000000	12.4403742030	0.0578546387	12.4489081182	0.0630036755
59.2692307692	12.4415292108	0.0582783108	12.4501234275	0.0633869566
59.2884615385	12.4426927190	0.0586937796	12.4513460188	0.0637609833
59.3076923077	12.4438645568	0.0591010066	12.4525757134	0.0641257010
59.3269230769	12.4450445521	0.0594999550	12.4538123319	0.0644810565
59.3461538462	12.4462325317	0.0598905894	12.4550556937	0.0648269978
59.3653846154	12.4474283209	0.0602728767	12.4563056173	0.0651634745
59.3846153846	12.4486317439	0.0606467857	12.4575619202	0.0654904375
59.4038461538	12.4498426236	0.0610122873	12.4588244189	0.0658078389
59.4230769231	12.4510607820	0.0613693546	12.4600929293	0.0661156326
59.4423076923	12.4522860396	0.0617179630	12.4613672660	0.0664137734
59.4615384615	12.4535182160	0.0620580904	12.4626472430	0.0667022180
59.4807692308	12.4547571299	0.0623897168	12.4639326735	0.0669809241
59.5000000000	12.4560025986	0.0627128248	12.4652233697	0.0672498512
59.5192307692	12.4572544388	0.0630273994	12.4665191433	0.0675089599
59.5384615385	12.4585124661	0.0633334277	12.4678198050	0.0677582124
59.5576923077	12.4597764950	0.0636308993	12.4691251650	0.0679975723
59.5769230769	12.4610463396	0.0639198062	12.4704350326	0.0682270047
59.5961538462	12.4623218128	0.0642001422	12.4717492167	0.0684464760
59.6153846154	12.4636027269	0.0644719034	12.4730675253	0.0686559543
59.6346153846	12.4648888934	0.0647350878	12.4743897661	0.0688554090
59.6538461538	12.4661801230	0.0649896952	12.4757157459	0.0690448108
59.6730769231	12.4674762259	0.0652357268	12.4770452711	0.0692241323
59.6923076923	12.4687770117	0.0654731854	12.4783781477	0.0693933471
59.7115384615	12.4700822892	0.0657020752	12.4797141810	0.0695524306
59.7307692308	12.4713918669	0.0659224013	12.4810531761	0.0697013596
59.7500000000	12.4727055526	0.0661341695	12.4823949373	0.0698401123
59.7692307692	12.4740231537	0.0663373865	12.4837392689	0.0699686685
59.7884615385	12.4753444771	0.0665320591	12.4850859745	0.0700870094
59.8076923077	12.4766693294	0.0667181945	12.4864348575	0.0701951177
59.8269230769	12.4779975168	0.0668957996	12.4877857210	0.0702929776
59.8461538462	12.4793288451	0.0670648809	12.4891383678	0.0703805748
59.8653846154	12.4806631198	0.0672254445	12.4904926003	0.0704578967
59.8846153846	12.4820001462	0.0673774956	12.4918482209	0.0705249318
59.9038461538	12.4833397293	0.0675210381	12.4932050317	0.0705816703
59.9230769231	12.4846816738	0.0676560750	12.4945628345	0.0706281041
59.9423076923	12.4860257843	0.0677826073	12.4959214311	0.0706642263
59.9615384615	12.4873718654	0.0679006346	12.4972806232	0.0706900316
59.9807692308	12.4887197212	0.0680101543	12.4986402124	0.0707055163
60.0000000000	12.4900691559	0.0681111619	12.5000000000	0.0707106781
60.0192307692	12.4914199736	0.0682036502	12.5013597876	0.0707055163
60.0384615385	12.4927719785	0.0682876098	12.5027193768	0.0706900316
60.0576923077	12.4941249743	0.0683630288	12.5040785689	0.0706642263
60.0769230769	12.4954787652	0.0684298922	12.5054371655	0.0706281041
60.0961538462	12.4968331551	0.0684881823	12.5067949683	0.0705816703
60.1153846154	12.4981879480	0.0685378786	12.5081517791	0.0705249318
60.1346153846	12.4995429480	0.0685789576	12.5095073997	0.0704578967
60.1538461538	12.5008979592	0.0686113927	12.5108616322	0.0703805748
60.1730769231	12.5022527857	0.0686351544	12.5122142790	0.0702929776
60.1923076923	12.5036072320	0.0686502101	12.5135651425	0.0701951177
60.2115384615	12.5049611025	0.0686565243	12.5149140255	0.0700870094
60.2307692308	12.5063142017	0.0686540587	12.5162607311	0.0699686685
60.2500000000	12.5076663344	0.0686427722	12.5176050627	0.0698401123
60.2692307692	12.5090173057	0.0686226209	12.5189468239	0.0697013596
60.2884615385	12.5103669205	0.0685935585	12.5202858190	0.0695524306
60.3076923077	12.5117149845	0.0685555364	12.5216218523	0.0693933471
60.3269230769	12.5130613032	0.0685085036	12.5229547289	0.0692241323
60.3461538462	12.5144056824	0.0684524072	12.5242842541	0.0690448108
60.3653846154	12.5157479285	0.0683871926	12.5256102339	0.0688554090
60.3846153846	12.5170878479	0.0683128036	12.5269324747	0.0686559543
60.4038461538	12.5184252476	0.0682291829	12.5282507833	0.0684464760
60.4230769231	12.5197599346	0.0681362720	12.5295649674	0.0682270047
60.4423076923	12.5210917166	0.0680340117	12.5308748350	0.0679975723
60.4615384615	12.5224204016	0.0679223425	12.5321801950	0.0677582124
60.4807692308	12.5237457981	0.0678012048	12.5334808567	0.0675089599
60.5000000000	12.5250677147	0.0676705391	12.5347766303	0.0672498512
60.5192307692	12.5263859610	0.0675302864	12.5360673265	0.0669809241
60.5384615385	12.5277003467	0.0673803887	12.5373527570	0.0667022180
60.5576923077	12.5290106822	0.0672207891	12.5386327340	0.0664137734
60.5769230769	12.5303167785	0.0670514320	12.5399070707	0.0661156326
60.5961538462	12.5316184469	0.0668722640	12.5411755811	0.0658078389
60.6153846154	12.5329154997	0.0666832335	12.5424380798	0.0654904375
60.6346153846	12.5342077494	0.0664842914	12.5436943827	0.0651634745
60.6538461538	12.5354950096	0.0662753915	12.5449443063	0.0648269978
60.6730769231	12.5367770942	0.0660564906	12.5461876681	0.0644810565
60.6923076923	12.5380538180	0.0658275487	12.5474242866	0.0641257010
60.7115384615	12.5393249966	0.0655885295	12.5486539812	0.0637609833
60.7307692308	12.5405904463	0.0653394007	12.5498765725	0.0633869566
60.7500000000	12.5418499842	0.0650801337	12.5510918818	0.0630036755
60.7692307692	12.5431034281	0.0648107048	12.5522997318	0.0626111960
60.7884615385	12.5443505970	0.0645310944	12.5534999461	0.0622095754
60.8076923077	12.5455913103	0.0642412878	12.5546923495	0.0617988722
60.8269230769	12.5468253888	0.0639412753	12.5558767680	0.0613791466
60.8461538462	12.5480526540	0.0636310520	12.5570530285	0.0609504597
60.8653846154	12.5492729285	0.0633106186	12.5582209594	0.0605128741
60.8846153846	12.5504860356	0.0629799808	12.5593803901	0.0600664537
60.9038461538	12.5516918000	0.0626391499	12.5605311514	0.0596112638
60.9230769231	12.5528900474	0.0622881426	12.5616730752	0.0591473707
60.9423076923	12.5540806044	0.0619269811	12.5628059949	0.0586748422
60.9615384615	12.5552632989	0.0615556933	12.5639297450	0.0581937472
60.9807692308	12.5564379599	0.0611743126	12.5650441615	0.0577041561
61.0000000000	12.5576044176	0.0607828781	12.5661490816	0.0572061403
61.0192307692	12.5587625034	0.0603814343	12.5672443441	0.0566997725
61.0384615385	12.5599120498	0.0599700314	12.5683297890	0.0561851266
61.0576923077	12.5610528909	0.0595487250	12.5694052579	0.0556622777
61.0769230769	12.5621848617	0.0591175760	12.5704705938	0.0551313023
61.0961538462	12.5633077988	0.0586766507	12.5715256410	0.0545922778
61.1153846154	12.5644215400	0.0582260205	12.5725702457	0.0540452829
61.1346153846	12.5655259247	0.0577657621	12.5736042552	0.0534903975
61.1538461538	12.5666207933	0.0572959568	12.5746275186	0.0529277026
61.1730769231	12.5677059879	0.0568166909	12.5756398865	0.0523572803
61.1923076923	12.5687813522	0.0563280553	12.5766412112	0.0517792140
61.2115384615	12.5698467310	0.0558301455	12.5776313463	0.0511935880
61.2307692308	12.5709019708	0.0553230610	12.5786101474	0.0506004878
61.2500000000	12.5719469198	0.0548069059	12.5795774715	0.0500000000
61.2692307692	12.5729814274	0.0542817877	12.5805331775	0.0493922123
61.2884615385	12.5740053448	0.0537478179	12.5814771258	0.0487772134
61.3076923077	12.5750185248	0.0532051118	12.5824091785	0.0481550932
61.3269230769	12.5760208218	0.0526537876	12.5833291997	0.0475259424
61.3461538462	12.5770120918	0.0520939670	12.5842370549	0.0468898528
61.3653846154	12.5779921926	0.0515257744	12.5851326117	0.0462469175
61.3846153846	12.5789609835	0.0509493371	12.5860157392	0.0455972301
61.4038461538	12.5799183257	0.0503647849	12.5868863086	0.0449408857
61.4230769231	12.5808640822	0.0497722499	12.5877441928	0.0442779799
61.4423076923	12.5817981175	0.0491718663	12.5885892664	0.0436086097
61.4615384615	12.5827202982	0.0485637704	12.5894214062	0.0429328727
61.4807692308	12.5836304924	0.0479481000	12.5902404906	0.0422508675
61.5000000000	12.5845285702	0.0473249945	12.5910464000	0.0415626938
61.5192307692	12.5854144037	0.0466945946	12.5918390168	0.0408684520
61.5384615385	12.5862878667	0.0460570423	12.5926182253	0.0401682435
61.5576923077	12.5871488347	0.0454124802	12.5933839117	0.0394621704
61.5769230769	12.5879971856	0.0447610519	12.5941359642	0.0387503360
61.5961538462	12.5888327988	0.0441029015	12.5948742729	0.0380328441
61.6153846154	12.5896555558	0.0434381735	12.5955987303	0.0373097995
61.6346153846	12.5904653401	0.0427670123	12.5963092303	0.0365813077
61.6538461538	12.5912620372	0.0420895628	12.5970056694	0.0358474750
61.6730769231	12.5920455346	0.0414059692	12.5976879458	0.0351084088
61.6923076923	12.5928157216	0.0407163759	12.5983559599	0.0343642167
61.7115384615	12.5935724897	0.0400209262	12.5990096143	0.0336150075
61.7307692308	12.5943157325	0.0393197632	12.5996488134	0.0328608906
61.7500000000	12.5950453456	0.0386130290	12.6002734639	0.0321019761
61.7692307692	12.5957612265	0.0379008646	12.6008834747	0.0313383747
61.7884615385	12.5964632750	0.0371834098	12.6014787567	0.0305701980
61.8076923077	12.5971513928	0.0364608034	12.6020592230	0.0297975581
61.8269230769	12.5978254837	0.0357331825	12.6026247888	0.0290205678
61.8461538462	12.5984854537	0.0350006825	12.6031753715	0.0282393405
61.8653846154	12.5991312108	0.0342634373	12.6037108908	0.0274539904
61.8846153846	12.5997626651	0.0335215789	12.6042312685	0.0266646320
61.9038461538	12.6003797287	0.0327752371	12.6047364286	0.0258713806
61.9230769231	12.6009823159	0.0320245398	12.6052262974	0.0250743520
61.9423076923	12.6015703431	0.0312696124	12.6057008033	0.0242736627
61.9615384615	12.6021437287	0.0305105784	12.6061598771	0.0234694294
61.9807692308	12.6027023932	0.0297475584	12.6066034517	0.0226617696
62.0000000000	12.6032462593	0.0289806707	12.6070314624	0.0218508012
62.0192307692	12.6037752516	0.0282100311	12.6074438467	0.0210366427
62.0384615385	12.6042892968	0.0274357526	12.6078405444	0.0202194128
62.0576923077	12.6047883237	0.0266579453	12.6082214975	0.0193992310
62.0769230769	12.6052722631	0.0258767169	12.6085866505	0.0185762169
62.0961538462	12.6057410479	0.0250921721	12.6089359500	0.0177504907
62.1153846154	12.6061946128	0.0243044128	12.6092693450	0.0169221729
62.1346153846	12.6066328948	0.0235135381	12.6095867869	0.0160913846
62.1538461538	12.6070558327	0.0227196444	12.6098882294	0.0152582469
62.1730769231	12.6074633674	0.0219228252	12.6101736283	0.0144228815
62.1923076923	12.6078554417	0.0211231713	12.6104429421	0.0135854105
62.2115384615	12.6082320003	0.0203207710	12.6106961314	0.0127459560
62.2307692308	12.6085929900	0.0195157098	12.6109331592	0.0119046406
62.2500000000	12.6089383595	0.0187080709	12.6111539910	0.0110615871
62.2692307692	12.6092680594	0.0178979352	12.6113585945	0.0102169187
62.2884615385	12.6095820420	0.0170853813	12.6115469399	0.0093707586
62.3076923077	12.6098802620	0.0162704857	12.6117189996	0.0085232304
62.3269230769	12.6101626755	0.0154533232	12.6118747485	0.0076744578
62.3461538462	12.6104292408	0.0146339668	12.6120141638	0.0068245648
62.3653846154	12.6106799180	0.0138124881	12.6121372253	0.0059736754
62.3846153846	12.6109146691	0.0129889574	12.6122439150	0.0051219138
62.4038461538	12.6111334578	0.0121634441	12.6123342172	0.0042694045
62.4230769231	12.6113362501	0.0113360170	12.6124081189	0.0034162718
62.4423076923	12.6115230135	0.0105067441	12.6124656091	0.0025626404
62.4615384615	12.6116937176	0.0096756935	12.6125066796	0.0017086348
62.4807692308	12.6118483338	0.0088429334	12.6125313242	0.0008543798
62.5000000000	12.6119868355	0.0080085325	12.6125395395	-0.0000000000
62.5192307692	12.6121091979	0.0071725602	12.6125313242	-0.0008543798
62.5384615385	12.6122153982	0.0063350870	12.6125066796	-0.0017086348
62.5576923077	12.6123054156	0.0054961848	12.6124656091	-0.0025626404
62.5769230769	12.6123792312	0.0046559273	12.6124081189	-0.0034162718
62.5961538462	12.6124368282	0.0038143903	12.6123342172	-0.0042694045
62.6153846154	12.6124781916	0.0029716519	12.6122439150	-0.0051219138
62.6346153846	12.6125033088	0.0021277931	12.6121372253	-0.0059736754
62.6538461538	12.6125121689	0.0012828977	12.6120141638	-0.0068245648
62.6730769231	12.6125047633	0.0004370531	12.6118747485	-0.0076744578
62.6923076923	12.6124810856	-0.0004096498	12.6117189996	-0.0085232304
62.7115384615	12.6124411313	-0.0012571162	12.6115469399	-0.0093707586
62.7307692308	12.6123848985	-0.0021052472	12.6113585945	-0.0102169187
62.7500000000	12.6123123872	-0.0029539394	12.6111539910	-0.0110615871
62.7692307692	12.6122235998	-0.0038030848	12.6109331592	-0.0119046406
62.7884615385	12.6121185412	-0.0046525707	12.6106961314	-0.0127459560
62.8076923077	12.6119972183	-0.0055022793	12.6104429421	-0.0135854105
62.8269230769	12.6118596408	-0.0063520879	12.6101736283	-0.0144228815
62.8461538462	12.6117058205	-0.0072018685	12.6098882294	-0.0152582469
62.8653846154	12.6115357720	-0.0080514879	12.6095867869	-0.0160913846
62.8846153846	12.6113495122	-0.0089008076	12.6092693450	-0.0169221729
62.9038461538	12.6111470607	-0.0097496839	12.6089359500	-0.0177504907
62.9230769231	12.6109284396	-0.0105979677	12.6085866505	-0.0185762169
62.9423076923	12.6106936737	-0.0114455050	12.6082214975	-0.0193992310
62.9615384615	12.6104427905	-0.0122921366	12.6078405444	-0.0202194128
62.9807692308	12.6101758202	-0.0131376985	12.6074438467	-0.0210366427
63.0000000000	12.6098927958	-0.0139820219	12.6070314624	-0.0218508012
63.0192307692	12.6095937529	-0.0148249337	12.6066034517	-0.0226617696
63.0384615385	12.6092787301	-0.0156662565	12.6061598771	-0.0234694294
63.0576923077	12.6089477686	-0.0165058090	12.6057008033	-0.0242736627
63.0769230769	12.6086009128	-0.0173434065	12.6052262974	-0.0250743520
63.0961538462	12.6082382096	-0.0181788608	12.6047364286	-0.0258713806
63.1153846154	12.6078597088	-0.0190119813	12.6042312685	-0.0266646320
63.1346153846	12.6074654634	-0.0198425747	12.6037108908	-0.0274539904
63.1538461538	12.6070555288	-0.0206704461	12.6031753715	-0.0282393405
63.1730769231	12.6066299638	-0.0214953989	12.6026247888	-0.0290205678
63.1923076923	12.6061888296	-0.0223172357	12.6020592230	-0.0297975581
63.2115384615	12.6057321906	-0.0231357586	12.6014787567	-0.0305701980
63.2307692308	12.6052601138	-0.0239507700	12.6008834747	-0.0313383747
63.2500000000	12.6047726693	-0.0247620728	12.6002734639	-0.0321019761
63.2692307692	12.6042699298	-0.0255694710	12.5996488134	-0.0328608906
63.2884615385	12.6037519708	-0.0263727706	12.5990096143	-0.0336150075
63.3076923077	12.6032188706	-0.0271717796	12.5983559599	-0.0343642167
63.3269230769	12.6026707103	-0.0279663090	12.5976879458	-0.0351084088
63.3461538462	12.6021075734	-0.0287561733	12.5970056694	-0.0358474750
63.3653846154	12.6015295465	-0.0295411905	12.5963092303	-0.0365813077
63.3846153846	12.6009367182	-0.0303211835	12.5955987303	-0.0373097995
63.4038461538	12.6003291801	-0.0310959796	12.5948742729	-0.0380328441
63.4230769231	12.5997070262	-0.0318654118	12.5941359642	-0.0387503360
63.4423076923	12.5990703526	-0.0326293188	12.5933839117	-0.0394621704
63.4615384615	12.5984192581	-0.0333875453	12.5926182253	-0.0401682435
63.4807692308	12.5977538438	-0.0341399429	12.5918390168	-0.0408684520
63.5000000000	12.5970742129	-0.0348863699	12.5910464000	-0.0415626938
63.5192307692	12.5963804707	-0.0356266919	12.5902404906	-0.0422508675
63.5384615385	12.5956727249	-0.0363607818	12.5894214062	-0.0429328727
63.5576923077	12.5949510850	-0.0370885203	12.5885892664	-0.0436086097
63.5769230769	12.5942156627	-0.0378097961	12.5877441928	-0.0442779799
63.5961538462	12.5934665713	-0.0385245057	12.5868863086	-0.0449408857
63.6153846154	12.5927039263	-0.0392325536	12.5860157392	-0.0455972301
63.6346153846	12.5919278447	-0.0399338526	12.5851326117	-0.0462469175
63.6538461538	12.5911384454	-0.0406283234	12.5842370549	-0.0468898528
63.6730769231	12.5903358490	-0.0413158948	12.5833291997	-0.0475259424
63.6923076923	12.5895201775	-0.0419965034	12.5824091785	-0.0481550932
63.7115384615	12.5886915546	-0.0426700936	12.5814771258	-0.0487772134
63.7307692308	12.5878501055	-0.0433366173	12.5805331775	-0.0493922123
63.7500000000	12.5869959568	-0.0439960337	12.5795774715	-0.0500000000
63.7692307692	12.5861292365	-0.0446483089	12.5786101474	-0.0506004878
63.7884615385	12.5852500740	-0.0452934158	12.5776313463	-0.0511935880
63.8076923077	12.5843585998	-0.0459313335	12.5766412112	-0.0517792140
63.8269230769	12.5834549461	-0.0465620468	12.5756398865	-0.0523572803
63.8461538462	12.5825392459	-0.0471855463	12.5746275186	-0.0529277026
63.8653846154	12.5816116337	-0.0478018272	12.5736042552	-0.0534903975
63.8846153846	12.5806722450	-0.0484108894	12.5725702457	-0.0540452829
63.9038461538	12.5797212166	-0.0490127368	12.5715256410	-0.0545922778
63.9230769231	12.5787586864	-0.0496073765	12.5704705938	-0.0551313023
63.9423076923	12.5777847935	-0.0501948188	12.5694052579	-0.0556622777
63.9615384615	12.5767996780	-0.0507750760	12.5683297890	-0.0561851266
63.9807692308	12.5758034811	-0.0513481625	12.5672443441	-0.0566997725
64.0000000000	12.5747963455	-0.0519140937	12.5661490816	-0.0572061403
64.0192307692	12.5737784145	-0.0524728857	12.5650441615	-0.0577041561
64.0384615385	12.5727498329	-0.0530245548	12.5639297450	-0.0581937472
64.0576923077	12.5717107464	-0.0535691169	12.5628059949	-0.0586748422
64.0769230769	12.5706613022	-0.0541065867	12.5616730752	-0.0591473707
64.0961538462	12.5696016483	-0.0546369777	12.5605311514	-0.0596112638
64.1153846154	12.5685319340	-0.0551603012	12.5593803901	-0.0600664537
64.1346153846	12.5674523099	-0.0556765665	12.5582209594	-0.0605128741
64.1538461538	12.5663629278	-0.0561857795	12.5570530285	-0.0609504597
64.1730769231	12.5652639407	-0.0566879432	12.5558767680	-0.0613791466
64.1923076923	12.5641555028	-0.0571830571	12.5546923495	-0.0617988722
64.2115384615	12.5630377697	-0.0576711163	12.5534999461	-0.0622095754
64.2307692308	12.5619108982	-0.0581521122	12.5522997318	-0.0626111960
64.2500000000	12.5607750467	-0.0586260312	12.5510918818	-0.0630036755
64.2692307692	12.5596303746	-0.0590928553	12.5498765725	-0.0633869566
64.2884615385	12.5584770428	-0.0595525616	12.5486539812	-0.0637609833
64.3076923077	12.5573152138	-0.0600051219	12.5474242866	-0.0641257010
64.3269230769	12.5561450512	-0.0604505034	12.5461876681	-0.0644810565
64.3461538462	12.5549667201	-0.0608886676	12.5449443063	-0.0648269978
64.3653846154	12.5537803873	-0.0613195711	12.5436943827	-0.0651634745
64.3846153846	12.5525862207	-0.0617431655	12.5424380798	-0.0654904375
64.4038461538	12.5513843899	-0.0621593971	12.5411755811	-0.0658078389
64.4230769231	12.5501750657	-0.0625682075	12.5399070707	-0.0661156326
64.4423076923	12.5489584206	-0.0629695332	12.5386327340	-0.0664137734
64.4615384615	12.5477346285	-0.0633633065	12.5373527570	-0.0667022180
64.4807692308	12.5465038646	-0.0637494550	12.5360673265	-0.0669809241
64.5000000000	12.5452663056	-0.0641279023	12.5347766303	-0.0672498512
64.5192307692	12.5440221298	-0.0644985682	12.5334808567	-0.0675089599
64.5384615385	12.5427715167	-0.0648613688	12.5321801950	-0.0677582124
64.5576923077	12.5415146471	-0.0652162171	12.5308748350	-0.0679975723
64.5769230769	12.5402517034	-0.0655630230	12.5295649674	-0.0682270047
64.5961538462	12.5389828691	-0.0659016941	12.5282507833	-0.0684464760
64.6153846154	12.5377083291	-0.0662321357	12.5269324747	-0.0686559543
64.6346153846	12.5364282694	-0.0665542513	12.5256102339	-0.0688554090
64.6538461538	12.5351428775	-0.0668679428	12.5242842541	-0.0690448108
64.6730769231	12.5338523417	-0.0671731113	12.5229547289	-0.0692241323
64.6923076923	12.5325568515	-0.0674696571	12.5216218523	-0.0693933471
64.7115384615	12.5312565977	-0.0677574801	12.5202858190	-0.0695524306
64.7307692308	12.5299517717	-0.0680364803	12.5189468239	-0.0697013596
64.7500000000	12.5286425662	-0.0683065583	12.5176050627	-0.0698401123
64.7692307692	12.5273291745	-0.0685676151	12.5162607311	-0.0699686685
64.7884615385	12.5260117910	-0.0688195530	12.5149140255	-0.0700870094
64.8076923077	12.5246906106	-0.0690622754	12.5135651425	-0.0701951177
64.8269230769	12.5233658290	-0.0692956877	12.5122142790	-0.0702929776
64.8461538462	12.5220376427	-0.0695196968	12.5108616322	-0.0703805748
64.8653846154	12.5207062484	-0.0697342121	12.5095073997	-0.0704578967
64.8846153846	12.5193718437	-0.0699391451	12.5081517791	-0.0705249318
64.9038461538	12.5180346264	-0.0701344098	12.5067949683	-0.0705816703
64.9230769231	12.5166947947	-0.0703199231	12.5054371655	-0.0706281041
64.9423076923	12.5153525473	-0.0704956044	12.5040785689	-0.0706642263
64.9615384615	12.5140080830	-0.0706613763	12.5027193768	-0.0706900316
64.9807692308	12.5126616007	-0.0708171642	12.5013597876	-0.0707055163
65.0000000000	12.5113132998	-0.0709628966	12.5000000000	-0.0707106781
65.0192307692	12.5099633793	-0.0710985050	12.4986402124	-0.0707055163
65.0384615385	12.5086120387	-0.0712239240	12.4972806232	-0.0706900316
65.0576923077	12.5072594772	-0.0713390912	12.4959214311	-0.0706642263
65.0769230769	12.5059058941	-0.0714439471	12.4945628345	-0.0706281041
65.0961538462	12.5045514884	-0.0715384352	12.4932050317	-0.0705816703
65.1153846154	12.5031964592	-0.0716225018	12.4918482209	-0.0705249318
65.1346153846	12.5018410052	-0.0716960958	12.4904926003	-0.0704578967
65.1538461538	12.5004853250	-0.0717591689	12.4891383678	-0.0703805748
65.1730769231	12.4991296168	-0.0718116750	12.4877857210	-0.0702929776
65.1923076923	12.4977740788	-0.0718535704	12.4864348575	-0.0701951177
65.2115384615	12.4964189087	-0.0718848137	12.4850859745	-0.0700870094
65.2307692308	12.4950643037	-0.0719053655	12.4837392689	-0.0699686685
65.2500000000	12.4937104611	-0.0719151881	12.4823949373	-0.0698401123
65.2692307692	12.4923575773	-0.0719142456	12.4810531761	-0.0697013596
65.2884615385	12.4910058489	-0.0719025039	12.4797141810	-0.0695524306
65.3076923077	12.4896554715	-0.0718799299	12.4783781477	-0.0693933471
65.3269230769	12.4883066407	-0.0718464922	12.4770452711	-0.0692241323
65.3461538462	12.4869595517	-0.0718021604	12.4757157459	-0.0690448108
65.3653846154	12.4856143990	-0.0717469053	12.4743897661	-0.0688554090
65.3846153846	12.4842713769	-0.0716806984	12.4730675253	-0.0686559543
65.4038461538	12.4829306792	-0.0716035126	12.4717492167	-0.0684464760
65.4230769231	12.4815924993	-0.0715153211	12.4704350326	-0.0682270047
65.4423076923	12.4802570302	-0.0714160985	12.4691251650	-0.0679975723
65.4615384615	12.4789244644	-0.0713058196	12.4678198050	-0.0677582124
65.4807692308	12.4775949940	-0.0711844606	12.4665191433	-0.0675089599
65.5000000000	12.4762688107	-0.0710519982	12.4652233697	-0.0672498512
65.5192307692	12.4749461057	-0.0709084100	12.4639326735	-0.0669809241
65.5384615385	12.4736270699	-0.0707536747	12.4626472430	-0.0667022180
65.5576923077	12.4723118936	-0.0705877720	12.4613672660	-0.0664137734
65.5769230769	12.4710007668	-0.0704106829	12.4600929293	-0.0661156326
65.5961538462	12.4696938790	-0.0702223896	12.4588244189	-0.0658078389
65.6153846154	12.4683914192	-0.0700228758	12.4575619202	-0.0654904375
65.6346153846	12.4670935760	-0.0698121271	12.4563056173	-0.0651634745
65.6538461538	12.4658005375	-0.0695901307	12.4550556937	-0.0648269978
65.6730769231	12.4645124913	-0.0693568761	12.4538123319	-0.0644810565
65.6923076923	12.4632296245	-0.0691123551	12.4525757134	-0.0641257010
65.7115384615	12.4619521237	-0.0688565620	12.4513460188	-0.0637609833
65.7307692308	12.4606801749	-0.0685894940	12.4501234275	-0.0633869566
65.7500000000	12.4594139637	-0.0683111514	12.4489081182	-0.0630036755
65.7692307692	12.4581536747	-0.0680215380	12.4477002682	-0.0626111960
65.7884615385	12.4568994924	-0.0677206610	12.4465000539	-0.0622095754
65.8076923077	12.4556516001	-0.0674085316	12.4453076505	-0.0617988722
65.8269230769	12.4544101809	-0.0670851652	12.4441232320	-0.0613791466
65.8461538462	12.4531754167	-0.0667505818	12.4429469715	-0.0609504597
65.8653846154	12.4519474890	-0.0664048059	12.4417790406	-0.0605128741
65.8846153846	12.4507265781	-0.0660478669	12.4406196099	-0.0600664537
65.9038461538	12.4495128639	-0.0656797997	12.4394688486	-0.0596112638
65.9230769231	12.4483065248	-0.0653006443	12.4383269248	-0.0591473707
65.9423076923	12.4471077388	-0.0649104464	12.4371940051	-0.0586748422
65.9615384615	12.4459166825	-0.0645092574	12.4360702550	-0.0581937472
65.9807692308	12.4447335315	-0.0640971348	12.4349558385	-0.0577041561
66.0000000000	12.4435584603	-0.0636741420	12.4338509184	-0.0572061403
66.0192307692	12.4423916423	-0.0632403487	12.4327556559	-0.0566997725
66.0384615385	12.4412332495	-0.0627958307	12.4316702110	-0.0561851266
66.0576923077	12.4400834528	-0.0623406702	12.4305947421	-0.0556622777
66.0769230769	12.4389424214	-0.0618749556	12.4295294062	-0.0551313023
66.0961538462	12.4378103236	-0.0613987817	12.4284743590	-0.0545922778
66.1153846154	12.4366873257	-0.0609122495	12.4274297543	-0.0540452829
66.1346153846	12.4355735929	-0.0604154662	12.4263957448	-0.0534903975
66.1538461538	12.4344692886	-0.0599085450	12.4253724814	-0.0529277026
66.1730769231	12.4333745747	-0.0593916051	12.4243601135	-0.0523572803
66.1923076923	12.4322896115	-0.0588647713	12.4233587888	-0.0517792140
66.2115384615	12.4312145573	-0.0583281742	12.4223686537	-0.0511935880
66.2307692308	12.4301495689	-0.0577819495	12.4213898526	-0.0506004878
66.2500000000	12.4290948014	-0.0572262382	12.4204225285	-0.0500000000
66.2692307692	12.4280504077	-0.0566611857	12.4194668225	-0.0493922123
66.2884615385	12.4270165391	-0.0560869424	12.4185228742	-0.0487772134
66.3076923077	12.4259933450	-0.0555036625	12.4175908215	-0.0481550932
66.3269230769	12.4249809728	-0.0549115040	12.4166708003	-0.0475259424
66.3461538462	12.4239795680	-0.0543106286	12.4157629451	-0.0468898528
66.3653846154	12.4229892740	-0.0537012008	12.4148673883	-0.0462469175
66.3846153846	12.4220102325	-0.0530833881	12.4139842608	-0.0455972301
66.4038461538	12.4210425828	-0.0524573599	12.4131136914	-0.0449408857
66.4230769231	12.4200864626	-0.0518232878	12.4122558072	-0.0442779799
66.4423076923	12.4191420072	-0.0511813448	12.4114107336	-0.0436086097
66.4615384615	12.4182093502	-0.0505317049	12.4105785938	-0.0429328727
66.4807692308	12.4172886229	-0.0498745428	12.4097595094	-0.0422508675
66.5000000000	12.4163799548	-0.0492100335	12.4089536000	-0.0415626938
66.5192307692	12.4154834733	-0.0485383519	12.4081609832	-0.0408684520
66.5384615385	12.4145993038	-0.0478596725	12.4073817747	-0.0401682435
66.5576923077	12.4137275696	-0.0471741688	12.4066160883	-0.0394621704
66.5769230769	12.4128683923	-0.0464820131	12.4058640358	-0.0387503360
66.5961538462	12.4120218912	-0.0457833763	12.4051257271	-0.0380328441
66.6153846154	12.4111881838	-0.0450784276	12.4044012697	-0.0373097995
66.6346153846	12.4103673859	-0.0443673338	12.4036907697	-0.0365813077
66.6538461538	12.4095596110	-0.0436502596	12.4029943306	-0.0358474750
66.6730769231	12.4087649709	-0.0429273670	12.4023120542	-0.0351084088
66.6923076923	12.4079835756	-0.0421988153	12.4016440401	-0.0343642167
66.7115384615	12.4072155332	-0.0414647608	12.4009903857	-0.0336150075
66.7307692308	12.4064609500	-0.0407253569	12.4003511866	-0.0328608906
66.7500000000	12.4057199304	-0.0399807537	12.3997265361	-0.0321019761
66.7692307692	12.4049925772	-0.0392310979	12.3991165253	-0.0313383747
66.7884615385	12.4042789913	-0.0384765332	12.3985212433	-0.0305701980
66.8076923077	12.4035792719	-0.0377171997	12.3979407770	-0.0297975581
66.8269230769	12.4028935167	-0.0369532344	12.3973752112	-0.0290205678
66.8461538462	12.4022218212	-0.0361847711	12.3968246285	-0.0282393405
66.8653846154	12.4015642798	-0.0354119401	12.3962891092	-0.0274539904
66.8846153846	12.4009209848	-0.0346348691	12.3957687315	-0.0266646320
66.9038461538	12.4002920269	-0.0338536824	12.3952635714	-0.0258713806
66.9230769231	12.3996774954	-0.0330685018	12.3947737026	-0.0250743520
66.9423076923	12.3990774776	-0.0322794463	12.3942991967	-0.0242736627
66.9615384615	12.3984920593	-0.0314866326	12.3938401229	-0.0234694294
66.9807692308	12.3979213247	-0.0306901751	12.3933965483	-0.0226617696
67.0000000000	12.3973653561	-0.0298901863	12.3929685376	-0.0218508012
67.0192307692	12.3968242345	-0.0290867767	12.3925561533	-0.0210366427
67.0384615385	12.3962980388	-0.0282800556	12.3921594556	-0.0202194128
67.0576923077	12.3957868463	-0.0274701307	12.3917785025	-0.0193992310
67.0769230769	12.3952907329	-0.0266571088	12.3914133495	-0.0185762169
67.0961538462	12.3948097722	-0.0258410962	12.3910640500	-0.0177504907
67.1153846154	12.3943440366	-0.0250221982	12.3907306550	-0.0169221729
67.1346153846	12.3938935962	-0.0242005203	12.3904132131	-0.0160913846
67.1538461538	12.3934585195	-0.0233761678	12.3901117706	-0.0152582469
67.1730769231	12.3930388732	-0.0225492461	12.3898263717	-0.0144228815
67.1923076923	12.3926347220	-0.0217198612	12.3895570579	-0.0135854105
67.2115384615	12.3922461286	-0.0208881198	12.3893038686	-0.0127459560
67.2307692308	12.3918731538	-0.0200541294	12.3890668408	-0.0119046406
67.2500000000	12.3915158565	-0.0192179984	12.3888460090	-0.0110615871
67.2692307692	12.3911742934	-0.0183798365	12.3886414055	-0.0102169187
67.2884615385	12.3908485190	-0.0175397549	12.3884530601	-0.0093707586
67.3076923077	12.3905385859	-0.0166978659	12.3882810004	-0.0085232304
67.3269230769	12.3902445444	-0.0158542835	12.3881252515	-0.0076744578
67.3461538462	12.3899664425	-0.0150091233	12.3879858362	-0.0068245648
67.3653846154	12.3897043261	-0.0141625025	12.3878627747	-0.0059736754
67.3846153846	12.3894582387	-0.0133145400	12.3877560850	-0.0051219138
67.4038461538	12.3892282214	-0.0124653564	12.3876657828	-0.0042694045
67.4230769231	12.3890143130	-0.0116150738	12.3875918811	-0.0034162718
67.4423076923	12.3888165499	-0.0107638160	12.3875343909	-0.0025626404
67.4615384615	12.3886349660	-0.0099117082	12.3874933204	-0.0017086348
67.4807692308	12.3884695926	-0.0090588770	12.3874686758	-0.0008543798
67.5000000000	12.3883204587	-0.0082054505	12.3874604605	-0.0000000000
67.5192307692	12.3881875906	-0.0073515576	12.3874686758	0.0008543798
67.5384615385	12.3880710120	-0.0064973286	12.3874933204	0.0017086348
67.5576923077	12.3879707442	-0.0056428944	12.3875343909	0.0025626404
67.5769230769	12.3878868057	-0.0047883866	12.3875918811	0.0034162718
67.5961538462	12.3878192124	-0.0039339372	12.3876657828	0.0042694045
67.6153846154	12.3877679776	-0.0030796786	12.3877560850	0.0051219138
67.6346153846	12.3877331121	-0.0022257432	12.3878627747	0.0059736754
67.6538461538	12.3877146237	-0.0013722634	12.3879858362	0.0068245648
67.6730769231	12.3877125178	-0.0005193709	12.3881252515	0.0076744578
67.6923076923	12.3877267971	0.0003328028	12.3882810004	0.0085232304
67.7115384615	12.3877574616	0.0011841273	12.3884530601	0.0093707586
67.7307692308	12.3878045087	0.0020344728	12.3886414055	0.0102169187
67.7500000000	12.3878679332	0.0028837111	12.3888460090	0.0110615871
67.7692307692	12.3879477272	0.0037317149	12.3890668408	0.0119046406
67.7884615385	12.3880438802	0.0045783588	12.3893038686	0.0127459560
67.8076923077	12.3881563793	0.0054235190	12.3895570579	0.0135854105
67.8269230769	12.3882852087	0.0062670733	12.3898263717	0.0144228815
67.8461538462	12.3884303503	0.0071089017	12.3901117706	0.0152582469
67.8653846154	12.3885917835	0.0079488861	12.3904132131	0.0160913846
67.8846153846	12.3887694851	0.0087869106	12.3907306550	0.0169221729
67.9038461538	12.3889634295	0.0096228615	12.3910640500	0.0177504907
67.9230769231	12.3891735886	0.0104566273	12.3914133495	0.0185762169
67.9423076923	12.3893999320	0.0112880987	12.3917785025	0.0193992310
67.9615384615	12.3896424269	0.0121171688	12.3921594556	0.0202194128
67.9807692308	12.3899010380	0.0129437326	12.3925561533	0.0210366427
68.0000000000	12.3901757278	0.0137676877	12.3929685376	0.0218508012
68.0192307692	12.3904664567	0.0145889334	12.3933965483	0.0226617696
68.0384615385	12.3907731825	0.0154073711	12.3938401229	0.0234694294
68.0576923077	12.3910958609	0.0162229043	12.3942991967	0.0242736627
68.0769230769	12.3914344455	0.0170354379	12.3947737026	0.0250743520
68.0961538462	12.3917888876	0.0178448786	12.3952635714	0.0258713806
68.1153846154	12.3921591364	0.0186511344	12.3957687315	0.0266646320
68.1346153846	12.3925451389	0.0194541147	12.3962891092	0.0274539904
68.1538461538	12.3929468399	0.0202537296	12.3968246285	0.0282393405
68.1730769231	12.3933641824	0.0210498904	12.3973752112	0.0290205678
68.1923076923	12.3937971069	0.0218425088	12.3979407770	0.0297975581
68.2115384615	12.3942455522	0.0226314969	12.3985212433	0.0305701980
68.2307692308	12.3947094547	0.0234167671	12.3991165253	0.0313383747
68.2500000000	12.3951887490	0.0241982316	12.3997265361	0.0321019761
68.2692307692	12.3956833674	0.0249758024	12.4003511866	0.0328608906
68.2884615385	12.3961932404	0.0257493911	12.4009903857	0.0336150075
68.3076923077	12.3967182962	0.0265189083	12.4016440401	0.0343642167
68.3269230769	12.3972584611	0.0272842642	12.4023120542	0.0351084088
68.3461538462	12.3978136593	0.0280453674	12.4029943306	0.0358474750
68.3653846154	12.3983838127	0.0288021256	12.4036907697	0.0365813077
68.3846153846	12.3989688416	0.0295544449	12.4044012697	0.0373097995
68.4038461538	12.3995686637	0.0303022302	12.4051257271	0.0380328441
68.4230769231	12.4001831948	0.0310453843	12.4058640358	0.0387503360
68.4423076923	12.4008123487	0.0317838085	12.4066160883	0.0394621704
68.4615384615	12.4014560369	0.0325174025	12.4073817747	0.0401682435
68.4807692308	12.4021141688	0.0332460639	12.4081609832	0.0408684520
68.5000000000	12.4027866515	0.0339696884	12.4089536000	0.0415626938
68.5192307692	12.4034733901	0.0346881702	12.4097595094	0.0422508675
68.5384615385	12.4041742875	0.0354014014	12.4105785938	0.0429328727
68.5576923077	12.4048892442	0.0361092727	12.4114107336	0.0436086097
68.5769230769	12.4056181586	0.0368116729	12.4122558072	0.0442779799
68.5961538462	12.4063609268	0.0375084896	12.4131136914	0.0449408857
68.6153846154	12.4071174427	0.0381996090	12.4139842608	0.0455972301
68.6346153846	12.4078875979	0.0388849161	12.4148673883	0.0462469175
68.6538461538	12.4086712817	0.0395642951	12.4157629451	0.0468898528
68.6730769231	12.4094683810	0.0402376296	12.4166708003	0.0475259424
68.6923076923	12.4102787806	0.0409048028	12.4175908215	0.0481550932
68.7115384615	12.4111023628	0.0415656975	12.4185228742	0.0487772134
68.7307692308	12.4119390078	0.0422201971	12.4194668225	0.0493922123
68.7500000000	12.4127885935	0.0428681852	12.4204225285	0.0500000000
68.7692307692	12.4136509951	0.0435095465	12.4213898526	0.0506004878
68.7884615385	12.4145260861	0.0441441666	12.4223686537	0.0511935880
68.8076923077	12.4154137373	0.0447719328	12.4233587888	0.0517792140
68.8269230769	12.4163138175	0.0453927343	12.4243601135	0.0523572803
68.8461538462	12.4172261930	0.0460064625	12.4253724814	0.0529277026
68.8653846154	12.4181507281	0.0466130115	12.4263957448	0.0534903975
68.8846153846	12.4190872849	0.0472122782	12.4274297543	0.0540452829
68.9038461538	12.4200357231	0.0478041630	12.4284743590	0.0545922778
68.9230769231	12.4209959006	0.0483885697	12.4295294062	0.0551313023
68.9423076923	12.4219676730	0.0489654065	12.4305947421	0.0556622777
68.9615384615	12.4229508939	0.0495345854	12.4316702110	0.0561851266
68.9807692308	12.4239454149	0.0500960233	12.4327556559	0.0566997725
69.0000000000	12.4249510856	0.0506496417	12.4338509184	0.0572061403
69.0192307692	12.4259677537	0.0511953675	12.4349558385	0.0577041561
69.0384615385	12.4269952651	0.0517331325	12.4360702550	0.0581937472
69.0576923077	12.4280334638	0.0522628743	12.4371940051	0.0586748422
69.0769230769	12.4290821920	0.0527845359	12.4383269248	0.0591473707
69.0961538462	12.4301412905	0.0532980662	12.4394688486	0.0596112638
69.1153846154	12.4312105980	0.0538034197	12.4406196099	0.0600664537
69.1346153846	12.4322899521	0.0543005570	12.4417790406	0.0605128741
69.1538461538	12.4333791884	0.0547894444	12.4429469715	0.0609504597
69.1730769231	12.4344781416	0.0552700541	12.4441232320	0.0613791466
69.1923076923	12.4355866444	0.0557423641	12.4453076505	0.0617988722
69.2115384615	12.4367045288	0.0562063581	12.4465000539	0.0622095754
69.2307692308	12.4378316250	0.0566620251	12.4477002682	0.0626111960
69.2500000000	12.4389677623	0.0571093595	12.4489081182	0.0630036755
69.2692307692	12.4401127687	0.0575483611	12.4501234275	0.0633869566
69.2884615385	12.4412664714	0.0579790341	12.4513460188	0.0637609833
69.3076923077	12.4424286962	0.0584013875	12.4525757134	0.0641257010
69.3269230769	12.4435992681	0.0588154346	12.4538123319	0.0644810565
69.3461538462	12.4447780114	0.0592211922	12.4550556937	0.0648269978
69.3653846154	12.4459647492	0.0596186811	12.4563056173	0.0651634745
69.3846153846	12.4471593040	0.0600079247	12.4575619202	0.0654904375
69.4038461538	12.4483614974	0.0603889494	12.4588244189	0.0658078389
69.4230769231	12.4495711505	0.0607617835	12.4600929293	0.0661156326
69.4423076923	12.4507880836	0.0611264573	12.4613672660	0.0664137734
69.4615384615	12.4520121164	0.0614830022	12.4626472430	0.0667022180
69.4807692308	12.4532430680	0.0618314504	12.4639326735	0.0669809241
69.5000000000	12.4544807568	0.0621718343	12.4652233697	0.0672498512
69.5192307692	12.4557250010	0.0625041862	12.4665191433	0.0675089599
69.5384615385	12.4569756180	0.0628285375	12.4678198050	0.0677582124
69.5576923077	12.4582324249	0.0631449184	12.4691251650	0.0679975723
69.5769230769	12.4594952383	0.0634533577	12.4704350326	0.0682270047
69.5961538462	12.4607638742	0.0637538815	12.4717492167	0.0684464760
69.6153846154	12.4620381485	0.0640465138	12.4730675253	0.0686559543
69.6346153846	12.4633178763	0.0643312752	12.4743897661	0.0688554090
69.6538461538	12.4646028728	0.0646081830	12.4757157459	0.0690448108
69.6730769231	12.4658929523	0.0648772505	12.4770452711	0.0692241323
69.6923076923	12.4671879290	0.0651384869	12.4783781477	0.0693933471
69.7115384615	12.4684876166	0.0653918967	12.4797141810	0.0695524306
69.7307692308	12.4697918285	0.0656374799	12.4810531761	0.0697013596
69.7500000000	12.4711003776	0.0658752311	12.4823949373	0.0698401123
69.7692307692	12.4724130766	0.0661051397	12.4837392689	0.0699686685
69.7884615385	12.4737297375	0.0663271897	12.4850859745	0.0700870094
69.8076923077	12.4750501722	0.0665413592	12.4864348575	0.0701951177
69.8269230769	12.4763741920	0.0667476209	12.4877857210	0.0702929776
69.8461538462	12.4777016079	0.0669459417	12.4891383678	0.0703805748
69.8653846154	12.4790322304	0.0671362824	12.4904926003	0.0704578967
69.8846153846	12.4803658696	0.0673185985	12.4918482209	0.0705249318
69.9038461538	12.4817023351	0.0674928394	12.4932050317	0.0705816703
69.9230769231	12.4830414364	0.0676589493	12.4945628345	0.0706281041
69.9423076923	12.4843829820	0.0678168669	12.4959214311	0.0706642263
69.9615384615	12.4857267805	0.0679665255	12.4972806232	0.0706900316
69.9807692308	12.4870726397	0.0681078536	12.4986402124	0.0707055163
70.0000000000	12.4884203670	0.0682407752	12.5000000000	0.0707106781
70.0192307692	12.4897697696	0.0683652096	12.5013597876	0.0707055163
70.0384615385	12.4911206539	0.0684810721	12.5027193768	0.0706900316
70.0576923077	12.4924728263	0.0685882746	12.5040785689	0.0706642263
70.0769230769	12.4938260923	0.0686867253	12.5054371655	0.0706281041
70.0961538462	12.4951802574	0.0687763300	12.5067949683	0.0705816703
70.1153846154	12.4965351265	0.0688569918	12.5081517791	0.0705249318
70.1346153846	12.4978905040	0.0689286118	12.5095073997	0.0704578967
70.1538461538	12.4992461943	0.0689910897	12.5108616322	0.0703805748
70.1730769231	12.5006020012	0.0690443242	12.5122142790	0.0702929776
70.1923076923	12.5019577282	0.0690882136	12.5135651425	0.0701951177
70.2115384615	12.5033131785	0.0691226558	12.5149140255	0.0700870094
70.2307692308	12.5046681552	0.0691475496	12.5162607311	0.0699686685
70.2500000000	12.5060224610	0.0691627944	12.5176050627	0.0698401123
70.2692307692	12.5073758985	0.0691682911	12.5189468239	0.0697013596
70.2884615385	12.5087282701	0.0691639428	12.5202858190	0.0695524306
70.3076923077	12.5100793781	0.0691496544	12.5216218523	0.0693933471
70.3269230769	12.5114290248	0.0691253342	12.5229547289	0.0692241323
70.3461538462	12.5127770124	0.0690908933	12.5242842541	0.0690448108
70.3653846154	12.5141231431	0.0690462467	12.5256102339	0.0688554090
70.3846153846	12.5154672192	0.0689913131	12.5269324747	0.0686559543
70.4038461538	12.5168090431	0.0689260158	12.5282507833	0.0684464760
70.4230769231	12.5181484175	0.0688502828	12.5295649674	0.0682270047
70.4423076923	12.5194851451	0.0687640470	12.5308748350	0.0679975723
70.4615384615	12.5208190290	0.0686672466	12.5321801950	0.0677582124
70.4807692308	12.5221498726	0.0685598251	12.5334808567	0.0675089599
70.5000000000	12.5234774796	0.0684417318	12.5347766303	0.0672498512
70.5192307692	12.5248016543	0.0683129220	12.5360673265	0.0669809241
70.5384615385	12.5261222013	0.0681733568	12.5373527570	0.0667022180
70.5576923077	12.5274389259	0.0680230034	12.5386327340	0.0664137734
70.5769230769	12.5287516337	0.0678618352	12.5399070707	0.0661156326
70.5961538462	12.5300601313	0.0676898317	12.5411755811	0.0658078389
70.6153846154	12.5313642258	0.0675069788	12.5424380798	0.0654904375
70.6346153846	12.5326637250	0.0673132683	12.5436943827	0.0651634745
70.6538461538	12.5339584376	0.0671086982	12.5449443063	0.0648269978
70.6730769231	12.5352481730	0.0668932726	12.5461876681	0.0644810565
70.6923076923	12.5365327417	0.0666670016	12.5474242866	0.0641257010
70.7115384615	12.5378119548	0.0664299009	12.5486539812	0.0637609833
70.7307692308	12.5390856245	0.0661819919	12.5498765725	0.0633869566
70.7500000000	12.5403535643	0.0659233016	12.5510918818	0.0630036755
70.7692307692	12.5416155882	0.0656538621	12.5522997318	0.0626111960
70.7884615385	12.5428715118	0.0653737107	12.5534999461	0.0622095754
70.8076923077	12.5441211513	0.0650828895	12.5546923495	0.0617988722
70.8269230769	12.5453643246	0.0647814455	12.5558767680	0.0613791466
70.8461538462	12.5466008503	0.0644694297	12.5570530285	0.0609504597
70.8653846154	12.5478305485	0.0641468977	12.5582209594	0.0605128741
70.8846153846	12.5490532404	0.0638139088	12.5593803901	0.0600664537
70.9038461538	12.5502687485	0.0634705262	12.5605311514	0.0596112638
70.9230769231	12.5514768966	0.0631168165	12.5616730752	0.0591473707
70.9423076923	12.5526775097	0.0627528497	12.5628059949	0.0586748422
70.9615384615	12.5538704142	0.0623786986	12.5639297450	0.0581937472
70.9807692308	12.5550554379	0.0619944392	12.5650441615	0.0577041561
71.0000000000	12.5562324098	0.0616001500	12.5661490816	0.0572061403
71.0192307692	12.5574011605	0.0611959120	12.5672443441	0.0566997725
71.0384615385	12.5585615218	0.0607818085	12.5683297890	0.0561851266
71.0576923077	12.5597133270	0.0603579251	12.5694052579	0.0556622777
71.0769230769	12.5608564108	0.0599243492	12.5704705938	0.0551313023
71.0961538462	12.5619906093	0.0594811702	12.5715256410	0.0545922778
71.1153846154	12.5631157601	0.0590284796	12.5725702457	0.0540452829
71.1346153846	12.5642317023	0.0585663701	12.5736042552	0.0534903975
71.1538461538	12.5653382763	0.0580949366	12.5746275186	0.0529277026
71.1730769231	12.5664353242	0.0576142751	12.5756398865	0.0523572803
71.1923076923	12.5675226896	0.0571244835	12.5766412112	0.0517792140
71.2115384615	12.5686002173	0.0566256612	12.5776313463	0.0511935880
71.2307692308	12.5696677540	0.0561179091	12.5786101474	0.0506004878
71.2500000000	12.5707251478	0.0556013295	12.5795774715	0.0500000000
71.2692307692	12.5717722483	0.0550760265	12.5805331775	0.0493922123
71.2884615385	12.5728089068	0.0545421057	12.5814771258	0.0487772134
71.3076923077	12.5738349760	0.0539996742	12.5824091785	0.0481550932
71.3269230769	12.5748503104	0.0534488411	12.5833291997	0.0475259424
71.3461538462	12.5758547661	0.0528897167	12.5842370549	0.0468898528
71.3653846154	12.5768482007	0.0523224135	12.5851326117	0.0462469175
71.3846153846	12.5778304735	0.0517470457	12.5860157392	0.0455972301
71.4038461538	12.5788014457	0.0511637293	12.5868863086	0.0449408857
71.4230769231	12.5797609798	0.0505725821	12.5877441928	0.0442779799
71.4423076923	12.5807089404	0.0499737240	12.5885892664	0.0436086097
71.4615384615	12.5816451936	0.0493672768	12.5894214062	0.0429328727
71.4807692308	12.5825696074	0.0487533644	12.5902404906	0.0422508675
71.5000000000	12.5834820514	0.0481321126	12.5910464000	0.0415626938
71.5192307692	12.5843823973	0.0475036491	12.5918390168	0.0408684520
71.5384615385	12.5852705182	0.0468681037	12.5926182253	0.0401682435
71.5576923077	12.5861462895	0.0462256082	12.5933839117	0.0394621704
71.5769230769	12.5870095882	0.0455762961	12.5941359642	0.0387503360
71.5961538462	12.5878602932	0.0449203030	12.5948742729	0.0380328441
71.6153846154	12.5886982853	0.0442577659	12.5955987303	0.0373097995
71.6346153846	12.5895234474	0.0435888237	12.5963092303	0.0365813077
71.6538461538	12.5903356641	0.0429136168	12.5970056694	0.0358474750
71.6730769231	12.5911348221	0.0422322866	12.5976879458	0.0351084088
71.6923076923	12.5919208100	0.0415449762	12.5983559599	0.0343642167
71.7115384615	12.5926935185	0.0408518295	12.5990096143	0.0336150075
71.7307692308	12.5934528402	0.0401529911	12.5996488134	0.0328608906
71.7500000000	12.5941986698	0.0394486063	12.6002734639	0.0321019761
71.7692307692	12.5949309040	0.0387388208	12.6008834747	0.0313383747
71.7884615385	12.5956494413	0.0380237804	12.6014787567	0.0305701980
71.8076923077	12.5963541827	0.0373036309	12.6020592230	0.0297975581
71.8269230769	12.5970450309	0.0365785175	12.6026247888	0.0290205678
71.8461538462	12.5977218908	0.0358485848	12.6031753715	0.0282393405
71.8653846154	12.5983846692	0.0351139765	12.6037108908	0.0274539904
71.8846153846	12.5990332752	0.0343748351	12.6042312685	0.0266646320
71.9038461538	12.5996676197	0.0336313015	12.6047364286	0.0258713806
71.9230769231	12.6002876157	0.0328835149	12.6052262974	0.0250743520
71.9423076923	12.6008931784	0.0321316125	12.6057008033	0.0242736627
71.9615384615	12.6014842249	0.0313757289	12.6061598771	0.0234694294
71.9807692308	12.6020606743	0.0306159964	12.6066034517	0.0226617696
72.0000000000	12.6026224478	0.0298525444	12.6070314624	0.0218508012
72.0192307692	12.6031694685	0.0290854992	12.6074438467	0.0210366427
72.0384615385	12.6037016616	0.0283149839	12.6078405444	0.0202194128
72.0576923077	12.6042189543	0.0275411181	12.6082214975	0.0193992310
72.0769230769	12.6047212756	0.0267640179	12.6085866505	0.0185762169
72.0961538462	12.6052085566	0.0259837956	12.6089359500	0.0177504907
72.1153846154	12.6056807303	0.0252005595	12.6092693450	0.0169221729
72.1346153846	12.6061377316	0.0244144143	12.6095867869	0.0160913846
72.1538461538	12.6065794974	0.0236254605	12.6098882294	0.0152582469
72.1730769231	12.6070059663	0.0228337945	12.6101736283	0.0144228815
72.1923076923	12.6074170790	0.0220395089	12.6104429421	0.0135854105
72.2115384615	12.6078127780	0.0212426925	12.6106961314	0.0127459560
72.2307692308	12.6081930075	0.0204434299	12.6109331592	0.0119046406
72.2500000000	12.6085577139	0.0196418023	12.6111539910	0.0110615871
72.2692307692	12.6089068451	0.0188378870	12.6113585945	0.0102169187
72.2884615385	12.6092403510	0.0180317583	12.6115469399	0.0093707586
72.3076923077	12.6095581834	0.0172234870	12.6117189996	0.0085232304
72.3269230769	12.6098602957	0.0164131410	12.6118747485	0.0076744578
72.3461538462	12.6101466434	0.0156007859	12.6120141638	0.0068245648
72.3653846154	12.6104171837	0.0147864845	12.6121372253	0.0059736754
72.3846153846	12.6106718756	0.0139702978	12.6122439150	0.0051219138
72.4038461538	12.6109106800	0.0131522852	12.6123342172	0.0042694045
72.4230769231	12.6111335597	0.0123325047	12.6124081189	0.0034162718
72.4423076923	12.6113404793	0.0115110134	12.6124656091	0.0025626404
72.4615384615	12.6115314053	0.0106878679	12.6125066796	0.0017086348
72.4807692308	12.6117063062	0.0098631248	12.6125313242	0.0008543798
72.5000000000	12.6118651522	0.0090368409	12.6125395395	-0.0000000000
72.5192307692	12.6120079158	0.0082090738	12.6125313242	-0.0008543798
72.5384615385	12.6121345710	0.0073798823	12.6125066796	-0.0017086348
72.5576923077	12.6122450942	0.0065493269	12.6124656091	-0.0025626404
72.5769230769	12.6123394638	0.0057174697	12.6124081189	-0.0034162718
72.5961538462	12.6124176600	0.0048843756	12.6123342172	-0.0042694045
72.6153846154	12.6124796652	0.0040501122	12.6122439150	-0.0051219138
72.6346153846	12.6125254642	0.0032147501	12.6121372253	-0.0059736754
72.6538461538	12.6125550436	0.0023783635	12.6120141638	-0.0068245648
72.6730769231	12.6125683924	0.0015410303	12.6118747485	-0.0076744578
72.6923076923	12.6125655017	0.0007028325	12.6117189996	-0.0085232304
72.7115384615	12.6125463652	-0.0001361435	12.6115469399	-0.0093707586
72.7307692308	12.6125109785	-0.0009758068	12.6113585945	-0.0102169187
72.7500000000	12.6124593399	-0.0018160618	12.6111539910	-0.0110615871
72.7692307692	12.6123914498	-0.0026568079	12.6109331592	-0.0119046406
72.7884615385	12.6123073114	-0.0034979397	12.6106961314	-0.0127459560
72.8076923077	12.6122069300	-0.0043393466	12.6104429421	-0.0135854105
72.8269230769	12.6120903136	-0.0051809129	12.6101736283	-0.0144228815
72.8461538462	12.6119574728	-0.0060225181	12.6098882294	-0.0152582469
72.8653846154	12.6118084205	-0.0068640365	12.6095867869	-0.0160913846
72.8846153846	12.6116431725	-0.0077053376	12.6092693450	-0.0169221729
72.9038461538	12.6114617471	-0.0085462861	12.6089359500	-0.0177504907
72.9230769231	12.6112641652	-0.0093867423	12.6085866505	-0.0185762169
72.9423076923	12.6110504504	-0.0102265621	12.6082214975	-0.0193992310
72.9615384615	12.6108206290	-0.0110655974	12.6078405444	-0.0202194128
72.9807692308	12.6105747299	-0.0119036964	12.6074438467	-0.0210366427
73.0000000000	12.6103127849	-0.0127407039	12.6070314624	-0.0218508012
73.0192307692	12.6100348283	-0.0135764615	12.6066034517	-0.0226617696
73.0384615385	12.6097408973	-0.0144108084	12.6061598771	-0.0234694294
73.0576923077	12.6094310317	-0.0152435815	12.6057008033	-0.0242736627
73.0769230769	12.6091052740	-0.0160746159	12.6052262974	-0.0250743520
73.0961538462	12.6087636694	-0.0169037454	12.6047364286	-0.0258713806
73.1153846154	12.6084062658	-0.0177308030	12.6042312685	-0.0266646320
73.1346153846	12.6080331138	-0.0185556212	12.6037108908	-0.0274539904
73.1538461538	12.6076442667	-0.0193780327	12.6031753715	-0.0282393405
73.1730769231	12.6072397803	-0.0201978708	12.6026247888	-0.0290205678
73.1923076923	12.6068197130	-0.0210149699	12.6020592230	-0.0297975581
73.2115384615	12.6063841258	-0.0218291658	12.6014787567	-0.0305701980
73.2307692308	12.6059330822	-0.0226402965	12.6008834747	-0.0313383747
73.2500000000	12.6054666484	-0.0234482022	12.6002734639	-0.0321019761
73.2692307692	12.6049848928	-0.0242527263	12.5996488134	-0.0328608906
73.2884615385	12.6044878863	-0.0250537152	12.5990096143	-0.0336150075
73.3076923077	12.6039757022	-0.0258510191	12.5983559599	-0.0343642167
73.3269230769	12.6034484161	-0.0266444921	12.5976879458	-0.0351084088
73.3461538462	12.6029061059	-0.0274339926	12.5970056694	-0.0358474750
73.3653846154	12.6023488519	-0.0282193836	12.5963092303	-0.0365813077
73.3846153846	12.6017767363	-0.0290005331	12.5955987303	-0.0373097995
73.4038461538	12.6011898437	-0.0297773139	12.5948742729	-0.0380328441
73.4230769231	12.6005882606	-0.0305496039	12.5941359642	-0.0387503360
73.4423076923	12.5999720758	-0.0313172867	12.5933839117	-0.0394621704
73.4615384615	12.5993413800	-0.0320802508	12.5926182253	-0.0401682435
73.4807692308	12.5986962659	-0.0328383905	12.5918390168	-0.0408684520
73.5000000000	12.5980368279	-0.0335916051	12.5910464000	-0.0415626938
73.5192307692	12.5973631628	-0.0343397995	12.5902404906	-0.0422508675
73.5384615385	12.5966753688	-0.0350828839	12.5894214062	-0.0429328727
73.5576923077	12.5959735461	-0.0358207732	12.5885892664	-0.0436086097
73.5769230769	12.5952577968	-0.0365533877	12.5877441928	-0.0442779799
73.5961538462	12.5945282245	-0.0372806519	12.5868863086	-0.0449408857
73.6153846154	12.5937849348	-0.0380024952	12.5860157392	-0.0455972301
73.6346153846	12.5930280348	-0.0387188509	12.5851326117	-0.0462469175
73.6538461538	12.5922576336	-0.0394296562	12.5842370549	-0.0468898528
73.6730769231	12.5914738416	-0.0401348518	12.5833291997	-0.0475259424
73.6923076923	12.5906767711	-0.0408343814	12.5824091785	-0.0481550932
73.7115384615	12.5898665359	-0.0415281918	12.5814771258	-0.0487772134
73.7307692308	12.5890432517	-0.0422162318	12.5805331775	-0.0493922123
73.7500000000	12.5882070356	-0.0428984524	12.5795774715	-0.0500000000
73.7692307692	12.5873580064	-0.0435748059	12.5786101474	-0.0506004878
73.7884615385	12.5864962846	-0.0442452458	12.5776313463	-0.0511935880
73.8076923077	12.5856219923	-0.0449097263	12.5766412112	-0.0517792140
73.8269230769	12.5847352531	-0.0455682017	12.5756398865	-0.0523572803
73.8461538462	12.5838361927	-0.0462206264	12.5746275186	-0.0529277026
73.8653846154	12.5829249379	-0.0468669539	12.5736042552	-0.0534903975
73.8846153846	12.5820016176	-0.0475071370	12.5725702457	-0.0540452829
73.9038461538	12.5810663622	-0.0481411270	12.5715256410	-0.0545922778
73.9230769231	12.5801193038	-0.0487688735	12.5704705938	-0.0551313023
73.9423076923	12.5791605765	-0.0493903244	12.5694052579	-0.0556622777
73.9615384615	12.5781903157	-0.0500054248	12.5683297890	-0.0561851266
73.9807692308	12.5772086589	-0.0506141177	12.5672443441	-0.0566997725
74.0000000000	12.5762157452	-0.0512163431	12.5661490816	-0.0572061403
74.0192307692	12.5752117155	-0.0518120379	12.5650441615	-0.0577041561
74.0384615385	12.5741967125	-0.0524011360	12.5639297450	-0.0581937472
74.0576923077	12.5731708809	-0.0529835681	12.5628059949	-0.0586748422
74.0769230769	12.5721343669	-0.0535592612	12.5616730752	-0.0591473707
74.0961538462	12.5710873188	-0.0541281391	12.5605311514	-0.0596112638
74.1153846154	12.5700298865	-0.0546901223	12.5593803901	-0.0600664537
74.1346153846	12.5689622220	-0.0552451277	12.5582209594	-0.0605128741
74.1538461538	12.5678844788	-0.0557930689	12.5570530285	-0.0609504597
74.1730769231	12.5667968127	-0.0563338563	12.5558767680	-0.0613791466
74.1923076923	12.5656993809	-0.0568673973	12.5546923495	-0.0617988722
74.2115384615	12.5645923426	-0.0573935962	12.5534999461	-0.0622095754
74.2307692308	12.5634758589	-0.0579123548	12.5522997318	-0.0626111960
74.2500000000	12.5623500925	-0.0584235723	12.5510918818	-0.0630036755
74.2692307692	12.5612152081	-0.0589271457	12.5498765725	-0.0633869566
74.2884615385	12.5600713720	-0.0594229702	12.5486539812	-0.0637609833
74.3076923077	12.5589187523	-0.0599109393	12.5474242866	-0.0641257010
74.3269230769	12.5577575186	-0.0603909453	12.5461876681	-0.0644810565
74.3461538462	12.5565878426	-0.0608628795	12.5449443063	-0.0648269978
74.3653846154	12.5554098971	-0.0613266326	12.5436943827	-0.0651634745
74.3846153846	12.5542238568	-0.0617820951	12.5424380798	-0.0654904375
74.4038461538	12.5530298979	-0.0622291579	12.5411755811	-0.0658078389
74.4230769231	12.5518281980	-0.0626677122	12.5399070707	-0.0661156326
74.4423076923	12.5506189363	-0.0630976501	12.5386327340	-0.0664137734
74.4615384615	12.5494022931	-0.0635188651	12.5373527570	-0.0667022180
74.4807692308	12.5481784503	-0.0639312523	12.5360673265	-0.0669809241
74.5000000000	12.5469475909	-0.0643347087	12.5347766303	-0.0672498512
74.5192307692	12.5457098992	-0.0647291336	12.5334808567	-0.0675089599
74.5384615385	12.5444655606	-0.0651144291	12.5321801950	-0.0677582124
74.5576923077	12.5432147615	-0.0654905000	12.5308748350	-0.0679975723
74.5769230769	12.5419576895	-0.0658572544	12.5295649674	-0.0682270047
74.5961538462	12.5406945330	-0.0662146037	12.5282507833	-0.0684464760
74.6153846154	12.5394254813	-0.0665624630	12.5269324747	-0.0686559543
74.6346153846	12.5381507245	-0.0669007511	12.5256102339	-0.0688554090
74.6538461538	12.5368704535	-0.0672293909	12.5242842541	-0.0690448108
74.6730769231	12.5355848599	-0.0675483093	12.5229547289	-0.0692241323
74.6923076923	12.5342941358	-0.0678574373	12.5216218523	-0.0693933471
74.7115384615	12.5329984741	-0.0681567103	12.5202858190	-0.0695524306
74.7307692308	12.5316980680	-0.0684460678	12.5189468239	-0.0697013596
74.7500000000	12.5303931111	-0.0687254534	12.5176050627	-0.0698401123
74.7692307692	12.5290837975	-0.0689948150	12.5162607311	-0.0699686685
74.7884615385	12.5277703216	-0.0692541048	12.5149140255	-0.0700870094
74.8076923077	12.5264528781	-0.0695032785	12.5135651425	-0.0701951177
74.8269230769	12.5251316619	-0.0697422961	12.5122142790	-0.0702929776
74.8461538462	12.5238068681	-0.0699711210	12.5108616322	-0.0703805748
74.8653846154	12.5224786920	-0.0701897201	12.5095073997	-0.0704578967
74.8846153846	12.5211473289	-0.0703980638	12.5081517791	-0.0705249318
74.9038461538	12.5198129741	-0.0705961253	12.5067949683	-0.0705816703
74.9230769231	12.5184758233	-0.0707838805	12.5054371655	-0.0706281041
74.9423076923	12.5171360717	-0.0709613080	12.5040785689	-0.0706642263
74.9615384615	12.5157939150	-0.0711283885	12.5027193768	-0.0706900316
74.9807692308	12.5144495484	-0.0712851047	12.5013597876	-0.0707055163
75.0000000000	12.5131031675	-0.0714314408	12.5000000000	-0.0707106781
75.0192307692	12.5117549674	-0.0715673823	12.4986402124	-0.0707055163
75.0384615385	12.5104051434	-0.0716929159	12.4972806232	-0.0706900316
75.0576923077	12.5090538906	-0.0718080288	12.4959214311	-0.0706642263
75.0769230769	12.5077014041	-0.0719127086	12.4945628345	-0.0706281041
75.0961538462	12.5063478787	-0.0720069432	12.4932050317	-0.0705816703
75.1153846154	12.5049935094	-0.0720907202	12.4918482209	-0.0705249318
75.1346153846	12.5036384908	-0.0721640268	12.4904926003	-0.0704578967
75.1538461538	12.5022830175	-0.0722268495	12.4891383678	-0.0703805748
75.1730769231	12.5009272842	-0.0722791741	12.4877857210	-0.0702929776
75.1923076923	12.4995714852	-0.0723209850	12.4864348575	-0.0701951177
75.2115384615	12.4982158149	-0.0723522657	12.4850859745	-0.0700870094
75.2307692308	12.4968604675	-0.0723729982	12.4837392689	-0.0699686685
75.2500000000	12.4955056373	-0.0723831628	12.4823949373	-0.0698401123
75.2692307692	12.4941515184	-0.0723827384	12.4810531761	-0.0697013596
75.2884615385	12.4927983048	-0.0723717022	12.4797141810	-0.0695524306
75.3076923077	12.4914461905	-0.0723500297	12.4783781477	-0.0693933471
75.3269230769	12.4900953695	-0.0723176947	12.4770452711	-0.0692241323
75.3461538462	12.4887460355	-0.0722746694	12.4757157459	-0.0690448108
75.3653846154	12.4873983825	-0.0722209245	12.4743897661	-0.0688554090
75.3846153846	12.4860526041	-0.0721564292	12.4730675253	-0.0686559543
75.4038461538	12.4847088940	-0.0720811514	12.4717492167	-0.0684464760
75.4230769231	12.4833674459	-0.0719950578	12.4704350326	-0.0682270047
75.4423076923	12.4820284533	-0.0718981142	12.4691251650	-0.0679975723
75.4615384615	12.4806921096	-0.0717902857	12.4678198050	-0.0677582124
75.4807692308	12.4793586080	-0.0716715370	12.4665191433	-0.0675089599
75.5000000000	12.4780281419	-0.0715418325	12.4652233697	-0.0672498512
75.5192307692	12.4767009041	-0.0714011368	12.4639326735	-0.0669809241
75.5384615385	12.4753770877	-0.0712494149	12.4626472430	-0.0667022180
75.5576923077	12.4740568852	-0.0710866324	12.4613672660	-0.0664137734
75.5769230769	12.4727404891	-0.0709127564	12.4600929293	-0.0661156326
75.5961538462	12.4714280915	-0.0707277552	12.4588244189	-0.0658078389
75.6153846154	12.4701198844	-0.0705315990	12.4575619202	-0.0654904375
75.6346153846	12.4688160592	-0.0703242603	12.4563056173	-0.0651634745
75.6538461538	12.4675168070	-0.0701057142	12.4550556937	-0.0648269978
75.6730769231	12.4662223186	-0.0698759387	12.4538123319	-0.0644810565
75.6923076923	12.4649327843	-0.0696349152	12.4525757134	-0.0641257010
75.7115384615	12.4636483936	-0.0693826291	12.4513460188	-0.0637609833
75.7307692308	12.4623693358	-0.0691190694	12.4501234275	-0.0633869566
75.7500000000	12.4610957994	-0.0688442300	12.4489081182	-0.0630036755
75.7692307692	12.4598279721	-0.0685581093	12.4477002682	-0.0626111960
75.7884615385	12.4585660411	-0.0682607109	12.4465000539	-0.0622095754
75.8076923077	12.4573101926	-0.0679520437	12.4453076505	-0.0617988722
75.8269230769	12.4560606121	-0.0676321224	12.4441232320	-0.0613791466
75.8461538462	12.4548174840	-0.0673009676	12.4429469715	-0.0609504597
75.8653846154	12.4535809920	-0.0669586057	12.4417790406	-0.0605128741
75.8846153846	12.4523513185	-0.0666050697	12.4406196099	-0.0600664537
75.9038461538	12.4511286449	-0.0662403991	12.4394688486	-0.0596112638
75.9230769231	12.4499131516	-0.0658646398	12.4383269248	-0.0591473707
75.9423076923	12.4487050176	-0.0654778445	12.4371940051	-0.0586748422
75.9615384615	12.4475044208	-0.0650800727	12.4360702550	-0.0581937472
75.9807692308	12.4463115377	-0.0646713905	12.4349558385	-0.0577041561
76.0000000000	12.4451265435	-0.0642518710	12.4338509184	-0.0572061403
76.0192307692	12.4439496119	-0.0638215939	12.4327556559	-0.0566997725
76.0384615385	12.4427809153	-0.0633806456	12.4316702110	-0.0561851266
76.0576923077	12.4416206246	-0.0629291191	12.4305947421	-0.0556622777
76.0769230769	12.4404689091	-0.0624671138	12.4295294062	-0.0551313023
76.0961538462	12.4393259364	-0.0619947355	12.4284743590	-0.0545922778
76.1153846154	12.4381918728	-0.0615120960	12.4274297543	-0.0540452829
76.1346153846	12.4370668827	-0.0610193128	12.4263957448	-0.0534903975
76.1538461538	12.4359511291	-0.0605165094	12.4253724814	-0.0529277026
76.1730769231	12.4348447730	-0.0600038142	12.4243601135	-0.0523572803
76.1923076923	12.4337479740	-0.0594813610	12.4233587888	-0.0517792140
76.2115384615	12.4326608898	-0.0589492882	12.4223686537	-0.0511935880
76.2307692308	12.4315836763	-0.0584077387	12.4213898526	-0.0506004878
76.2500000000	12.4305164879	-0.0578568595	12.4204225285	-0.0500000000
76.2692307692	12.4294594769	-0.0572968012	12.4194668225	-0.0493922123
76.2884615385	12.4284127943	-0.0567277179	12.4185228742	-0.0487772134
76.3076923077	12.4273765887	-0.0561497667	12.4175908215	-0.0481550932
76.3269230769	12.4263510076	-0.0555631073	12.4166708003	-0.0475259424
76.3461538462	12.4253361962	-0.0549679015	12.4157629451	-0.0468898528
76.3653846154	12.4243322982	-0.0543643134	12.4148673883	-0.0462469175
76.3846153846	12.4233394555	-0.0537525083	12.4139842608	-0.0455972301
76.4038461538	12.4223578082	-0.0531326527	12.4131136914	-0.0449408857
76.4230769231	12.4213874947	-0.0525049140	12.4122558072	-0.0442779799
76.4423076923	12.4204286516	-0.0518694601	12.4114107336	-0.0436086097
76.4615384615	12.4194814139	-0.0512264589	12.4105785938	-0.0429328727
76.4807692308	12.4185459148	-0.0505760784	12.4097595094	-0.0422508675
76.5000000000	12.4176222857	-0.0499184858	12.4089536000	-0.0415626938
76.5192307692	12.4167106566	-0.0492538478	12.4081609832	-0.0408684520
76.5384615385	12.4158111554	-0.0485823301	12.4073817747	-0.0401682435
76.5576923077	12.4149239087	-0.0479040970	12.4066160883	-0.0394621704
76.5769230769	12.4140490413	-0.0472193116	12.4058640358	-0.0387503360
76.5961538462	12.4131866762	-0.0465281352	12.4051257271	-0.0380328441
76.6153846154	12.4123369351	-0.0458307273	12.4044012697	-0.0373097995
76.6346153846	12.4114999377	-0.0451272456	12.4036907697	-0.0365813077
76.6538461538	12.4106758023	-0.0444178454	12.4029943306	-0.0358474750
76.6730769231	12.4098646455	-0.0437026802	12.4023120542	-0.0351084088
76.6923076923	12.4090665822	-0.0429819012	12.4016440401	-0.0343642167
76.7115384615	12.4082817256	-0.0422556570	12.4009903857	-0.0336150075
76.7307692308	12.4075101876	-0.0415240942	12.4003511866	-0.0328608906
76.7500000000	12.4067520780	-0.0407873569	12.3997265361	-0.0321019761
76.7692307692	12.4060075052	-0.0400455870	12.3991165253	-0.0313383747
76.7884615385	12.4052765760	-0.0392989239	12.3985212433	-0.0305701980
76.8076923077	12.4045593952	-0.0385475049	12.3979407770	-0.0297975581
76.8269230769	12.4038560662	-0.0377914652	12.3973752112	-0.0290205678
76.8461538462	12.4031666906	-0.0370309376	12.3968246285	-0.0282393405
76.8653846154	12.4024913681	-0.0362660530	12.3962891092	-0.0274539904
76.8846153846	12.4018301968	-0.0354969406	12.3957687315	-0.0266646320
76.9038461538	12.4011832728	-0.0347237274	12.3952635714	-0.0258713806
76.9230769231	12.4005506908	-0.0339465389	12.3947737026	-0.0250743520
76.9423076923	12.3999325431	-0.0331654991	12.3942991967	-0.0242736627
76.9615384615	12.3993289204	-0.0323807303	12.3938401229	-0.0234694294
76.9807692308	12.3987399115	-0.0315923537	12.3933965483	-0.0226617696
77.0000000000	12.3981656031	-0.0308004891	12.3929685376	-0.0218508012
77.0192307692	12.3976060801	-0.0300052552	12.3925561533	-0.0210366427
77.0384615385	12.3970614252	-0.0292067701	12.3921594556	-0.0202194128
77.0576923077	12.3965317190	-0.0284051505	12.3917785025	-0.0193992310
77.0769230769	12.3960170402	-0.0276005128	12.3914133495	-0.0185762169
77.0961538462	12.3955174652	-0.0267929725	12.3910640500	-0.0177504907
77.1153846154	12.3950330683	-0.0259826447	12.3907306550	-0.0169221729
77.1346153846	12.3945639215	-0.0251696441	12.3904132131	-0.0160913846
77.1538461538	12.3941100947	-0.0243540847	12.3901117706	-0.0152582469
77.1730769231	12.3936716553	-0.0235360806	12.3898263717	-0.0144228815
77.1923076923	12.3932486687	-0.0227157453	12.3895570579	-0.0135854105
77.2115384615	12.3928411976	-0.0218931922	12.3893038686	-0.0127459560
77.2307692308	12.3924493026	-0.0210685345	12.3890668408	-0.0119046406
77.2500000000	12.3920730419	-0.0202418853	12.3888460090	-0.0110615871
77.2692307692	12.3917124711	-0.0194133574	12.3886414055	-0.0102169187
77.2884615385	12.3913676435	-0.0185830634	12.3884530601	-0.0093707586
77.3076923077	12.3910386100	-0.0177511158	12.3882810004	-0.0085232304
77.3269230769	12.3907254188	-0.0169176268	12.3881252515	-0.0076744578
77.3461538462	12.3904281159	-0.0160827085	12.3879858362	-0.0068245648
77.3653846154	12.3901467446	-0.0152464725	12.3878627747	-0.0059736754
77.3846153846	12.3898813459	-0.0144090300	12.3877560850	-0.0051219138
77.4038461538	12.3896319580	-0.0135704921	12.3876657828	-0.0042694045
77.4230769231	12.3893986170	-0.0127309692	12.3875918811	-0.0034162718
77.4423076923	12.3891813562	-0.0118905712	12.3875343909	-0.0025626404
77.4615384615	12.3889802065	-0.0110494073	12.3874933204	-0.0017086348
77.4807692308	12.3887951964	-0.0102075863	12.3874686758	-0.0008543798
77.5000000000	12.3886263518	-0.0093652161	12.3874604605	-0.0000000000
77.5192307692	12.3884736963	-0.0085224037	12.3874686758	0.0008543798
77.5384615385	12.3883372509	-0.0076792553	12.3874933204	0.0017086348
77.5576923077	12.3882170344	-0.0068358765	12.3875343909	0.0025626404
77.5769230769	12.3881130630	-0.0059923713	12.3875918811	0.0034162718
77.5961538462	12.3880253506	-0.0051488433	12.3876657828	0.0042694045
77.6153846154	12.3879539089	-0.0043053948	12.3877560850	0.0051219138
77.6346153846	12.3878987470	-0.0034621269	12.3878627747	0.0059736754
77.6538461538	12.3878598720	-0.0026191398	12.3879858362	0.0068245648
77.6730769231	12.3878372886	-0.0017765326	12.3881252515	0.0076744578
77.6923076923	12.3878309993	-0.0009344033	12.3882810004	0.0085232304
77.7115384615	12.3878410043	-0.0000928489	12.3884530601	0.0093707586
77.7307692308	12.3878673017	0.0007480349	12.3886414055	0.0102169187
77.7500000000	12.3879098875	0.0015881530	12.3888460090	0.0110615871
77.7692307692	12.3879687555	0.0024274113	12.3890668408	0.0119046406
77.7884615385	12.3880438974	0.0032657168	12.3893038686	0.0127459560
77.8076923077	12.3881353030	0.0041029770	12.3895570579	0.0135854105
77.8269230769	12.3882429598	0.0049391000	12.3898263717	0.0144228815
77.8461538462	12.3883668533	0.0057739947	12.3901117706	0.0152582469
77.8653846154	12.3885069673	0.0066075703	12.3904132131	0.0160913846
77.8846153846	12.3886632831	0.0074397363	12.3907306550	0.0169221729
77.9038461538	12.3888357805	0.0082704023	12.3910640500	0.0177504907
77.9230769231	12.3890244370	0.0090994781	12.3914133495	0.0185762169
77.9423076923	12.3892292284	0.0099268731	12.3917785025	0.0193992310
77.9615384615	12.3894501282	0.0107524967	12.3921594556	0.0202194128
77.9807692308	12.3896871083	0.0115762577	12.3925561533	0.0210366427
78.0000000000	12.3899401385	0.0123980644	12.3929685376	0.0218508012
78.0192307692	12.3902091865	0.0132178242	12.3933965483	0.0226617696
78.0384615385	12.3904942182	0.0140354437	12.3938401229	0.0234694294
78.0576923077	12.3907951975	0.0148508284	12.3942991967	0.0242736627
78.0769230769	12.3911120863	0.0156638827	12.3947737026	0.0250743520
78.0961538462	12.3914448444	0.0164745096	12.3952635714	0.0258713806
78.1153846154	12.3917934298	0.0172826106	12.3957687315	0.0266646320
78.1346153846	12.3921577981	0.0180880857	12.3962891092	0.0274539904
78.1538461538	12.3925379032	0.0188908332	12.3968246285	0.0282393405
78.1730769231	12.3929336966	0.0196907496	12.3973752112	0.0290205678
78.1923076923	12.3933451278	0.0204877298	12.3979407770	0.0297975581
78.2115384615	12.3937721442	0.0212816666	12.3985212433	0.0305701980
78.2307692308	12.3942146908	0.0220724509	12.3991165253	0.0313383747
78.2500000000	12.3946727107	0.0228599719	12.3997265361	0.0321019761
78.2692307692	12.3951461445	0.0236441168	12.4003511866	0.0328608906
78.2884615385	12.3956349305	0.0244247707	12.4009903857	0.0336150075
78.3076923077	12.3961390049	0.0252018173	12.4016440401	0.0343642167
78.3269230769	12.3966583013	0.0259751382	12.4023120542	0.0351084088
78.3461538462	12.3971927510	0.0267446137	12.4029943306	0.0358474750
78.3653846154	12.3977422829	0.0275101223	12.4036907697	0.0365813077
78.3846153846	12.3983068236	0.0282715412	12.4044012697	0.0373097995
78.4038461538	12.3988862969	0.0290287465	12.4051257271	0.0380328441
78.4230769231	12.3994806244	0.0297816131	12.4058640358	0.0387503360
78.4423076923	12.4000897250	0.0305300152	12.4066160883	0.0394621704
78.4615384615	12.4007135150	0.0312738264	12.4073817747	0.0401682435
78.4807692308	12.4013519084	0.0320129199	12.4081609832	0.0408684520
78.5000000000	12.4020048163	0.0327471686	12.4089536000	0.0415626938
78.5192307692	12.4026721474	0.0334764460	12.4097595094	0.0422508675
78.5384615385	12.4033538078	0.0342006256	12.4105785938	0.0429328727
78.5576923077	12.4040497010	0.0349195818	12.4114107336	0.0436086097
78.5769230769	12.4047597276	0.0356331900	12.4122558072	0.0442779799
78.5961538462	12.4054837861	0.0363413269	12.4131136914	0.0449408857
78.6153846154	12.4062217719	0.0370438708	12.4139842608	0.0455972301
78.6346153846	12.4069735782	0.0377407020	12.4148673883	0.0462469175
78.6538461538	12.4077390955	0.0384317028	12.4157629451	0.0468898528
78.6730769231	12.4085182116	0.0391167582	12.4166708003	0.0475259424
78.6923076923	12.4093108120	0.0397957559	12.4175908215	0.0481550932
78.7115384615	12.4101167796	0.0404685866	12.4185228742	0.0487772134
78.7307692308	12.4109359948	0.0411351445	12.4194668225	0.0493922123
78.7500000000	12.4117683357	0.0417953271	12.4204225285	0.0500000000
78.7692307692	12.4126136779	0.0424490358	12.4213898526	0.0506004878
78.7884615385	12.4134718946	0.0430961761	12.4223686537	0.0511935880
78.8076923077	12.4143428570	0.0437366576	12.4233587888	0.0517792140
78.8269230769	12.4152264337	0.0443703942	12.4243601135	0.0523572803
78.8461538462	12.4161224912	0.0449973042	12.4253724814	0.0529277026
78.8653846154	12.4170308942	0.0456173107	12.4263957448	0.0534903975
78.8846153846	12.4179515048	0.0462303413	12.4274297543	0.0540452829
78.9038461538	12.4188841834	0.0468363283	12.4284743590	0.0545922778
78.9230769231	12.4198287884	0.0474352089	12.4295294062	0.0551313023
78.9423076923	12.4207851763	0.0480269247	12.4305947421	0.0556622777
78.9615384615	12.4217532017	0.0486114222	12.4316702110	0.0561851266
78.9807692308	12.4227327175	0.0491886526	12.4327556559	0.0566997725
79.0000000000	12.4237235749	0.0497585713	12.4338509184	0.0572061403
79.0192307692	12.4247256234	0.0503211382	12.4349558385	0.0577041561
79.0384615385	12.4257387110	0.0508763175	12.4360702550	0.0581937472
79.0576923077	12.4267626840	0.0514240771	12.4371940051	0.0586748422
79.0769230769	12.4277973877	0.0519643890	12.4383269248	0.0591473707
79.0961538462	12.4288426654	0.0524972284	12.4394688486	0.0596112638
79.1153846154	12.4298983594	0.0530225740	12.4406196099	0.0600664537
79.1346153846	12.4309643108	0.0535404072	12.4417790406	0.0605128741
79.1538461538	12.4320403593	0.0540507123	12.4429469715	0.0609504597
79.1730769231	12.4331263434	0.0545534756	12.4441232320	0.0613791466
79.1923076923	12.4342221005	0.0550486856	12.4453076505	0.0617988722
79.2115384615	12.4353274671	0.0555363322	12.4465000539	0.0622095754
79.2307692308	12.4364422783	0.0560164064	12.4477002682	0.0626111960
79.2500000000	12.4375663684	0.0564889003	12.4489081182	0.0630036755
79.2692307692	12.4386995708	0.0569538061	12.4501234275	0.0633869566
79.2884615385	12.4398417177	0.0574111164	12.4513460188	0.0637609833
79.3076923077	12.4409926406	0.0578608231	12.4525757134	0.0641257010
79.3269230769	12.4421521701	0.0583029176	12.4538123319	0.0644810565
79.3461538462	12.4433201357	0.0587373901	12.4550556937	0.0648269978
79.3653846154	12.4444963663	0.0591642293	12.4563056173	0.0651634745
79.3846153846	12.4456806897	0.0595834222	12.4575619202	0.0654904375
79.4038461538	12.4468729332	0.0599949536	12.4588244189	0.0658078389
79.4230769231	12.4480729229	0.0603988058	12.4600929293	0.0661156326
79.4423076923	12.4492804844	0.0607949584	12.4613672660	0.0664137734
79.4615384615	12.4504954421	0.0611833881	12.4626472430	0.0667022180
79.4807692308	12.4517176201	0.0615640681	12.4639326735	0.0669809241
79.5000000000	12.4529468411	0.0619369684	12.4652233697	0.0672498512
79.5192307692	12.4541829274	0.0623020553	12.4665191433	0.0675089599
79.5384615385	12.4554257002	0.0626592912	12.4678198050	0.0677582124
79.5576923077	12.4566749801	0.0630086347	12.4691251650	0.0679975723
79.5769230769	12.4579305867	0.0633500404	12.4704350326	0.0682270047
79.5961538462	12.4591923386	0.0636834590	12.4717492167	0.0684464760
79.6153846154	12.4604600538	0.0640088371	12.4730675253	0.0686559543
79.6346153846	12.4617335494	0.0643261171	12.4743897661	0.0688554090
79.6538461538	12.4630126413	0.0646352378	12.4757157459	0.0690448108
79.6730769231	12.4642971450	0.0649361340	12.4770452711	0.0692241323
79.6923076923	12.4655868746	0.0652287366	12.4783781477	0.0693933471
79.7115384615	12.4668816438	0.0655129734	12.4797141810	0.0695524306
79.7307692308	12.4681812649	0.0657887684	12.4810531761	0.0697013596
79.7500000000	12.4694855497	0.0660560427	12.4823949373	0.0698401123
79.7692307692	12.4707943088	0.0663147145	12.4837392689	0.0699686685
79.7884615385	12.4721073521	0.0665646993	12.4850859745	0.0700870094
79.8076923077	12.4734244885	0.0668059104	12.4864348575	0.0701951177
79.8269230769	12.4747455262	0.0670382592	12.4877857210	0.0702929776
79.8461538462	12.4760702721	0.0672616554	12.4891383678	0.0703805748
79.8653846154	12.4773985327	0.0674760073	12.4904926003	0.0704578967
79.8846153846	12.4787301134	0.0676812225	12.4918482209	0.0705249318
79.9038461538	12.4800648190	0.0678772080	12.4932050317	0.0705816703
79.9230769231	12.4814024532	0.0680638708	12.4945628345	0.0706281041
79.9423076923	12.4827428191	0.0682411181	12.4959214311	0.0706642263
79.9615384615	12.4840857192	0.0684088578	12.4972806232	0.0706900316
79.9807692308	12.4854309550	0.0685669988	12.4986402124	0.0707055163
80.0000000000	12.4867783277	0.0687154517	12.5000000000	0.0707106781
80.0192307692	12.4881276377	0.0688541287	12.5013597876	0.0707055163
80.0384615385	12.4894786846	0.0689829445	12.5027193768	0.0706900316
80.0576923077	12.4908312679	0.0691018162	12.5040785689	0.0706642263
80.0769230769	12.4921851864	0.0692106640	12.5054371655	0.0706281041
80.0961538462	12.4935402386	0.0693094112	12.5067949683	0.0705816703
80.1153846154	12.4948962224	0.0693979847	12.5081517791	0.0705249318
80.1346153846	12.4962529356	0.0694763155	12.5095073997	0.0704578967
80.1538461538	12.4976101757	0.0695443386	12.5108616322	0.0703805748
80.1730769231	12.4989677401	0.0696019931	12.5122142790	0.0702929776
80.1923076923	12.5003254259	0.0696492232	12.5135651425	0.0701951177
80.2115384615	12.5016830304	0.0696859773	12.5149140255	0.0700870094
80.2307692308	12.5030403505	0.0697122090	12.5162607311	0.0699686685
80.2500000000	12.5043971837	0.0697278768	12.5176050627	0.0698401123
80.2692307692	12.5057533272	0.0697329445	12.5189468239	0.0697013596
80.2884615385	12.5071085785	0.0697273808	12.5202858190	0.0695524306
80.3076923077	12.5084627356	0.0697111596	12.5216218523	0.0693933471
80.3269230769	12.5098155965	0.0696842602	12.5229547289	0.0692241323
80.3461538462	12.5111669598	0.0696466667	12.5242842541	0.0690448108
80.3653846154	12.5125166245	0.0695983686	12.5256102339	0.0688554090
80.3846153846	12.5138643901	0.0695393603	12.5269324747	0.0686559543
80.4038461538	12.5152100567	0.0694696409	12.5282507833	0.0684464760
80.4230769231	12.5165534249	0.0693892144	12.5295649674	0.0682270047
80.4423076923	12.5178942961	0.0692980894	12.5308748350	0.0679975723
80.4615384615	12.5192324724	0.0691962789	12.5321801950	0.0677582124
80.4807692308	12.5205677567	0.0690837999	12.5334808567	0.0675089599
80.5000000000	12.5218999526	0.0689606735	12.5347766303	0.0672498512
80.5192307692	12.5232288647	0.0688269247	12.5360673265	0.0669809241
80.5384615385	12.5245542983	0.0686825818	12.5373527570	0.0667022180
80.5576923077	12.5258760599	0.0685276765	12.5386327340	0.0664137734
80.5769230769	12.5271939568	0.0683622434	12.5399070707	0.0661156326
80.5961538462	12.5285077974	0.0681863200	12.5411755811	0.0658078389
80.6153846154	12.5298173909	0.0679999463	12.5424380798	0.0654904375
80.6346153846	12.5311225477	0.0678031644	12.5436943827	0.0651634745
80.6538461538	12.5324230794	0.0675960185	12.5449443063	0.0648269978
80.6730769231	12.5337187985	0.0673785546	12.5461876681	0.0644810565
80.6923076923	12.5350095185	0.0671508202	12.5474242866	0.0641257010
80.7115384615	12.5362950544	0.0669128641	12.5486539812	0.0637609833
80.7307692308	12.5375752218	0.0666647364	12.5498765725	0.0633869566
80.7500000000	12.5388498379	0.0664064877	12.5510918818	0.0630036755
80.7692307692	12.5401187208	0.0661381697	12.5522997318	0.0626111960
80.7884615385	12.5413816897	0.0658598346	12.5534999461	0.0622095754
80.8076923077	12.5426385651	0.0655715351	12.5546923495	0.0617988722
80.8269230769	12.5438891685	0.0652733241	12.5558767680	0.0613791466
80.8461538462	12.5451333226	0.0649652548	12.5570530285	0.0609504597
80.8653846154	12.5463708512	0.0646473808	12.5582209594	0.0605128741
80.8846153846	12.5476015793	0.0643197555	12.5593803901	0.0600664537
80.9038461538	12.5488253331	0.0639824327	12.5605311514	0.0596112638
80.9230769231	12.5500419396	0.0636354661	12.5616730752	0.0591473707
80.9423076923	12.5512512274	0.0632789096	12.5628059949	0.0586748422
80.9615384615	12.5524530259	0.0629128172	12.5639297450	0.0581937472
80.9807692308	12.5536471657	0.0625372434	12.5650441615	0.0577041561
81.0000000000	12.5548334785	0.0621522426	12.5661490816	0.0572061403
81.0192307692	12.5560117972	0.0617578700	12.5672443441	0.0566997725
81.0384615385	12.5571819559	0.0613541809	12.5683297890	0.0561851266
81.0576923077	12.5583437895	0.0609412317	12.5694052579	0.0556622777
81.0769230769	12.5594971345	0.0605190793	12.5704705938	0.0551313023
81.0961538462	12.5606418281	0.0600877815	12.5715256410	0.0545922778
81.1153846154	12.5617777089	0.0596473974	12.5725702457	0.0540452829
81.1346153846	12.5629046166	0.0591979873	12.5736042552	0.0534903975
81.1538461538	12.5640223920	0.0587396127	12.5746275186	0.0529277026
81.1730769231	12.5651308773	0.0582723372	12.5756398865	0.0523572803
81.1923076923	12.5662299157	0.0577962257	12.5766412112	0.0517792140
81.2115384615	12.5673193515	0.0573113453	12.5776313463	0.0511935880
81.2307692308	12.5683990306	0.0568177651	12.5786101474	0.0506004878
81.2500000000	12.5694687998	0.0563155567	12.5795774715	0.0500000000
81.2692307692	12.5705285073	0.0558047937	12.5805331775	0.0493922123
81.2884615385	12.5715780028	0.0552855527	12.5814771258	0.0487772134
81.3076923077	12.5726171369	0.0547579128	12.5824091785	0.0481550932
81.3269230769	12.5736457621	0.0542219558	12.5833291997	0.0475259424
81.3461538462	12.5746637317	0.0536777664	12.5842370549	0.0468898528
81.3653846154	12.5756709009	0.0531254324	12.5851326117	0.0462469175
81.3846153846	12.5766671261	0.0525650445	12.5860157392	0.0455972301
81.4038461538	12.5776522653	0.0519966964	12.5868863086	0.0449408857
81.4230769231	12.5786261778	0.0514204850	12.5877441928	0.0442779799
81.4423076923	12.5795887248	0.0508365101	12.5885892664	0.0436086097
81.4615384615	12.5805397687	0.0502448746	12.5894214062	0.0429328727
81.4807692308	12.5814791739	0.0496456843	12.5902404906	0.0422508675
81.5000000000	12.5824068060	0.0490390479	12.5910464000	0.0415626938
81.5192307692	12.5833225327	0.0484250768	12.5918390168	0.0408684520
81.5384615385	12.5842262233	0.0478038853	12.5926182253	0.0401682435
81.5576923077	12.5851177486	0.0471755900	12.5933839117	0.0394621704
81.5769230769	12.5859969816	0.0465403099	12.5941359642	0.0387503360
81.5961538462	12.5868637967	0.0458981663	12.5948742729	0.0380328441
81.6153846154	12.5877180704	0.0452492825	12.5955987303	0.0373097995
81.6346153846	12.5885596811	0.0445937833	12.5963092303	0.0365813077
81.6538461538	12.5893885089	0.0439317955	12.5970056694	0.0358474750
81.6730769231	12.5902044359	0.0432634468	12.5976879458	0.0351084088
81.6923076923	12.5910073462	0.0425888664	12.5983559599	0.0343642167
81.7115384615	12.5917971258	0.0419081840	12.5990096143	0.0336150075
81.7307692308	12.5925736628	0.0412215302	12.5996488134	0.0328608906
81.7500000000	12.5933368470	0.0405290355	12.6002734639	0.0321019761
81.7692307692	12.5940865706	0.0398308309	12.6008834747	0.0313383747
81.7884615385	12.5948227276	0.0391270471	12.6014787567	0.0305701980
81.8076923077	12.5955452141	0.0384178142	12.6020592230	0.0297975581
81.8269230769	12.5962539281	0.0377032617	12.6026247888	0.0290205678
81.8461538462	12.5969487700	0.0369835184	12.6031753715	0.0282393405
81.8653846154	12.5976296419	0.0362587117	12.6037108908	0.0274539904
81.8846153846	12.5982964482	0.0355289677	12.6042312685	0.0266646320
81.9038461538	12.5989490953	0.0347944112	12.6047364286	0.0258713806
81.9230769231	12.5995874916	0.0340551650	12.6052262974	0.0250743520
81.9423076923	12.6002115477	0.0333113502	12.6057008033	0.0242736627
81.9615384615	12.6008211762	0.0325630859	12.6061598771	0.0234694294
81.9807692308	12.6014162917	0.0318104889	12.6066034517	0.0226617696
82.0000000000	12.6019968110	0.0310536741	12.6070314624	0.0218508012
82.0192307692	12.6025626528	0.0302927539	12.6074438467	0.0210366427
82.0384615385	12.6031137380	0.0295278383	12.6078405444	0.0202194128
82.0576923077	12.6036499894	0.0287590352	12.6082214975	0.0193992310
82.0769230769	12.6041713321	0.0279864501	12.6085866505	0.0185762169
82.0961538462	12.6046776930	0.0272101860	12.6089359500	0.0177504907
82.1153846154	12.6051690010	0.0264303438	12.6092693450	0.0169221729
82.1346153846	12.6056451872	0.0256470222	12.6095867869	0.0160913846
82.1538461538	12.6061061847	0.0248603177	12.6098882294	0.0152582469
82.1730769231	12.6065519286	0.0240703251	12.6101736283	0.0144228815
82.1923076923	12.6069823559	0.0232771371	12.6104429421	0.0135854105
82.2115384615	12.6073974058	0.0224808448	12.6106961314	0.0127459560
82.2307692308	12.6077970194	0.0216815378	12.6109331592	0.0119046406
82.2500000000	12.6081811398	0.0208793046	12.6111539910	0.0110615871
82.2692307692	12.6085497122	0.0200742322	12.6113585945	0.0102169187
82.2884615385	12.6089026839	0.0192664070	12.6115469399	0.0093707586
82.3076923077	12.6092400041	0.0184559147	12.6117189996	0.0085232304
82.3269230769	12.6095616240	0.0176428406	12.6118747485	0.0076744578
82.3461538462	12.6098674969	0.0168272696	12.6120141638	0.0068245648
82.3653846154	12.6101575783	0.0160092869	12.6121372253	0.0059736754
82.3846153846	12.6104318254	0.0151889778	12.6122439150	0.0051219138
82.4038461538	12.6106901979	0.0143664281	12.6123342172	0.0042694045
82.4230769231	12.6109326574	0.0135417244	12.6124081189	0.0034162718
82.4423076923	12.6111591675	0.0127149543	12.6124656091	0.0025626404
82.4615384615	12.6113696940	0.0118862064	12.6125066796	0.0017086348
82.4807692308	12.6115642049	0.0110555709	12.6125313242	0.0008543798
82.5000000000	12.6117426703	0.0102231393	12.6125395395	0.0000000000
82.5192307692	12.6119050625	0.0093890049	12.6125313242	-0.0008543798
82.5384615385	12.6120513559	0.0085532630	12.6125066796	-0.0017086348
82.5576923077	12.6121815272	0.0077160106	12.6124656091	-0.0025626404
82.5769230769	12.6122955553	0.0068773472	12.6124081189	-0.0034162718
82.5961538462	12.6123934214	0.0060373740	12.6123342172	-0.0042694045
82.6153846154	12.6124751088	0.0051961950	12.6122439150	-0.0051219138
82.6346153846	12.6125406033	0.0043539162	12.6121372253	-0.0059736754
82.6538461538	12.6125898929	0.0035106460	12.6120141638	-0.0068245648
82.6730769231	12.6126229678	0.0026664950	12.6118747485	-0.0076744578
82.6923076923	12.6126398208	0.0018215764	12.6117189996	-0.0085232304
82.7115384615	12.6126404468	0.0009760055	12.6115469399	-0.0093707586
82.7307692308	12.6126248432	0.0001298998	12.6113585945	-0.0102169187
82.7500000000	12.6125930099	-0.0007166210	12.6111539910	-0.0110615871
82.7692307692	12.6125449489	-0.0015634354	12.6109331592	-0.0119046406
82.7884615385	12.6124806648	-0.0024104199	12.6106961314	-0.0127459560
82.8076923077	12.6124001645	-0.0032574491	12.6104429421	-0.0135854105
82.8269230769	12.6123034575	-0.0041043963	12.6101736283	-0.0144228815
82.8461538462	12.6121905556	-0.0049511334	12.6098882294	-0.0152582469
82.8653846154	12.6120614730	-0.0057975309	12.6095867869	-0.0160913846
82.8846153846	12.6119162263	-0.0066434585	12.6092693450	-0.0169221729
82.9038461538	12.6117548347	-0.0074887850	12.6089359500	-0.0177504907
82.9230769231	12.6115773196	-0.0083333787	12.6085866505	-0.0185762169
82.9423076923	12.6113837050	-0.0091771075	12.6082214975	-0.0193992310
82.9615384615	12.6111740173	-0.0100198392	12.6078405444	-0.0202194128
82.9807692308	12.6109482850	-0.0108614416	12.6074438467	-0.0210366427
83.0000000000	12.6107065395	-0.0117017829	12.6070314624	-0.0218508012
83.0192307692	12.6104488142	-0.0125407319	12.6066034517	-0.0226617696
83.0384615385	12.6101751449	-0.0133781579	12.6061598771	-0.0234694294
83.0576923077	12.6098855699	-0.0142139313	12.6057008033	-0.0242736627
83.0769230769	12.6095801297	-0.0150479235	12.6052262974	-0.0250743520
83.0961538462	12.6092588673	-0.0158800073	12.6047364286	-0.0258713806
83.1153846154	12.6089218276	-0.0167100569	12.6042312685	-0.0266646320
83.1346153846	12.6085690582	-0.0175379480	12.6037108908	-0.0274539904
83.1538461538	12.6082006088	-0.0183635581	12.6031753715	-0.0282393405
83.1730769231	12.6078165312	-0.0191867665	12.6026247888	-0.0290205678
83.1923076923	12.6074168796	-0.0200074543	12.6020592230	-0.0297975581
83.2115384615	12.6070017103	-0.0208255047	12.6014787567	-0.0305701980
83.2307692308	12.6065710817	-0.0216408030	12.6008834747	-0.0313383747
83.2500000000	12.6061250544	-0.0224532362	12.6002734639	-0.0321019761
83.2692307692	12.6056636912	-0.0232626938	12.5996488134	-0.0328608906
83.2884615385	12.6051870570	-0.0240690669	12.5990096143	-0.0336150075
83.3076923077	12.6046952185	-0.0248722489	12.5983559599	-0.0343642167
83.3269230769	12.6041882447	-0.0256721350	12.5976879458	-0.0351084088
83.3461538462	12.6036662068	-0.0264686224	12.5970056694	-0.0358474750
83.3653846154	12.6031291776	-0.0272616098	12.5963092303	-0.0365813077
83.3846153846	12.6025772323	-0.0280509978	12.5955987303	-0.0373097995
83.4038461538	12.6020104479	-0.0288366885	12.5948742729	-0.0380328441
83.4230769231	12.6014289033	-0.0296185853	12.5941359642	-0.0387503360
83.4423076923	12.6008326795	-0.0303965929	12.5933839117	-0.0394621704
83.4615384615	12.6002218596	-0.0311706171	12.5926182253	-0.0401682435
83.4807692308	12.5995965283	-0.0319405646	12.5918390168	-0.0408684520
83.5000000000	12.5989567725	-0.0327063428	12.5910464000	-0.0415626938
83.5192307692	12.5983026810	-0.0334678596	12.5902404906	-0.0422508675
83.5384615385	12.5976343443	-0.0342250234	12.5894214062	-0.0429328727
83.5576923077	12.5969518553	-0.0349777426	12.5885892664	-0.0436086097
83.5769230769	12.5962553084	-0.0357259258	12.5877441928	-0.0442779799
83.5961538462	12.5955448001	-0.0364694813	12.5868863086	-0.0449408857
83.6153846154	12.5948204289	-0.0372083169	12.5860157392	-0.0455972301
83.6346153846	12.5940822950	-0.0379423402	12.5851326117	-0.0462469175
83.6538461538	12.5933305009	-0.0386714579	12.5842370549	-0.0468898528
83.6730769231	12.5925651507	-0.0393955759	12.5833291997	-0.0475259424
83.6923076923	12.5917863505	-0.0401145992	12.5824091785	-0.0481550932
83.7115384615	12.5909942087	-0.0408284316	12.5814771258	-0.0487772134
83.7307692308	12.5901888353	-0.0415369760	12.5805331775	-0.0493922123
83.7500000000	12.5893703423	-0.0422401338	12.5795774715	-0.0500000000
83.7692307692	12.5885388439	-0.0429378052	12.5786101474	-0.0506004878
83.7884615385	12.5876944560	-0.0436298891	12.5776313463	-0.0511935880
83.8076923077	12.5868372968	-0.0443162828	12.5766412112	-0.0517792140
83.8269230769	12.5859674862	-0.0449968825	12.5756398865	-0.0523572803
83.8461538462	12.5850851463	-0.0456715829	12.5746275186	-0.0529277026
83.8653846154	12.5841904012	-0.0463402774	12.5736042552	-0.0534903975
83.8846153846	12.5832833768	-0.0470028581	12.5725702457	-0.0540452829
83.9038461538	12.5823642013	-0.0476592159	12.5715256410	-0.0545922778
83.9230769231	12.5814330047	-0.0483092409	12.5704705938	-0.0551313023
83.9423076923	12.5804899191	-0.0489528218	12.5694052579	-0.0556622777
83.9615384615	12.5795350786	-0.0495898468	12.5683297890	-0.0561851266
83.9807692308	12.5785686194	-0.0502202033	12.5672443441	-0.0566997725
84.0000000000	12.5775906794	-0.0508437782	12.5661490816	-0.0572061403
84.0192307692	12.5766013987	-0.0514604582	12.5650441615	-0.0577041561
84.0384615385	12.5756009194	-0.0520701296	12.5639297450	-0.0581937472
84.0576923077	12.5745893855	-0.0526726790	12.5628059949	-0.0586748422
84.0769230769	12.5735669430	-0.0532679934	12.5616730752	-0.0591473707
84.0961538462	12.5725337397	-0.0538559599	12.5605311514	-0.0596112638
84.1153846154	12.5714899253	-0.0544364668	12.5593803901	-0.0600664537
84.1346153846	12.5704356516	-0.0550094029	12.5582209594	-0.0605128741
84.1538461538	12.5693710721	-0.0555746586	12.5570530285	-0.0609504597
84.1730769231	12.5682963420	-0.0561321255	12.5558767680	-0.0613791466
84.1923076923	12.5672116186	-0.0566816968	12.5546923495	-0.0617988722
84.2115384615	12.5661170607	-0.0572232676	12.5534999461	-0.0622095754
84.2307692308	12.5650128290	-0.0577567350	12.5522997318	-0.0626111960
84.2500000000	12.5638990858	-0.0582819985	12.5510918818	-0.0630036755
84.2692307692	12.5627759950	-0.0587989598	12.5498765725	-0.0633869566
84.2884615385	12.5616437224	-0.0593075234	12.5486539812	-0.0637609833
84.3076923077	12.5605024350	-0.0598075964	12.5474242866	-0.0641257010
84.3269230769	12.5593523016	-0.0602990888	12.5461876681	-0.0644810565
84.3461538462	12.5581934924	-0.0607819138	12.5449443063	-0.0648269978
84.3653846154	12.5570261791	-0.0612559874	12.5436943827	-0.0651634745
84.3846153846	12.5558505346	-0.0617212290	12.5424380798	-0.0654904375
84.4038461538	12.5546667335	-0.0621775612	12.5411755811	-0.0658078389
84.4230769231	12.5534749514	-0.0626249098	12.5399070707	-0.0661156326
84.4423076923	12.5522753652	-0.0630632041	12.5386327340	-0.0664137734
84.4615384615	12.5510681532	-0.0634923766	12.5373527570	-0.0667022180
84.4807692308	12.5498534948	-0.0639123628	12.5360673265	-0.0669809241
84.5000000000	12.5486315703	-0.0643231019	12.5347766303	-0.0672498512
84.5192307692	12.5474025614	-0.0647245358	12.5334808567	-0.0675089599
84.5384615385	12.5461666506	-0.0651166096	12.5321801950	-0.0677582124
84.5576923077	12.5449240214	-0.0654992715	12.5308748350	-0.0679975723
84.5769230769	12.5436748584	-0.0658724723	12.5295649674	-0.0682270047
84.5961538462	12.5424193470	-0.0662361654	12.5282507833	-0.0684464760
84.6153846154	12.5411576734	-0.0665903068	12.5269324747	-0.0686559543
84.6346153846	12.5398900245	-0.0669348548	12.5256102339	-0.0688554090
84.6538461538	12.5386165884	-0.0672697698	12.5242842541	-0.0690448108
84.6730769231	12.5373375535	-0.0675950140	12.5229547289	-0.0692241323
84.6923076923	12.5360531091	-0.0679105514	12.5216218523	-0.0693933471
84.7115384615	12.5347634451	-0.0682163474	12.5202858190	-0.0695524306
84.7307692308	12.5334687521	-0.0685123685	12.5189468239	-0.0697013596
84.7500000000	12.5321692213	-0.0687985825	12.5176050627	-0.0698401123
84.7692307692	12.5308650443	-0.0690749577	12.5162607311	-0.0699686685
84.7884615385	12.5295564135	-0.0693414631	12.5149140255	-0.0700870094
84.8076923077	12.5282435215	-0.0695980678	12.5135651425	-0.0701951177
84.8269230769	12.5269265618	-0.0698447411	12.5122142790	-0.0702929776
84.8461538462	12.5256057280	-0.0700814522	12.5108616322	-0.0703805748
84.8653846154	12.5242812143	-0.0703081700	12.5095073997	-0.0704578967
84.8846153846	12.5229532153	-0.0705248628	12.5081517791	-0.0705249318
84.9038461538	12.5216219259	-0.0707314980	12.5067949683	-0.0705816703
84.9230769231	12.5202875416	-0.0709280425	12.5054371655	-0.0706281041
84.9423076923	12.5189502581	-0.0711144619	12.5040785689	-0.0706642263
84.9615384615	12.5176102714	-0.0712907208	12.5027193768	-0.0706900316
84.9807692308	12.5162677779	-0.0714567824	12.5013597876	-0.0707055163
85.0000000000	12.5149229742	-0.0716126088	12.5000000000	-0.0707106781
85.0192307692	12.5135760575	-0.0717581605	12.4986402124	-0.0707055163
85.0384615385	12.5122272249	-0.0718933966	12.4972806232	-0.0706900316
85.0576923077	12.5108766740	-0.0720182748	12.4959214311	-0.0706642263
85.0769230769	12.5095246025	-0.0721327514	12.4945628345	-0.0706281041
85.0961538462	12.5081712083	-0.0722367811	12.4932050317	-0.0705816703
85.1153846154	12.5068166896	-0.0723303176	12.4918482209	-0.0705249318
85.1346153846	12.5054612448	-0.0724133130	12.4904926003	-0.0704578967
85.1538461538	12.5041050724	-0.0724857184	12.4891383678	-0.0703805748
85.1730769231	12.5027483711	-0.0725474841	12.4877857210	-0.0702929776
85.1923076923	12.5013913396	-0.0725985592	12.4864348575	-0.0701951177
85.2115384615	12.5000341769	-0.0726388924	12.4850859745	-0.0700870094
85.2307692308	12.4986770818	-0.0726684317	12.4837392689	-0.0699686685
85.2500000000	12.4973202536	-0.0726871251	12.4823949373	-0.0698401123
85.2692307692	12.4959638911	-0.0726949206	12.4810531761	-0.0697013596
85.2884615385	12.4946081935	-0.0726917662	12.4797141810	-0.0695524306
85.3076923077	12.4932533598	-0.0726776107	12.4783781477	-0.0693933471
85.3269230769	12.4918995890	-0.0726524036	12.4770452711	-0.0692241323
85.3461538462	12.4905470800	-0.0726160956	12.4757157459	-0.0690448108
85.3653846154	12.4891960316	-0.0725686388	12.4743897661	-0.0688554090
85.3846153846	12.4878466424	-0.0725099869	12.4730675253	-0.0686559543
85.4038461538	12.4864991108	-0.0724400959	12.4717492167	-0.0684464760
85.4230769231	12.4851536351	-0.0723589240	12.4704350326	-0.0682270047
85.4423076923	12.4838104133	-0.0722664323	12.4691251650	-0.0679975723
85.4615384615	12.4824696429	-0.0721625846	12.4678198050	-0.0677582124
85.4807692308	12.4811315213	-0.0720473484	12.4665191433	-0.0675089599
85.5000000000	12.4797962455	-0.0719206946	12.4652233697	-0.0672498512
85.5192307692	12.4784640120	-0.0717825982	12.4639326735	-0.0669809241
85.5384615385	12.4771350167	-0.0716330382	12.4626472430	-0.0667022180
85.5576923077	12.4758094553	-0.0714719983	12.4613672660	-0.0664137734
85.5769230769	12.4744875228	-0.0712994670	12.4600929293	-0.0661156326
85.5961538462	12.4731694135	-0.0711154377	12.4588244189	-0.0658078389
85.6153846154	12.4718553211	-0.0709199088	12.4575619202	-0.0654904375
85.6346153846	12.4705454389	-0.0707128845	12.4563056173	-0.0651634745
85.6538461538	12.4692399590	-0.0704943744	12.4550556937	-0.0648269978
85.6730769231	12.4679390731	-0.0702643939	12.4538123319	-0.0644810565
85.6923076923	12.4666429718	-0.0700229640	12.4525757134	-0.0641257010
85.7115384615	12.4653518452	-0.0697701122	12.4513460188	-0.0637609833
85.7307692308	12.4640658822	-0.0695058715	12.4501234275	-0.0633869566
85.7500000000	12.4627852709	-0.0692302814	12.4489081182	-0.0630036755
85.7692307692	12.4615101982	-0.0689433873	12.4477002682	-0.0626111960
85.7884615385	12.4602408503	-0.0686452408	12.4465000539	-0.0622095754
85.8076923077	12.4589774121	-0.0683358994	12.4453076505	-0.0617988722
85.8269230769	12.4577200676	-0.0680154268	12.4441232320	-0.0613791466
85.8461538462	12.4564689995	-0.0676838925	12.4429469715	-0.0609504597
85.8653846154	12.4552243894	-0.0673413720	12.4417790406	-0.0605128741
85.8846153846	12.4539864178	-0.0669879461	12.4406196099	-0.0600664537
85.9038461538	12.4527552637	-0.0666237014	12.4394688486	-0.0596112638
85.9230769231	12.4515311053	-0.0662487296	12.4383269248	-0.0591473707
85.9423076923	12.4503141190	-0.0658631277	12.4371940051	-0.0586748422
85.9615384615	12.4491044803	-0.0654669973	12.4360702550	-0.0581937472
85.9807692308	12.4479023632	-0.0650604448	12.4349558385	-0.0577041561
86.0000000000	12.4467079405	-0.0646435807	12.4338509184	-0.0572061403
86.0192307692	12.4455213834	-0.0642165198	12.4327556559	-0.0566997725
86.0384615385	12.4443428619	-0.0637793805	12.4316702110	-0.0561851266
86.0576923077	12.4431725446	-0.0633322846	12.4305947421	-0.0556622777
86.0769230769	12.4420105987	-0.0628753572	12.4295294062	-0.0551313023
86.0961538462	12.4408571898	-0.0624087259	12.4284743590	-0.0545922778
86.1153846154	12.4397124823	-0.0619325210	12.4274297543	-0.0540452829
86.1346153846	12.4385766391	-0.0614468749	12.4263957448	-0.0534903975
86.1538461538	12.4374498216	-0.0609519216	12.4253724814	-0.0529277026
86.1730769231	12.4363321898	-0.0604477969	12.4243601135	-0.0523572803
86.1923076923	12.4352239022	-0.0599346373	12.4233587888	-0.0517792140
86.2115384615	12.4341251160	-0.0594125805	12.4223686537	-0.0511935880
86.2307692308	12.4330359867	-0.0588817645	12.4213898526	-0.0506004878
86.2500000000	12.4319566684	-0.0583423275	12.4204225285	-0.0500000000
86.2692307692	12.4308873139	-0.0577944077	12.4194668225	-0.0493922123
86.2884615385	12.4298280743	-0.0572381430	12.4185228742	-0.0487772134
86.3076923077	12.4287790995	-0.0566736704	12.4175908215	-0.0481550932
86.3269230769	12.4277405377	-0.0561011263	12.4166708003	-0.0475259424
86.3461538462	12.4267125356	-0.0555206459	12.4157629451	-0.0468898528
86.3653846154	12.4256952386	-0.0549323632	12.4148673883	-0.0462469175
86.3846153846	12.4246887906	-0.0543364105	12.4139842608	-0.0455972301
86.4038461538	12.4236933339	-0.0537329187	12.4131136914	-0.0449408857
86.4230769231	12.4227090093	-0.0531220168	12.4122558072	-0.0442779799
86.4423076923	12.4217359562	-0.0525038320	12.4114107336	-0.0436086097
86.4615384615	12.4207743126	-0.0518784895	12.4105785938	-0.0429328727
86.4807692308	12.4198242148	-0.0512461122	12.4097595094	-0.0422508675
86.5000000000	12.4188857976	-0.0506068213	12.4089536000	-0.0415626938
86.5192307692	12.4179591945	-0.0499607357	12.4081609832	-0.0408684520
86.5384615385	12.4170445371	-0.0493079720	12.4073817747	-0.0401682435
86.5576923077	12.4161419557	-0.0486486449	12.4066160883	-0.0394621704
86.5769230769	12.4152515791	-0.0479828670	12.4058640358	-0.0387503360
86.5961538462	12.4143735344	-0.0473107490	12.4051257271	-0.0380328441
86.6153846154	12.4135079470	-0.0466323994	12.4044012697	-0.0373097995
86.6346153846	12.4126549409	-0.0459479252	12.4036907697	-0.0365813077
86.6538461538	12.4118146384	-0.0452574315	12.4029943306	-0.0358474750
86.6730769231	12.4109871601	-0.0445610218	12.4023120542	-0.0351084088
86.6923076923	12.4101726251	-0.0438587985	12.4016440401	-0.0343642167
86.7115384615	12.4093711504	-0.0431508623	12.4009903857	-0.0336150075
86.7307692308	12.4085828518	-0.0424373131	12.4003511866	-0.0328608906
86.7500000000	12.4078078430	-0.0417182498	12.3997265361	-0.0321019761
86.7692307692	12.4070462361	-0.0409937705	12.3991165253	-0.0313383747
86.7884615385	12.4062981412	-0.0402639729	12.3985212433	-0.0305701980
86.8076923077	12.4055636668	-0.0395289542	12.3979407770	-0.0297975581
86.8269230769	12.4048429195	-0.0387888115	12.3973752112	-0.0290205678
86.8461538462	12.4041360038	-0.0380436420	12.3968246285	-0.0282393405
86.8653846154	12.4034430227	-0.0372935430	12.3962891092	-0.0274539904
86.8846153846	12.4027640768	-0.0365386122	12.3957687315	-0.0266646320
86.9038461538	12.4020992651	-0.0357789481	12.3952635714	-0.0258713806
86.9230769231	12.4014486844	-0.0350146497	12.3947737026	-0.0250743520
86.9423076923	12.4008124296	-0.0342458171	12.3942991967	-0.0242736627
86.9615384615	12.4001905933	-0.0334725515	12.3938401229	-0.0234694294
86.9807692308	12.3995832663	-0.0326949550	12.3933965483	-0.0226617696
87.0000000000	12.3989905373	-0.0319131316	12.3929685376	-0.0218508012
87.0192307692	12.3984124925	-0.0311271862	12.3925561533	-0.0210366427
87.0384615385	12.3978492164	-0.0303372258	12.3921594556	-0.0202194128
87.0576923077	12.3973007910	-0.0295433587	12.3917785025	-0.0193992310
87.0769230769	12.3967672963	-0.0287456951	12.3914133495	-0.0185762169
87.0961538462	12.3962488100	-0.0279443468	12.3910640500	-0.0177504907
87.1153846154	12.3957454075	-0.0271394278	12.3907306550	-0.0169221729
87.1346153846	12.3952571620	-0.0263310535	12.3904132131	-0.0160913846
87.1538461538	12.3947841446	-0.0255193416	12.3901117706	-0.0152582469
87.1730769231	12.3943264239	-0.0247044113	12.3898263717	-0.0144228815
87.1923076923	12.3938840661	-0.0238863837	12.3895570579	-0.0135854105
87.2115384615	12.3934571356	-0.0230653819	12.3893038686	-0.0127459560
87.2307692308	12.3930456939	-0.0222415305	12.3890668408	-0.0119046406
87.2500000000	12.3926498005	-0.0214149557	12.3888460090	-0.0110615871
87.2692307692	12.3922695127	-0.0205857856	12.3886414055	-0.0102169187
87.2884615385	12.3919048852	-0.0197541494	12.3884530601	-0.0093707586
87.3076923077	12.3915559705	-0.0189201778	12.3882810004	-0.0085232304
87.3269230769	12.3912228188	-0.0180840030	12.3881252515	-0.0076744578
87.3461538462	12.3909054780	-0.0172457580	12.3879858362	-0.0068245648
87.3653846154	12.3906039938	-0.0164055769	12.3878627747	-0.0059736754
87.3846153846	12.3903184093	-0.0155635947	12.3877560850	-0.0051219138
87.4038461538	12.3900487655	-0.0147199472	12.3876657828	-0.0042694045
87.4230769231	12.3897951012	-0.0138747704	12.3875918811	-0.0034162718
87.4423076923	12.3895574527	-0.0130282012	12.3875343909	-0.0025626404
87.4615384615	12.3893358543	-0.0121803765	12.3874933204	-0.0017086348
87.4807692308	12.3891303377	-0.0113314333	12.3874686758	-0.0008543798
87.5000000000	12.3889409327	-0.0104815086	12.3874604605	-0.0000000000
87.5192307692	12.3887676666	-0.0096307395	12.3874686758	0.0008543798
87.5384615385	12.3886105647	-0.0087792624	12.3874933204	0.0017086348
87.5576923077	12.3884696500	-0.0079272134	12.3875343909	0.0025626404
87.5769230769	12.3883449431	-0.0070747282	12.3875918811	0.0034162718
87.5961538462	12.3882364628	-0.0062219415	12.3876657828	0.0042694045
87.6153846154	12.3881442253	-0.0053689876	12.3877560850	0.0051219138
87.6346153846	12.3880682450	-0.0045159996	12.3878627747	0.0059736754
87.6538461538	12.3880085338	-0.0036631096	12.3879858362	0.0068245648
87.6730769231	12.3879651018	-0.0028104490	12.3881252515	0.0076744578
87.6923076923	12.3879379565	-0.0019581476	12.3882810004	0.0085232304
87.7115384615	12.3879271037	-0.0011063343	12.3884530601	0.0093707586
87.7307692308	12.3879325467	-0.0002551367	12.3886414055	0.0102169187
87.7500000000	12.3879542870	0.0005953189	12.3888460090	0.0110615871
87.7692307692	12.3879923236	0.0014449076	12.3890668408	0.0119046406
87.7884615385	12.3880466535	0.0022935056	12.3893038686	0.0127459560
87.8076923077	12.3881172717	0.0031409905	12.3895570579	0.0135854105
87.8269230769	12.3882041707	0.0039872413	12.3898263717	0.0144228815
87.8461538462	12.3883073412	0.0048321384	12.3901117706	0.0152582469
87.8653846154	12.3884267716	0.0056755631	12.3904132131	0.0160913846
87.8846153846	12.3885624479	0.0065173984	12.3907306550	0.0169221729
87.9038461538	12.3887143543	0.0073575282	12.3910640500	0.0177504907
87.9230769231	12.3888824725	0.0081958378	12.3914133495	0.0185762169
87.9423076923	12.3890667821	0.0090322134	12.3917785025	0.0193992310
87.9615384615	12.3892672604	0.0098665424	12.3921594556	0.0202194128
87.9807692308	12.3894838825	0.0106987134	12.3925561533	0.0210366427
88.0000000000	12.3897166213	0.0115286156	12.3929685376	0.0218508012
88.0192307692	12.3899654473	0.0123561393	12.3933965483	0.0226617696
88.0384615385	12.3902303288	0.0131811758	12.3938401229	0.0234694294
88.0576923077	12.3905112316	0.0140036171	12.3942991967	0.0242736627
88.0769230769	12.3908081195	0.0148233559	12.3947737026	0.0250743520
88.0961538462	12.3911209535	0.0156402856	12.3952635714	0.0258713806
88.1153846154	12.3914496926	0.0164543004	12.3957687315	0.0266646320
88.1346153846	12.3917942933	0.0172652951	12.3962891092	0.0274539904
88.1538461538	12.3921547095	0.0180731651	12.3968246285	0.0282393405
88.1730769231	12.3925308931	0.0188778063	12.3973752112	0.0290205678
88.1923076923	12.3929227930	0.0196791153	12.3979407770	0.0297975581
88.2115384615	12.3933303562	0.0204769892	12.3985212433	0.0305701980
88.2307692308	12.3937535269	0.0212713258	12.3991165253	0.0313383747
88.2500000000	12.3941922468	0.0220620232	12.3997265361	0.0321019761
88.2692307692	12.3946464554	0.0228489804	12.4003511866	0.0328608906
88.2884615385	12.3951160895	0.0236320969	12.4009903857	0.0336150075
88.3076923077	12.3956010834	0.0244112727	12.4016440401	0.0343642167
88.3269230769	12.3961013690	0.0251864089	12.4023120542	0.0351084088
88.3461538462	12.3966168756	0.0259574071	12.4029943306	0.0358474750
88.3653846154	12.3971475301	0.0267241696	12.4036907697	0.0365813077
88.3846153846	12.3976932569	0.0274865999	12.4044012697	0.0373097995
88.4038461538	12.3982539778	0.0282446024	12.4051257271	0.0380328441
88.4230769231	12.3988296124	0.0289980823	12.4058640358	0.0387503360
88.4423076923	12.3994200776	0.0297469463	12.4066160883	0.0394621704
88.4615384615	12.4000252880	0.0304911020	12.4073817747	0.0401682435
88.4807692308	12.4006451558	0.0312304585	12.4081609832	0.0408684520
88.5000000000	12.4012795905	0.0319649262	12.4089536000	0.0415626938
88.5192307692	12.4019284997	0.0326944171	12.4097595094	0.0422508675
88.5384615385	12.4025917884	0.0334188448	12.4105785938	0.0429328727
88.5576923077	12.4032693593	0.0341381244	12.4114107336	0.0436086097
88.5769230769	12.4039611128	0.0348521730	12.4122558072	0.0442779799
88.5961538462	12.4046669472	0.0355609093	12.4131136914	0.0449408857
88.6153846154	12.4053867583	0.0362642541	12.4139842608	0.0455972301
88.6346153846	12.4061204401	0.0369621301	12.4148673883	0.0462469175
88.6538461538	12.4068678842	0.0376544622	12.4157629451	0.0468898528
88.6730769231	12.4076289802	0.0383411771	12.4166708003	0.0475259424
88.6923076923	12.4084036156	0.0390222040	12.4175908215	0.0481550932
88.7115384615	12.4091916759	0.0396974740	12.4185228742	0.0487772134
88.7307692308	12.4099930446	0.0403669205	12.4194668225	0.0493922123
88.7500000000	12.4108076034	0.0410304791	12.4204225285	0.0500000000
88.7692307692	12.4116352321	0.0416880874	12.4213898526	0.0506004878
88.7884615385	12.4124758084	0.0423396855	12.4223686537	0.0511935880
88.8076923077	12.4133292085	0.0429852154	12.4233587888	0.0517792140
88.8269230769	12.4141953067	0.0436246211	12.4243601135	0.0523572803
88.8461538462	12.4150739757	0.0442578489	12.4253724814	0.0529277026
88.8653846154	12.4159650864	0.0448848467	12.4263957448	0.0534903975
88.8846153846	12.4168685081	0.0455055645	12.4274297543	0.0540452829
88.9038461538	12.4177841084	0.0461199537	12.4284743590	0.0545922778
88.9230769231	12.4187117537	0.0467279678	12.4295294062	0.0551313023
88.9423076923	12.4196513084	0.0473295612	12.4305947421	0.0556622777
88.9615384615	12.4206026356	0.0479246900	12.4316702110	0.0561851266
88.9807692308	12.4215655971	0.0485133114	12.4327556559	0.0566997725
89.0000000000	12.4225400530	0.0490953836	12.4338509184	0.0572061403
89.0192307692	12.4235258620	0.0496708654	12.4349558385	0.0577041561
89.0384615385	12.4245228816	0.0502397165	12.4360702550	0.0581937472
89.0576923077	12.4255309678	0.0508018970	12.4371940051	0.0586748422
89.0769230769	12.4265499751	0.0513573671	12.4383269248	0.0591473707
89.0961538462	12.4275797569	0.0519060873	12.4394688486	0.0596112638
89.1153846154	12.4286201652	0.0524480176	12.4406196099	0.0600664537
89.1346153846	12.4296710505	0.0529831180	12.4417790406	0.0605128741
89.1538461538	12.4307322622	0.0535113478	12.4429469715	0.0609504597
89.1730769231	12.4318036482	0.0540326653	12.4441232320	0.0613791466
89.1923076923	12.4328850553	0.0545470284	12.4453076505	0.0617988722
89.2115384615	12.4339763289	0.0550543933	12.4465000539	0.0622095754
89.2307692308	12.4350773129	0.0555547154	12.4477002682	0.0626111960
89.2500000000	12.4361878501	0.0560479481	12.4489081182	0.0630036755
89.2692307692	12.4373077819	0.0565340436	12.4501234275	0.0633869566
89.2884615385	12.4384369485	0.0570129522	12.4513460188	0.0637609833
89.3076923077	12.4395751887	0.0574846221	12.4525757134	0.0641257010
89.3269230769	12.4407223397	0.0579489998	12.4538123319	0.0644810565
89.3461538462	12.4418782378	0.0584060292	12.4550556937	0.0648269978
89.3653846154	12.4430427176	0.0588556526	12.4563056173	0.0651634745
89.3846153846	12.4442156125	0.0592978094	12.4575619202	0.0654904375
89.4038461538	12.4453967545	0.0597324370	12.4588244189	0.0658078389
89.4230769231	12.4465859742	0.0601594706	12.4600929293	0.0661156326
89.4423076923	12.4477831009	0.0605788426	12.4613672660	0.0664137734
89.4615384615	12.4489879622	0.0609904834	12.4626472430	0.0667022180
89.4807692308	12.4502003847	0.0613943209	12.4639326735	0.0669809241
89.5000000000	12.4514201935	0.0617902808	12.4652233697	0.0672498512
89.5192307692	12.4526472120	0.0621782867	12.4665191433	0.0675089599
89.5384615385	12.4538812627	0.0625582598	12.4678198050	0.0677582124
89.5576923077	12.4551221662	0.0629301197	12.4691251650	0.0679975723
89.5769230769	12.4563697421	0.0632937838	12.4704350326	0.0682270047
89.5961538462	12.4576238084	0.0636491680	12.4717492167	0.0684464760
89.6153846154	12.4588841818	0.0639961866	12.4730675253	0.0686559543
89.6346153846	12.4601506776	0.0643347524	12.4743897661	0.0688554090
89.6538461538	12.4614231100	0.0646647771	12.4757157459	0.0690448108
89.6730769231	12.4627012914	0.0649861716	12.4770452711	0.0692241323
89.6923076923	12.4639850334	0.0652988458	12.4783781477	0.0693933471
89.7115384615	12.4652741460	0.0656027092	12.4797141810	0.0695524306
89.7307692308	12.4665684381	0.0658976710	12.4810531761	0.0697013596
89.7500000000	12.4678677175	0.0661836404	12.4823949373	0.0698401123
89.7692307692	12.4691717906	0.0664605266	12.4837392689	0.0699686685
89.7884615385	12.4704804627	0.0667282396	12.4850859745	0.0700870094
89.8076923077	12.4717935384	0.0669866899	12.4864348575	0.0701951177
89.8269230769	12.4731108206	0.0672357890	12.4877857210	0.0702929776
89.8461538462	12.4744321119	0.0674754497	12.4891383678	0.0703805748
89.8653846154	12.4757572134	0.0677055860	12.4904926003	0.0704578967
89.8846153846	12.4770859258	0.0679261141	12.4918482209	0.0705249318
89.9038461538	12.4784180485	0.0681369518	12.4932050317	0.0705816703
89.9230769231	12.4797533805	0.0683380192	12.4945628345	0.0706281041
89.9423076923	12.4810917199	0.0685292387	12.4959214311	0.0706642263
89.9615384615	12.4824328643	0.0687105355	12.4972806232	0.0706900316
89.9807692308	12.4837766106	0.0688818374	12.4986402124	0.0707055163
90.0000000000	12.4851227552	0.0690430756	12.5000000000	0.0707106781
90.0192307692	12.4864710941	0.0691941839	12.5013597876	0.0707055163
90.0384615385	12.4878214230	0.0693350998	12.5027193768	0.0706900316
90.0576923077	12.4891735371	0.0694657641	12.5040785689	0.0706642263
90.0769230769	12.4905272315	0.0695861213	12.5054371655	0.0706281041
90.0961538462	12.4918823010	0.0696961195	12.5067949683	0.0705816703
90.1153846154	12.4932385405	0.0697957105	12.5081517791	0.0705249318
90.1346153846	12.4945957446	0.0698848500	12.5095073997	0.0704578967
90.1538461538	12.4959537081	0.0699634976	12.5108616322	0.0703805748
90.1730769231	12.4973122259	0.0700316166	12.5122142790	0.0702929776
90.1923076923	12.4986710929	0.0700891745	12.5135651425	0.0701951177
90.2115384615	12.5000301043	0.0701361425	12.5149140255	0.0700870094
90.2307692308	12.5013890557	0.0701724958	12.5162607311	0.0699686685
90.2500000000	12.5027477428	0.0701982133	12.5176050627	0.0698401123
90.2692307692	12.5041059618	0.0702132779	12.5189468239	0.0697013596
90.2884615385	12.5054635093	0.0702176760	12.5202858190	0.0695524306
90.3076923077	12.5068201826	0.0702113977	12.5216218523	0.0693933471
90.3269230769	12.5081757791	0.0701944368	12.5229547289	0.0692241323
90.3461538462	12.5095300973	0.0701667905	12.5242842541	0.0690448108
90.3653846154	12.5108829358	0.0701284590	12.5256102339	0.0688554090
90.3846153846	12.5122340944	0.0700794461	12.5269324747	0.0686559543
90.4038461538	12.5135833731	0.0700197584	12.5282507833	0.0684464760
90.4230769231	12.5149305731	0.0699494057	12.5295649674	0.0682270047
90.4423076923	12.5162754959	0.0698684002	12.5308748350	0.0679975723
90.4615384615	12.5176179442	0.0697767571	12.5321801950	0.0677582124
90.4807692308	12.5189577213	0.0696744937	12.5334808567	0.0675089599
90.5000000000	12.5202946313	0.0695616301	12.5347766303	0.0672498512
90.5192307692	12.5216284794	0.0694381882	12.5360673265	0.0669809241
90.5384615385	12.5229590714	0.0693041922	12.5373527570	0.0667022180
90.5576923077	12.5242862142	0.0691596679	12.5386327340	0.0664137734
90.5769230769	12.5256097156	0.0690046432	12.5399070707	0.0661156326
90.5961538462	12.5269293841	0.0688391473	12.5411755811	0.0658078389
90.6153846154	12.5282450294	0.0686632112	12.5424380798	0.0654904375
90.6346153846	12.5295564620	0.0684768672	12.5436943827	0.0651634745
90.6538461538	12.5308634934	0.0682801487	12.5449443063	0.0648269978
90.6730769231	12.5321659359	0.0680730905	12.5461876681	0.0644810565
90.6923076923	12.5334636029	0.0678557284	12.5474242866	0.0641257010
90.7115384615	12.5347563088	0.0676280992	12.5486539812	0.0637609833
90.7307692308	12.5360438687	0.0673902407	12.5498765725	0.0633869566
90.7500000000	12.5373260990	0.0671421916	12.5510918818	0.0630036755
90.7692307692	12.5386028168	0.0668839915	12.5522997318	0.0626111960
90.7884615385	12.5398738402	0.0666156806	12.5534999461	0.0622095754
90.8076923077	12.5411389885	0.0663373002	12.5546923495	0.0617988722
90.8269230769	12.5423980815	0.0660488923	12.5558767680	0.0613791466
90.8461538462	12.5436509405	0.0657504996	12.5570530285	0.0609504597
90.8653846154	12.5448973873	0.0654421658	12.5582209594	0.0605128741
90.8846153846	12.5461372451	0.0651239353	12.5593803901	0.0600664537
90.9038461538	12.5473703377	0.0647958536	12.5605311514	0.0596112638
90.9230769231	12.5485964902	0.0644579669	12.5616730752	0.0591473707
90.9423076923	12.5498155284	0.0641103226	12.5628059949	0.0586748422
90.9615384615	12.5510272794	0.0637529691	12.5639297450	0.0581937472
90.9807692308	12.5522315710	0.0633859559	12.5650441615	0.0577041561
91.0000000000	12.5534282325	0.0630093337	12.5661490816	0.0572061403
91.0192307692	12.5546170937	0.0626231547	12.5672443441	0.0566997725
91.0384615385	12.5557979857	0.0622274723	12.5683297890	0.0561851266
91.0576923077	12.5569707409	0.0618223413	12.5694052579	0.0556622777
91.0769230769	12.5581351924	0.0614078185	12.5704705938	0.0551313023
91.0961538462	12.5592911747	0.0609839618	12.5715256410	0.0545922778
91.1153846154	12.5604385233	0.0605508313	12.5725702457	0.0540452829
91.1346153846	12.5615770749	0.0601084887	12.5736042552	0.0534903975
91.1538461538	12.5627066674	0.0596569979	12.5746275186	0.0529277026
91.1730769231	12.5638271399	0.0591964245	12.5756398865	0.0523572803
91.1923076923	12.5649383328	0.0587268366	12.5766412112	0.0517792140
91.2115384615	12.5660400876	0.0582483042	12.5776313463	0.0511935880
91.2307692308	12.5671322474	0.0577608996	12.5786101474	0.0506004878
91.2500000000	12.5682146563	0.0572646975	12.5795774715	0.0500000000
91.2692307692	12.5692871600	0.0567597751	12.5805331775	0.0493922123
91.2884615385	12.5703496055	0.0562462117	12.5814771258	0.0487772134
91.3076923077	12.5714018414	0.0557240893	12.5824091785	0.0481550932
91.3269230769	12.5724437174	0.0551934923	12.5833291997	0.0475259424
91.3461538462	12.5734750851	0.0546545077	12.5842370549	0.0468898528
91.3653846154	12.5744957975	0.0541072249	12.5851326117	0.0462469175
91.3846153846	12.5755057089	0.0535517357	12.5860157392	0.0455972301
91.4038461538	12.5765046757	0.0529881347	12.5868863086	0.0449408857
91.4230769231	12.5774925555	0.0524165185	12.5877441928	0.0442779799
91.4423076923	12.5784692078	0.0518369865	12.5885892664	0.0436086097
91.4615384615	12.5794344937	0.0512496403	12.5894214062	0.0429328727
91.4807692308	12.5803882762	0.0506545837	12.5902404906	0.0422508675
91.5000000000	12.5813304197	0.0500519228	12.5910464000	0.0415626938
91.5192307692	12.5822607907	0.0494417658	12.5918390168	0.0408684520
91.5384615385	12.5831792574	0.0488242228	12.5926182253	0.0401682435
91.5576923077	12.5840856899	0.0481994062	12.5933839117	0.0394621704
91.5769230769	12.5849799601	0.0475674297	12.5941359642	0.0387503360
91.5961538462	12.5858619417	0.0469284089	12.5948742729	0.0380328441
91.6153846154	12.5867315106	0.0462824611	12.5955987303	0.0373097995
91.6346153846	12.5875885442	0.0456297048	12.5963092303	0.0365813077
91.6538461538	12.5884329223	0.0449702597	12.5970056694	0.0358474750
91.6730769231	12.5892645262	0.0443042468	12.5976879458	0.0351084088
91.6923076923	12.5900832395	0.0436317879	12.5983559599	0.0343642167
91.7115384615	12.5908889477	0.0429530058	12.5990096143	0.0336150075
91.7307692308	12.5916815381	0.0422680236	12.5996488134	0.0328608906
91.7500000000	12.5924609004	0.0415769653	12.6002734639	0.0321019761
91.7692307692	12.5932269259	0.0408799548	12.6008834747	0.0313383747
91.7884615385	12.5939795082	0.0401771165	12.6014787567	0.0305701980
91.8076923077	12.5947185426	0.0394685746	12.6020592230	0.0297975581
91.8269230769	12.5954439268	0.0387544534	12.6026247888	0.0290205678
91.8461538462	12.5961555603	0.0380348765	12.6031753715	0.0282393405
91.8653846154	12.5968533446	0.0373099675	12.6037108908	0.0274539904
91.8846153846	12.5975371832	0.0365798492	12.6042312685	0.0266646320
91.9038461538	12.5982069818	0.0358446436	12.6047364286	0.0258713806
91.9230769231	12.5988626480	0.0351044723	12.6052262974	0.0250743520
91.9423076923	12.5995040913	0.0343594555	12.6057008033	0.0242736627
91.9615384615	12.6001312233	0.0336097127	12.6061598771	0.0234694294
91.9807692308	12.6007439576	0.0328553621	12.6066034517	0.0226617696
92.0000000000	12.6013422099	0.0320965208	12.6070314624	0.0218508012
92.0192307692	12.6019258976	0.0313333046	12.6074438467	0.0210366427
92.0384615385	12.6024949403	0.0305658280	12.6078405444	0.0202194128
92.0576923077	12.6030492596	0.0297942042	12.6082214975	0.0193992310
92.0769230769	12.6035887789	0.0290185448	12.6085866505	0.0185762169
92.0961538462	12.6041134237	0.0282389602	12.6089359500	0.0177504907
92.1153846154	12.6046231213	0.0274555594	12.6092693450	0.0169221729
92.1346153846	12.6051178012	0.0266684498	12.6095867869	0.0160913846
92.1538461538	12.6055973947	0.0258777376	12.6098882294	0.0152582469
92.1730769231	12.6060618350	0.0250835276	12.6101736283	0.0144228815
92.1923076923	12.6065110574	0.0242859233	12.6104429421	0.0135854105
92.2115384615	12.6069449989	0.0234850270	12.6106961314	0.0127459560
92.2307692308	12.6073635989	0.0226809398	12.6109331592	0.0119046406
92.2500000000	12.6077667981	0.0218737616	12.6111539910	0.0110615871
92.2692307692	12.6081545398	0.0210635916	12.6113585945	0.0102169187
92.2884615385	12.6085267689	0.0202505278	12.6115469399	0.0093707586
92.3076923077	12.6088834324	0.0194346677	12.6117189996	0.0085232304
92.3269230769	12.6092244790	0.0186161080	12.6118747485	0.0076744578
92.3461538462	12.6095498598	0.0177949449	12.6120141638	0.0068245648
92.3653846154	12.6098595276	0.0169712741	12.6121372253	0.0059736754
92.3846153846	12.6101534372	0.0161451914	12.6122439150	0.0051219138
92.4038461538	12.6104315457	0.0153167921	12.6123342172	0.0042694045
92.4230769231	12.6106938118	0.0144861717	12.6124081189	0.0034162718
92.4423076923	12.6109401966	0.0136534261	12.6124656091	0.0025626404
92.4615384615	12.6111706630	0.0128186512	12.6125066796	0.0017086348
92.4807692308	12.6113851761	0.0119819436	12.6125313242	0.0008543798
92.5000000000	12.6115837032	0.0111434006	12.6125395395	0.0000000000
92.5192307692	12.6117662134	0.0103031201	12.6125313242	-0.0008543798
92.5384615385	12.6119326781	0.0094612012	12.6125066796	-0.0017086348
92.5576923077	12.6120830710	0.0086177438	12.6124656091	-0.0025626404
92.5769230769	12.6122173676	0.0077728492	12.6124081189	-0.0034162718
92.5961538462	12.6123355459	0.0069266201	12.6123342172	-0.0042694045
92.6153846154	12.6124375860	0.0060791604	12.6122439150	-0.0051219138
92.6346153846	12.6125234701	0.0052305757	12.6121372253	-0.0059736754
92.6538461538	12.6125931828	0.0043809735	12.6120141638	-0.0068245648
92.6730769231	12.6126467109	0.0035304627	12.6118747485	-0.0076744578
92.6923076923	12.6126840434	0.0026791542	12.6117189996	-0.0085232304
92.7115384615	12.6127051719	0.0018271607	12.6115469399	-0.0093707586
92.7307692308	12.6127100899	0.0009745970	12.6113585945	-0.0102169187
92.7500000000	12.6126987935	0.0001215798	12.6111539910	-0.0110615871
92.7692307692	12.6126712811	-0.0007317723	12.6109331592	-0.0119046406
92.7884615385	12.6126275535	-0.0015853385	12.6106961314	-0.0127459560
92.8076923077	12.6125676137	-0.0024389961	12.6104429421	-0.0135854105
92.8269230769	12.6124914674	-0.0032926204	12.6101736283	-0.0144228815
92.8461538462	12.6123991223	-0.0041460847	12.6098882294	-0.0152582469
92.8653846154	12.6122905890	-0.0049992606	12.6095867869	-0.0160913846
92.8846153846	12.6121658801	-0.0058520177	12.6092693450	-0.0169221729
92.9038461538	12.6120250109	-0.0067042238	12.6089359500	-0.0177504907
92.9230769231	12.6118679990	-0.0075557453	12.6085866505	-0.0185762169
92.9423076923	12.6116948645	-0.0084064468	12.6082214975	-0.0193992310
92.9615384615	12.6115056300	-0.0092561917	12.6078405444	-0.0202194128
92.9807692308	12.6113003203	-0.0101048419	12.6074438467	-0.0210366427
93.0000000000	12.6110789631	-0.0109522585	12.6070314624	-0.0218508012
93.0192307692	12.6108415880	-0.0117983012	12.6066034517	-0.0226617696
93.0384615385	12.6105882275	-0.0126428294	12.6061598771	-0.0234694294
93.0576923077	12.6103189162	-0.0134857015	12.6057008033	-0.0242736627
93.0769230769	12.6100336914	-0.0143267757	12.6052262974	-0.0250743520
93.0961538462	12.6097325925	-0.0151659099	12.6047364286	-0.0258713806
93.1153846154	12.6094156617	-0.0160029618	12.6042312685	-0.0266646320
93.1346153846	12.6090829432	-0.0168377896	12.6037108908	-0.0274539904
93.1538461538	12.6087344839	-0.0176702517	12.6031753715	-0.0282393405
93.1730769231	12.6083703328	-0.0185002070	12.6026247888	-0.0290205678
93.1923076923	12.6079905415	-0.0193275154	12.6020592230	-0.0297975581
93.2115384615	12.6075951636	-0.0201520378	12.6014787567	-0.0305701980
93.2307692308	12.6071842553	-0.0209736361	12.6008834747	-0.0313383747
93.2500000000	12.6067578750	-0.0217921739	12.6002734639	-0.0321019761
93.2692307692	12.6063160834	-0.0226075163	12.5996488134	-0.0328608906
93.2884615385	12.6058589433	-0.0234195302	12.5990096143	-0.0336150075
93.3076923077	12.6053865200	-0.0242280845	12.5983559599	-0.0343642167
93.3269230769	12.6048988807	-0.0250330503	12.5976879458	-0.0351084088
93.3461538462	12.6043960949	-0.0258343010	12.5970056694	-0.0358474750
93.3653846154	12.6038782344	-0.0266317127	12.5963092303	-0.0365813077
93.3846153846	12.6033453730	-0.0274251638	12.5955987303	-0.0373097995
93.4038461538	12.6027975865	-0.0282145356	12.5948742729	-0.0380328441
93.4230769231	12.6022349531	-0.0289997125	12.5941359642	-0.0387503360
93.4423076923	12.6016575527	-0.0297805815	12.5933839117	-0.0394621704
93.4615384615	12.6010654676	-0.0305570329	12.5926182253	-0.0401682435
93.4807692308	12.6004587818	-0.0313289601	12.5918390168	-0.0408684520
93.5000000000	12.5998375815	-0.0320962595	12.5910464000	-0.0415626938
93.5192307692	12.5992019549	-0.0328588310	12.5902404906	-0.0422508675
93.5384615385	12.5985519921	-0.0336165773	12.5894214062	-0.0429328727
93.5576923077	12.5978877850	-0.0343694047	12.5885892664	-0.0436086097
93.5769230769	12.5972094277	-0.0351172225	12.5877441928	-0.0442779799
93.5961538462	12.5965170160	-0.0358599432	12.5868863086	-0.0449408857
93.6153846154	12.5958106477	-0.0365974824	12.5860157392	-0.0455972301
93.6346153846	12.5950904225	-0.0373297586	12.5851326117	-0.0462469175
93.6538461538	12.5943564417	-0.0380566934	12.5842370549	-0.0468898528
93.6730769231	12.5936088089	-0.0387782110	12.5833291997	-0.0475259424
93.6923076923	12.5928476291	-0.0394942386	12.5824091785	-0.0481550932
93.7115384615	12.5920730094	-0.0402047057	12.5814771258	-0.0487772134
93.7307692308	12.5912850586	-0.0409095443	12.5805331775	-0.0493922123
93.7500000000	12.5904838874	-0.0416086887	12.5795774715	-0.0500000000
93.7692307692	12.5896696082	-0.0423020752	12.5786101474	-0.0506004878
93.7884615385	12.5888423353	-0.0429896420	12.5776313463	-0.0511935880
93.8076923077	12.5880021847	-0.0436713291	12.5766412112	-0.0517792140
93.8269230769	12.5871492743	-0.0443470778	12.5756398865	-0.0523572803
93.8461538462	12.5862837235	-0.0450168310	12.5746275186	-0.0529277026
93.8653846154	12.5854056539	-0.0456805323	12.5736042552	-0.0534903975
93.8846153846	12.5845151886	-0.0463381266	12.5725702457	-0.0540452829
93.9038461538	12.5836124525	-0.0469895590	12.5715256410	-0.0545922778
93.9230769231	12.5826975724	-0.0476347754	12.5704705938	-0.0551313023
93.9423076923	12.5817706766	-0.0482737216	12.5694052579	-0.0556622777
93.9615384615	12.5808318955	-0.0489063438	12.5683297890	-0.0561851266
93.9807692308	12.5798813610	-0.0495325876	12.5672443441	-0.0566997725
94.0000000000	12.5789192070	-0.0501523985	12.5661490816	-0.0572061403
94.0192307692	12.5779455689	-0.0507657211	12.5650441615	-0.0577041561
94.0384615385	12.5769605841	-0.0513724994	12.5639297450	-0.0581937472
94.0576923077	12.5759643916	-0.0519726763	12.5628059949	-0.0586748422
94.0769230769	12.5749571323	-0.0525661937	12.5616730752	-0.0591473707
94.0961538462	12.5739389487	-0.0531529919	12.5605311514	-0.0596112638
94.1153846154	12.5729099851	-0.0537330101	12.5593803901	-0.0600664537
94.1346153846	12.5718703876	-0.0543061856	12.5582209594	-0.0605128741
94.1538461538	12.5708203039	-0.0548724540	12.5570530285	-0.0609504597
94.1730769231	12.5697598837	-0.0554317493	12.5558767680	-0.0613791466
94.1923076923	12.5686892780	-0.0559840032	12.5546923495	-0.0617988722
94.2115384615	12.5676086398	-0.0565291457	12.5534999461	-0.0622095754
94.2307692308	12.5665181238	-0.0570671047	12.5522997318	-0.0626111960
94.2500000000	12.5654178862	-0.0575978058	12.5510918818	-0.0630036755
94.2692307692	12.5643080851	-0.0581211725	12.5498765725	-0.0633869566
94.2884615385	12.5631888800	-0.0586371263	12.5486539812	-0.0637609833
94.3076923077	12.5620604323	-0.0591455864	12.5474242866	-0.0641257010
94.3269230769	12.5609229047	-0.0596464698	12.5461876681	-0.0644810565
94.3461538462	12.5597764617	-0.0601396916	12.5449443063	-0.0648269978
94.3653846154	12.5586212694	-0.0606251647	12.5436943827	-0.0651634745
94.3846153846	12.5574574952	-0.0611028000	12.5424380798	-0.0654904375
94.4038461538	12.5562853084	-0.0615725064	12.5411755811	-0.0658078389
94.4230769231	12.5551048793	-0.0620341912	12.5399070707	-0.0661156326
94.4423076923	12.5539163802	-0.0624877598	12.5386327340	-0.0664137734
94.4615384615	12.5527199844	-0.0629331159	12.5373527570	-0.0667022180
94.4807692308	12.5515158669	-0.0633701620	12.5360673265	-0.0669809241
94.5000000000	12.5503042037	-0.0637987989	12.5347766303	-0.0672498512
94.5192307692	12.5490851726	-0.0642189265	12.5334808567	-0.0675089599
94.5384615385	12.5478589522	-0.0646304434	12.5321801950	-0.0677582124
94.5576923077	12.5466257229	-0.0650332475	12.5308748350	-0.0679975723
94.5769230769	12.5453856657	-0.0654272358	12.5295649674	-0.0682270047
94.5961538462	12.5441389634	-0.0658123049	12.5282507833	-0.0684464760
94.6153846154	12.5428857996	-0.0661883508	12.5269324747	-0.0686559543
94.6346153846	12.5416263590	-0.0665552694	12.5256102339	-0.0688554090
94.6538461538	12.5403608274	-0.0669129567	12.5242842541	-0.0690448108
94.6730769231	12.5390893918	-0.0672613087	12.5229547289	-0.0692241323
94.6923076923	12.5378122399	-0.0676002217	12.5216218523	-0.0693933471
94.7115384615	12.5365295605	-0.0679295925	12.5202858190	-0.0695524306
94.7307692308	12.5352415434	-0.0682493188	12.5189468239	-0.0697013596
94.7500000000	12.5339483790	-0.0685592990	12.5176050627	-0.0698401123
94.7692307692	12.5326502588	-0.0688594325	12.5162607311	-0.0699686685
94.7884615385	12.5313473749	-0.0691496200	12.5149140255	-0.0700870094
94.8076923077	12.5300399202	-0.0694297634	12.5135651425	-0.0701951177
94.8269230769	12.5287280883	-0.0696997664	12.5122142790	-0.0702929776
94.8461538462	12.5274120735	-0.0699595342	12.5108616322	-0.0703805748
94.8653846154	12.5260920705	-0.0702089738	12.5095073997	-0.0704578967
94.8846153846	12.5247682750	-0.0704479943	12.5081517791	-0.0705249318
94.9038461538	12.5234408829	-0.0706765068	12.5067949683	-0.0705816703
94.9230769231	12.5221100908	-0.0708944247	12.5054371655	-0.0706281041
94.9423076923	12.5207760957	-0.0711016638	12.5040785689	-0.0706642263
94.9615384615	12.5194390950	-0.0712981422	12.5027193768	-0.0706900316
94.9807692308	12.5180992866	-0.0714837807	12.5013597876	-0.0707055163
95.0000000000	12.5167568688	-0.0716585030	12.5000000000	-0.0707106781
95.0192307692	12.5154120402	-0.0718222351	12.4986402124	-0.0707055163
95.0384615385	12.5140649996	-0.0719749063	12.4972806232	-0.0706900316
95.0576923077	12.5127159464	-0.0721164487	12.4959214311	-0.0706642263
95.0769230769	12.5113650799	-0.0722467974	12.4945628345	-0.0706281041
95.0961538462	12.5100125999	-0.0723658908	12.4932050317	-0.0705816703
95.1153846154	12.5086587062	-0.0724736701	12.4918482209	-0.0705249318
95.1346153846	12.5073035990	-0.0725700802	12.4904926003	-0.0704578967
95.1538461538	12.5059474784	-0.0726550690	12.4891383678	-0.0703805748
95.1730769231	12.5045905448	-0.0727285879	12.4877857210	-0.0702929776
95.1923076923	12.5032329987	-0.0727905916	12.4864348575	-0.0701951177
95.2115384615	12.5018750404	-0.0728410384	12.4850859745	-0.0700870094
95.2307692308	12.5005168707	-0.0728798900	12.4837392689	-0.0699686685
95.2500000000	12.4991586902	-0.0729071116	12.4823949373	-0.0698401123
95.2692307692	12.4978006992	-0.0729226721	12.4810531761	-0.0697013596
95.2884615385	12.4964430986	-0.0729265440	12.4797141810	-0.0695524306
95.3076923077	12.4950860887	-0.0729187034	12.4783781477	-0.0693933471
95.3269230769	12.4937298700	-0.0728991302	12.4770452711	-0.0692241323
95.3461538462	12.4923746428	-0.0728678079	12.4757157459	-0.0690448108
95.3653846154	12.4910206074	-0.0728247239	12.4743897661	-0.0688554090
95.3846153846	12.4896679637	-0.0727698692	12.4730675253	-0.0686559543
95.4038461538	12.4883169118	-0.0727032388	12.4717492167	-0.0684464760
95.4230769231	12.4869676512	-0.0726248314	12.4704350326	-0.0682270047
95.4423076923	12.4856203814	-0.0725346497	12.4691251650	-0.0679975723
95.4615384615	12.4842753016	-0.0724327002	12.4678198050	-0.0677582124
95.4807692308	12.4829326106	-0.0723189932	12.4665191433	-0.0675089599
95.5000000000	12.4815925071	-0.0721935433	12.4652233697	-0.0672498512
95.5192307692	12.4802551892	-0.0720563685	12.4639326735	-0.0669809241
95.5384615385	12.4789208548	-0.0719074912	12.4626472430	-0.0667022180
95.5576923077	12.4775897013	-0.0717469377	12.4613672660	-0.0664137734
95.5769230769	12.4762619257	-0.0715747380	12.4600929293	-0.0661156326
95.5961538462	12.4749377244	-0.0713909263	12.4588244189	-0.0658078389
95.6153846154	12.4736172933	-0.0711955409	12.4575619202	-0.0654904375
95.6346153846	12.4723008280	-0.0709886237	12.4563056173	-0.0651634745
95.6538461538	12.4709885230	-0.0707702208	12.4550556937	-0.0648269978
95.6730769231	12.4696805727	-0.0705403822	12.4538123319	-0.0644810565
95.6923076923	12.4683771705	-0.0702991619	12.4525757134	-0.0641257010
95.7115384615	12.4670785092	-0.0700466175	12.4513460188	-0.0637609833
95.7307692308	12.4657847807	-0.0697828107	12.4501234275	-0.0633869566
95.7500000000	12.4644961764	-0.0695078070	12.4489081182	-0.0630036755
95.7692307692	12.4632128864	-0.0692216756	12.4477002682	-0.0626111960
95.7884615385	12.4619351005	-0.0689244892	12.4465000539	-0.0622095754
95.8076923077	12.4606630071	-0.0686163243	12.4453076505	-0.0617988722
95.8269230769	12.4593967938	-0.0682972611	12.4441232320	-0.0613791466
95.8461538462	12.4581366472	-0.0679673829	12.4429469715	-0.0609504597
95.8653846154	12.4568827529	-0.0676267767	12.4417790406	-0.0605128741
95.8846153846	12.4556352954	-0.0672755326	12.4406196099	-0.0600664537
95.9038461538	12.4543944579	-0.0669137439	12.4394688486	-0.0596112638
95.9230769231	12.4531604227	-0.0665415068	12.4383269248	-0.0591473707
95.9423076923	12.4519333705	-0.0661589207	12.4371940051	-0.0586748422
95.9615384615	12.4507134813	-0.0657660874	12.4360702550	-0.0581937472
95.9807692308	12.4495009332	-0.0653631118	12.4349558385	-0.0577041561
96.0000000000	12.4482959034	-0.0649501009	12.4338509184	-0.0572061403
96.0192307692	12.4470985676	-0.0645271641	12.4327556559	-0.0566997725
96.0384615385	12.4459091000	-0.0640944132	12.4316702110	-0.0561851266
96.0576923077	12.4447276735	-0.0636519618	12.4305947421	-0.0556622777
96.0769230769	12.4435544594	-0.0631999254	12.4295294062	-0.0551313023
96.0961538462	12.4423896277	-0.0627384210	12.4284743590	-0.0545922778
96.1153846154	12.4412333466	-0.0622675674	12.4274297543	-0.0540452829
96.1346153846	12.4400857830	-0.0617874845	12.4263957448	-0.0534903975
96.1538461538	12.4389471020	-0.0612982934	12.4253724814	-0.0529277026
96.1730769231	12.4378174672	-0.0608001159	12.4243601135	-0.0523572803
96.1923076923	12.4366970406	-0.0602930750	12.4233587888	-0.0517792140
96.2115384615	12.4355859825	-0.0597772938	12.4223686537	-0.0511935880
96.2307692308	12.4344844513	-0.0592528962	12.4213898526	-0.0506004878
96.2500000000	12.4333926042	-0.0587200061	12.4204225285	-0.0500000000
96.2692307692	12.4323105963	-0.0581787475	12.4194668225	-0.0493922123
96.2884615385	12.4312385810	-0.0576292444	12.4185228742	-0.0487772134
96.3076923077	12.4301767102	-0.0570716203	12.4175908215	-0.0481550932
96.3269230769	12.4291251338	-0.0565059987	12.4166708003	-0.0475259424
96.3461538462	12.4280840002	-0.0559325020	12.4157629451	-0.0468898528
96.3653846154	12.4270534557	-0.0553512525	12.4148673883	-0.0462469175
96.3846153846	12.4260336452	-0.0547623713	12.4139842608	-0.0455972301
96.4038461538	12.4250247116	-0.0541659787	12.4131136914	-0.0449408857
96.4230769231	12.4240267962	-0.0535621940	12.4122558072	-0.0442779799
96.4423076923	12.4230400382	-0.0529511354	12.4114107336	-0.0436086097
96.4615384615	12.4220645754	-0.0523329200	12.4105785938	-0.0429328727
96.4807692308	12.4211005437	-0.0517076635	12.4097595094	-0.0422508675
96.5000000000	12.4201480772	-0.0510754804	12.4089536000	-0.0415626938
96.5192307692	12.4192073081	-0.0504364840	12.4081609832	-0.0408684520
96.5384615385	12.4182783671	-0.0497907861	12.4073817747	-0.0401682435
96.5576923077	12.4173613830	-0.0491384973	12.4066160883	-0.0394621704
96.5769230769	12.4164564829	-0.0484797266	12.4058640358	-0.0387503360
96.5961538462	12.4155637920	-0.0478145819	12.4051257271	-0.0380328441
96.6153846154	12.4146834339	-0.0471431698	12.4044012697	-0.0373097995
96.6346153846	12.4138155304	-0.0464655956	12.4036907697	-0.0365813077
96.6538461538	12.4129602017	-0.0457819634	12.4029943306	-0.0358474750
96.6730769231	12.4121175660	-0.0450923763	12.4023120542	-0.0351084088
96.6923076923	12.4112877400	-0.0443969362	12.4016440401	-0.0343642167
96.7115384615	12.4104708386	-0.0436957441	12.4009903857	-0.0336150075
96.7307692308	12.4096669748	-0.0429889001	12.4003511866	-0.0328608906
96.7500000000	12.4088762603	-0.0422765038	12.3997265361	-0.0321019761
96.7692307692	12.4080988047	-0.0415586539	12.3991165253	-0.0313383747
96.7884615385	12.4073347160	-0.0408354487	12.3985212433	-0.0305701980
96.8076923077	12.4065841005	-0.0401069861	12.3979407770	-0.0297975581
96.8269230769	12.4058470628	-0.0393733638	12.3973752112	-0.0290205678
96.8461538462	12.4051237057	-0.0386346792	12.3968246285	-0.0282393405
96.8653846154	12.4044141303	-0.0378910301	12.3962891092	-0.0274539904
96.8846153846	12.4037184361	-0.0371425140	12.3957687315	-0.0266646320
96.9038461538	12.4030367207	-0.0363892291	12.3952635714	-0.0258713806
96.9230769231	12.4023690800	-0.0356312738	12.3947737026	-0.0250743520
96.9423076923	12.4017156082	-0.0348687471	12.3942991967	-0.0242736627
96.9615384615	12.4010763976	-0.0341017487	12.3938401229	-0.0234694294
96.9807692308	12.4004515388	-0.0333303791	12.3933965483	-0.0226617696
97.0000000000	12.3998411208	-0.0325547398	12.3929685376	-0.0218508012
97.0192307692	12.3992452305	-0.0317749333	12.3925561533	-0.0210366427
97.0384615385	12.3986639532	-0.0309910633	12.3921594556	-0.0202194128
97.0576923077	12.3980973723	-0.0302032346	12.3917785025	-0.0193992310
97.0769230769	12.3975455693	-0.0294115535	12.3914133495	-0.0185762169
97.0961538462	12.3970086239	-0.0286161276	12.3910640500	-0.0177504907
97.1153846154	12.3964866139	-0.0278170660	12.3907306550	-0.0169221729
97.1346153846	12.3959796153	-0.0270144794	12.3904132131	-0.0160913846
97.1538461538	12.3954877020	-0.0262084800	12.3901117706	-0.0152582469
97.1730769231	12.3950109460	-0.0253991816	12.3898263717	-0.0144228815
97.1923076923	12.3945494176	-0.0245866997	12.3895570579	-0.0135854105
97.2115384615	12.3941031847	-0.0237711512	12.3893038686	-0.0127459560
97.2307692308	12.3936723136	-0.0229526549	12.3890668408	-0.0119046406
97.2500000000	12.3932568682	-0.0221313312	12.3888460090	-0.0110615871
97.2692307692	12.3928569106	-0.0213073018	12.3886414055	-0.0102169187
97.2884615385	12.3924725008	-0.0204806902	12.3884530601	-0.0093707586
97.3076923077	12.3921036967	-0.0196516214	12.3882810004	-0.0085232304
97.3269230769	12.3917505539	-0.0188202218	12.3881252515	-0.0076744578
97.3461538462	12.3914131262	-0.0179866190	12.3879858362	-0.0068245648
97.3653846154	12.3910914650	-0.0171509422	12.3878627747	-0.0059736754
97.3846153846	12.3907856196	-0.0163133215	12.3877560850	-0.0051219138
97.4038461538	12.3904956370	-0.0154738883	12.3876657828	-0.0042694045
97.4230769231	12.3902215621	-0.0146327750	12.3875918811	-0.0034162718
97.4423076923	12.3899634375	-0.0137901148	12.3875343909	-0.0025626404
97.4615384615	12.3897213035	-0.0129460417	12.3874933204	-0.0017086348
97.4807692308	12.3894951983	-0.0121006905	12.3874686758	-0.0008543798
97.5000000000	12.3892851577	-0.0112541964	12.3874604605	-0.0000000000
97.5192307692	12.3890912150	-0.0104066952	12.3874686758	0.0008543798
97.5384615385	12.3889134014	-0.0095583228	12.3874933204	0.0017086348
97.5576923077	12.3887517456	-0.0087092154	12.3875343909	0.0025626404
97.5769230769	12.3886062742	-0.0078595092	12.3875918811	0.0034162718
97.5961538462	12.3884770112	-0.0070093404	12.3876657828	0.0042694045
97.6153846154	12.3883639782	-0.0061588449	12.3877560850	0.0051219138
97.6346153846	12.3882671945	-0.0053081584	12.3878627747	0.0059736754
97.6538461538	12.3881866770	-0.0044574162	12.3879858362	0.0068245648
97.6730769231	12.3881224400	-0.0036067529	12.3881252515	0.0076744578
97.6923076923	12.3880744958	-0.0027563026	12.3882810004	0.0085232304
97.7115384615	12.3880428537	-0.0019061986	12.3884530601	0.0093707586
97.7307692308	12.3880275211	-0.0010565733	12.3886414055	0.0102169187
97.7500000000	12.3880285026	-0.0002075583	12.3888460090	0.0110615871
97.7692307692	12.3880458005	0.0006407159	12.3890668408	0.0119046406
97.7884615385	12.3880794146	0.0014881199	12.3893038686	0.0127459560
97.8076923077	12.3881293423	0.0023345254	12.3895570579	0.0135854105
97.8269230769	12.3881955785	0.0031798054	12.3898263717	0.0144228815
97.8461538462	12.3882781157	0.0040238341	12.3901117706	0.0152582469
97.8653846154	12.3883769439	0.0048664871	12.3904132131	0.0160913846
97.8846153846	12.3884920507	0.0057076414	12.3907306550	0.0169221729
97.9038461538	12.3886234212	0.0065471753	12.3910640500	0.0177504907
97.9230769231	12.3887710382	0.0073849686	12.3914133495	0.0185762169
97.9423076923	12.3889348818	0.0082209025	12.3917785025	0.0193992310
97.9615384615	12.3891149298	0.0090548598	12.3921594556	0.0202194128
97.9807692308	12.3893111577	0.0098867247	12.3925561533	0.0210366427
98.0000000000	12.3895235384	0.0107163829	12.3929685376	0.0218508012
98.0192307692	12.3897520425	0.0115437217	12.3933965483	0.0226617696
98.0384615385	12.3899966381	0.0123686298	12.3938401229	0.0234694294
98.0576923077	12.3902572908	0.0131909973	12.3942991967	0.0242736627
98.0769230769	12.3905339642	0.0140107161	12.3947737026	0.0250743520
98.0961538462	12.3908266191	0.0148276794	12.3952635714	0.0258713806
98.1153846154	12.3911352141	0.0156417818	12.3957687315	0.0266646320
98.1346153846	12.3914597054	0.0164529194	12.3962891092	0.0274539904
98.1538461538	12.3918000470	0.0172609899	12.3968246285	0.0282393405
98.1730769231	12.3921561903	0.0180658923	12.3973752112	0.0290205678
98.1923076923	12.3925280845	0.0188675270	12.3979407770	0.0297975581
98.2115384615	12.3929156766	0.0196657959	12.3985212433	0.0305701980
98.2307692308	12.3933189111	0.0204606023	12.3991165253	0.0313383747
98.2500000000	12.3937377303	0.0212518509	12.3997265361	0.0321019761
98.2692307692	12.3941720741	0.0220394477	12.4003511866	0.0328608906
98.2884615385	12.3946218804	0.0228233002	12.4009903857	0.0336150075
98.3076923077	12.3950870846	0.0236033171	12.4016440401	0.0343642167
98.3269230769	12.3955676199	0.0243794086	12.4023120542	0.0351084088
98.3461538462	12.3960634174	0.0251514863	12.4029943306	0.0358474750
98.3653846154	12.3965744058	0.0259194632	12.4036907697	0.0365813077
98.3846153846	12.3971005118	0.0266832536	12.4044012697	0.0373097995
98.4038461538	12.3976416598	0.0274427732	12.4051257271	0.0380328441
98.4230769231	12.3981977720	0.0281979390	12.4058640358	0.0387503360
98.4423076923	12.3987687686	0.0289486697	12.4066160883	0.0394621704
98.4615384615	12.3993545675	0.0296948851	12.4073817747	0.0401682435
98.4807692308	12.3999550845	0.0304365065	12.4081609832	0.0408684520
98.5000000000	12.4005702335	0.0311734569	12.4089536000	0.0415626938
98.5192307692	12.4011999261	0.0319056604	12.4097595094	0.0422508675
98.5384615385	12.4018440718	0.0326330427	12.4105785938	0.0429328727
98.5576923077	12.4025025782	0.0333555310	12.4114107336	0.0436086097
98.5769230769	12.4031753508	0.0340730540	12.4122558072	0.0442779799
98.5961538462	12.4038622931	0.0347855418	12.4131136914	0.0449408857
98.6153846154	12.4045633064	0.0354929261	12.4139842608	0.0455972301
98.6346153846	12.4052782903	0.0361951399	12.4148673883	0.0462469175
98.6538461538	12.4060071423	0.0368921179	12.4157629451	0.0468898528
98.6730769231	12.4067497578	0.0375837961	12.4166708003	0.0475259424
98.6923076923	12.4075060305	0.0382701120	12.4175908215	0.0481550932
98.7115384615	12.4082758520	0.0389510048	12.4185228742	0.0487772134
98.7307692308	12.4090591120	0.0396264148	12.4194668225	0.0493922123
98.7500000000	12.4098556985	0.0402962837	12.4204225285	0.0500000000
98.7692307692	12.4106654973	0.0409605549	12.4213898526	0.0506004878
98.7884615385	12.4114883926	0.0416191727	12.4223686537	0.0511935880
98.8076923077	12.4123242667	0.0422720829	12.4233587888	0.0517792140
98.8269230769	12.4131729998	0.0429192324	12.4243601135	0.0523572803
98.8461538462	12.4140344707	0.0435605695	12.4253724814	0.0529277026
98.8653846154	12.4149085560	0.0441960431	12.4263957448	0.0534903975
98.8846153846	12.4157951308	0.0448256036	12.4274297543	0.0540452829
98.9038461538	12.4166940683	0.0454492020	12.4284743590	0.0545922778
98.9230769231	12.4176052400	0.0460667901	12.4295294062	0.0551313023
98.9423076923	12.4185285154	0.0466783206	12.4305947421	0.0556622777
98.9615384615	12.4194637626	0.0472837467	12.4316702110	0.0561851266
98.9807692308	12.4204108477	0.0478830222	12.4327556559	0.0566997725
99.0000000000	12.4213696353	0.0484761010	12.4338509184	0.0572061403
99.0192307692	12.4223399881	0.0490629375	12.4349558385	0.0577041561
99.0384615385	12.4233217674	0.0496434863	12.4360702550	0.0581937472
99.0576923077	12.4243148323	0.0502177017	12.4371940051	0.0586748422
99.0769230769	12.4253190409	0.0507855382	12.4383269248	0.0591473707
99.0961538462	12.4263342491	0.0513469496	12.4394688486	0.0596112638
99.1153846154	12.4273603113	0.0519018898	12.4406196099	0.0600664537
99.1346153846	12.4283970806	0.0524503117	12.4417790406	0.0605128741
99.1538461538	12.4294444079	0.0529921679	12.4429469715	0.0609504597
99.1730769231	12.4305021430	0.0535274097	12.4441232320	0.0613791466
99.1923076923	12.4315701338	0.0540559879	12.4453076505	0.0617988722
99.2115384615	12.4326482268	0.0545778520	12.4465000539	0.0622095754
99.2307692308	12.4337362668	0.0550929502	12.4477002682	0.0626111960
99.2500000000	12.4348340970	0.0556012295	12.4489081182	0.0630036755
99.2692307692	12.4359415592	0.0561026355	12.4501234275	0.0633869566
99.2884615385	12.4370584937	0.0565971120	12.4513460188	0.0637609833
99.3076923077	12.4381847391	0.0570846013	12.4525757134	0.0641257010
99.3269230769	12.4393201325	0.0575650439	12.4538123319	0.0644810565
99.3461538462	12.4404645097	0.0580383786	12.4550556937	0.0648269978
99.3653846154	12.4416177048	0.0585045419	12.4563056173	0.0651634745
99.3846153846	12.4427795507	0.0589634688	12.4575619202	0.0654904375
99.4038461538	12.4439498786	0.0594150920	12.4588244189	0.0658078389
99.4230769231	12.4451285184	0.0598593421	12.4600929293	0.0661156326
99.4423076923	12.4463152985	0.0602961479	12.4613672660	0.0664137734
99.4615384615	12.4475100461	0.0607254358	12.4626472430	0.0667022180
99.4807692308	12.4487125869	0.0611471303	12.4639326735	0.0669809241
99.5000000000	12.4499227452	0.0615611537	12.4652233697	0.0672498512
99.5192307692	12.4511403441	0.0619674265	12.4665191433	0.0675089599
99.5384615385	12.4523652053	0.0623658669	12.4678198050	0.0677582124
99.5576923077	12.4535971493	0.0627563914	12.4691251650	0.0679975723
99.5769230769	12.4548359953	0.0631389145	12.4704350326	0.0682270047
99.5961538462	12.4560815613	0.0635133490	12.4717492167	0.0684464760
99.6153846154	12.4573336641	0.0638796061	12.4730675253	0.0686559543
99.6346153846	12.4585921192	0.0642375952	12.4743897661	0.0688554090
99.6538461538	12.4598567413	0.0645872246	12.4757157459	0.0690448108
99.6730769231	12.4611273435	0.0649284011	12.4770452711	0.0692241323
99.6923076923	12.4624037383	0.0652610304	12.4783781477	0.0693933471
99.7115384615	12.4636857368	0.0655850172	12.4797141810	0.0695524306
99.7307692308	12.4649731493	0.0659002654	12.4810531761	0.0697013596
99.7500000000	12.4662657850	0.0662066783	12.4823949373	0.0698401123
99.7692307692	12.4675634523	0.0665041587	12.4837392689	0.0699686685
99.7884615385	12.4688659585	0.0667926092	12.4850859745	0.0700870094
99.8076923077	12.4701731101	0.0670719323	12.4864348575	0.0701951177
99.8269230769	12.4714847130	0.0673420306	12.4877857210	0.0702929776
99.8461538462	12.4728005719	0.0676028072	12.4891383678	0.0703805748
99.8653846154	12.4741204910	0.0678541655	12.4904926003	0.0704578967
99.8846153846	12.4754442739	0.0680960099	12.4918482209	0.0705249318
99.9038461538	12.4767717232	0.0683282456	12.4932050317	0.0705816703
99.9230769231	12.4781026412	0.0685507792	12.4945628345	0.0706281041
99.9423076923	12.4794368293	0.0687635184	12.4959214311	0.0706642263
99.9615384615	12.4807740886	0.0689663728	12.4972806232	0.0706900316
99.9807692308	12.4821142197	0.0691592534	12.4986402124	0.0707055163
100.0000000000	12.4834570225	0.0693420734	12.5000000000	0.0707106781
