# time	x	y	stress_xx	strain_xx
0.0000000000	0.1375000000	0.1375000000	0.0000000000	0.0000000000
0.0009486833	0.1374999765	0.1374854671	3004.2309390503	-0.0124943874
0.0017213940	0.1374998540	0.1374575401	2998.1301095348	-0.0249712055
0.0025696809	0.1374996350	0.1374165074	2992.4269829348	-0.0374319491
0.0034120231	0.1374993221	0.1373626496	2987.1052003655	-0.0498780522
0.0042485433	0.1374989177	0.1372962396	2982.1488874330	-0.0623108899
0.0050793602	0.1374984245	0.1372175429	2977.5427261008	-0.0747317808
0.0059045891	0.1374978452	0.1371268179	2973.2719825993	-0.0871419894
0.0067243421	0.1374971824	0.1370243161	2969.3225094671	-0.0995427278
0.0075387277	0.1374964389	0.1369102823	2965.6807327751	-0.1119351584
0.0083478519	0.1374956173	0.1367849552	2962.3336312590	-0.1243203956
0.0091518173	0.1374947203	0.1366485669	2959.2687114291	-0.1366995078
0.0099507240	0.1374937507	0.1365013439	2956.4739810979	-0.1490735192
0.0107446694	0.1374927111	0.1363435069	2953.9379227631	-0.1614434114
0.0115337483	0.1374916044	0.1361752709	2951.6494676688	-0.1738101253
0.0123180532	0.1374904333	0.1359968459	2949.5979709968	-0.1861745626
0.0130976739	0.1374892004	0.1358084364	2947.7731884092	-0.1985375869
0.0138726985	0.1374879085	0.1356102422	2946.1652540396	-0.2109000253
0.0146432126	0.1374865602	0.1354024584	2944.7646654448	-0.2232626700
0.0154092999	0.1374851583	0.1351852751	2943.5622770842	-0.2356262789
0.0161710420	0.1374837055	0.1349588782	2942.5492631524	-0.2479915775
0.0169285187	0.1374822044	0.1347234492	2941.7171036963	-0.2603592595
0.0176818080	0.1374806576	0.1344791653	2941.0575711248	-0.2727299880
0.0184309861	0.1374790678	0.1342261998	2940.5627161190	-0.2851043967
0.0191761277	0.1374774376	0.1339647221	2940.2248546533	-0.2974830905
0.0199173057	0.1374757696	0.1336948976	2940.0365559516	-0.3098666468
0.0206545914	0.1374740663	0.1334168884	2939.9906313365	-0.3222556161
0.0213880548	0.1374723302	0.1331308528	2940.0801239021	-0.3346505229
0.0221177644	0.1374705640	0.1328369458	2940.2982706744	-0.3470518666
0.0228437873	0.1374687699	0.1325353193	2940.6384643712	-0.3594601219
0.0235661893	0.1374669506	0.1322261218	2941.0945052732	-0.3718757401
0.0242850348	0.1374651084	0.1319094992	2941.6604555135	-0.3842991508
0.0250003870	0.1374632457	0.1315855943	2942.3305745725	-0.3967307619
0.0257123081	0.1374613649	0.1312545469	2943.0993143477	-0.4091709607
0.0264208589	0.1374594683	0.1309164945	2943.9613124873	-0.4216201147
0.0271260991	0.1374575583	0.1305715714	2944.9113847086	-0.4340785719
0.0278280875	0.1374556370	0.1302199099	2945.9445193833	-0.4465466616
0.0285268817	0.1374537068	0.1298616393	2947.0558725823	-0.4590246954
0.0292225384	0.1374517698	0.1294968869	2948.2407634859	-0.4715129670
0.0299151133	0.1374498282	0.1291257775	2949.4946701289	-0.4840117538
0.0306046612	0.1374478841	0.1287484334	2950.8132356969	-0.4965213167
0.0312912359	0.1374459396	0.1283649751	2952.1923601154	-0.5090419014
0.0319748903	0.1374439968	0.1279755210	2953.6278996872	-0.5215737385
0.0326556768	0.1374420577	0.1275801874	2955.1156996839	-0.5341170428
0.0333336465	0.1374401243	0.1271790888	2956.6517308560	-0.5466720142
0.0340088500	0.1374381985	0.1267723378	2958.2320976918	-0.5592388381
0.0346813371	0.1374362822	0.1263600451	2959.8530352191	-0.5718176858
0.0353511569	0.1374343774	0.1259423195	2961.5109024698	-0.5844087152
0.0360183575	0.1374324857	0.1255192683	2963.2021819684	-0.5970120708
0.0366829866	0.1374306091	0.1250909971	2964.9234785715	-0.6096278849
0.0373450912	0.1374287493	0.1246576095	2966.6715168415	-0.6222562775
0.0380047175	0.1374269080	0.1242192079	2968.4431385935	-0.6348973567
0.0386619112	0.1374250868	0.1237758929	2970.2353002835	-0.6475512197
0.0393167174	0.1374232873	0.1233277636	2972.0450705272	-0.6602179527
0.0399691806	0.1374215113	0.1228749176	2973.8696278126	-0.6728976315
0.0406193446	0.1374197602	0.1224174510	2975.7062582589	-0.6855903221
0.0412672529	0.1374180356	0.1219554584	2977.5523535600	-0.6982960809
0.0419129482	0.1374163388	0.1214890331	2979.4054087683	-0.7110149549
0.0425564729	0.1374146715	0.1210182669	2981.2630201678	-0.7237469828
0.0431978689	0.1374130349	0.1205432502	2983.1228833659	-0.7364921945
0.0438371774	0.1374114303	0.1200640721	2984.9827914115	-0.7492506123
0.0444744393	0.1374098593	0.1195808202	2986.8406330076	-0.7620222507
0.0451096952	0.1374083229	0.1190935811	2988.6943908735	-0.7748071169
0.0457429850	0.1374068224	0.1186024396	2990.5421400775	-0.7876052113
0.0463743483	0.1374053591	0.1181074797	2992.3820465106	-0.8004165280
0.0470038243	0.1374039341	0.1176087837	2994.2123655488	-0.8132410546
0.0476314518	0.1374025485	0.1171064328	2996.0314408225	-0.8260787730
0.0482572693	0.1374012034	0.1166005069	2997.8377031359	-0.8389296598
0.0488813147	0.1373998999	0.1160910847	2999.6296695675	-0.8517936862
0.0495036258	0.1373986388	0.1155782434	3001.4059427438	-0.8646708189
0.0501242401	0.1373974213	0.1150620593	3003.1652102879	-0.8775610198
0.0507431944	0.1373962483	0.1145426071	3004.9062445449	-0.8904642470
0.0513605256	0.1373951205	0.1140199604	3006.6279025577	-0.9033804546
0.0519762701	0.1373940390	0.1134941915	3008.3291306995	-0.9163095934
0.0525904641	0.1373930044	0.1129653715	3010.0095392293	-0.9292516134
0.0532031433	0.1373920176	0.1124335701	3011.6696349963	-0.9422064676
0.0538143435	0.1373910792	0.1118988556	3013.3091110113	-0.9551741086
0.0544240998	0.1373901901	0.1113612951	3014.9275140890	-0.9681544882
0.0550324474	0.1373893508	0.1108209541	3016.5244302872	-0.9811475569
0.0556394211	0.1373885621	0.1102779861	3018.1859286018	-0.9941535462
0.0562448585	0.1373878246	0.1097324866	3019.8576429794	-1.0071725090
0.0568488240	0.1373871388	0.1091845218	3021.5131190835	-1.0202044129
0.0574513800	0.1373865051	0.1086341568	3023.1533670339	-1.0332492304
0.0580525574	0.1373859240	0.1080814550	3024.7795821962	-1.0463069396
0.0586523866	0.1373853960	0.1075264785	3026.3931278332	-1.0593775251
0.0592508982	0.1373849213	0.1069692878	3027.9955158442	-1.0724609782
0.0598481223	0.1373845003	0.1064099419	3029.5884077511	-1.0855572980
0.0604440890	0.1373841333	0.1058484985	3031.1736197276	-1.0986664916
0.0610388282	0.1373838205	0.1052850133	3032.7531252437	-1.1117885751
0.0616323694	0.1373835621	0.1047195408	3034.4160874962	-1.1249239353
0.0622247421	0.1373833583	0.1041521337	3036.2651590866	-1.1380733853
0.0628159757	0.1373832092	0.1035828425	3038.3007558607	-1.1512377396
0.0634060994	0.1373831150	0.1030117150	3040.5226119759	-1.1644178111
0.0639951421	0.1373830757	0.1024387962	3042.9301187940	-1.1776144095
0.0645831326	0.1373830913	0.1018641278	3045.5223564689	-1.1908283397
0.0651700998	0.1373831619	0.1012877491	3048.2981155989	-1.2040604012
0.0657560721	0.1373832874	0.1007096961	3051.2558994232	-1.2173113862
0.0663410779	0.1373834678	0.1001300022	3054.3939337839	-1.2305820786
0.0669251457	0.1373837031	0.0995486978	3057.7101727072	-1.2438732532
0.0675083034	0.1373839929	0.0989658106	3061.2022995906	-1.2571856737
0.0680905793	0.1373843373	0.0983813655	3064.8677239411	-1.2705200923
0.0686720014	0.1373847360	0.0977953845	3068.7036097840	-1.2838772484
0.0692525974	0.1373851887	0.0972078872	3072.7068823721	-1.2972578673
0.0698323952	0.1373856953	0.0966188901	3076.8742273777	-1.3106626594
0.0704114224	0.1373862554	0.0960284074	3081.2020946640	-1.3240923193
0.0709897067	0.1373868686	0.0954364507	3085.6866998772	-1.3375475242
0.0715672756	0.1373875346	0.0948430290	3090.3240305117	-1.3510289336
0.0721441565	0.1373882531	0.0942481488	3095.1098508706	-1.3645371877
0.0727203769	0.1373890234	0.0936518143	3100.0399330357	-1.3780729079
0.0732959641	0.1373898453	0.0930540272	3105.3449869380	-1.3916376592
0.0738709453	0.1373907171	0.0924548052	3110.8250367705	-1.4052321982
0.0744453479	0.1373916375	0.0918541591	3116.3248199796	-1.4188566336
0.0750191989	0.1373926054	0.0912520827	3121.9476447334	-1.4325114937
0.0755925256	0.1373936199	0.0906485669	3127.6896135712	-1.4461972883
0.0761653551	0.1373946801	0.0900436009	3133.5466381752	-1.4599145085
0.0767377145	0.1373957853	0.0894371711	3139.5144143363	-1.4736636256
0.0773096309	0.1373969345	0.0888292623	3145.5884160760	-1.4874450906
0.0778811313	0.1373981270	0.0882198570	3151.7638654949	-1.5012593323
0.0784522427	0.1373993620	0.0876089355	3158.0357413357	-1.5151067569
0.0790229923	0.1374006385	0.0869964761	3164.3987743277	-1.5289877467
0.0795934070	0.1374019558	0.0863824555	3170.8473477779	-1.5429026584
0.0801635139	0.1374033128	0.0857668479	3177.4282659678	-1.5568520340
0.0807333401	0.1374047091	0.0851496311	3184.0460923266	-1.5708360269
0.0813029128	0.1374061441	0.0845307776	3190.7239283748	-1.5848548793
0.0818722590	0.1374076172	0.0839102590	3197.4528110205	-1.5989087943
0.0824414058	0.1374091276	0.0832880460	3204.2235959522	-1.6129979343
0.0830103806	0.1374106743	0.0826641083	3211.0270566564	-1.6271224210
0.0835792103	0.1374122563	0.0820384151	3217.8538103586	-1.6412823341
0.0841479224	0.1374138726	0.0814109347	3224.6942702861	-1.6554777104
0.0847165439	0.1374155221	0.0807816351	3231.5386260534	-1.6697085428
0.0852851022	0.1374172037	0.0801504839	3238.3768276888	-1.6839747792
0.0858536246	0.1374189162	0.0795174481	3245.1985719912	-1.6982763211
0.0864221386	0.1374206584	0.0788824950	3251.9932705512	-1.7126130223
0.0869906715	0.1374224290	0.0782455916	3258.7500325633	-1.7269846878
0.0875592508	0.1374242268	0.0776067048	3265.4577253389	-1.7413910722
0.0881279042	0.1374260504	0.0769658021	3272.1051823606	-1.7558318800
0.0886966593	0.1374278986	0.0763228509	3278.6847490543	-1.7703067791
0.0892655438	0.1374297700	0.0756778186	3285.1913135265	-1.7848154118
0.0898345854	0.1374316631	0.0750306727	3291.6176664440	-1.7993573863
0.0904038120	0.1374335766	0.0743813814	3297.9558781375	-1.8139322736
0.0909732516	0.1374355090	0.0737299135	3304.1979167357	-1.8285396067
0.0915429323	0.1374374588	0.0730762383	3310.3355663801	-1.8431788795
0.0921128822	0.1374394246	0.0724203260	3316.3602912893	-1.8578495455
0.0926831296	0.1374414046	0.0717621476	3322.2632744972	-1.8725510159
0.0932537031	0.1374433975	0.0711016749	3328.0353590217	-1.8872826579
0.0938246312	0.1374453976	0.0704400931	3335.5089603147	-1.9020497316
0.0943938679	0.1374473990	0.0697786946	3344.8357289309	-1.9168579513
0.0949602476	0.1374494001	0.0691174539	3353.9854150984	-1.9317064489
0.0955249547	0.1374513992	0.0684563485	3362.9501382248	-1.9465943206
0.0960880360	0.1374533950	0.0677953594	3371.7224773860	-1.9615206279
0.0966495376	0.1374553860	0.0671344709	3380.2955364588	-1.9764843997
0.0972095045	0.1374573705	0.0664736712	3388.6632476212	-1.9914846355
0.0977679802	0.1374593472	0.0658129524	3396.8199039865	-2.0065203065
0.0983250072	0.1374613146	0.0651523105	3404.7601019059	-2.0215903566
0.0988806268	0.1374632713	0.0644917453	3412.4787168878	-2.0366937038
0.0994348790	0.1374652159	0.0638312609	3419.9708792871	-2.0518292408
0.0999878029	0.1374671469	0.0631708650	3427.2320467901	-2.0669958367
0.1005394365	0.1374690631	0.0625105693	3434.2585134285	-2.0821923400
0.1010898171	0.1374709631	0.0618503893	3441.0497963240	-2.0974175925
0.1016389810	0.1374728456	0.0611903435	3448.1133015535	-2.1126725137
0.1021869637	0.1374747078	0.0605305175	3455.3877804182	-2.1279577769
0.1027338005	0.1374765459	0.0598710321	3462.0231378701	-2.1432706158
0.1032795150	0.1374783578	0.0592119132	3468.4308693918	-2.1586098851
0.1038241458	0.1374801418	0.0585531906	3474.6148518544	-2.1739744487
0.1043677234	0.1374818964	0.0578948979	3480.5784078370	-2.1893631762
0.1049102762	0.1374836204	0.0572370725	3486.3187492338	-2.2047749181
0.1054518309	0.1374853126	0.0565797560	3491.8319016558	-2.2202085013
0.1059924122	0.1374869719	0.0559229949	3497.1189890532	-2.2356627504
0.1065320434	0.1374885972	0.0552668407	3502.1828549570	-2.2511364961
0.1070707459	0.1374901877	0.0546113498	3507.0265835930	-2.2666285760
0.1076085398	0.1374917424	0.0539565837	3511.6535008763	-2.2821378359
0.1081454435	0.1374932604	0.0533026078	3516.0671689293	-2.2976631307
0.1086814739	0.1374947410	0.0526494922	3520.4103525346	-2.3132038686
0.1092166467	0.1374961796	0.0519993926	3528.2596116010	-2.3287714278
0.1097476039	0.1374975766	0.0513522911	3535.8454842776	-2.3443645996
0.1102761998	0.1374989319	0.0507081702	3543.1712576570	-2.3599821965
0.1108025251	0.1375002457	0.0500670123	3550.2393306793	-2.3756230467
0.1113266695	0.1375015182	0.0494288002	3557.0515143374	-2.3912859913
0.1118487217	0.1375027495	0.0487935162	3563.6090788411	-2.4069698812
0.1123687696	0.1375039399	0.0481611430	3569.9130895605	-2.4226735757
0.1128868996	0.1375050894	0.0475316635	3575.9641093271	-2.4383959401
0.1134031969	0.1375061984	0.0469050605	3581.7615771805	-2.4541358402
0.1139177457	0.1375072673	0.0462813173	3587.2996619637	-2.4698921205
0.1144306289	0.1375082963	0.0456604178	3592.5723131388	-2.4856636034
0.1149419283	0.1375092858	0.0450423483	3597.5776510019	-2.5014491070
0.1154517246	0.1375102362	0.0444270983	3602.3154214525	-2.5172474522
0.1159600969	0.1375111479	0.0438146600	3606.7855605924	-2.5330574630
0.1164671233	0.1375120212	0.0432050288	3610.9882147338	-2.5488779674
0.1169728804	0.1375128566	0.0425982030	3614.9239481912	-2.5647077987
0.1174774432	0.1375136545	0.0419941840	3618.5933707406	-2.5805457953
0.1179808852	0.1375144153	0.0413929761	3621.9970095021	-2.5963908003
0.1184832786	0.1375151394	0.0407945859	3625.1347214970	-2.6122416585
0.1189846941	0.1375158272	0.0401990227	3628.0058657147	-2.6280972137
0.1194852013	0.1375164794	0.0396062977	3630.6095159841	-2.6439563073
0.1199848680	0.1375170963	0.0390164240	3632.9444817540	-2.6598177776
0.1204837613	0.1375176784	0.0384294169	3635.0093398675	-2.6756804579
0.1209819467	0.1375182264	0.0378452936	3636.8028736192	-2.6915431776
0.1214794885	0.1375187408	0.0372640734	3638.3242658428	-2.7074047630
0.1219764490	0.1375192220	0.0366857779	3639.5724426899	-2.7232640368
0.1224728892	0.1375196707	0.0361104303	3640.5459435435	-2.7391198159
0.1229688690	0.1375200874	0.0355380560	3641.2412033983	-2.7549709032
0.1234644469	0.1375204728	0.0349686821	3642.1702701518	-2.7708181914
0.1239596803	0.1375208267	0.0344025700	3643.1996764365	-2.7866620837
0.1244545591	0.1375211462	0.0338399102	3644.0007741190	-2.8025015998
0.1249491684	0.1375214269	0.0332807835	3644.4166863765	-2.8183351976
0.1254435587	0.1375216690	0.0327252207	3644.5439234569	-2.8341616486
0.1259377781	0.1375218733	0.0321732573	3644.3876064426	-2.8499797463
0.1264318726	0.1375220402	0.0316249331	3643.9531253088	-2.8657883075
0.1269258859	0.1375221705	0.0310802926	3643.2463250134	-2.8815861744
0.1274198600	0.1375222648	0.0305393844	3642.2734083015	-2.8973722158
0.1279138349	0.1375223239	0.0300022610	3641.0410576131	-2.9131453301
0.1284078489	0.1375223482	0.0294689787	3639.5564272681	-2.9289044462
0.1289019386	0.1375223385	0.0289395976	3637.8271029947	-2.9446485266
0.1293961390	0.1375222954	0.0284141811	3635.8610577623	-2.9603765682
0.1298904835	0.1375222195	0.0278927953	3633.8583331788	-2.9760883047
0.1303850052	0.1375221152	0.0273773353	3636.9807722940	-2.9918030204
0.1308763406	0.1375219835	0.0268677451	3639.7313665471	-3.0075193375
0.1313663688	0.1375218251	0.0263639715	3642.1117644486	-3.0232358833
0.1318551952	0.1375216406	0.0258659645	3644.1232504703	-3.0389512877
0.1323429243	0.1375214310	0.0253736770	3645.7677260458	-3.0546641857
0.1328296592	0.1375211967	0.0248870645	3647.0477737686	-3.0703732196
0.1333155021	0.1375209385	0.0244060853	3647.9666194590	-3.0860770411
0.1338005539	0.1375206570	0.0239307004	3648.5278315732	-3.1017743136
0.1342849145	0.1375203529	0.0234608734	3648.7355990011	-3.1174637137
0.1347686825	0.1375200267	0.0229965711	3648.5945480933	-3.1331439338
0.1352519556	0.1375196792	0.0225377625	3648.1096595382	-3.1488136828
0.1357348303	0.1375193107	0.0220844196	3647.2863235910	-3.1644716883
0.1362174021	0.1375189219	0.0216365170	3646.1301959635	-3.1801166977
0.1366997655	0.1375185132	0.0211940318	3644.6470711592	-3.1957474789
0.1371820143	0.1375180853	0.0207569434	3642.8419624455	-3.2113628165
0.1376642410	0.1375176383	0.0203252339	3640.7177085131	-3.2269615025
0.1381465375	0.1375171726	0.0198988870	3638.2769491759	-3.2425423365
0.1386289945	0.1375166886	0.0194778878	3635.5229742191	-3.2581041279
0.1391117017	0.1375161865	0.0190622229	3632.4595717696	-3.2736456981
0.1395947480	0.1375156667	0.0186518798	3629.0908316568	-3.2891658823
0.1400782212	0.1375151294	0.0182468476	3625.4215749866	-3.3046635322
0.1405622083	0.1375145751	0.0178471163	3621.4569751911	-3.3201375174
0.1410467951	0.1375140041	0.0174526773	3617.2024910867	-3.3355867274
0.1415320669	0.1375134167	0.0170635227	3612.6638428836	-3.3510100721
0.1420181079	0.1375128133	0.0166796459	3607.8469856346	-3.3664064834
0.1425050019	0.1375121942	0.0163010413	3602.7579294358	-3.3817749157
0.1429928318	0.1375115598	0.0159277037	3597.4038448046	-3.3971143480
0.1434816800	0.1375109100	0.0155596291	3591.7916089063	-3.4124237860
0.1439716281	0.1375102443	0.0151968139	3585.9280976616	-3.4277022617
0.1444627568	0.1375095626	0.0148392553	3579.8154507665	-3.4429488137
0.1449551465	0.1375088649	0.0144869506	3573.4516074652	-3.4581624688
0.1454488767	0.1375082815	0.0141432541	3613.9534400848	-3.4735373690
0.1459440261	0.1375076756	0.0138046745	3605.7742983825	-3.4888719491
0.1464403869	0.1375069243	0.0134733688	3629.5015540168	-3.5042977015
0.1469381692	0.1375061519	0.0131470757	3620.5519344313	-3.5196797353
0.1474374450	0.1375053685	0.0128257569	3610.5798380074	-3.5350142925
0.1479382850	0.1375045754	0.0125094007	3600.4125615898	-3.5503006101
0.1484407597	0.1375037740	0.0121979950	3590.0473090702	-3.5655379131
0.1489449391	0.1375029658	0.0118915267	3579.4810705906	-3.5807254133
0.1494508932	0.1375021520	0.0115899819	3568.7106460305	-3.5958623086
0.1499586917	0.1375013341	0.0112933459	3557.7325675521	-3.6109477821
0.1504684041	0.1375005345	0.0110017244	3548.8035134139	-3.6259898212
0.1509801001	0.1374997347	0.0107160465	3544.6504095728	-3.6410079361
0.1514900912	0.1374989355	0.0104362016	3540.1742853490	-3.6560009301
0.1520004108	0.1374981379	0.0101620816	3535.3675751280	-3.6709675699
0.1525111695	0.1374973425	0.0098935812	3530.2238112394	-3.6859065908
0.1530224770	0.1374965500	0.0096305976	3524.7373638444	-3.7008166998
0.1535344419	0.1374957612	0.0093730305	3518.9033940292	-3.7156965796
0.1540471717	0.1374949767	0.0091207827	3512.7177634909	-3.7305448911
0.1545607726	0.1374941970	0.0088737593	3506.1769663089	-3.7453602766
0.1550753497	0.1374934228	0.0086318680	3499.2780771309	-3.7601413622
0.1555910067	0.1374926547	0.0083950192	3492.0187103475	-3.7748867601
0.1561078459	0.1374918932	0.0081631257	3484.3969867063	-3.7895950710
0.1566259681	0.1374911388	0.0079361027	3476.4115049723	-3.8042648862
0.1571454729	0.1374903919	0.0077138680	3468.0613170933	-3.8188947897
0.1576664580	0.1374896532	0.0074963415	3459.3459058492	-3.8334833599
0.1581890199	0.1374889230	0.0072834452	3450.2651643066	-3.8480291721
0.1587132534	0.1374882018	0.0070751035	3440.8193766297	-3.8625307994
0.1592392515	0.1374874901	0.0068712427	3431.0091999906	-3.8769868152
0.1597671057	0.1374867881	0.0066717911	3420.8356473626	-3.8913957945
0.1602969058	0.1374860964	0.0064766790	3410.3000710676	-3.9057563154
0.1608287398	0.1374854153	0.0062858383	3399.4041470266	-3.9200669607
0.1613626940	0.1374847451	0.0060992027	3388.1498596545	-3.9343263193
0.1618988526	0.1374840861	0.0059167076	3376.5394873559	-3.9485329877
0.1624372985	0.1374834388	0.0057382897	3364.5755886571	-3.9626855711
0.1629781122	0.1374828033	0.0055638874	3352.2609889322	-3.9767826849
0.1635213727	0.1374821799	0.0053934403	3339.5987676825	-3.9908229555
0.1640671568	0.1374815690	0.0052268892	3326.5922464193	-4.0048050219
0.1646155397	0.1374809707	0.0050641763	3313.2449771360	-4.0187275364
0.1651665942	0.1374803852	0.0049052446	3299.5607313651	-4.0325891658
0.1657203915	0.1374798128	0.0047500383	3285.5434897619	-4.0463885926
0.1662770007	0.1374792536	0.0045985026	3271.1974324064	-4.0601245152
0.1668364887	0.1374787077	0.0044505833	3256.5269296802	-4.0737956498
0.1673989207	0.1374781754	0.0043062271	3241.5365336242	-4.0874007304
0.1679643596	0.1374776566	0.0041653815	3226.2309699145	-4.1009385100
0.1685328664	0.1374771515	0.0040279946	3210.6151304057	-4.1144077615
0.1691044999	0.1374766602	0.0038940149	3194.6940662296	-4.1278072780
0.1696793169	0.1374761827	0.0037633917	3178.4729814348	-4.1411358738
0.1702573720	0.1374757191	0.0036360745	3161.9572271523	-4.1543923852
0.1708387180	0.1374752692	0.0035120134	3145.1522962674	-4.1675756707
0.1714234053	0.1374748333	0.0033911586	3128.0638185781	-4.1806846121
0.1720114824	0.1374744111	0.0032734610	3110.6975564147	-4.1937181148
0.1726029955	0.1374740026	0.0031588713	3093.0594006961	-4.2066751083
0.1731979887	0.1374736079	0.0030473407	3075.1553673931	-4.2195545472
0.1737965043	0.1374732267	0.0029388206	3056.9915943693	-4.2323554113
0.1743985821	0.1374728590	0.0028332625	3038.5743385654	-4.2450767060
0.1750042599	0.1374725047	0.0027306180	3019.9099734938	-4.2577174635
0.1756135734	0.1374721636	0.0026308388	3001.0049870066	-4.2702767425
0.1762265564	0.1374718355	0.0025338767	2981.8659792994	-4.2827536291
0.1768432401	0.1374715204	0.0024396836	2962.4996611118	-4.2951472373
0.1774636540	0.1374712180	0.0023482114	2942.9128520855	-4.3074567090
0.1780878254	0.1374709281	0.0022594121	2923.1124792392	-4.3196812151
0.1787157793	0.1374706505	0.0021732378	2903.1055755180	-4.3318199555
0.1793475388	0.1374703849	0.0020896403	2882.8992783788	-4.3438721594
0.1799831247	0.1374701313	0.0020085719	2862.5008283683	-4.3558370861
0.1806225560	0.1374698892	0.0019299846	2841.9175676539	-4.3677140253
0.1812658494	0.1374696585	0.0018538305	2821.1569384677	-4.3795022973
0.1819130194	0.1374694389	0.0017800618	2800.2264814244	-4.3912012535
0.1825640787	0.1374692301	0.0017086308	2779.1338336745	-4.4028102767
0.1832190376	0.1374690318	0.0016394897	2757.8867268584	-4.4143287819
0.1838779047	0.1374688438	0.0015725909	2736.4929848245	-4.4257562157
0.1845406863	0.1374686658	0.0015078869	2714.9605210802	-4.4370920579
0.1852073866	0.1374684974	0.0014453302	2693.2973359452	-4.4483358206
0.1858780080	0.1374683384	0.0013848736	2671.5115133786	-4.4594870494
0.1865525506	0.1374681885	0.0013264698	2649.6112174554	-4.4705453233
0.1872310126	0.1374680474	0.0012700719	2627.6046884697	-4.4815102551
0.1879133902	0.1374679148	0.0012156331	2605.5002386444	-4.4923814915
0.1885996776	0.1374677904	0.0011631069	2583.3062474334	-4.5031587136
0.1892898670	0.1374676738	0.0011124468	2561.0311564014	-4.5138416369
0.1899839486	0.1374675648	0.0010636068	2538.6834636736	-4.5244300117
0.1906819106	0.1374674631	0.0010165411	2516.2717179487	-4.5349236232
0.1913837395	0.1374673684	0.0009712043	2493.8045120739	-4.5453222914
0.1920894195	0.1374672803	0.0009275512	2471.2904761834	-4.5556258717
0.1927989332	0.1374671987	0.0008855370	2448.7382704057	-4.5658342547
0.1935122611	0.1374671232	0.0008451174	2426.1565771490	-4.5759473662
0.1942293822	0.1374670535	0.0008062484	2403.5540929784	-4.5859651674
0.1949502732	0.1374669893	0.0007688865	2380.9395200998	-4.5958876550
0.1956749092	0.1374669305	0.0007329887	2358.3215574728	-4.6057148607
0.1964032636	0.1374668766	0.0006985124	2335.7088913177	-4.6154468517
0.1971353079	0.1374668275	0.0006654156	2313.1101872028	-4.6250837301
0.1978710119	0.1374667829	0.0006336568	2290.5340795885	-4.6346256333
0.1986103437	0.1374667425	0.0006031952	2267.9891587684	-4.6440727331
0.1993532699	0.1374667062	0.0005739903	2245.4839627259	-4.6534252361
0.2000997551	0.1374666737	0.0005460024	2223.0269666193	-4.6626833830
0.2008497627	0.1374666446	0.0005191925	2200.6265721223	-4.6718474487
0.2016032543	0.1374666190	0.0004935221	2178.2910966640	-4.6809177414
0.2023601901	0.1374665964	0.0004689534	2156.0287626095	-4.6898946026
0.2031205287	0.1374665768	0.0004454493	2133.8476864297	-4.6987784067
0.2038842274	0.1374665599	0.0004229733	2111.7558679030	-4.7075695602
0.2046512420	0.1374665455	0.0004014898	2089.7611794114	-4.7162685012
0.2054215271	0.1374665335	0.0003809638	2067.8713553418	-4.7248756993
0.2061950358	0.1374665237	0.0003613610	2046.0939816270	-4.7333916543
0.2069717202	0.1374665159	0.0003426479	2024.4364855911	-4.7418168961
0.2077515311	0.1374665099	0.0003247918	2002.9061260240	-4.7501519837
0.2085344181	0.1374665057	0.0003077607	1981.5099835602	-4.7583975045
0.2093203297	0.1374665030	0.0002915233	1960.2549514092	-4.7665540736
0.2101092136	0.1374665018	0.0002760492	1939.1477264809	-4.7746223331
0.2109010162	0.1374665019	0.0002613087	1918.1948009425	-4.7826029511
0.2116956833	0.1374665031	0.0002472728	1897.4024542446	-4.7904966206
0.2124931597	0.1374665054	0.0002339135	1876.7767456492	-4.7983040591
0.2132933892	0.1374665087	0.0002212034	1856.3235072911	-4.8060260075
0.2140963153	0.1374665129	0.0002091159	1836.0483377990	-4.8136632289
0.2149018804	0.1374665178	0.0001976252	1815.9565965014	-4.8212165078
0.2157100265	0.1374665233	0.0001867063	1796.0533982380	-4.8286866492
0.2165206951	0.1374665295	0.0001763348	1776.3436087937	-4.8360744775
0.2173338270	0.1374665362	0.0001664873	1756.8318409685	-4.8433808353
0.2181493627	0.1374665433	0.0001571411	1737.5224512938	-4.8506065825
0.2189672422	0.1374665508	0.0001482739	1718.4195374012	-4.8577525954
0.2197874055	0.1374665586	0.0001398647	1699.5269360468	-4.8648197654
0.2206097919	0.1374665667	0.0001318927	1680.8482217890	-4.8718089981
0.2214343407	0.1374665749	0.0001243382	1662.3867063172	-4.8787212118
0.2222609912	0.1374665834	0.0001171821	1644.1454384218	-4.8855573373
0.2230896825	0.1374665919	0.0001104057	1626.1272045960	-4.8923183158
0.2239203536	0.1374666005	0.0001039914	1608.3345302546	-4.8990050986
0.2247529436	0.1374666091	0.0000979221	1590.7696815528	-4.9056186458
0.2255873918	0.1374666177	0.0000921812	1573.4346677855	-4.9121599251
0.2264236373	0.1374666263	0.0000867530	1556.3312443457	-4.9186299110
0.2272616198	0.1374666348	0.0000816222	1539.4609162163	-4.9250295835
0.2281012789	0.1374666433	0.0000767742	1522.8249419702	-4.9313599276
0.2289425548	0.1374666516	0.0000721951	1506.4243382504	-4.9376219318
0.2297853878	0.1374666598	0.0000678713	1490.2598847004	-4.9438165872
0.2306297186	0.1374666679	0.0000637901	1474.3321293135	-4.9499448868
0.2314754884	0.1374666758	0.0000599390	1458.6413941712	-4.9560078246
0.2323226389	0.1374666835	0.0000563064	1443.1877815358	-4.9620063944
0.2331711122	0.1374666911	0.0000528809	1427.9711802663	-4.9679415892
0.2340208510	0.1374666985	0.0000496518	1412.9912725232	-4.9738144001
0.2348717986	0.1374667056	0.0000466087	1398.2475407285	-4.9796258158
0.2357238989	0.1374667126	0.0000437418	1383.7392747506	-4.9853768217
0.2365770964	0.1374667194	0.0000410418	1369.4655792764	-4.9910683991
0.2374313363	0.1374667260	0.0000384996	1355.4253813448	-4.9967015243
0.2382865646	0.1374667323	0.0000361068	1341.6174380034	-5.0022771682
0.2391427279	0.1374667385	0.0000338553	1328.0403440639	-5.0077962958
0.2399997736	0.1374667444	0.0000317372	1314.6925399228	-5.0132598650
0.2408576499	0.1374667501	0.0000297454	1301.5723194204	-5.0186688265
0.2417163058	0.1374667556	0.0000278726	1288.6778377101	-5.0240241228
0.2425756912	0.1374667609	0.0000261124	1276.0071191150	-5.0293266884
0.2434357566	0.1374667660	0.0000244584	1263.5580649433	-5.0345774483
0.2442964536	0.1374667709	0.0000229046	1251.3284612411	-5.0397773185
0.2451577345	0.1374667756	0.0000214453	1239.3159864648	-5.0449272050
0.2460195527	0.1374667801	0.0000200752	1227.5182190459	-5.0500280033
0.2468818621	0.1374667844	0.0000187890	1215.9326448382	-5.0550805986
0.2477446179	0.1374667886	0.0000175819	1204.5566644222	-5.0600858649
0.2486077761	0.1374667925	0.0000164494	1193.3876002594	-5.0650446649
0.2494712933	0.1374667963	0.0000153871	1182.4227036778	-5.0699578499
0.2503351275	0.1374667999	0.0000143908	1171.6591616760	-5.0748262591
0.2511992372	0.1374668033	0.0000134567	1161.0941035401	-5.0796507197
0.2520635820	0.1374668066	0.0000125811	1150.7246072595	-5.0844320468
0.2529281225	0.1374668097	0.0000117605	1140.5477057333	-5.0891710428
0.2537928201	0.1374668127	0.0000109917	1130.5603927665	-5.0938684975
0.2546576371	0.1374668155	0.0000102714	1120.7596288439	-5.0985251881
0.2555225367	0.1374668182	0.0000095969	1111.1423466798	-5.1031418789
0.2563874832	0.1374668208	0.0000089652	1101.7054565449	-5.1077193211
0.2572524414	0.1374668232	0.0000083738	1092.4459926840	-5.1122582537
0.2581173775	0.1374668255	0.0000078203	1083.3610007569	-5.1167594029
0.2589822581	0.1374668275	0.0000073023	1074.4473814461	-5.1212234819
0.2598470511	0.1374668293	0.0000068176	1065.7019479627	-5.1256511908
0.2607117249	0.1374668310	0.0000063642	1057.1214919819	-5.1300432161
0.2615762491	0.1374668324	0.0000059402	1048.7028158453	-5.1344002312
0.2624405938	0.1374668336	0.0000055436	1040.4427450774	-5.1387228962
0.2633047303	0.1374668346	0.0000051728	1032.3381321264	-5.1430118580
0.2641686304	0.1374668356	0.0000048262	1024.3858569373	-5.1472677507
0.2650322669	0.1374668363	0.0000045022	1016.5828268496	-5.1514911955
0.2658956134	0.1374668370	0.0000041994	1008.9259767661	-5.1556828006
0.2667586443	0.1374668375	0.0000039165	1001.4122697915	-5.1598431618
0.2676213346	0.1374668380	0.0000036523	994.0386982805	-5.1639728622
0.2684836603	0.1374668383	0.0000034054	986.8022851940	-5.1680724727
0.2693455981	0.1374668386	0.0000031749	979.7000855746	-5.1721425516
0.2702071253	0.1374668388	0.0000029596	972.7291881105	-5.1761836453
0.2710682200	0.1374668390	0.0000027586	965.8867166579	-5.1801962882
0.2719288612	0.1374668390	0.0000025709	959.1698317082	-5.1841810028
0.2727890282	0.1374668391	0.0000023958	952.5757317623	-5.1881383000
0.2736487013	0.1374668391	0.0000022324	946.1016545909	-5.1920686791
0.2745078614	0.1374668391	0.0000020799	939.7448783793	-5.1959726282
0.2753664899	0.1374668390	0.0000019376	933.5027227516	-5.1998506241
0.2762245692	0.1374668389	0.0000018048	927.3725496703	-5.2037031327
0.2770820819	0.1374668388	0.0000016810	921.3517642281	-5.2075306090
0.2779390114	0.1374668387	0.0000015655	915.4378153236	-5.2113334976
0.2787953418	0.1374668386	0.0000014578	909.6281962210	-5.2151122324
0.2796510576	0.1374668384	0.0000013574	903.9204450181	-5.2188672373
0.2805061440	0.1374668383	0.0000012638	898.3121450119	-5.2225989258
0.2813605866	0.1374668381	0.0000011766	892.8009249735	-5.2263077020
0.2822143718	0.1374668379	0.0000010952	887.3844593444	-5.2299939598
0.2830674862	0.1374668377	0.0000010194	882.0604683272	-5.2336580841
0.2839199172	0.1374668375	0.0000009488	876.8267179327	-5.2373004501
0.2847716525	0.1374668373	0.0000008829	871.6810199491	-5.2409214242
0.2856226805	0.1374668372	0.0000008216	866.6212317976	-5.2445213636
0.2864729897	0.1374668370	0.0000007645	861.6452564372	-5.2481006172
0.2873225695	0.1374668368	0.0000007113	856.7510420499	-5.2516595249
0.2881714095	0.1374668366	0.0000006617	851.9365818747	-5.2551984185
0.2890194998	0.1374668364	0.0000006155	847.1999137724	-5.2587176215
0.2898668308	0.1374668362	0.0000005726	842.5391199565	-5.2622174497
0.2907133935	0.1374668361	0.0000005325	837.9523265307	-5.2656982108
0.2915591792	0.1374668359	0.0000004953	833.4377030476	-5.2691602050
0.2924041797	0.1374668357	0.0000004606	828.9934620488	-5.2726037250
0.2932483869	0.1374668356	0.0000004283	824.6178585553	-5.2760290565
0.2940917933	0.1374668354	0.0000003982	820.3091895079	-5.2794364777
0.2949343918	0.1374668353	0.0000003702	816.0657932718	-5.2828262603
0.2957761755	0.1374668351	0.0000003442	811.8860917556	-5.2861986691
0.2966171378	0.1374668350	0.0000003200	807.7692253756	-5.2895539648
0.2974572726	0.1374668348	0.0000002974	803.7136219989	-5.2928924015
0.2982965740	0.1374668347	0.0000002765	799.7176104129	-5.2962142266
0.2991350363	0.1374668346	0.0000002570	795.7795759583	-5.2995196808
0.2999726544	0.1374668345	0.0000002388	791.8979851527	-5.3028089986
0.3008094231	0.1374668344	0.0000002219	788.0713784285	-5.3060824085
0.3016453379	0.1374668343	0.0000002062	784.2983585431	-5.3093401333
0.3024803941	0.1374668342	0.0000001916	780.5775809604	-5.3125823901
0.3033145877	0.1374668342	0.0000001780	776.9077469403	-5.3158093907
0.3041479146	0.1374668341	0.0000001654	773.2875987710	-5.3190213417
0.3049803712	0.1374668340	0.0000001537	769.7159164509	-5.3222184445
0.3058119539	0.1374668339	0.0000001428	766.1915155623	-5.3254008958
0.3066426595	0.1374668339	0.0000001326	762.7132452735	-5.3285688873
0.3074724851	0.1374668338	0.0000001232	759.2799873690	-5.3317226062
0.3083014277	0.1374668338	0.0000001144	755.8906550389	-5.3348622350
0.3091294848	0.1374668337	0.0000001063	752.5441919795	-5.3379879520
0.3099566538	0.1374668337	0.0000000987	749.2395716814	-5.3410999313
0.3107829327	0.1374668336	0.0000000916	745.9757966893	-5.3441983425
0.3116083194	0.1374668336	0.0000000851	742.7518977750	-5.3472833515
0.3124328119	0.1374668336	0.0000000790	739.5669336609	-5.3503551201
0.3132564086	0.1374668335	0.0000000734	736.4199897900	-5.3534138064
0.3140791080	0.1374668335	0.0000000681	733.3101783481	-5.3564595649
0.3149009087	0.1374668335	0.0000000632	730.2366371107	-5.3594925462
0.3157218094	0.1374668335	0.0000000587	727.1985292033	-5.3625128978
0.3165418092	0.1374668334	0.0000000545	724.1950424813	-5.3655207634
0.3173609070	0.1374668334	0.0000000506	721.2253884808	-5.3685162839
0.3181791021	0.1374668334	0.0000000469	718.2888028701	-5.3714995967
0.3189963938	0.1374668334	0.0000000436	715.3845436622	-5.3744708361
0.3198127816	0.1374668333	0.0000000404	712.5118917372	-5.3774301337
0.3206282651	0.1374668333	0.0000000375	709.6701493926	-5.3803776178
0.3214428441	0.1374668333	0.0000000348	706.8586407556	-5.3833134142
0.3222565182	0.1374668333	0.0000000323	704.0767107019	-5.3862376459
0.3230692876	0.1374668333	0.0000000300	701.3237239207	-5.3891504331
0.3238811521	0.1374668333	0.0000000278	698.5990657519	-5.3920518938
0.3246921120	0.1374668333	0.0000000258	695.9021406981	-5.3949421431
0.3255021675	0.1374668332	0.0000000240	693.2323718532	-5.3978212940
0.3263113190	0.1374668332	0.0000000222	690.5892007729	-5.4006894570
0.3271195669	0.1374668332	0.0000000206	687.9720881090	-5.4035467406
0.3279269116	0.1374668332	0.0000000191	685.3805105553	-5.4063932508
0.3287333538	0.1374668332	0.0000000177	682.8139631602	-5.4092290918
0.3295388942	0.1374668332	0.0000000165	680.2719580360	-5.4120543655
0.3303435335	0.1374668332	0.0000000153	677.7540220151	-5.4148691720
0.3311472726	0.1374668332	0.0000000142	675.2597000236	-5.4176736096
0.3319501123	0.1374668332	0.0000000131	672.7885514508	-5.4204677745
0.3327520537	0.1374668332	0.0000000122	670.3401512953	-5.4232517614
0.3335530977	0.1374668332	0.0000000113	667.9140900424	-5.4260256630
0.3343532455	0.1374668332	0.0000000105	665.5099719219	-5.4287895708
0.3351524982	0.1374668332	0.0000000097	663.1274164412	-5.4315435742
0.3359508570	0.1374668332	0.0000000090	660.7660560515	-5.4342877615
0.3367483233	0.1374668331	0.0000000084	658.4255387369	-5.4370222192
0.3375448982	0.1374668331	0.0000000077	656.1055248080	-5.4397470327
0.3383405833	0.1374668331	0.0000000072	653.8056865425	-5.4424622858
0.3391353799	0.1374668331	0.0000000067	651.5257118828	-5.4451680611
0.3399292895	0.1374668331	0.0000000062	649.2653000513	-5.4478644400
0.3407223135	0.1374668331	0.0000000057	647.0241613485	-5.4505515025
0.3415144537	0.1374668331	0.0000000053	644.8020220845	-5.4532293278
0.3423057114	0.1374668331	0.0000000049	642.5986164914	-5.4558979936
0.3430960885	0.1374668331	0.0000000046	640.4136936921	-5.4585575768
0.3438855865	0.1374668331	0.0000000042	638.2470119633	-5.4612081533
0.3446742072	0.1374668331	0.0000000039	636.0983433008	-5.4638497980
0.3454619523	0.1374668331	0.0000000036	633.9674698919	-5.4664825848
0.3462488235	0.1374668331	0.0000000034	631.8541849318	-5.4691065870
0.3470348227	0.1374668331	0.0000000031	629.7582929955	-5.4717218767
0.3478199516	0.1374668331	0.0000000029	627.6796101465	-5.4743285257
0.3486042122	0.1374668331	0.0000000027	625.6179605190	-5.4769266046
0.3493876064	0.1374668331	0.0000000025	623.5731843719	-5.4795161837
0.3501701359	0.1374668331	0.0000000023	621.5451233625	-5.4820973325
0.3509518028	0.1374668331	0.0000000021	619.5336424279	-5.4846701199
0.3517326090	0.1374668331	0.0000000020	617.5386021747	-5.4872346142
0.3525125565	0.1374668331	0.0000000018	615.5598869035	-5.4897908835
0.3532916473	0.1374668331	0.0000000017	613.5973820420	-5.4923389950
0.3540698833	0.1374668331	0.0000000016	611.6509846034	-5.4948790158
0.3548472666	0.1374668331	0.0000000015	609.7206099230	-5.4974110125
0.3556237992	0.1374668331	0.0000000013	607.8061686500	-5.4999350513
0.3563994832	0.1374668331	0.0000000012	605.9075985192	-5.5024511983
0.3571743207	0.1374668331	0.0000000012	604.0248301322	-5.5049595191
0.3579483137	0.1374668331	0.0000000011	602.1578190416	-5.5074600793
0.3587214644	0.1374668331	0.0000000010	600.3065206530	-5.5099529443
0.3594937748	0.1374668331	0.0000000009	598.4709080543	-5.5124381792
0.3602652471	0.1374668331	0.0000000009	596.6509547114	-5.5149158493
0.3610358834	0.1374668331	0.0000000008	594.8466587600	-5.5173860195
0.3618056858	0.1374668331	0.0000000007	593.0580077993	-5.5198487551
0.3625746565	0.1374668331	0.0000000007	591.2850313625	-5.5223041211
0.3633427976	0.1374668331	0.0000000006	589.5277328491	-5.5247521827
0.3641101113	0.1374668331	0.0000000006	587.7861508774	-5.5271930055
0.3648765998	0.1374668331	0.0000000005	586.0603246869	-5.5296266547
0.3656422653	0.1374668331	0.0000000005	584.3503035632	-5.5320531963
0.3664071098	0.1374668331	0.0000000005	582.6561607808	-5.5344726963
0.3671711357	0.1374668331	0.0000000004	580.9779651732	-5.5368852209
0.3679343450	0.1374668331	0.0000000004	579.3158014791	-5.5392908368
0.3686967400	0.1374668331	0.0000000004	577.6697543936	-5.5416896112
0.3694583229	0.1374668331	0.0000000003	576.0399464254	-5.5440816115
0.3702190959	0.1374668331	0.0000000003	574.4264977394	-5.5464669058
0.3709790611	0.1374668331	0.0000000003	572.8295482188	-5.5488455627
0.3717382209	0.1374668331	0.0000000003	571.2491962486	-5.5512176512
0.3724965772	0.1374668331	0.0000000002	569.6856320130	-5.5535832413
0.3732541325	0.1374668331	0.0000000002	568.1390065976	-5.5559424033
0.3740108889	0.1374668331	0.0000000002	566.6095389935	-5.5582952086
0.3747668485	0.1374668331	0.0000000002	565.0973715329	-5.5606417291
0.3755220136	0.1374668331	0.0000000002	563.6027073825	-5.5629820378
0.3762763864	0.1374668331	0.0000000002	562.1258000964	-5.5653162084
0.3770299691	0.1374668331	0.0000000002	560.6668495468	-5.5676443157
0.3777827639	0.1374668331	0.0000000001	559.2261084847	-5.5699664354
0.3785347729	0.1374668331	0.0000000001	557.8038462438	-5.5722826444
0.3792859985	0.1374668331	0.0000000001	556.4002821390	-5.5745930204
0.3800364427	0.1374668331	0.0000000001	555.0157771801	-5.5768976428
0.3807861077	0.1374668331	0.0000000001	553.6505665347	-5.5791965918
0.3815349959	0.1374668331	0.0000000001	552.3049906087	-5.5814899492
0.3822831092	0.1374668331	0.0000000001	550.9793881102	-5.5837777979
0.3830304500	0.1374668331	0.0000000001	549.6740524223	-5.5860602223
0.3837770203	0.1374668331	0.0000000001	548.3893940405	-5.5883373085
0.3845228225	0.1374668331	0.0000000001	547.1257280847	-5.5906091438
0.3852678585	0.1374668331	0.0000000001	545.8834976564	-5.5928758173
0.3860121307	0.1374668331	0.0000000001	544.6630785543	-5.5951374198
0.3867556411	0.1374668331	0.0000000001	543.4648745910	-5.5973940438
0.3874983919	0.1374668331	0.0000000001	542.2893416946	-5.5996457835
0.3882403853	0.1374668331	0.0000000000	541.1368379933	-5.6018927347
0.3889816234	0.1374668331	0.0000000000	540.0080223798	-5.6041349961
0.3897221084	0.1374668331	0.0000000000	538.9032370241	-5.6063726676
0.3904618424	0.1374668331	0.0000000000	537.8229295764	-5.6086058511
0.3912008274	0.1374668331	0.0000000000	536.7676585342	-5.6108346506
0.3919390658	0.1374668331	0.0000000000	535.7380060214	-5.6130591729
0.3926765595	0.1374668331	0.0000000000	534.7346002462	-5.6152795270
0.3934133106	0.1374668331	0.0000000000	533.7576566438	-5.6174958232
0.3941493214	0.1374668331	0.0000000000	532.8081948480	-5.6197081757
0.3948845938	0.1374668331	0.0000000000	531.8864281066	-5.6219166998
0.3956191301	0.1374668331	0.0000000000	530.9931950066	-5.6241215142
0.3963529322	0.1374668331	0.0000000000	530.1289380029	-5.6263227394
0.3970860022	0.1374668331	0.0000000000	529.2946876288	-5.6285205004
0.3978183423	0.1374668331	0.0000000000	528.4904317420	-5.6307149219
0.3985499545	0.1374668331	0.0000000000	527.7173195182	-5.6329061335
0.3992808408	0.1374668331	0.0000000000	526.9762491915	-5.6350942685
0.4000110034	0.1374668331	0.0000000000	526.2671756326	-5.6372794601
0.4007404443	0.1374668331	0.0000000000	525.5911862946	-5.6394618458
0.4014691654	0.1374668331	0.0000000000	524.9495588869	-5.6416415688
0.4021971689	0.1374668331	0.0000000000	524.3423464542	-5.6438187721
0.4029244568	0.1374668331	0.0000000000	523.7704122761	-5.6459936026
0.4036510311	0.1374668331	0.0000000000	523.2345304537	-5.6481662102
0.4043768938	0.1374668331	0.0000000000	522.7358568004	-5.6503367498
0.4051020470	0.1374668331	0.0000000000	522.2746240871	-5.6525053771
0.4058264925	0.1374668331	0.0000000000	521.8523418823	-5.6546722543
0.4065502325	0.1374668331	0.0000000000	521.4690312674	-5.6568375434
0.4072732689	0.1374668331	0.0000000000	521.1259655982	-5.6590014119
0.4079956037	0.1374668331	0.0000000000	520.8240792322	-5.6611640312
0.4087172388	0.1374668331	0.0000000000	520.5639729342	-5.6633255750
0.4094381763	0.1374668331	0.0000000000	520.3468704305	-5.6654862223
0.4101584181	0.1374668331	0.0000000000	520.1734030634	-5.6676461547
0.4108779661	0.1374668331	0.0000000000	520.0439155882	-5.6698055550
0.4115968222	0.1374668331	0.0000000000	519.9608657736	-5.6719646165
0.4123149885	0.1374668331	0.0000000000	519.9241708997	-5.6741235321
0.4130324668	0.1374668331	0.0000000000	519.9339214224	-5.6762824950
0.4137492591	0.1374668331	0.0000000000	519.9927187217	-5.6784417091
0.4144653673	0.1374668331	0.0000000000	520.1012089938	-5.6806013814
0.4151807933	0.1374668331	0.0000000000	520.2581899218	-5.6827617134
0.4158955389	0.1374668331	0.0000000000	520.4667586786	-5.6849229198
0.4166096062	0.1374668331	0.0000000000	520.7292419867	-5.6870852248
0.4173229968	0.1374668331	0.0000000000	521.0427090944	-5.6892488406
0.4180357129	0.1374668331	0.0000000000	521.4116033263	-5.6914139977
0.4187477561	0.1374668331	0.0000000000	521.8346335407	-5.6935809213
0.4194591284	0.1374668331	0.0000000000	522.3140326235	-5.6957498459
0.4201698316	0.1374668331	0.0000000000	522.8507147316	-5.6979210097
0.4208798676	0.1374668331	0.0000000000	523.4452308889	-5.7000946533
0.4215892383	0.1374668331	0.0000000000	524.0992935512	-5.7022710243
0.4222979453	0.1374668331	0.0000000000	524.8157694080	-5.7044503824
0.4230059907	0.1374668331	0.0000000000	525.5870980384	-5.7066329557
0.4237133761	0.1374668331	0.0000000000	526.4254356354	-5.7088190228
0.4244201034	0.1374668331	0.0000000000	527.3251360317	-5.7110088390
0.4251261745	0.1374668331	0.0000000000	528.2924046850	-5.7132026853
0.4258315910	0.1374668331	0.0000000000	529.3203780413	-5.7154008140
0.4265363548	0.1374668331	0.0000000000	530.4141030586	-5.7176034987
0.4272404677	0.1374668331	0.0000000000	531.5792774959	-5.7198110364
0.4279439314	0.1374668331	0.0000000000	532.8092573327	-5.7220236967
0.4286467478	0.1374668331	0.0000000000	534.1123702938	-5.7242417835
0.4293489185	0.1374668331	0.0000000000	535.4775905993	-5.7264655552
0.4300504454	0.1374668331	0.0000000000	536.9245876205	-5.7286953517
0.4307513301	0.1374668331	0.0000000000	538.4317341206	-5.7309314231
0.4314515744	0.1374668331	0.0000000000	540.0231953086	-5.7331741200
0.4321511801	0.1374668331	0.0000000000	541.6774910385	-5.7354237037
0.4328501488	0.1374668331	0.0000000000	543.4108556629	-5.7376805027
0.4335484823	0.1374668331	0.0000000000	545.2202375763	-5.7399448332
0.4342461823	0.1374668331	0.0000000000	547.1066368949	-5.7422170152
0.4349432505	0.1374668331	0.0000000000	549.0619536112	-5.7444973353
0.4356396886	0.1374668331	0.0000000000	551.1015929147	-5.7467861441
0.4363354983	0.1374668331	0.0000000000	553.2219472027	-5.7490837769
0.4370306812	0.1374668331	0.0000000000	555.4141563405	-5.7513905324
0.4377252391	0.1374668331	0.0000000000	557.6854914194	-5.7537067396
0.4384191735	0.1374668331	0.0000000000	560.0332416122	-5.7560327160
0.4391124862	0.1374668331	0.0000000000	562.4624844133	-5.7583688003
0.4398051789	0.1374668331	0.0000000000	564.9785508196	-5.7607153534
0.4404972531	0.1374668331	0.0000000000	567.5692248048	-5.7630726853
0.4411887105	0.1374668331	0.0000000000	570.2491876385	-5.7654411671
0.4418795527	0.1374668331	0.0000000000	572.9869048692	-5.7678210388
0.4425697814	0.1374668331	0.0000000000	575.8287848498	-5.7702127332
0.4432593982	0.1374668331	0.0000000000	578.7267013212	-5.7726164833
0.4439484047	0.1374668331	0.0000000000	581.7280150955	-5.7750327186
0.4446368024	0.1374668331	0.0000000000	584.8156922665	-5.7774617980
0.4453245931	0.1374668331	0.0000000000	587.9485787518	-5.7799039094
0.4460117783	0.1374668331	0.0000000000	591.1902435538	-5.7823595048
0.4466983596	0.1374668331	0.0000000000	594.4910096686	-5.7848288296
0.4473843385	0.1374668331	0.0000000000	597.8859082932	-5.7873122751
0.4480697166	0.1374668331	0.0000000000	601.3365028155	-5.7898100725
0.4487544956	0.1374668331	0.0000000000	604.8963884046	-5.7923226761
0.4494386769	0.1374668331	0.0000000000	608.5248876547	-5.7948503707
0.4501222622	0.1374668331	0.0000000000	612.1992447151	-5.7973933470
0.4508052528	0.1374668331	0.0000000000	615.9594550243	-5.7999519616
0.4514876505	0.1374668331	0.0000000000	619.8387709096	-5.8025267093
0.4521694568	0.1374668331	0.0000000000	623.7106465767	-5.8051175591
0.4528506731	0.1374668331	0.0000000000	627.7475202225	-5.8077251966
0.4535313010	0.1374668331	0.0000000000	631.7781098005	-5.8103495955
0.4542113420	0.1374668331	0.0000000000	635.8547215125	-5.8129909469
0.4548907976	0.1374668331	0.0000000000	640.1529366974	-5.8156501717
0.4555696693	0.1374668331	0.0000000000	644.3151020195	-5.8183267042
0.4562479586	0.1374668331	0.0000000000	648.7115513142	-5.8210215181
0.4569256670	0.1374668331	0.0000000000	653.0324315339	-5.8237342990
0.4576027960	0.1374668331	0.0000000000	657.5607959860	-5.8264659091
0.4582793471	0.1374668331	0.0000000000	662.0618689528	-5.8292162348
0.4589553217	0.1374668331	0.0000000000	666.5903608313	-5.8319853899
0.4596307213	0.1374668331	0.0000000000	671.2927431623	-5.8347740969
0.4603055474	0.1374668331	0.0000000000	675.9031297387	-5.8375819732
0.4609798014	0.1374668331	0.0000000000	680.6660209208	-5.8404096526
0.4616534848	0.1374668331	0.0000000000	685.4831823302	-5.8432573603
0.4623265989	0.1374668331	0.0000000000	690.4065576026	-5.8461255377
0.4629991453	0.1374668331	0.0000000000	695.2664128146	-5.8490139206
0.4636711254	0.1374668331	0.0000000000	700.2625677651	-5.8519230751
0.4643425406	0.1374668331	0.0000000000	705.0726068339	-5.8548522277
0.4650133923	0.1374668331	0.0000000000	710.4026502626	-5.8578035393
0.4656836819	0.1374668331	0.0000000000	715.2172769183	-5.8607748676
0.4663534108	0.1374668331	0.0000000000	720.5774842459	-5.8637684800
0.4670225805	0.1374668331	0.0000000000	725.5338998350	-5.8667826980
0.4676911923	0.1374668331	0.0000000000	730.9761602507	-5.8698195408
0.4683592476	0.1374668331	0.0000000000	736.1405231724	-5.8728778530
0.4690267479	0.1374668331	0.0000000000	741.2201076964	-5.8759572822
0.4696936944	0.1374668331	0.0000000000	741.9409049853	-5.8790397103
0.4703600886	0.1374668331	0.0000000000	747.1807681860	-5.8821439199
0.4710259318	0.1374668331	0.0000000000	752.8885805012	-5.8852718558
0.4716912254	0.1374668331	0.0000000000	758.4899702529	-5.8884230751
0.4723559707	0.1374668331	0.0000000000	763.7458328990	-5.8915961414
0.4730201691	0.1374668331	0.0000000000	768.8888769363	-5.8947905857
0.4736838219	0.1374668331	0.0000000000	774.8932026404	-5.8980099876
0.4743469306	0.1374668331	0.0000000000	780.3093391901	-5.9012519020
0.4750094963	0.1374668331	0.0000000000	785.8743340698	-5.9045169476
0.4756715205	0.1374668331	0.0000000000	791.8167322849	-5.9078066928
0.4763330044	0.1374668331	0.0000000000	797.0791944424	-5.9111183113
0.4769939495	0.1374668331	0.0000000000	3076.3715387060	-5.9239048885
0.4776543569	0.1374668331	0.0000000000	3082.6876183377	-5.9367177296
0.4783142280	0.1374668331	0.0000000000	3089.0057552047	-5.9495568403
0.4789735641	0.1374668331	0.0000000000	3095.4256979380	-5.9624226424
0.4796323665	0.1374668331	0.0000000000	3101.7875305699	-5.9753148932
0.4802906366	0.1374668331	0.0000000000	3108.1934414035	-5.9882337751
0.4809483755	0.1374668331	0.0000000000	3114.6685129813	-6.0011795753
0.4816055846	0.1374668331	0.0000000000	3121.1179092817	-6.0141521867
0.4822622651	0.1374668331	0.0000000000	3127.6337885259	-6.0271518854
0.4829184183	0.1374668331	0.0000000000	3134.1363117507	-6.0401786159
0.4835740455	0.1374668331	0.0000000000	3140.6744714670	-6.0532325261
0.4842291479	0.1374668331	0.0000000000	3147.2156463250	-6.0663136286
0.4848837269	0.1374668331	0.0000000000	3153.7975274307	-6.0794220924
0.4855377836	0.1374668331	0.0000000000	3160.4294878542	-6.0925581257
0.4861913193	0.1374668331	0.0000000000	3166.9934342125	-6.1057214457
0.4868443352	0.1374668331	0.0000000000	3173.6225787194	-6.1189123235
0.4874968326	0.1374668331	0.0000000000	3180.3829369934	-6.1321313044
0.4881488127	0.1374668331	0.0000000000	3186.9286546800	-6.1453774961
0.4888002768	0.1374668331	0.0000000000	3193.6867948684	-6.1586517816
0.4894512260	0.1374668331	0.0000000000	3200.3620810896	-6.1719538165
0.4901016615	0.1374668331	0.0000000000	3207.1043603249	-6.1852838793
0.4907515847	0.1374668331	0.0000000000	3213.8431881222	-6.1986419555
0.4914009967	0.1374668331	0.0000000000	3220.6276812779	-6.2120282349
0.4920498986	0.1374668331	0.0000000000	3227.4152375561	-6.2254427303
0.4926982918	0.1374668331	0.0000000000	3234.2024865960	-6.2388854404
0.4933461774	0.1374668331	0.0000000000	3241.0241683491	-6.2523565081
0.4939935565	0.1374668331	0.0000000000	3247.9241848937	-6.2658562593
0.4946404304	0.1374668331	0.0000000000	3254.7720030176	-6.2793844767
0.4952868002	0.1374668331	0.0000000000	3261.6982777902	-6.2929414865
0.4959326672	0.1374668331	0.0000000000	3268.6436014596	-6.3065273680
0.4965780325	0.1374668331	0.0000000000	3275.6320190776	-6.3201423001
0.4972228972	0.1374668331	0.0000000000	3282.5859009728	-6.3337861392
0.4978672626	0.1374668331	0.0000000000	3289.6490826176	-6.3474593398
0.4985111297	0.1374668331	0.0000000000	3296.7472716035	-6.3611620472
0.4991544998	0.1374668331	0.0000000000	3303.9548032993	-6.3748947161
0.4997973739	0.1374668331	0.0000000000	3310.9970879642	-6.3886566592
0.5004397533	0.1374668331	0.0000000000	3318.4760042627	-6.4024496919
0.5010816390	0.1374668331	0.0000000000	3325.6401657655	-6.4162725055
0.5017230323	0.1374668331	0.0000000000	3333.1228703356	-6.4301264241
0.5023639342	0.1374668331	0.0000000000	3340.7537160578	-6.4440120636
0.5030043458	0.1374668331	0.0000000000	3348.2522757132	-6.4579288740
0.5036442684	0.1374668331	0.0000000000	3356.1412836933	-6.4718784784
0.5042837029	0.1374668331	0.0000000000	3364.1323036849	-6.4858613007
0.5049226506	0.1374668331	0.0000000000	3372.1008177913	-6.4998772473
0.5055611124	0.1374668331	0.0000000000	3380.5398964470	-6.5139282743
0.5061990897	0.1374668331	0.0000000000	3389.1469968376	-6.5280150801
0.5068365833	0.1374668331	0.0000000000	3397.9756203216	-6.5421385855
0.5074735945	0.1374668331	0.0000000000	3407.3190811477	-6.5563009307
0.5081101243	0.1374668331	0.0000000000	3416.9622764419	-6.5705033614
0.5087461738	0.1374668331	0.0000000000	3427.1468849178	-6.5847481284
0.5093817442	0.1374668331	0.0000000000	3438.1532927351	-6.5990386477
0.5100168364	0.1374668331	0.0000000000	3449.9404030782	-6.6133781647
0.5106514515	0.1374668331	0.0000000000	3462.6560244202	-6.6277705391
0.5112855907	0.1374668331	0.0000000000	3476.7864114577	-6.6422216520
0.5119192550	0.1374668331	0.0000000000	3492.9791142931	-6.6567400764
0.5125524455	0.1374668331	0.0000000000	3510.9638163641	-6.6713332615
0.5131851632	0.1374668331	0.0000000000	3532.9118456572	-6.6860176831
0.5138174092	0.1374668331	0.0000000000	3559.0872274174	-6.7008109144
0.5144491845	0.1374668331	0.0000000000	3592.0286670690	-6.7157410821
0.5150804902	0.1374668331	0.0000000000	3635.4885377381	-6.7308519121
0.5157113274	0.1374668331	0.0000000000	3695.4198301279	-6.7462118777
0.5163416970	0.1374668331	0.0000000000	5762.3372924261	-6.7701643938
0.5169716001	0.1374668331	0.0000000000	5761.4713048637	-6.7941132923
0.5176010377	0.1374668331	0.0000000000	5760.9399578175	-6.8180599734
0.5182300108	0.1374668331	0.0000000000	5769.4394291626	-6.8420419837
0.5188585205	0.1374668331	0.0000000000	5770.8305665065	-6.8660297754
0.5194865678	0.1374668331	0.0000000000	5770.8313815908	-6.8900175696
0.5201536486	0.1374668331	0.0000000000	5770.8317082229	-6.9140053649
0.5208004910	0.1374668331	0.0000000000	5770.8318391155	-6.9379931606
0.5214468590	0.1374668331	0.0000000000	5770.8318915687	-6.9619809565
0.5220927534	0.1374668331	0.0000000000	5770.8319125885	-6.9859687524
0.5227381754	0.1374668331	0.0000000000	5770.8319210118	-7.0099565484
0.5233831259	0.1374668331	0.0000000000	5770.8319243874	-7.0339443444
0.5240276061	0.1374668331	0.0000000000	5770.8319257401	-7.0579321404
0.5246716169	0.1374668331	0.0000000000	5770.8319262821	-7.0819199364
0.5253151593	0.1374668331	0.0000000000	5770.8319264994	-7.1059077324
0.5259582345	0.1374668331	0.0000000000	5770.8319265864	-7.1298955283
0.5266008433	0.1374668331	0.0000000000	5770.8319266213	-7.1538833243
0.5272429869	0.1374668331	0.0000000000	5770.8319266353	-7.1778711203
0.5278846661	0.1374668331	0.0000000000	5770.8319266409	-7.2018589163
0.5285258821	0.1374668331	0.0000000000	5770.8319266431	-7.2258467123
0.5291666359	0.1374668331	0.0000000000	5770.8319266440	-7.2498345083
0.5298069283	0.1374668331	0.0000000000	5770.8319266444	-7.2738223043
0.5304467605	0.1374668331	0.0000000000	5770.8319266445	-7.2978101003
0.5310861334	0.1374668331	0.0000000000	5770.8319266446	-7.3217978963
0.5317250480	0.1374668331	0.0000000000	5770.8319266446	-7.3457856922
0.5323635053	0.1374668331	0.0000000000	5770.8319266446	-7.3697734882
0.5330015063	0.1374668331	0.0000000000	5770.8319266446	-7.3937612842
0.5336390519	0.1374668331	0.0000000000	5770.8319266446	-7.4177490802
0.5342761431	0.1374668331	0.0000000000	5770.8319266446	-7.4417368762
0.5349127809	0.1374668331	0.0000000000	5770.8319266446	-7.4657246722
0.5355489663	0.1374668331	0.0000000000	5770.8319266446	-7.4897124682
0.5361847001	0.1374668331	0.0000000000	5770.8319266446	-7.5137002642
0.5368199835	0.1374668331	0.0000000000	5770.8319266446	-7.5376880602
0.5374548173	0.1374668331	0.0000000000	5770.8319266446	-7.5616758561
0.5380892025	0.1374668331	0.0000000000	5770.8319266446	-7.5856636521
0.5387231400	0.1374668331	0.0000000000	5770.8319266446	-7.6096514481
0.5393566309	0.1374668331	0.0000000000	5770.8319266446	-7.6336392441
0.5399896759	0.1374668331	0.0000000000	5770.8319266446	-7.6576270401
0.5406222761	0.1374668331	0.0000000000	5770.8319266446	-7.6816148361
0.5412544325	0.1374668331	0.0000000000	5770.8319266446	-7.7056026321
0.5418861458	0.1374668331	0.0000000000	5770.8319266446	-7.7295904281
0.5425174172	0.1374668331	0.0000000000	5770.8319266446	-7.7535782241
0.5431482474	0.1374668331	0.0000000000	5770.8319266446	-7.7775660200
0.5437786374	0.1374668331	0.0000000000	5770.8319266446	-7.8015538160
0.5444085882	0.1374668331	0.0000000000	5770.8319266446	-7.8255416120
0.5450381007	0.1374668331	0.0000000000	5770.8319266446	-7.8495294080
0.5456671757	0.1374668331	0.0000000000	5770.8319266446	-7.8735172040
0.5462958142	0.1374668331	0.0000000000	5770.8319266446	-7.8975050000
0.5469240171	0.1374668331	0.0000000000	5770.8319266446	-7.9214927960
0.5475517853	0.1374668331	0.0000000000	5770.8319266446	-7.9454805920
0.5481791197	0.1374668331	0.0000000000	5770.8319266446	-7.9694683880
0.5488060212	0.1374668331	0.0000000000	5770.8319266446	-7.9934561839
0.5494324906	0.1374668331	0.0000000000	5770.8319266446	-8.0174439799
0.5500585290	0.1374668331	0.0000000000	5770.8319266446	-8.0414317759
0.5506841371	0.1374668331	0.0000000000	5770.8319266446	-8.0654195719
0.5513093159	0.1374668331	0.0000000000	5770.8319266446	-8.0894073679
0.5519340662	0.1374668331	0.0000000000	5770.8319266446	-8.1133951639
0.5525583889	0.1374668331	0.0000000000	5770.8319266446	-8.1373829599
0.5531822849	0.1374668331	0.0000000000	5770.8319266446	-8.1613707559
0.5538057551	0.1374668331	0.0000000000	5770.8319266446	-8.1853585519
0.5544288004	0.1374668331	0.0000000000	5770.8319266446	-8.2093463478
0.5550514215	0.1374668331	0.0000000000	5770.8319266446	-8.2333341438
0.5556736195	0.1374668331	0.0000000000	5770.8319266446	-8.2573219398
0.5562953950	0.1374668331	0.0000000000	5770.8319266446	-8.2813097358
0.5569167491	0.1374668331	0.0000000000	5770.8319266446	-8.3052975318
0.5575376825	0.1374668331	0.0000000000	5770.8319266446	-8.3292853278
0.5581581961	0.1374668331	0.0000000000	5770.8319266446	-8.3532731238
0.5587782908	0.1374668331	0.0000000000	5770.8319266446	-8.3772609198
0.5593979673	0.1374668331	0.0000000000	5770.8319266446	-8.4012487158
0.5600172266	0.1374668331	0.0000000000	5770.8319266446	-8.4252365117
0.5606360696	0.1374668331	0.0000000000	5770.8319266446	-8.4492243077
0.5612544969	0.1374668331	0.0000000000	5770.8319266446	-8.4732121037
0.5618725095	0.1374668331	0.0000000000	5770.8319266446	-8.4971998997
0.5624901082	0.1374668331	0.0000000000	5770.8319266446	-8.5211876957
0.5631072938	0.1374668331	0.0000000000	5770.8319266446	-8.5451754917
0.5637240672	0.1374668331	0.0000000000	5770.8319266446	-8.5691632877
0.5643404292	0.1374668331	0.0000000000	5770.8319266446	-8.5931510837
0.5649563805	0.1374668331	0.0000000000	5770.8319266446	-8.6171388797
0.5655719221	0.1374668331	0.0000000000	5770.8319266446	-8.6411266756
0.5661870548	0.1374668331	0.0000000000	5770.8319266446	-8.6651144716
0.5668017793	0.1374668331	0.0000000000	5770.8319266446	-8.6891022676
0.5674160964	0.1374668331	0.0000000000	5770.8319266446	-8.7130900636
0.5680300071	0.1374668331	0.0000000000	5770.8319266446	-8.7370778596
0.5686435120	0.1374668331	0.0000000000	5770.8319266446	-8.7610656556
0.5692566120	0.1374668331	0.0000000000	5770.8319266446	-8.7850534516
0.5698693079	0.1374668331	0.0000000000	5770.8319266446	-8.8090412476
0.5704816004	0.1374668331	0.0000000000	5770.8319266446	-8.8330290436
0.5710934905	0.1374668331	0.0000000000	5770.8319266446	-8.8570168395
0.5717049788	0.1374668331	0.0000000000	5770.8319266446	-8.8810046355
0.5723160662	0.1374668331	0.0000000000	5770.8319266446	-8.9049924315
0.5729267535	0.1374668331	0.0000000000	5770.8319266446	-8.9289802275
0.5735370413	0.1374668331	0.0000000000	5770.8319266446	-8.9529680235
0.5741469306	0.1374668331	0.0000000000	5770.8319266446	-8.9769558195
0.5747564221	0.1374668331	0.0000000000	5770.8319266446	-9.0009436155
0.5753655166	0.1374668331	0.0000000000	5770.8319266446	-9.0249314115
0.5759742148	0.1374668331	0.0000000000	5770.8319266446	-9.0489192075
0.5765825176	0.1374668331	0.0000000000	5770.8319266446	-9.0729070034
0.5771904256	0.1374668331	0.0000000000	5770.8319266446	-9.0968947994
0.5777979397	0.1374668331	0.0000000000	5770.8319266446	-9.1208825954
0.5784050606	0.1374668331	0.0000000000	5770.8319266446	-9.1448703914
0.5790117892	0.1374668331	0.0000000000	5770.8319266446	-9.1688581874
0.5796181260	0.1374668331	0.0000000000	5770.8319266446	-9.1928459834
0.5802240720	0.1374668331	0.0000000000	5770.8319266446	-9.2168337794
0.5808296278	0.1374668331	0.0000000000	5770.8319266446	-9.2408215754
0.5814347943	0.1374668331	0.0000000000	5770.8319266446	-9.2648093714
0.5820395721	0.1374668331	0.0000000000	5770.8319266446	-9.2887971673
0.5826439620	0.1374668331	0.0000000000	5770.8319266446	-9.3127849633
0.5832479648	0.1374668331	0.0000000000	5770.8319266446	-9.3367727593
0.5838515812	0.1374668331	0.0000000000	5770.8319266446	-9.3607605553
0.5844548120	0.1374668331	0.0000000000	5770.8319266446	-9.3847483513
0.5850576578	0.1374668331	0.0000000000	5770.8319266446	-9.4087361473
0.5856601194	0.1374668331	0.0000000000	5770.8319266446	-9.4327239433
0.5862621976	0.1374668331	0.0000000000	5770.8319266446	-9.4567117393
0.5868638930	0.1374668331	0.0000000000	5770.8319266446	-9.4806995353
0.5874652065	0.1374668331	0.0000000000	5770.8319266446	-9.5046873312
0.5880661387	0.1374668331	0.0000000000	5770.8319266446	-9.5286751272
0.5886666904	0.1374668331	0.0000000000	5770.8319266446	-9.5526629232
0.5892668623	0.1374668331	0.0000000000	5770.8319266446	-9.5766507192
0.5898666550	0.1374668331	0.0000000000	5770.8319266446	-9.6006385152
0.5904660694	0.1374668331	0.0000000000	5770.8319266446	-9.6246263112
0.5910651061	0.1374668331	0.0000000000	5770.8319266446	-9.6486141072
0.5916637659	0.1374668331	0.0000000000	5770.8319266446	-9.6726019032
0.5922620495	0.1374668331	0.0000000000	5770.8319266446	-9.6965896992
0.5928599575	0.1374668331	0.0000000000	5770.8319266446	-9.7205774951
0.5934574906	0.1374668331	0.0000000000	5770.8319266446	-9.7445652911
0.5940546497	0.1374668331	0.0000000000	5770.8319266446	-9.7685530871
0.5946514354	0.1374668331	0.0000000000	5770.8319266446	-9.7925408831
0.5952478483	0.1374668331	0.0000000000	5770.8319266446	-9.8165286791
0.5958438892	0.1374668331	0.0000000000	5770.8319266446	-9.8405164751
0.5964395588	0.1374668331	0.0000000000	5770.8319266446	-9.8645042711
0.5970348577	0.1374668331	0.0000000000	5770.8319266446	-9.8884920671
0.5976297867	0.1374668331	0.0000000000	5770.8319266446	-9.9124798631
0.5982243465	0.1374668331	0.0000000000	5770.8319266446	-9.9364676590
0.5988185377	0.1374668331	0.0000000000	5770.8319266446	-9.9604554550
0.5994123610	0.1374668331	0.0000000000	5770.8319266446	-9.9844432510
0.6000058171	0.1374668331	0.0000000000	5770.8319266446	-10.0084310470
0.6005989067	0.1374668331	0.0000000000	5770.8319266446	-10.0324188430
0.6011916305	0.1374668331	0.0000000000	5770.8319266446	-10.0564066390
0.6017839891	0.1374668331	0.0000000000	5770.8319266446	-10.0803944350
0.6023759832	0.1374668331	0.0000000000	5770.8319266446	-10.1043822310
0.6029676135	0.1374668331	0.0000000000	5770.8319266446	-10.1283700270
0.6035588807	0.1374668331	0.0000000000	5770.8319266446	-10.1523578229
0.6041497853	0.1374668331	0.0000000000	5770.8319266446	-10.1763456189
0.6047403282	0.1374668331	0.0000000000	5770.8319266446	-10.2003334149
0.6053305099	0.1374668331	0.0000000000	5770.8319266446	-10.2243212109
0.6059203312	0.1374668331	0.0000000000	5770.8319266446	-10.2483090069
0.6065097926	0.1374668331	0.0000000000	5770.8319266446	-10.2722968029
0.6070988948	0.1374668331	0.0000000000	5770.8319266446	-10.2962845989
0.6076876385	0.1374668331	0.0000000000	5770.8319266446	-10.3202723949
0.6082760244	0.1374668331	0.0000000000	5770.8319266446	-10.3442601909
0.6088640530	0.1374668331	0.0000000000	5770.8319266446	-10.3682479868
0.6094517251	0.1374668331	0.0000000000	5770.8319266446	-10.3922357828
0.6100390413	0.1374668331	0.0000000000	5770.8319266446	-10.4162235788
0.6106260023	0.1374668331	0.0000000000	5770.8319266446	-10.4402113748
0.6112126086	0.1374668331	0.0000000000	5770.8319266446	-10.4641991708
0.6117988609	0.1374668331	0.0000000000	5770.8319266446	-10.4881869668
0.6123847599	0.1374668331	0.0000000000	5770.8319266446	-10.5121747628
0.6129703062	0.1374668331	0.0000000000	5770.8319266446	-10.5361625588
0.6135555005	0.1374668331	0.0000000000	5770.8319266446	-10.5601503548
0.6141403433	0.1374668331	0.0000000000	5770.8319266446	-10.5841381507
0.6147248353	0.1374668331	0.0000000000	5770.8319266446	-10.6081259467
0.6153089771	0.1374668331	0.0000000000	5770.8319266446	-10.6321137427
0.6158927695	0.1374668331	0.0000000000	5770.8319266446	-10.6561015387
0.6164762129	0.1374668331	0.0000000000	5770.8319266446	-10.6800893347
0.6170593080	0.1374668331	0.0000000000	5770.8319266446	-10.7040771307
0.6176420555	0.1374668331	0.0000000000	5770.8319266446	-10.7280649267
0.6182244559	0.1374668331	0.0000000000	5770.8319266446	-10.7520527227
0.6188065099	0.1374668331	0.0000000000	5770.8319266446	-10.7760405187
0.6193882181	0.1374668331	0.0000000000	5770.8319266446	-10.8000283146
0.6199695811	0.1374668331	0.0000000000	5770.8319266446	-10.8240161106
0.6205505996	0.1374668331	0.0000000000	5770.8319266446	-10.8480039066
0.6211312741	0.1374668331	0.0000000000	5770.8319266446	-10.8719917026
0.6217116052	0.1374668331	0.0000000000	5770.8319266446	-10.8959794986
0.6222915936	0.1374668331	0.0000000000	5770.8319266446	-10.9199672946
0.6228712398	0.1374668331	0.0000000000	5770.8319266446	-10.9439550906
0.6234505446	0.1374668331	0.0000000000	5770.8319266446	-10.9679428866
0.6240295084	0.1374668331	0.0000000000	5770.8319266446	-10.9919306826
0.6246081318	0.1374668331	0.0000000000	5770.8319266446	-11.0159184785
0.6251864156	0.1374668331	0.0000000000	5770.8319266446	-11.0399062745
0.6257643602	0.1374668331	0.0000000000	5770.8319266446	-11.0638940705
0.6263419663	0.1374668331	0.0000000000	5770.8319266446	-11.0878818665
0.6269192344	0.1374668331	0.0000000000	5770.8319266446	-11.1118696625
0.6274961652	0.1374668331	0.0000000000	5770.8319266446	-11.1358574585
0.6280727593	0.1374668331	0.0000000000	5770.8319266446	-11.1598452545
0.6286490171	0.1374668331	0.0000000000	5770.8319266446	-11.1838330505
0.6292249394	0.1374668331	0.0000000000	5770.8319266446	-11.2078208465
0.6298005268	0.1374668331	0.0000000000	5770.8319266446	-11.2318086424
0.6303757797	0.1374668331	0.0000000000	5770.8319266446	-11.2557964384
0.6309506987	0.1374668331	0.0000000000	5770.8319266446	-11.2797842344
0.6315252846	0.1374668331	0.0000000000	5770.8319266446	-11.3037720304
0.6320995377	0.1374668331	0.0000000000	5770.8319266446	-11.3277598264
0.6326734588	0.1374668331	0.0000000000	5770.8319266446	-11.3517476224
0.6332470483	0.1374668331	0.0000000000	5770.8319266446	-11.3757354184
0.6338203070	0.1374668331	0.0000000000	5770.8319266446	-11.3997232144
0.6343932352	0.1374668331	0.0000000000	5770.8319266446	-11.4237110104
0.6349658337	0.1374668331	0.0000000000	5770.8319266446	-11.4476988063
0.6355381029	0.1374668331	0.0000000000	5770.8319266446	-11.4716866023
0.6361100434	0.1374668331	0.0000000000	5770.8319266446	-11.4956743983
0.6366816559	0.1374668331	0.0000000000	5770.8319266446	-11.5196621943
0.6372529408	0.1374668331	0.0000000000	5770.8319266446	-11.5436499903
0.6378238988	0.1374668331	0.0000000000	5770.8319266446	-11.5676377863
0.6383945304	0.1374668331	0.0000000000	5770.8319266446	-11.5916255823
0.6389648361	0.1374668331	0.0000000000	5770.8319266446	-11.6156133783
0.6395348165	0.1374668331	0.0000000000	5770.8319266446	-11.6396011743
0.6401044722	0.1374668331	0.0000000000	5770.8319266446	-11.6635889702
0.6406738037	0.1374668331	0.0000000000	5770.8319266446	-11.6875767662
0.6412428116	0.1374668331	0.0000000000	5770.8319266446	-11.7115645622
0.6418114964	0.1374668331	0.0000000000	5770.8319266446	-11.7355523582
0.6423798587	0.1374668331	0.0000000000	5770.8319266446	-11.7595401542
0.6429478990	0.1374668331	0.0000000000	5770.8319266446	-11.7835279502
0.6435156178	0.1374668331	0.0000000000	5770.8319266446	-11.8075157462
0.6440830158	0.1374668331	0.0000000000	5770.8319266446	-11.8315035422
0.6446500934	0.1374668331	0.0000000000	5770.8319266446	-11.8554913382
0.6452168513	0.1374668331	0.0000000000	5770.8319266446	-11.8794791341
0.6457832899	0.1374668331	0.0000000000	5770.8319266446	-11.9034669301
0.6463494097	0.1374668331	0.0000000000	5770.8319266446	-11.9274547261
0.6469152114	0.1374668331	0.0000000000	5770.8319266446	-11.9514425221
0.6474806954	0.1374668331	0.0000000000	5770.8319266446	-11.9754303181
0.6480458623	0.1374668331	0.0000000000	5770.8319266446	-11.9994181141
0.6486107127	0.1374668331	0.0000000000	5770.8319266446	-12.0234059101
0.6491752469	0.1374668331	0.0000000000	5770.8319266446	-12.0473937061
0.6497394657	0.1374668331	0.0000000000	5770.8319266446	-12.0713815021
0.6503033695	0.1374668331	0.0000000000	5770.8319266446	-12.0953692980
0.6508669588	0.1374668331	0.0000000000	5770.8319266446	-12.1193570940
0.6514302342	0.1374668331	0.0000000000	5770.8319266446	-12.1433448900
0.6519931961	0.1374668331	0.0000000000	5770.8319266446	-12.1673326860
0.6525558452	0.1374668331	0.0000000000	5770.8319266446	-12.1913204820
0.6531181819	0.1374668331	0.0000000000	5770.8319266446	-12.2153082780
0.6536802068	0.1374668331	0.0000000000	5770.8319266446	-12.2392960740
0.6542419203	0.1374668331	0.0000000000	5770.8319266446	-12.2632838700
0.6548033230	0.1374668331	0.0000000000	5770.8319266446	-12.2872716660
0.6553644154	0.1374668331	0.0000000000	5770.8319266446	-12.3112594619
0.6559251981	0.1374668331	0.0000000000	5770.8319266446	-12.3352472579
0.6564856714	0.1374668331	0.0000000000	5770.8319266446	-12.3592350539
0.6570458360	0.1374668331	0.0000000000	5770.8319266446	-12.3832228499
0.6576056924	0.1374668331	0.0000000000	5770.8319266446	-12.4072106459
0.6581652410	0.1374668331	0.0000000000	5770.8319266446	-12.4311984419
0.6587244823	0.1374668331	0.0000000000	5770.8319266446	-12.4551862379
0.6592834170	0.1374668331	0.0000000000	5770.8319266446	-12.4791740339
0.6598420454	0.1374668331	0.0000000000	5770.8319266446	-12.5031618299
0.6604003681	0.1374668331	0.0000000000	5770.8319266446	-12.5271496258
0.6609583855	0.1374668331	0.0000000000	5770.8319266446	-12.5511374218
0.6615160983	0.1374668331	0.0000000000	5770.8319266446	-12.5751252178
0.6620735068	0.1374668331	0.0000000000	5770.8319266446	-12.5991130138
0.6626306116	0.1374668331	0.0000000000	5770.8319266446	-12.6231008098
0.6631874132	0.1374668331	0.0000000000	5770.8319266446	-12.6470886058
0.6637439120	0.1374668331	0.0000000000	5770.8319266446	-12.6710764018
0.6643001086	0.1374668331	0.0000000000	5770.8319266446	-12.6950641978
0.6648560034	0.1374668331	0.0000000000	5770.8319266446	-12.7190519938
0.6654115970	0.1374668331	0.0000000000	5770.8319266446	-12.7430397897
0.6659668898	0.1374668331	0.0000000000	5770.8319266446	-12.7670275857
0.6665218824	0.1374668331	0.0000000000	5770.8319266446	-12.7910153817
0.6670765751	0.1374668331	0.0000000000	5770.8319266446	-12.8150031777
0.6676309686	0.1374668331	0.0000000000	5770.8319266446	-12.8389909737
0.6681850392	0.1374668331	0.0000000000	5770.8319266446	-12.8629787697
0.6687387956	0.1374668331	0.0000000000	5770.8319266446	-12.8869665657
0.6692922403	0.1374668331	0.0000000000	5770.8319266446	-12.9109543617
0.6698453738	0.1374668331	0.0000000000	5770.8319266446	-12.9349421577
0.6703981967	0.1374668331	0.0000000000	5770.8319266446	-12.9589299536
0.6709507094	0.1374668331	0.0000000000	5770.8319266446	-12.9829177496
0.6715029126	0.1374668331	0.0000000000	5770.8319266446	-13.0069055456
0.6720548066	0.1374668331	0.0000000000	5770.8319266446	-13.0308933416
0.6726063921	0.1374668331	0.0000000000	5770.8319266446	-13.0548811376
0.6731576695	0.1374668331	0.0000000000	5770.8319266446	-13.0788689336
0.6737086394	0.1374668331	0.0000000000	5770.8319266446	-13.1028567296
0.6742593023	0.1374668331	0.0000000000	5770.8319266446	-13.1268445256
0.6748096587	0.1374668331	0.0000000000	5770.8319266446	-13.1508323216
0.6753597090	0.1374668331	0.0000000000	5770.8319266446	-13.1748201175
0.6759094539	0.1374668331	0.0000000000	5770.8319266446	-13.1988079135
0.6764588926	0.1374668331	0.0000000000	5770.8319266446	-13.2227957095
0.6770080191	0.1374668331	0.0000000000	5770.8319266446	-13.2467835055
0.6775568373	0.1374668331	0.0000000000	5770.8319266446	-13.2707713015
0.6781053480	0.1374668331	0.0000000000	5770.8319266446	-13.2947590975
0.6786535515	0.1374668331	0.0000000000	5770.8319266446	-13.3187468935
0.6792014485	0.1374668331	0.0000000000	5770.8319266446	-13.3427346895
0.6797490394	0.1374668331	0.0000000000	5770.8319266446	-13.3667224855
0.6802963247	0.1374668331	0.0000000000	5770.8319266446	-13.3907102814
0.6808433049	0.1374668331	0.0000000000	5770.8319266446	-13.4146980774
0.6813899806	0.1374668331	0.0000000000	5770.8319266446	-13.4386858734
0.6819363523	0.1374668331	0.0000000000	5770.8319266446	-13.4626736694
0.6824824204	0.1374668331	0.0000000000	5770.8319266446	-13.4866614654
0.6830281855	0.1374668331	0.0000000000	5770.8319266446	-13.5106492614
0.6835736481	0.1374668331	0.0000000000	5770.8319266446	-13.5346370574
0.6841188086	0.1374668331	0.0000000000	5770.8319266446	-13.5586248534
0.6846636677	0.1374668331	0.0000000000	5770.8319266446	-13.5826126494
0.6852082257	0.1374668331	0.0000000000	5770.8319266446	-13.6066004453
0.6857524832	0.1374668331	0.0000000000	5770.8319266446	-13.6305882413
0.6862964407	0.1374668331	0.0000000000	5770.8319266446	-13.6545760373
0.6868400986	0.1374668331	0.0000000000	5770.8319266446	-13.6785638333
0.6873834575	0.1374668331	0.0000000000	5770.8319266446	-13.7025516293
0.6879265179	0.1374668331	0.0000000000	5770.8319266446	-13.7265394253
0.6884692802	0.1374668331	0.0000000000	5770.8319266446	-13.7505272213
0.6890117450	0.1374668331	0.0000000000	5770.8319266446	-13.7745150173
0.6895539126	0.1374668331	0.0000000000	5770.8319266446	-13.7985028133
0.6900957837	0.1374668331	0.0000000000	5770.8319266446	-13.8224906092
0.6906373588	0.1374668331	0.0000000000	5770.8319266446	-13.8464784052
0.6911786382	0.1374668331	0.0000000000	5770.8319266446	-13.8704662012
0.6917196224	0.1374668331	0.0000000000	5770.8319266446	-13.8944539972
0.6922603121	0.1374668331	0.0000000000	5770.8319266446	-13.9184417932
0.6928007075	0.1374668331	0.0000000000	5770.8319266446	-13.9424295892
0.6933408093	0.1374668331	0.0000000000	5770.8319266446	-13.9664173852
0.6938806179	0.1374668331	0.0000000000	5770.8319266446	-13.9904051812
0.6944201337	0.1374668331	0.0000000000	5770.8319266446	-14.0143929772
0.6949593573	0.1374668331	0.0000000000	5770.8319266446	-14.0383807731
0.6954982891	0.1374668331	0.0000000000	5770.8319266446	-14.0623685691
0.6960369296	0.1374668331	0.0000000000	5770.8319266446	-14.0863563651
0.6965752793	0.1374668331	0.0000000000	5770.8319266446	-14.1103441611
0.6971133386	0.1374668331	0.0000000000	5770.8319266446	-14.1343319571
0.6976511080	0.1374668331	0.0000000000	5770.8319266446	-14.1583197531
0.6981885880	0.1374668331	0.0000000000	5770.8319266446	-14.1823075491
0.6987257790	0.1374668331	0.0000000000	5770.8319266446	-14.2062953451
0.6992626816	0.1374668331	0.0000000000	5770.8319266446	-14.2302831411
0.6997992961	0.1374668331	0.0000000000	5770.8319266446	-14.2542709370
0.7003356230	0.1374668331	0.0000000000	5770.8319266446	-14.2782587330
0.7008716629	0.1374668331	0.0000000000	5770.8319266446	-14.3022465290
0.7014074161	0.1374668331	0.0000000000	5770.8319266446	-14.3262343250
0.7019428831	0.1374668331	0.0000000000	5770.8319266446	-14.3502221210
0.7024780644	0.1374668331	0.0000000000	5770.8319266446	-14.3742099170
0.7030129604	0.1374668331	0.0000000000	5770.8319266446	-14.3981977130
0.7035475716	0.1374668331	0.0000000000	5770.8319266446	-14.4221855090
0.7040818984	0.1374668331	0.0000000000	5770.8319266446	-14.4461733050
0.7046159414	0.1374668331	0.0000000000	5770.8319266446	-14.4701611009
0.7051497009	0.1374668331	0.0000000000	5770.8319266446	-14.4941488969
0.7056831774	0.1374668331	0.0000000000	5770.8319266446	-14.5181366929
0.7062163713	0.1374668331	0.0000000000	5770.8319266446	-14.5421244889
0.7067492831	0.1374668331	0.0000000000	5770.8319266446	-14.5661122849
0.7072819133	0.1374668331	0.0000000000	5770.8319266446	-14.5901000809
0.7078142623	0.1374668331	0.0000000000	5770.8319266446	-14.6140878769
0.7083463305	0.1374668331	0.0000000000	5770.8319266446	-14.6380756729
0.7088781184	0.1374668331	0.0000000000	5770.8319266446	-14.6620634689
0.7094096264	0.1374668331	0.0000000000	5770.8319266446	-14.6860512648
0.7099408550	0.1374668331	0.0000000000	5770.8319266446	-14.7100390608
0.7104718045	0.1374668331	0.0000000000	5770.8319266446	-14.7340268568
0.7110024755	0.1374668331	0.0000000000	5770.8319266446	-14.7580146528
0.7115328684	0.1374668331	0.0000000000	5770.8319266446	-14.7820024488
0.7120629837	0.1374668331	0.0000000000	5770.8319266446	-14.8059902448
0.7125928216	0.1374668331	0.0000000000	5770.8319266446	-14.8299780408
0.7131223828	0.1374668331	0.0000000000	5770.8319266446	-14.8539658368
0.7136516676	0.1374668331	0.0000000000	5770.8319266446	-14.8779536328
0.7141806764	0.1374668331	0.0000000000	5770.8319266446	-14.9019414287
0.7147094097	0.1374668331	0.0000000000	5770.8319266446	-14.9259292247
0.7152378680	0.1374668331	0.0000000000	5770.8319266446	-14.9499170207
0.7157660515	0.1374668331	0.0000000000	5770.8319266446	-14.9739048167
0.7162939609	0.1374668331	0.0000000000	5770.8319266446	-14.9978926127
0.7168215964	0.1374668331	0.0000000000	5770.8319266446	-15.0218804087
0.7173489586	0.1374668331	0.0000000000	5770.8319266446	-15.0458682047
0.7178760478	0.1374668331	0.0000000000	5770.8319266446	-15.0698560007
0.7184028645	0.1374668331	0.0000000000	5770.8319266446	-15.0938437967
0.7189294091	0.1374668331	0.0000000000	5770.8319266446	-15.1178315926
0.7194556820	0.1374668331	0.0000000000	5770.8319266446	-15.1418193886
0.7199816837	0.1374668331	0.0000000000	5770.8319266446	-15.1658071846
0.7205074145	0.1374668331	0.0000000000	5770.8319266446	-15.1897949806
0.7210328748	0.1374668331	0.0000000000	5770.8319266446	-15.2137827766
0.7215580652	0.1374668331	0.0000000000	5770.8319266446	-15.2377705726
0.7220829860	0.1374668331	0.0000000000	5770.8319266446	-15.2617583686
0.7226076376	0.1374668331	0.0000000000	5770.8319266446	-15.2857461646
0.7231320204	0.1374668331	0.0000000000	5770.8319266446	-15.3097339606
0.7236561349	0.1374668331	0.0000000000	5770.8319266446	-15.3337217565
0.7241799814	0.1374668331	0.0000000000	5770.8319266446	-15.3577095525
0.7247035604	0.1374668331	0.0000000000	5770.8319266446	-15.3816973485
0.7252268723	0.1374668331	0.0000000000	5770.8319266446	-15.4056851445
0.7257499175	0.1374668331	0.0000000000	5770.8319266446	-15.4296729405
0.7262726963	0.1374668331	0.0000000000	5770.8319266446	-15.4536607365
0.7267952093	0.1374668331	0.0000000000	5770.8319266446	-15.4776485325
0.7273174568	0.1374668331	0.0000000000	5770.8319266446	-15.5016363285
0.7278394392	0.1374668331	0.0000000000	5770.8319266446	-15.5256241245
0.7283611569	0.1374668331	0.0000000000	5770.8319266446	-15.5496119204
0.7288826103	0.1374668331	0.0000000000	5770.8319266446	-15.5735997164
0.7294037998	0.1374668331	0.0000000000	5770.8319266446	-15.5975875124
0.7299247259	0.1374668331	0.0000000000	5770.8319266446	-15.6215753084
0.7304453888	0.1374668331	0.0000000000	5770.8319266446	-15.6455631044
0.7309657891	0.1374668331	0.0000000000	5770.8319266446	-15.6695509004
0.7314859271	0.1374668331	0.0000000000	5770.8319266446	-15.6935386964
0.7320058032	0.1374668331	0.0000000000	5770.8319266446	-15.7175264924
0.7325254179	0.1374668331	0.0000000000	5770.8319266446	-15.7415142884
0.7330447714	0.1374668331	0.0000000000	5770.8319266446	-15.7655020843
0.7335638642	0.1374668331	0.0000000000	5770.8319266446	-15.7894898803
0.7340826967	0.1374668331	0.0000000000	5770.8319266446	-15.8134776763
0.7346012693	0.1374668331	0.0000000000	5770.8319266446	-15.8374654723
0.7351195823	0.1374668331	0.0000000000	5770.8319266446	-15.8614532683
0.7356376362	0.1374668331	0.0000000000	5770.8319266446	-15.8854410643
0.7361554313	0.1374668331	0.0000000000	5770.8319266446	-15.9094288603
0.7366729681	0.1374668331	0.0000000000	5770.8319266446	-15.9334166563
0.7371902469	0.1374668331	0.0000000000	5770.8319266446	-15.9574044523
0.7377072681	0.1374668331	0.0000000000	5770.8319266446	-15.9813922482
0.7382240320	0.1374668331	0.0000000000	5770.8319266446	-16.0053800442
0.7387405392	0.1374668331	0.0000000000	5770.8319266446	-16.0293678402
0.7392567899	0.1374668331	0.0000000000	5770.8319266446	-16.0533556362
0.7397727845	0.1374668331	0.0000000000	5770.8319266446	-16.0773434322
0.7402885235	0.1374668331	0.0000000000	5770.8319266446	-16.1013312282
0.7408040071	0.1374668331	0.0000000000	5770.8319266446	-16.1253190242
0.7413192359	0.1374668331	0.0000000000	5770.8319266446	-16.1493068202
0.7418342100	0.1374668331	0.0000000000	5770.8319266446	-16.1732946162
0.7423489301	0.1374668331	0.0000000000	5770.8319266446	-16.1972824121
0.7428633963	0.1374668331	0.0000000000	5770.8319266446	-16.2212702081
0.7433776091	0.1374668331	0.0000000000	5770.8319266446	-16.2452580041
0.7438915688	0.1374668331	0.0000000000	5770.8319266446	-16.2692458001
0.7444052759	0.1374668331	0.0000000000	5770.8319266446	-16.2932335961
0.7449187307	0.1374668331	0.0000000000	5770.8319266446	-16.3172213921
0.7454319335	0.1374668331	0.0000000000	5770.8319266446	-16.3412091881
0.7459448848	0.1374668331	0.0000000000	5770.8319266446	-16.3651969841
0.7464575850	0.1374668331	0.0000000000	5770.8319266446	-16.3891847801
0.7469700342	0.1374668331	0.0000000000	5770.8319266446	-16.4131725760
0.7474822331	0.1374668331	0.0000000000	5770.8319266446	-16.4371603720
0.7479941818	0.1374668331	0.0000000000	5770.8319266446	-16.4611481680
0.7485058809	0.1374668331	0.0000000000	5770.8319266446	-16.4851359640
0.7490173306	0.1374668331	0.0000000000	5770.8319266446	-16.5091237600
0.7495285313	0.1374668331	0.0000000000	5770.8319266446	-16.5331115560
0.7500394833	0.1374668331	0.0000000000	5770.8319266446	-16.5570993520
0.7505501871	0.1374668331	0.0000000000	5770.8319266446	-16.5810871480
0.7510606430	0.1374668331	0.0000000000	5770.8319266446	-16.6050749440
0.7515708514	0.1374668331	0.0000000000	5770.8319266446	-16.6290627399
0.7520808126	0.1374668331	0.0000000000	5770.8319266446	-16.6530505359
0.7525905270	0.1374668331	0.0000000000	5770.8319266446	-16.6770383319
0.7530999949	0.1374668331	0.0000000000	5770.8319266446	-16.7010261279
0.7536092167	0.1374668331	0.0000000000	5770.8319266446	-16.7250139239
0.7541181927	0.1374668331	0.0000000000	5770.8319266446	-16.7490017199
0.7546269233	0.1374668331	0.0000000000	5770.8319266446	-16.7729895159
0.7551354090	0.1374668331	0.0000000000	5770.8319266446	-16.7969773119
0.7556436499	0.1374668331	0.0000000000	5770.8319266446	-16.8209651079
0.7561516465	0.1374668331	0.0000000000	5770.8319266446	-16.8449529038
0.7566593991	0.1374668331	0.0000000000	5770.8319266446	-16.8689406998
0.7571669081	0.1374668331	0.0000000000	5770.8319266446	-16.8929284958
0.7576741738	0.1374668331	0.0000000000	5770.8319266446	-16.9169162918
0.7581811965	0.1374668331	0.0000000000	5770.8319266446	-16.9409040878
0.7586879767	0.1374668331	0.0000000000	5770.8319266446	-16.9648918838
0.7591945147	0.1374668331	0.0000000000	5770.8319266446	-16.9888796798
0.7597008107	0.1374668331	0.0000000000	5770.8319266446	-17.0128674758
0.7602068653	0.1374668331	0.0000000000	5770.8319266446	-17.0368552717
0.7607126786	0.1374668331	0.0000000000	5770.8319266446	-17.0608430677
0.7612182511	0.1374668331	0.0000000000	5770.8319266446	-17.0848308637
0.7617235831	0.1374668331	0.0000000000	5770.8319266446	-17.1088186597
0.7622286749	0.1374668331	0.0000000000	5770.8319266446	-17.1328064557
0.7627335269	0.1374668331	0.0000000000	5770.8319266446	-17.1567942517
0.7632381394	0.1374668331	0.0000000000	5770.8319266446	-17.1807820477
0.7637425128	0.1374668331	0.0000000000	5770.8319266446	-17.2047698437
0.7642466473	0.1374668331	0.0000000000	5770.8319266446	-17.2287576397
0.7647505435	0.1374668331	0.0000000000	5770.8319266446	-17.2527454356
0.7652542014	0.1374668331	0.0000000000	5770.8319266446	-17.2767332316
0.7657576217	0.1374668331	0.0000000000	5770.8319266446	-17.3007210276
0.7662608044	0.1374668331	0.0000000000	5770.8319266446	-17.3247088236
0.7667637501	0.1374668331	0.0000000000	5770.8319266446	-17.3486966196
0.7672664589	0.1374668331	0.0000000000	5770.8319266446	-17.3726844156
0.7677689314	0.1374668331	0.0000000000	5770.8319266446	-17.3966722116
0.7682711677	0.1374668331	0.0000000000	5770.8319266446	-17.4206600076
0.7687731682	0.1374668331	0.0000000000	5770.8319266446	-17.4446478036
0.7692749333	0.1374668331	0.0000000000	5770.8319266446	-17.4686355995
0.7697764633	0.1374668331	0.0000000000	5770.8319266446	-17.4926233955
0.7702777585	0.1374668331	0.0000000000	5770.8319266446	-17.5166111915
0.7707788192	0.1374668331	0.0000000000	5770.8319266446	-17.5405989875
0.7712796458	0.1374668331	0.0000000000	5770.8319266446	-17.5645867835
0.7717802386	0.1374668331	0.0000000000	5770.8319266446	-17.5885745795
0.7722805980	0.1374668331	0.0000000000	5770.8319266446	-17.6125623755
0.7727807242	0.1374668331	0.0000000000	5770.8319266446	-17.6365501715
0.7732806175	0.1374668331	0.0000000000	5770.8319266446	-17.6605379675
0.7737802784	0.1374668331	0.0000000000	5770.8319266446	-17.6845257634
0.7742797071	0.1374668331	0.0000000000	5770.8319266446	-17.7085135594
0.7747789040	0.1374668331	0.0000000000	5770.8319266446	-17.7325013554
0.7752778693	0.1374668331	0.0000000000	5770.8319266446	-17.7564891514
0.7757766035	0.1374668331	0.0000000000	5770.8319266446	-17.7804769474
0.7762751067	0.1374668331	0.0000000000	5770.8319266446	-17.8044647434
0.7767733794	0.1374668331	0.0000000000	5770.8319266446	-17.8284525394
0.7772714219	0.1374668331	0.0000000000	5770.8319266446	-17.8524403354
0.7777692344	0.1374668331	0.0000000000	5770.8319266446	-17.8764281314
0.7782668174	0.1374668331	0.0000000000	5770.8319266446	-17.9004159273
0.7787641710	0.1374668331	0.0000000000	5770.8319266446	-17.9244037233
0.7792612957	0.1374668331	0.0000000000	5770.8319266446	-17.9483915193
0.7797581917	0.1374668331	0.0000000000	5770.8319266446	-17.9723793153
0.7802548594	0.1374668331	0.0000000000	5770.8319266446	-17.9963671113
0.7807512990	0.1374668331	0.0000000000	5770.8319266446	-18.0203549073
0.7812475110	0.1374668331	0.0000000000	5770.8319266446	-18.0443427033
0.7817434955	0.1374668331	0.0000000000	5770.8319266446	-18.0683304993
0.7822392530	0.1374668331	0.0000000000	5770.8319266446	-18.0923182953
0.7827347837	0.1374668331	0.0000000000	5770.8319266446	-18.1163060912
0.7832300879	0.1374668331	0.0000000000	5770.8319266446	-18.1402938872
0.7837251660	0.1374668331	0.0000000000	5770.8319266446	-18.1642816832
0.7842200182	0.1374668331	0.0000000000	5770.8319266446	-18.1882694792
0.7847146449	0.1374668331	0.0000000000	5770.8319266446	-18.2122572752
0.7852090464	0.1374668331	0.0000000000	5770.8319266446	-18.2362450712
0.7857032229	0.1374668331	0.0000000000	5770.8319266446	-18.2602328672
0.7861971749	0.1374668331	0.0000000000	5770.8319266446	-18.2842206632
0.7866909025	0.1374668331	0.0000000000	5770.8319266446	-18.3082084592
0.7871844062	0.1374668331	0.0000000000	5770.8319266446	-18.3321962551
0.7876776861	0.1374668331	0.0000000000	5770.8319266446	-18.3561840511
0.7881707427	0.1374668331	0.0000000000	5770.8319266446	-18.3801718471
0.7886635761	0.1374668331	0.0000000000	5770.8319266446	-18.4041596431
0.7891561868	0.1374668331	0.0000000000	5770.8319266446	-18.4281474391
0.7896485750	0.1374668331	0.0000000000	5770.8319266446	-18.4521352351
0.7901407410	0.1374668331	0.0000000000	5770.8319266446	-18.4761230311
0.7906326852	0.1374668331	0.0000000000	5770.8319266446	-18.5001108271
0.7911244077	0.1374668331	0.0000000000	5770.8319266446	-18.5240986231
0.7916159090	0.1374668331	0.0000000000	5770.8319266446	-18.5480864190
0.7921071893	0.1374668331	0.0000000000	5770.8319266446	-18.5720742150
0.7925982489	0.1374668331	0.0000000000	5770.8319266446	-18.5960620110
0.7930890881	0.1374668331	0.0000000000	5770.8319266446	-18.6200498070
0.7935797072	0.1374668331	0.0000000000	5770.8319266446	-18.6440376030
0.7940701065	0.1374668331	0.0000000000	5770.8319266446	-18.6680253990
0.7945602863	0.1374668331	0.0000000000	5770.8319266446	-18.6920131950
0.7950502469	0.1374668331	0.0000000000	5770.8319266446	-18.7160009910
0.7955399886	0.1374668331	0.0000000000	5770.8319266446	-18.7399887870
0.7960295117	0.1374668331	0.0000000000	5770.8319266446	-18.7639765829
0.7965188165	0.1374668331	0.0000000000	5770.8319266446	-18.7879643789
0.7970079032	0.1374668331	0.0000000000	5770.8319266446	-18.8119521749
0.7974967722	0.1374668331	0.0000000000	5770.8319266446	-18.8359399709
0.7979854237	0.1374668331	0.0000000000	5770.8319266446	-18.8599277669
0.7984738580	0.1374668331	0.0000000000	5770.8319266446	-18.8839155629
0.7989620755	0.1374668331	0.0000000000	5770.8319266446	-18.9079033589
0.7994500764	0.1374668331	0.0000000000	5770.8319266446	-18.9318911549
0.7999378610	0.1374668331	0.0000000000	5770.8319266446	-18.9558789509
0.8004254296	0.1374668331	0.0000000000	5770.8319266446	-18.9798667468
0.8009127825	0.1374668331	0.0000000000	5770.8319266446	-19.0038545428
0.8013999199	0.1374668331	0.0000000000	5770.8319266446	-19.0278423388
0.8018868422	0.1374668331	0.0000000000	5770.8319266446	-19.0518301348
0.8023735496	0.1374668331	0.0000000000	5770.8319266446	-19.0758179308
0.8028600424	0.1374668331	0.0000000000	5770.8319266446	-19.0998057268
0.8033463209	0.1374668331	0.0000000000	5770.8319266446	-19.1237935228
0.8038323854	0.1374668331	0.0000000000	5770.8319266446	-19.1477813188
0.8043182362	0.1374668331	0.0000000000	5770.8319266446	-19.1717691148
0.8048038735	0.1374668331	0.0000000000	5770.8319266446	-19.1957569107
0.8052892977	0.1374668331	0.0000000000	5770.8319266446	-19.2197447067
0.8057745089	0.1374668331	0.0000000000	5770.8319266446	-19.2437325027
0.8062595076	0.1374668331	0.0000000000	5770.8319266446	-19.2677202987
0.8067442939	0.1374668331	0.0000000000	5770.8319266446	-19.2917080947
0.8072288682	0.1374668331	0.0000000000	5770.8319266446	-19.3156958907
0.8077132307	0.1374668331	0.0000000000	5770.8319266446	-19.3396836867
0.8081973817	0.1374668331	0.0000000000	5770.8319266446	-19.3636714827
0.8086813214	0.1374668331	0.0000000000	5770.8319266446	-19.3876592787
0.8091650503	0.1374668331	0.0000000000	5770.8319266446	-19.4116470746
0.8096485684	0.1374668331	0.0000000000	5770.8319266446	-19.4356348706
0.8101318762	0.1374668331	0.0000000000	5770.8319266446	-19.4596226666
0.8106149738	0.1374668331	0.0000000000	5770.8319266446	-19.4836104626
0.8110978616	0.1374668331	0.0000000000	5770.8319266446	-19.5075982586
0.8115805399	0.1374668331	0.0000000000	5770.8319266446	-19.5315860546
0.8120630088	0.1374668331	0.0000000000	5770.8319266446	-19.5555738506
0.8125452687	0.1374668331	0.0000000000	5770.8319266446	-19.5795616466
0.8130273199	0.1374668331	0.0000000000	5770.8319266446	-19.6035494426
0.8135091625	0.1374668331	0.0000000000	5770.8319266446	-19.6275372385
0.8139907970	0.1374668331	0.0000000000	5770.8319266446	-19.6515250345
0.8144722235	0.1374668331	0.0000000000	5770.8319266446	-19.6755128305
0.8149534423	0.1374668331	0.0000000000	5770.8319266446	-19.6995006265
0.8154344538	0.1374668331	0.0000000000	5770.8319266446	-19.7234884225
0.8159152581	0.1374668331	0.0000000000	5770.8319266446	-19.7474762185
0.8163958555	0.1374668331	0.0000000000	5770.8319266446	-19.7714640145
0.8168762463	0.1374668331	0.0000000000	5770.8319266446	-19.7954518105
0.8173564308	0.1374668331	0.0000000000	5770.8319266446	-19.8194396065
0.8178364092	0.1374668331	0.0000000000	5770.8319266446	-19.8434274024
0.8183161817	0.1374668331	0.0000000000	5770.8319266446	-19.8674151984
0.8187957488	0.1374668331	0.0000000000	5770.8319266446	-19.8914029944
0.8192751106	0.1374668331	0.0000000000	5770.8319266446	-19.9153907904
0.8197542673	0.1374668331	0.0000000000	5770.8319266446	-19.9393785864
0.8202332193	0.1374668331	0.0000000000	5770.8319266446	-19.9633663824
0.8207119668	0.1374668331	0.0000000000	5770.8319266446	-19.9873541784
0.8211905101	0.1374668331	0.0000000000	5770.8319266446	-20.0113419744
0.8216688494	0.1374668331	0.0000000000	5770.8319266446	-20.0353297704
0.8221469850	0.1374668331	0.0000000000	5770.8319266446	-20.0593175663
0.8226249172	0.1374668331	0.0000000000	5770.8319266446	-20.0833053623
0.8231026462	0.1374668331	0.0000000000	5770.8319266446	-20.1072931583
0.8235801722	0.1374668331	0.0000000000	5770.8319266446	-20.1312809543
0.8240574956	0.1374668331	0.0000000000	5770.8319266446	-20.1552687503
0.8245346166	0.1374668331	0.0000000000	5770.8319266446	-20.1792565463
0.8250115354	0.1374668331	0.0000000000	5770.8319266446	-20.2032443423
0.8254882523	0.1374668331	0.0000000000	5770.8319266446	-20.2272321383
0.8259647676	0.1374668331	0.0000000000	5770.8319266446	-20.2512199343
0.8264410814	0.1374668331	0.0000000000	5770.8319266446	-20.2752077302
0.8269171942	0.1374668331	0.0000000000	5770.8319266446	-20.2991955262
0.8273931061	0.1374668331	0.0000000000	5770.8319266446	-20.3231833222
0.8278688173	0.1374668331	0.0000000000	5770.8319266446	-20.3471711182
0.8283443282	0.1374668331	0.0000000000	5770.8319266446	-20.3711589142
0.8288196390	0.1374668331	0.0000000000	5770.8319266446	-20.3951467102
0.8292947499	0.1374668331	0.0000000000	5770.8319266446	-20.4191345062
0.8297696612	0.1374668331	0.0000000000	5770.8319266446	-20.4431223022
0.8302443731	0.1374668331	0.0000000000	5770.8319266446	-20.4671100982
0.8307188860	0.1374668331	0.0000000000	5770.8319266446	-20.4910978941
0.8311931999	0.1374668331	0.0000000000	5770.8319266446	-20.5150856901
0.8316673153	0.1374668331	0.0000000000	5770.8319266446	-20.5390734861
0.8321412323	0.1374668331	0.0000000000	5770.8319266446	-20.5630612821
0.8326149512	0.1374668331	0.0000000000	5770.8319266446	-20.5870490781
0.8330884722	0.1374668331	0.0000000000	5770.8319266446	-20.6110368741
0.8335617956	0.1374668331	0.0000000000	5770.8319266446	-20.6350246701
0.8340349217	0.1374668331	0.0000000000	5770.8319266446	-20.6590124661
0.8345078506	0.1374668331	0.0000000000	5770.8319266446	-20.6830002621
0.8349805826	0.1374668331	0.0000000000	5770.8319266446	-20.7069880580
0.8354531181	0.1374668331	0.0000000000	5770.8319266446	-20.7309758540
0.8359254571	0.1374668331	0.0000000000	5770.8319266446	-20.7549636500
0.8363976000	0.1374668331	0.0000000000	5770.8319266446	-20.7789514460
0.8368695470	0.1374668331	0.0000000000	5770.8319266446	-20.8029392420
0.8373412983	0.1374668331	0.0000000000	5770.8319266446	-20.8269270380
0.8378128543	0.1374668331	0.0000000000	5770.8319266446	-20.8509148340
0.8382842151	0.1374668331	0.0000000000	5770.8319266446	-20.8749026300
0.8387553809	0.1374668331	0.0000000000	5770.8319266446	-20.8988904260
0.8392263521	0.1374668331	0.0000000000	5770.8319266446	-20.9228782219
0.8396971288	0.1374668331	0.0000000000	5770.8319266446	-20.9468660179
0.8401677114	0.1374668331	0.0000000000	5770.8319266446	-20.9708538139
0.8406381000	0.1374668331	0.0000000000	5770.8319266446	-20.9948416099
0.8411082948	0.1374668331	0.0000000000	5770.8319266446	-21.0188294059
0.8415782962	0.1374668331	0.0000000000	5770.8319266446	-21.0428172019
0.8420481043	0.1374668331	0.0000000000	5770.8319266446	-21.0668049979
0.8425177194	0.1374668331	0.0000000000	5770.8319266446	-21.0907927939
0.8429871418	0.1374668331	0.0000000000	5770.8319266446	-21.1147805899
0.8434563716	0.1374668331	0.0000000000	5770.8319266446	-21.1387683858
0.8439254092	0.1374668331	0.0000000000	5770.8319266446	-21.1627561818
0.8443942547	0.1374668331	0.0000000000	5770.8319266446	-21.1867439778
0.8448629083	0.1374668331	0.0000000000	5770.8319266446	-21.2107317738
0.8453313704	0.1374668331	0.0000000000	5770.8319266446	-21.2347195698
0.8457996412	0.1374668331	0.0000000000	5770.8319266446	-21.2587073658
0.8462677208	0.1374668331	0.0000000000	5770.8319266446	-21.2826951618
0.8467356095	0.1374668331	0.0000000000	5770.8319266446	-21.3066829578
0.8472033076	0.1374668331	0.0000000000	5770.8319266446	-21.3306707538
0.8476708153	0.1374668331	0.0000000000	5770.8319266446	-21.3546585497
0.8481381328	0.1374668331	0.0000000000	5770.8319266446	-21.3786463457
0.8486052603	0.1374668331	0.0000000000	5770.8319266446	-21.4026341417
0.8490721981	0.1374668331	0.0000000000	5770.8319266446	-21.4266219377
0.8495389464	0.1374668331	0.0000000000	5770.8319266446	-21.4506097337
0.8500055055	0.1374668331	0.0000000000	5770.8319266446	-21.4745975297
0.8504718755	0.1374668331	0.0000000000	5770.8319266446	-21.4985853257
0.8509380568	0.1374668331	0.0000000000	5770.8319266446	-21.5225731217
0.8514040495	0.1374668331	0.0000000000	5770.8319266446	-21.5465609177
0.8518698538	0.1374668331	0.0000000000	5770.8319266446	-21.5705487136
0.8523354700	0.1374668331	0.0000000000	5770.8319266446	-21.5945365096
0.8528008984	0.1374668331	0.0000000000	5770.8319266446	-21.6185243056
0.8532661390	0.1374668331	0.0000000000	5770.8319266446	-21.6425121016
0.8537311923	0.1374668331	0.0000000000	5770.8319266446	-21.6664998976
0.8541960583	0.1374668331	0.0000000000	5770.8319266446	-21.6904876936
0.8546607374	0.1374668331	0.0000000000	5770.8319266446	-21.7144754896
0.8551252297	0.1374668331	0.0000000000	5770.8319266446	-21.7384632856
0.8555895355	0.1374668331	0.0000000000	5770.8319266446	-21.7624510816
0.8560536550	0.1374668331	0.0000000000	5770.8319266446	-21.7864388775
0.8565175884	0.1374668331	0.0000000000	5770.8319266446	-21.8104266735
0.8569813359	0.1374668331	0.0000000000	5770.8319266446	-21.8344144695
0.8574448978	0.1374668331	0.0000000000	5770.8319266446	-21.8584022655
0.8579082743	0.1374668331	0.0000000000	5770.8319266446	-21.8823900615
0.8583714657	0.1374668331	0.0000000000	5770.8319266446	-21.9063778575
0.8588344720	0.1374668331	0.0000000000	5770.8319266446	-21.9303656535
0.8592972936	0.1374668331	0.0000000000	5770.8319266446	-21.9543534495
0.8597599307	0.1374668331	0.0000000000	5770.8319266446	-21.9783412455
0.8602223835	0.1374668331	0.0000000000	5770.8319266446	-22.0023290414
0.8606846522	0.1374668331	0.0000000000	5770.8319266446	-22.0263168374
0.8611467370	0.1374668331	0.0000000000	5770.8319266446	-22.0503046334
0.8616086382	0.1374668331	0.0000000000	5770.8319266446	-22.0742924294
0.8620703560	0.1374668331	0.0000000000	5770.8319266446	-22.0982802254
0.8625318905	0.1374668331	0.0000000000	5770.8319266446	-22.1222680214
0.8629932421	0.1374668331	0.0000000000	5770.8319266446	-22.1462558174
0.8634544109	0.1374668331	0.0000000000	5770.8319266446	-22.1702436134
0.8639153972	0.1374668331	0.0000000000	5770.8319266446	-22.1942314094
0.8643762011	0.1374668331	0.0000000000	5770.8319266446	-22.2182192053
0.8648368229	0.1374668331	0.0000000000	5770.8319266446	-22.2422070013
0.8652972628	0.1374668331	0.0000000000	5770.8319266446	-22.2661947973
0.8657575210	0.1374668331	0.0000000000	5770.8319266446	-22.2901825933
0.8662175977	0.1374668331	0.0000000000	5770.8319266446	-22.3141703893
0.8666774932	0.1374668331	0.0000000000	5770.8319266446	-22.3381581853
0.8671372076	0.1374668331	0.0000000000	5770.8319266446	-22.3621459813
0.8675967412	0.1374668331	0.0000000000	5770.8319266446	-22.3861337773
0.8680560941	0.1374668331	0.0000000000	5770.8319266446	-22.4101215733
0.8685152667	0.1374668331	0.0000000000	5770.8319266446	-22.4341093692
0.8689742591	0.1374668331	0.0000000000	5770.8319266446	-22.4580971652
0.8694330714	0.1374668331	0.0000000000	5770.8319266446	-22.4820849612
0.8698917041	0.1374668331	0.0000000000	5770.8319266446	-22.5060727572
0.8703501571	0.1374668331	0.0000000000	5770.8319266446	-22.5300605532
0.8708084308	0.1374668331	0.0000000000	5770.8319266446	-22.5540483492
0.8712665254	0.1374668331	0.0000000000	5770.8319266446	-22.5780361452
0.8717244410	0.1374668331	0.0000000000	5770.8319266446	-22.6020239412
0.8721821780	0.1374668331	0.0000000000	5770.8319266446	-22.6260117372
0.8726397364	0.1374668331	0.0000000000	5770.8319266446	-22.6499995331
0.8730971165	0.1374668331	0.0000000000	5770.8319266446	-22.6739873291
0.8735543185	0.1374668331	0.0000000000	5770.8319266446	-22.6979751251
0.8740113426	0.1374668331	0.0000000000	5770.8319266446	-22.7219629211
0.8744681891	0.1374668331	0.0000000000	5770.8319266446	-22.7459507171
0.8749248581	0.1374668331	0.0000000000	5770.8319266446	-22.7699385131
0.8753813498	0.1374668331	0.0000000000	5770.8319266446	-22.7939263091
0.8758376645	0.1374668331	0.0000000000	5770.8319266446	-22.8179141051
0.8762938023	0.1374668331	0.0000000000	5770.8319266446	-22.8419019011
0.8767497635	0.1374668331	0.0000000000	5770.8319266446	-22.8658896970
0.8772055482	0.1374668331	0.0000000000	5770.8319266446	-22.8898774930
0.8776611567	0.1374668331	0.0000000000	5770.8319266446	-22.9138652890
0.8781165892	0.1374668331	0.0000000000	5770.8319266446	-22.9378530850
0.8785718458	0.1374668331	0.0000000000	5770.8319266446	-22.9618408810
0.8790269268	0.1374668331	0.0000000000	5770.8319266446	-22.9858286770
0.8794818324	0.1374668331	0.0000000000	5770.8319266446	-23.0098164730
0.8799365628	0.1374668331	0.0000000000	5770.8319266446	-23.0338042690
0.8803911182	0.1374668331	0.0000000000	5770.8319266446	-23.0577920650
0.8808454987	0.1374668331	0.0000000000	5770.8319266446	-23.0817798609
0.8812997046	0.1374668331	0.0000000000	5770.8319266446	-23.1057676569
0.8817537362	0.1374668331	0.0000000000	5770.8319266446	-23.1297554529
0.8822075935	0.1374668331	0.0000000000	5770.8319266446	-23.1537432489
0.8826612768	0.1374668331	0.0000000000	5770.8319266446	-23.1777310449
0.8831147863	0.1374668331	0.0000000000	5770.8319266446	-23.2017188409
0.8835681221	0.1374668331	0.0000000000	5770.8319266446	-23.2257066369
0.8840212846	0.1374668331	0.0000000000	5770.8319266446	-23.2496944329
0.8844742739	0.1374668331	0.0000000000	5770.8319266446	-23.2736822289
0.8849270901	0.1374668331	0.0000000000	5770.8319266446	-23.2976700248
0.8853797335	0.1374668331	0.0000000000	5770.8319266446	-23.3216578208
0.8858322043	0.1374668331	0.0000000000	5770.8319266446	-23.3456456168
0.8862845027	0.1374668331	0.0000000000	5770.8319266446	-23.3696334128
0.8867366289	0.1374668331	0.0000000000	5770.8319266446	-23.3936212088
0.8871885830	0.1374668331	0.0000000000	5770.8319266446	-23.4176090048
0.8876403654	0.1374668331	0.0000000000	5770.8319266446	-23.4415968008
0.8880919760	0.1374668331	0.0000000000	5770.8319266446	-23.4655845968
0.8885434153	0.1374668331	0.0000000000	5770.8319266446	-23.4895723928
0.8889946833	0.1374668331	0.0000000000	5770.8319266446	-23.5135601887
0.8894457802	0.1374668331	0.0000000000	5770.8319266446	-23.5375479847
0.8898967063	0.1374668331	0.0000000000	5770.8319266446	-23.5615357807
0.8903474617	0.1374668331	0.0000000000	5770.8319266446	-23.5855235767
0.8907980467	0.1374668331	0.0000000000	5770.8319266446	-23.6095113727
0.8912484614	0.1374668331	0.0000000000	5770.8319266446	-23.6334991687
0.8916987060	0.1374668331	0.0000000000	5770.8319266446	-23.6574869647
0.8921487807	0.1374668331	0.0000000000	5770.8319266446	-23.6814747607
0.8925986857	0.1374668331	0.0000000000	5770.8319266446	-23.7054625567
0.8930484212	0.1374668331	0.0000000000	5770.8319266446	-23.7294503526
0.8934979874	0.1374668331	0.0000000000	5770.8319266446	-23.7534381486
0.8939473845	0.1374668331	0.0000000000	5770.8319266446	-23.7774259446
0.8943966126	0.1374668331	0.0000000000	5770.8319266446	-23.8014137406
0.8948456720	0.1374668331	0.0000000000	5770.8319266446	-23.8254015366
0.8952945629	0.1374668331	0.0000000000	5770.8319266446	-23.8493893326
0.8957432854	0.1374668331	0.0000000000	5770.8319266446	-23.8733771286
0.8961918397	0.1374668331	0.0000000000	5770.8319266446	-23.8973649246
0.8966402260	0.1374668331	0.0000000000	5770.8319266446	-23.9213527206
0.8970884446	0.1374668331	0.0000000000	5770.8319266446	-23.9453405165
0.8975364955	0.1374668331	0.0000000000	5770.8319266446	-23.9693283125
0.8979843790	0.1374668331	0.0000000000	5770.8319266446	-23.9933161085
0.8984320953	0.1374668331	0.0000000000	5770.8319266446	-24.0173039045
0.8988796446	0.1374668331	0.0000000000	5770.8319266446	-24.0412917005
0.8993270270	0.1374668331	0.0000000000	5770.8319266446	-24.0652794965
0.8997742427	0.1374668331	0.0000000000	5770.8319266446	-24.0892672925
0.9002212919	0.1374668331	0.0000000000	5770.8319266446	-24.1132550885
0.9006681749	0.1374668331	0.0000000000	5770.8319266446	-24.1372428845
0.9011148917	0.1374668331	0.0000000000	5770.8319266446	-24.1612306804
0.9015614426	0.1374668331	0.0000000000	5770.8319266446	-24.1852184764
0.9020078278	0.1374668331	0.0000000000	5770.8319266446	-24.2092062724
0.9024540474	0.1374668331	0.0000000000	5770.8319266446	-24.2331940684
0.9029001016	0.1374668331	0.0000000000	5770.8319266446	-24.2571818644
0.9033459906	0.1374668331	0.0000000000	5770.8319266446	-24.2811696604
0.9037917146	0.1374668331	0.0000000000	5770.8319266446	-24.3051574564
0.9042372738	0.1374668331	0.0000000000	5770.8319266446	-24.3291452524
0.9046826684	0.1374668331	0.0000000000	5770.8319266446	-24.3531330484
0.9051278985	0.1374668331	0.0000000000	5770.8319266446	-24.3771208443
0.9055729643	0.1374668331	0.0000000000	5770.8319266446	-24.4011086403
0.9060178661	0.1374668331	0.0000000000	5770.8319266446	-24.4250964363
0.9064626039	0.1374668331	0.0000000000	5770.8319266446	-24.4490842323
0.9069071780	0.1374668331	0.0000000000	5770.8319266446	-24.4730720283
0.9073515885	0.1374668331	0.0000000000	5770.8319266446	-24.4970598243
0.9077958357	0.1374668331	0.0000000000	5770.8319266446	-24.5210476203
0.9082399196	0.1374668331	0.0000000000	5770.8319266446	-24.5450354163
0.9086838406	0.1374668331	0.0000000000	5770.8319266446	-24.5690232123
0.9091275987	0.1374668331	0.0000000000	5770.8319266446	-24.5930110082
0.9095711942	0.1374668331	0.0000000000	5770.8319266446	-24.6169988042
0.9100146272	0.1374668331	0.0000000000	5770.8319266446	-24.6409866002
0.9104578979	0.1374668331	0.0000000000	5770.8319266446	-24.6649743962
0.9109010065	0.1374668331	0.0000000000	5770.8319266446	-24.6889621922
0.9113439531	0.1374668331	0.0000000000	5770.8319266446	-24.7129499882
0.9117867380	0.1374668331	0.0000000000	5770.8319266446	-24.7369377842
0.9122293613	0.1374668331	0.0000000000	5770.8319266446	-24.7609255802
0.9126718232	0.1374668331	0.0000000000	5770.8319266446	-24.7849133762
0.9131141238	0.1374668331	0.0000000000	5770.8319266446	-24.8089011721
0.9135562634	0.1374668331	0.0000000000	5770.8319266446	-24.8328889681
0.9139982422	0.1374668331	0.0000000000	5770.8319266446	-24.8568767641
0.9144400602	0.1374668331	0.0000000000	5770.8319266446	-24.8808645601
0.9148817177	0.1374668331	0.0000000000	5770.8319266446	-24.9048523561
0.9153232148	0.1374668331	0.0000000000	5770.8319266446	-24.9288401521
0.9157645517	0.1374668331	0.0000000000	5770.8319266446	-24.9528279481
0.9162057287	0.1374668331	0.0000000000	5770.8319266446	-24.9768157441
0.9166467458	0.1374668331	0.0000000000	5770.8319266446	-25.0008035401
0.9170876032	0.1374668331	0.0000000000	5770.8319266446	-25.0247913360
0.9175283012	0.1374668331	0.0000000000	5770.8319266446	-25.0487791320
0.9179688399	0.1374668331	0.0000000000	5770.8319266446	-25.0727669280
0.9184092194	0.1374668331	0.0000000000	5770.8319266446	-25.0967547240
0.9188494399	0.1374668331	0.0000000000	5770.8319266446	-25.1207425200
0.9192895017	0.1374668331	0.0000000000	5770.8319266446	-25.1447303160
0.9197294048	0.1374668331	0.0000000000	5770.8319266446	-25.1687181120
0.9201691495	0.1374668331	0.0000000000	5770.8319266446	-25.1927059080
0.9206087359	0.1374668331	0.0000000000	5770.8319266446	-25.2166937040
0.9210481642	0.1374668331	0.0000000000	5770.8319266446	-25.2406814999
0.9214874345	0.1374668331	0.0000000000	5770.8319266446	-25.2646692959
0.9219265471	0.1374668331	0.0000000000	5770.8319266446	-25.2886570919
0.9223655021	0.1374668331	0.0000000000	5770.8319266446	-25.3126448879
0.9228042997	0.1374668331	0.0000000000	5770.8319266446	-25.3366326839
0.9232429399	0.1374668331	0.0000000000	5770.8319266446	-25.3606204799
0.9236814231	0.1374668331	0.0000000000	5770.8319266446	-25.3846082759
0.9241197494	0.1374668331	0.0000000000	5770.8319266446	-25.4085960719
0.9245579189	0.1374668331	0.0000000000	5770.8319266446	-25.4325838679
0.9249959319	0.1374668331	0.0000000000	5770.8319266446	-25.4565716638
0.9254337884	0.1374668331	0.0000000000	5770.8319266446	-25.4805594598
0.9258714887	0.1374668331	0.0000000000	5770.8319266446	-25.5045472558
0.9263090328	0.1374668331	0.0000000000	5770.8319266446	-25.5285350518
0.9267464211	0.1374668331	0.0000000000	5770.8319266446	-25.5525228478
0.9271836536	0.1374668331	0.0000000000	5770.8319266446	-25.5765106438
0.9276207306	0.1374668331	0.0000000000	5770.8319266446	-25.6004984398
0.9280576521	0.1374668331	0.0000000000	5770.8319266446	-25.6244862358
0.9284944183	0.1374668331	0.0000000000	5770.8319266446	-25.6484740318
0.9289310295	0.1374668331	0.0000000000	5770.8319266446	-25.6724618277
0.9293674858	0.1374668331	0.0000000000	5770.8319266446	-25.6964496237
0.9298037872	0.1374668331	0.0000000000	5770.8319266446	-25.7204374197
0.9302399342	0.1374668331	0.0000000000	5770.8319266446	-25.7444252157
0.9306759266	0.1374668331	0.0000000000	5770.8319266446	-25.7684130117
0.9311117648	0.1374668331	0.0000000000	5770.8319266446	-25.7924008077
0.9315474489	0.1374668331	0.0000000000	5770.8319266446	-25.8163886037
0.9319829791	0.1374668331	0.0000000000	5770.8319266446	-25.8403763997
0.9324183555	0.1374668331	0.0000000000	5770.8319266446	-25.8643641957
0.9328535783	0.1374668331	0.0000000000	5770.8319266446	-25.8883519916
0.9332886476	0.1374668331	0.0000000000	5770.8319266446	-25.9123397876
0.9337235637	0.1374668331	0.0000000000	5770.8319266446	-25.9363275836
0.9341583266	0.1374668331	0.0000000000	5770.8319266446	-25.9603153796
0.9345929366	0.1374668331	0.0000000000	5770.8319266446	-25.9843031756
0.9350273937	0.1374668331	0.0000000000	5770.8319266446	-26.0082909716
0.9354616982	0.1374668331	0.0000000000	5770.8319266446	-26.0322787676
0.9358958503	0.1374668331	0.0000000000	5770.8319266446	-26.0562665636
0.9363298500	0.1374668331	0.0000000000	5770.8319266446	-26.0802543596
0.9367636975	0.1374668331	0.0000000000	5770.8319266446	-26.1042421555
0.9371973931	0.1374668331	0.0000000000	5770.8319266446	-26.1282299515
0.9376309367	0.1374668331	0.0000000000	5770.8319266446	-26.1522177475
0.9380643284	0.1374668331	0.0000000000	5770.8319266446	-26.1762055435
0.9384975684	0.1374668331	0.0000000000	5770.8319266446	-26.2001933395
0.9389306569	0.1374668331	0.0000000000	5770.8319266446	-26.2241811355
0.9393635940	0.1374668331	0.0000000000	5770.8319266446	-26.2481689315
0.9397963800	0.1374668331	0.0000000000	5770.8319266446	-26.2721567275
0.9402290149	0.1374668331	0.0000000000	5770.8319266446	-26.2961445235
0.9406614989	0.1374668331	0.0000000000	5770.8319266446	-26.3201323194
0.9410938322	0.1374668331	0.0000000000	5770.8319266446	-26.3441201154
0.9415260149	0.1374668331	0.0000000000	5770.8319266446	-26.3681079114
0.9419580472	0.1374668331	0.0000000000	5770.8319266446	-26.3920957074
0.9423899293	0.1374668331	0.0000000000	5770.8319266446	-26.4160835034
0.9428216613	0.1374668331	0.0000000000	5770.8319266446	-26.4400712994
0.9432532433	0.1374668331	0.0000000000	5770.8319266446	-26.4640590954
0.9436846755	0.1374668331	0.0000000000	5770.8319266446	-26.4880468914
0.9441159582	0.1374668331	0.0000000000	5770.8319266446	-26.5120346874
0.9445470913	0.1374668331	0.0000000000	5770.8319266446	-26.5360224833
0.9449780751	0.1374668331	0.0000000000	5770.8319266446	-26.5600102793
0.9454089098	0.1374668331	0.0000000000	5770.8319266446	-26.5839980753
0.9458395955	0.1374668331	0.0000000000	5770.8319266446	-26.6079858713
0.9462701323	0.1374668331	0.0000000000	5770.8319266446	-26.6319736673
0.9467005204	0.1374668331	0.0000000000	5770.8319266446	-26.6559614633
0.9471307600	0.1374668331	0.0000000000	5770.8319266446	-26.6799492593
0.9475608512	0.1374668331	0.0000000000	5770.8319266446	-26.7039370553
0.9479907941	0.1374668331	0.0000000000	5770.8319266446	-26.7279248513
0.9484205890	0.1374668331	0.0000000000	5770.8319266446	-26.7519126472
0.9488502359	0.1374668331	0.0000000000	5770.8319266446	-26.7759004432
0.9492797351	0.1374668331	0.0000000000	5770.8319266446	-26.7998882392
0.9497090866	0.1374668331	0.0000000000	5770.8319266446	-26.8238760352
0.9501382907	0.1374668331	0.0000000000	5770.8319266446	-26.8478638312
0.9505673474	0.1374668331	0.0000000000	5770.8319266446	-26.8718516272
0.9509962570	0.1374668331	0.0000000000	5770.8319266446	-26.8958394232
0.9514250196	0.1374668331	0.0000000000	5770.8319266446	-26.9198272192
0.9518536352	0.1374668331	0.0000000000	5770.8319266446	-26.9438150152
0.9522821042	0.1374668331	0.0000000000	5770.8319266446	-26.9678028111
0.9527104266	0.1374668331	0.0000000000	5770.8319266446	-26.9917906071
0.9531386026	0.1374668331	0.0000000000	5770.8319266446	-27.0157784031
0.9535666323	0.1374668331	0.0000000000	5770.8319266446	-27.0397661991
0.9539945159	0.1374668331	0.0000000000	5770.8319266446	-27.0637539951
0.9544222536	0.1374668331	0.0000000000	5770.8319266446	-27.0877417911
0.9548498454	0.1374668331	0.0000000000	5770.8319266446	-27.1117295871
0.9552772916	0.1374668331	0.0000000000	5770.8319266446	-27.1357173831
0.9557045922	0.1374668331	0.0000000000	5770.8319266446	-27.1597051791
0.9561317475	0.1374668331	0.0000000000	5770.8319266446	-27.1836929750
0.9565587575	0.1374668331	0.0000000000	5770.8319266446	-27.2076807710
0.9569856225	0.1374668331	0.0000000000	5770.8319266446	-27.2316685670
0.9574123426	0.1374668331	0.0000000000	5770.8319266446	-27.2556563630
0.9578389178	0.1374668331	0.0000000000	5770.8319266446	-27.2796441590
0.9582653485	0.1374668331	0.0000000000	5770.8319266446	-27.3036319550
0.9586916346	0.1374668331	0.0000000000	5770.8319266446	-27.3276197510
0.9591177764	0.1374668331	0.0000000000	5770.8319266446	-27.3516075470
0.9595437741	0.1374668331	0.0000000000	5770.8319266446	-27.3755953430
0.9599696277	0.1374668331	0.0000000000	5770.8319266446	-27.3995831389
0.9603953373	0.1374668331	0.0000000000	5770.8319266446	-27.4235709349
0.9608209033	0.1374668331	0.0000000000	5770.8319266446	-27.4475587309
0.9612463256	0.1374668331	0.0000000000	5770.8319266446	-27.4715465269
0.9616716045	0.1374668331	0.0000000000	5770.8319266446	-27.4955343229
0.9620967400	0.1374668331	0.0000000000	5770.8319266446	-27.5195221189
0.9625217324	0.1374668331	0.0000000000	5770.8319266446	-27.5435099149
0.9629465817	0.1374668331	0.0000000000	5770.8319266446	-27.5674977109
0.9633712882	0.1374668331	0.0000000000	5770.8319266446	-27.5914855069
0.9637958519	0.1374668331	0.0000000000	5770.8319266446	-27.6154733028
0.9642202730	0.1374668331	0.0000000000	5770.8319266446	-27.6394610988
0.9646445517	0.1374668331	0.0000000000	5770.8319266446	-27.6634488948
0.9650686881	0.1374668331	0.0000000000	5770.8319266446	-27.6874366908
0.9654926823	0.1374668331	0.0000000000	5770.8319266446	-27.7114244868
0.9659165345	0.1374668331	0.0000000000	5770.8319266446	-27.7354122828
0.9663402448	0.1374668331	0.0000000000	5770.8319266446	-27.7594000788
0.9667638133	0.1374668331	0.0000000000	5770.8319266446	-27.7833878748
0.9671872403	0.1374668331	0.0000000000	5770.8319266446	-27.8073756708
0.9676105258	0.1374668331	0.0000000000	5770.8319266446	-27.8313634667
0.9680336700	0.1374668331	0.0000000000	5770.8319266446	-27.8553512627
0.9684566730	0.1374668331	0.0000000000	5770.8319266446	-27.8793390587
0.9688795350	0.1374668331	0.0000000000	5770.8319266446	-27.9033268547
0.9693022562	0.1374668331	0.0000000000	5770.8319266446	-27.9273146507
0.9697248365	0.1374668331	0.0000000000	5770.8319266446	-27.9513024467
0.9701472763	0.1374668331	0.0000000000	5770.8319266446	-27.9752902427
0.9705695756	0.1374668331	0.0000000000	5770.8319266446	-27.9992780387
0.9709917346	0.1374668331	0.0000000000	5770.8319266446	-28.0232658347
0.9714137533	0.1374668331	0.0000000000	5770.8319266446	-28.0472536306
0.9718356321	0.1374668331	0.0000000000	5770.8319266446	-28.0712414266
0.9722573709	0.1374668331	0.0000000000	5770.8319266446	-28.0952292226
0.9726789700	0.1374668331	0.0000000000	5770.8319266446	-28.1192170186
0.9731004294	0.1374668331	0.0000000000	5770.8319266446	-28.1432048146
0.9735217493	0.1374668331	0.0000000000	5770.8319266446	-28.1671926106
0.9739429299	0.1374668331	0.0000000000	5770.8319266446	-28.1911804066
0.9743639713	0.1374668331	0.0000000000	5770.8319266446	-28.2151682026
0.9747848736	0.1374668331	0.0000000000	5770.8319266446	-28.2391559986
0.9752056370	0.1374668331	0.0000000000	5770.8319266446	-28.2631437945
0.9756262615	0.1374668331	0.0000000000	5770.8319266446	-28.2871315905
0.9760467474	0.1374668331	0.0000000000	5770.8319266446	-28.3111193865
0.9764670948	0.1374668331	0.0000000000	5770.8319266446	-28.3351071825
0.9768873038	0.1374668331	0.0000000000	5770.8319266446	-28.3590949785
0.9773073745	0.1374668331	0.0000000000	5770.8319266446	-28.3830827745
0.9777273071	0.1374668331	0.0000000000	5770.8319266446	-28.4070705705
0.9781471017	0.1374668331	0.0000000000	5770.8319266446	-28.4310583665
0.9785667585	0.1374668331	0.0000000000	5770.8319266446	-28.4550461625
0.9789862776	0.1374668331	0.0000000000	5770.8319266446	-28.4790339584
0.9794056591	0.1374668331	0.0000000000	5770.8319266446	-28.5030217544
0.9798249031	0.1374668331	0.0000000000	5770.8319266446	-28.5270095504
0.9802440099	0.1374668331	0.0000000000	5770.8319266446	-28.5509973464
0.9806629795	0.1374668331	0.0000000000	5770.8319266446	-28.5749851424
0.9810818120	0.1374668331	0.0000000000	5770.8319266446	-28.5989729384
0.9815005077	0.1374668331	0.0000000000	5770.8319266446	-28.6229607344
0.9819190666	0.1374668331	0.0000000000	5770.8319266446	-28.6469485304
0.9823374888	0.1374668331	0.0000000000	5770.8319266446	-28.6709363263
0.9827557746	0.1374668331	0.0000000000	5770.8319266446	-28.6949241223
0.9831739240	0.1374668331	0.0000000000	5770.8319266446	-28.7189119183
0.9835919372	0.1374668331	0.0000000000	5770.8319266446	-28.7428997143
0.9840098142	0.1374668331	0.0000000000	5770.8319266446	-28.7668875103
0.9844275553	0.1374668331	0.0000000000	5770.8319266446	-28.7908753063
0.9848451606	0.1374668331	0.0000000000	5770.8319266446	-28.8148631023
0.9852626302	0.1374668331	0.0000000000	5770.8319266446	-28.8388508983
0.9856799642	0.1374668331	0.0000000000	5770.8319266446	-28.8628386943
0.9860971628	0.1374668331	0.0000000000	5770.8319266446	-28.8868264902
0.9865142260	0.1374668331	0.0000000000	5770.8319266446	-28.9108142862
0.9869311541	0.1374668331	0.0000000000	5770.8319266446	-28.9348020822
0.9873479472	0.1374668331	0.0000000000	5770.8319266446	-28.9587898782
0.9877646053	0.1374668331	0.0000000000	5770.8319266446	-28.9827776742
0.9881811287	0.1374668331	0.0000000000	5770.8319266446	-29.0067654702
0.9885975174	0.1374668331	0.0000000000	5770.8319266446	-29.0307532662
0.9890137716	0.1374668331	0.0000000000	5770.8319266446	-29.0547410622
0.9894298914	0.1374668331	0.0000000000	5770.8319266446	-29.0787288582
0.9898458770	0.1374668331	0.0000000000	5770.8319266446	-29.1027166541
0.9902617284	0.1374668331	0.0000000000	5770.8319266446	-29.1267044501
0.9906774458	0.1374668331	0.0000000000	5770.8319266446	-29.1506922461
0.9910930294	0.1374668331	0.0000000000	5770.8319266446	-29.1746800421
0.9915084792	0.1374668331	0.0000000000	5770.8319266446	-29.1986678381
0.9919237954	0.1374668331	0.0000000000	5770.8319266446	-29.2226556341
0.9923389781	0.1374668331	0.0000000000	5770.8319266446	-29.2466434301
0.9927540275	0.1374668331	0.0000000000	5770.8319266446	-29.2706312261
0.9931689437	0.1374668331	0.0000000000	5770.8319266446	-29.2946190221
0.9935837267	0.1374668331	0.0000000000	5770.8319266446	-29.3186068180
0.9939983768	0.1374668331	0.0000000000	5770.8319266446	-29.3425946140
0.9944128941	0.1374668331	0.0000000000	5770.8319266446	-29.3665824100
0.9948272786	0.1374668331	0.0000000000	5770.8319266446	-29.3905702060
0.9952415306	0.1374668331	0.0000000000	5770.8319266446	-29.4145580020
0.9956556501	0.1374668331	0.0000000000	5770.8319266446	-29.4385457980
0.9960696372	0.1374668331	0.0000000000	5770.8319266446	-29.4625335940
0.9964834922	0.1374668331	0.0000000000	5770.8319266446	-29.4865213900
0.9968972151	0.1374668331	0.0000000000	5770.8319266446	-29.5105091860
0.9973108060	0.1374668331	0.0000000000	5770.8319266446	-29.5344969819
0.9977242651	0.1374668331	0.0000000000	5770.8319266446	-29.5584847779
0.9981375925	0.1374668331	0.0000000000	5770.8319266446	-29.5824725739
0.9985507884	0.1374668331	0.0000000000	5770.8319266446	-29.6064603699
0.9989638528	0.1374668331	0.0000000000	5770.8319266446	-29.6304481659
0.9993767858	0.1374668331	0.0000000000	5770.8319266446	-29.6544359619
0.9997895877	0.1374668331	0.0000000000	5770.8319266446	-29.6784237579
1.0002022585	0.1374668331	0.0000000000	5770.8319266446	-29.7024115539
